Small Unit Installation Postcode,Jan 2011 - Installations Quantity,Feb 2011 - Installations Quantity,Mar 2011 - Installations Quantity,Apr 2011 - Installations Quantity,May 2011 - Installations Quantity,Jun 2011 - Installations Quantity,Jul 2011 - Installations Quantity,Aug 2011 - Installations Quantity,Sep 2011 - Installations Quantity,Oct 2011 - Installations Quantity,Nov 2011 - Installations Quantity,Dec 2011 - Installations Quantity,Jan 2012 - Installations Quantity,Feb 2012 - Installations Quantity,Mar 2012 - Installations Quantity,Apr 2012 - Installations Quantity,May 2012 - Installations Quantity,Jun 2012 - Installations Quantity,Jul 2012 - Installations Quantity,Aug 2012 - Installations Quantity,Sep 2012 - Installations Quantity,Oct 2012 - Installations Quantity,Nov 2012 - Installations Quantity,Dec 2012 - Installations Quantity,Jan 2013 - Installations Quantity,Feb 2013 - Installations Quantity,Mar 2013 - Installations Quantity,Apr 2013 - Installations Quantity,May 2013 - Installations Quantity,Jun 2013 - Installations Quantity,Jul 2013 - Installations Quantity,Aug 2013 - Installations Quantity,Sep 2013 - Installations Quantity,Oct 2013 - Installations Quantity,Nov 2013 - Installations Quantity,Dec 2013 - Installations Quantity,Jan 2014 - Installations Quantity,Feb 2014 - Installations Quantity,Mar 2014 - Installations Quantity,Apr 2014 - Installations Quantity,May 2014 - Installations Quantity,Jun 2014 - Installations Quantity,Jul 2014 - Installations Quantity,Aug 2014 - Installations Quantity,Sep 2014 - Installations Quantity,Oct 2014 - Installations Quantity,Nov 2014 - Installations Quantity,Dec 2014 - Installations Quantity,Jan 2015 - Installations Quantity,Feb 2015 - Installations Quantity,Mar 2015 - Installations Quantity,Apr 2015 - Installations Quantity,May 2015 - Installations Quantity,Jun 2015 - Installations Quantity,Jul 2015 - Installations Quantity,Aug 2015 - Installations Quantity,Sep 2015 - Installations Quantity,Oct 2015 - Installations Quantity,Nov 2015 - Installations Quantity,Dec 2015 - Installations Quantity,Jan 2016 - Installations Quantity,Feb 2016 - Installations Quantity,Mar 2016 - Installations Quantity,Apr 2016 - Installations Quantity,May 2016 - Installations Quantity,Jun 2016 - Installations Quantity,Jul 2016 - Installations Quantity,Aug 2016 - Installations Quantity,Sep 2016 - Installations Quantity,Oct 2016 - Installations Quantity,Nov 2016 - Installations Quantity,Dec 2016 - Installations Quantity,Jan 2017 - Installations Quantity,Feb 2017 - Installations Quantity,Mar 2017 - Installations Quantity,Apr 2017 - Installations Quantity,May 2017 - Installations Quantity,Jun 2017 - Installations Quantity,Jul 2017 - Installations Quantity,Aug 2017 - Installations Quantity,Sep 2017 - Installations Quantity,Oct 2017 - Installations Quantity,Nov 2017 - Installations Quantity,Dec 2017 - Installations Quantity,Jan 2018 - Installations Quantity,Feb 2018 - Installations Quantity,Mar 2018 - Installations Quantity,Apr 2018 - Installations Quantity,May 2018 - Installations Quantity,Jun 2018 - Installations Quantity,Jul 2018 - Installations Quantity,Aug 2018 - Installations Quantity,Sep 2018 - Installations Quantity,Oct 2018 - Installations Quantity,Nov 2018 - Installations Quantity,Dec 2018 - Installations Quantity,Jan 2019 - Installations Quantity,Feb 2019 - Installations Quantity,Mar 2019 - Installations Quantity,Apr 2019 - Installations Quantity,May 2019 - Installations Quantity,Jun 2019 - Installations Quantity,Jul 2019 - Installations Quantity,Aug 2019 - Installations Quantity,Sep 2019 - Installations Quantity,Oct 2019 - Installations Quantity,Nov 2019 - Installations Quantity,Dec 2019 - Installations Quantity,Jan 2020 - Installations Quantity,Feb 2020 - Installations Quantity,Mar 2020 - Installations Quantity,Apr 2020 - Installations Quantity,May 2020 - Installations Quantity,Jun 2020 - Installations Quantity,Jul 2020 - Installations Quantity,Aug 2020 - Installations Quantity,Sep 2020 - Installations Quantity,Oct 2020 - Installations Quantity,Nov 2020 - Installations Quantity,Dec 2020 - Installations Quantity,Jan 2021 - Installations Quantity,Feb 2021 - Installations Quantity,Mar 2021 - Installations Quantity,Apr 2021 - Installations Quantity,May 2021 - Installations Quantity,Jun 2021 - Installations Quantity,Jul 2021 - Installations Quantity,Aug 2021 - Installations Quantity,Sep 2021 - Installations Quantity,Oct 2021 - Installations Quantity,Nov 2021 - Installations Quantity,Dec 2021 - Installations Quantity,Jan 2022 - Installations Quantity,Feb 2022 - Installations Quantity,Mar 2022 - Installations Quantity,Apr 2022 - Installations Quantity,May 2022 - Installations Quantity,Jun 2022 - Installations Quantity,Jul 2022 - Installations Quantity,Aug 2022 - Installations Quantity,Sep 2022 - Installations Quantity,Oct 2022 - Installations Quantity,Nov 2022 - Installations Quantity,Dec 2022 - Installations Quantity,Jan 2023 - Installations Quantity,Feb 2023 - Installations Quantity,Mar 2023 - Installations Quantity,Apr 2023 - Installations Quantity,May 2023 - Installations Quantity,Jun 2023 - Installations Quantity,Jul 2023 - Installations Quantity,Aug 2023 - Installations Quantity,Sep 2023 - Installations Quantity,Oct 2023 - Installations Quantity,Nov 2023 - Installations Quantity,Dec 2023 - Installations Quantity,Jan 2024 - Installations Quantity,Feb 2024 - Installations Quantity,Mar 2024 - Installations Quantity,Apr 2024 - Installations Quantity
3000,0,0,0,0,1,2,0,0,0,0,1,0,0,1,0,0,2,0,0,0,1,0,0,1,0,0,0,1,0,0,0,0,0,0,0,2,0,0,1,0,0,0,1,0,1,0,0,0,0,0,0,0,0,0,2,0,2,1,1,1,0,1,0,0,0,0,2,1,0,0,0,1,0,1,0,0,1,2,0,1,0,2,0,1,0,0,1,0,0,0,0,0,1,1,1,2,1,0,0,0,0,0,3,0,0,0,0,1,0,0,3,1,1,1,0,0,1,0,0,1,1,1,1,0,1,1,2,3,0,2,1,2,0,0,1,1,0,0,0,0,0,0,1,3,0,2,0,1,0,2,2,1,1,1,1,3,0,0,0,0
3002,0,0,0,0,1,1,1,0,0,1,0,0,1,0,0,0,0,1,1,0,0,0,0,0,0,0,1,0,0,0,0,1,0,1,1,0,0,0,1,0,0,0,0,1,1,0,1,0,0,1,3,0,0,0,1,3,0,0,1,1,0,0,0,1,0,0,0,2,0,1,0,0,1,0,0,0,0,1,1,0,2,2,0,0,0,2,2,0,1,0,0,1,0,1,0,3,1,0,1,0,0,0,1,1,1,2,1,1,0,0,0,1,1,2,1,1,0,1,0,1,1,0,2,0,2,0,0,0,1,2,0,0,1,0,0,1,0,0,0,1,1,1,1,0,0,0,3,0,2,1,1,2,0,0,1,0,0,1,0,0
3003,0,0,1,0,1,1,0,0,2,0,0,0,0,0,0,1,3,0,0,1,0,0,2,1,0,2,0,0,2,0,0,0,1,1,1,0,0,0,0,0,0,0,1,1,0,2,1,0,1,1,0,0,0,1,1,1,1,0,1,2,0,0,0,1,0,0,3,2,0,0,1,0,0,3,0,2,0,0,0,1,1,0,2,0,0,0,1,4,0,0,1,0,1,1,0,2,1,0,1,1,2,0,1,1,0,0,1,1,1,0,1,1,3,0,0,1,2,0,3,0,0,2,0,1,1,0,2,0,1,0,3,2,0,0,0,0,1,3,0,2,0,1,1,3,0,0,2,0,4,0,2,3,0,0,1,1,0,0,0,0
3004,0,0,0,0,0,0,0,0,0,0,0,0,0,0,0,0,0,0,0,0,0,0,0,1,0,0,0,1,0,0,0,0,1,0,0,0,0,0,0,0,0,0,0,0,0,0,0,0,0,0,0,0,0,0,0,1,0,0,0,0,0,1,0,0,0,0,1,0,0,0,0,0,0,1,0,0,0,0,1,0,0,0,0,0,0,0,0,1,0,0,1,0,0,0,0,1,0,0,0,0,0,0,0,0,0,0,0,0,0,1,0,1,1,0,0,0,0,0,0,0,0,0,0,0,0,1,0,0,0,0,0,0,0,0,0,0,0,0,0,0,0,0,0,0,0,0,1,0,0,1,0,0,0,0,1,1,0,0,0,0
3006,0,0,0,0,0,0,0,0,0,0,0,0,0,0,0,0,1,0,0,0,1,0,0,0,0,0,1,0,0,1,0,0,0,0,0,0,0,0,0,0,1,0,0,0,0,0,0,0,0,0,1,0,0,0,0,0,0,0,0,0,0,0,0,0,0,1,0,0,0,1,0,1,0,0,0,0,0,0,0,0,0,0,0,2,0,0,1,0,2,0,0,0,0,0,0,0,0,1,0,1,0,0,0,0,0,1,0,1,0,1,1,0,0,1,0,1,0,1,0,2,0,0,0,0,1,0,0,0,0,0,3,0,0,0,0,0,1,2,0,0,0,0,0,2,0,0,1,1,0,1,0,0,1,0,0,0,0,1,0,0
3008,0,0,0,0,0,0,0,0,1,0,0,0,0,0,0,0,0,0,0,0,0,0,0,0,0,0,0,0,0,64,0,0,0,0,0,0,0,0,1,0,1,1,0,0,0,0,0,2,0,1,1,0,0,1,0,2,0,0,0,0,0,0,0,0,0,2,0,1,1,0,0,0,0,0,1,0,0,0,0,0,2,0,0,0,0,0,0,0,0,0,0,0,0,0,1,0,0,0,0,1,0,0,0,0,0,0,0,2,0,1,1,0,0,0,1,0,0,0,0,0,0,1,1,0,1,0,0,2,0,1,0,3,0,0,2,0,2,0,1,1,0,0,0,1,1,1,1,0,0,1,0,0,0,0,0,1,0,0,0,0
3011,4,2,7,15,19,28,7,7,16,5,5,4,4,4,5,6,10,18,8,9,14,1,2,9,4,3,6,2,7,2,3,3,4,6,6,1,5,5,3,3,3,5,3,6,9,12,6,7,10,7,6,2,5,2,5,4,5,4,4,2,2,1,2,4,1,2,4,6,2,2,3,5,2,2,1,0,4,5,4,6,2,4,6,2,2,1,6,2,5,2,3,5,3,5,9,8,4,9,11,10,4,12,4,4,6,13,11,6,4,4,15,12,7,13,5,3,3,4,9,10,6,5,10,8,8,14,14,6,4,7,14,12,6,5,12,8,7,7,7,10,7,8,7,13,8,14,9,6,8,7,15,9,14,9,7,8,5,6,16,1
3012,12,12,16,15,23,30,17,6,15,4,3,8,4,13,8,15,33,37,10,6,17,4,6,6,6,7,7,3,6,1,7,5,1,11,13,9,10,7,8,10,8,6,7,9,11,7,8,6,9,6,0,5,5,15,9,12,5,10,1,2,2,2,4,7,4,4,5,6,5,4,1,5,4,4,8,5,4,5,5,6,3,4,3,5,4,0,4,3,4,10,5,5,7,11,16,23,12,22,24,17,6,8,8,11,8,17,12,14,5,17,13,12,15,11,7,5,7,12,17,22,7,16,16,18,16,13,20,15,9,14,23,23,13,16,18,16,22,9,8,18,11,11,14,18,12,12,17,12,14,12,10,18,17,15,11,19,10,15,10,7
3013,10,6,12,13,16,26,5,7,14,1,2,6,2,2,10,10,20,14,10,10,27,2,5,6,2,9,2,8,1,4,7,2,4,9,1,1,4,7,6,1,7,5,7,12,10,10,4,8,8,1,7,4,7,5,2,2,0,5,4,8,5,6,2,3,2,1,3,2,1,2,5,4,0,2,3,2,5,5,2,5,4,5,4,8,3,4,5,7,10,4,6,4,6,10,9,7,5,13,19,14,6,2,7,2,7,4,3,7,1,6,9,6,10,10,8,2,2,10,14,8,1,7,11,10,15,7,15,8,6,10,10,15,3,11,7,11,7,10,7,12,9,7,16,18,2,10,9,6,14,10,6,5,8,9,8,12,4,4,6,7
3015,5,8,5,9,9,20,7,5,12,0,3,5,5,5,11,4,14,23,9,4,19,5,2,10,6,6,4,7,3,4,7,7,2,6,3,4,6,8,5,8,9,2,13,10,13,8,10,5,7,9,5,5,4,7,6,4,7,1,2,5,15,19,12,7,5,4,5,5,4,7,5,4,2,3,7,4,4,2,0,2,2,5,25,17,8,5,8,5,7,6,8,8,5,7,12,5,13,9,11,13,10,3,2,7,5,8,12,8,6,9,14,5,11,10,18,4,0,4,24,15,9,10,11,17,11,11,10,4,4,13,11,14,3,10,13,4,6,8,11,10,11,8,25,13,11,8,12,7,9,10,15,12,18,15,16,19,9,9,12,4
3016,5,7,3,4,8,14,6,10,10,1,5,3,1,3,8,10,23,13,8,6,13,3,3,8,3,3,4,4,3,3,4,6,5,2,6,7,5,4,3,6,9,3,8,7,10,14,5,12,9,3,6,2,5,5,2,2,6,4,2,3,5,18,9,3,4,8,8,9,4,1,4,1,7,3,5,2,7,12,5,3,6,7,10,12,6,7,6,4,8,7,5,3,5,9,9,7,5,21,16,13,8,10,6,7,9,13,11,6,3,9,5,5,7,7,11,3,6,2,18,9,10,10,13,3,9,36,15,3,7,8,15,6,9,7,8,8,37,7,13,5,13,9,8,12,7,8,14,9,29,13,34,22,7,19,12,22,4,7,7,4
3018,4,9,15,15,13,19,11,12,13,2,4,4,5,15,11,13,13,22,9,8,16,8,4,7,5,8,2,5,7,7,5,6,3,6,6,3,1,7,8,6,2,3,8,1,7,6,5,4,4,6,2,3,3,12,6,3,4,4,3,3,13,22,7,2,6,3,2,5,2,3,5,3,4,2,4,1,5,5,2,3,2,3,8,4,7,4,9,6,7,4,4,4,5,9,13,8,9,3,10,5,10,7,4,12,13,6,8,6,7,8,9,8,10,9,7,2,5,5,11,11,11,15,14,9,11,5,10,8,18,8,8,14,1,10,10,10,10,5,7,14,11,9,13,16,7,10,13,7,10,14,18,6,20,6,11,19,4,12,6,4
3019,4,3,10,8,11,17,4,3,5,3,4,1,4,4,5,3,8,11,8,6,5,4,3,4,6,4,3,4,6,4,4,2,1,2,0,2,2,3,4,1,2,1,3,1,3,2,4,5,2,2,2,2,2,0,2,3,2,2,0,2,1,0,0,1,1,2,0,2,5,1,1,3,0,1,3,4,2,4,0,2,2,3,1,3,0,1,1,1,0,0,1,5,4,3,10,3,4,6,7,13,4,4,3,3,3,1,2,3,2,2,4,2,0,6,5,4,8,3,8,9,10,10,15,11,9,7,7,9,2,5,9,6,0,6,14,6,4,3,0,5,1,7,6,6,1,2,4,4,6,4,5,11,7,2,13,2,6,10,3,1
3020,20,24,31,40,59,70,24,34,20,16,17,13,18,31,32,65,48,71,29,26,48,24,17,28,19,19,21,15,15,25,14,12,15,16,14,11,19,11,12,9,15,17,17,16,12,17,8,13,14,18,12,9,11,16,11,12,8,16,6,6,7,11,4,7,11,8,11,9,7,10,8,6,4,6,12,11,13,11,10,8,7,9,5,9,9,12,10,8,11,12,15,17,21,20,40,28,32,41,25,28,24,9,12,8,17,19,18,27,28,26,30,19,22,24,30,6,3,15,27,38,34,36,28,28,31,51,51,34,22,32,38,32,13,24,29,16,33,20,35,33,22,26,19,30,21,40,17,30,24,24,30,38,29,28,15,20,22,16,17,8
3021,28,30,42,48,70,85,25,29,31,18,29,28,29,26,51,38,93,88,39,33,54,30,28,41,29,26,33,46,20,22,30,9,16,20,17,21,22,23,26,22,19,16,22,25,19,21,21,15,20,18,16,25,10,13,12,10,21,20,11,12,10,10,19,11,20,16,26,17,8,8,14,16,7,10,15,13,25,7,17,12,6,14,15,15,13,10,10,10,7,12,15,15,20,36,49,50,35,44,34,31,22,10,11,11,23,31,38,42,34,38,42,35,24,45,47,12,0,23,70,48,42,43,57,39,44,46,60,50,32,40,46,37,17,25,28,17,23,22,16,30,21,18,24,34,15,23,27,14,24,31,25,28,24,31,27,30,16,28,14,8
3022,5,3,3,6,3,6,2,4,3,1,0,1,3,2,1,4,6,4,2,4,2,5,0,4,1,2,3,2,0,1,1,2,0,0,0,0,2,3,2,3,1,1,1,1,0,0,0,0,0,0,0,0,1,0,0,0,2,0,1,0,0,0,2,0,3,0,0,0,1,1,0,0,0,0,0,0,0,1,0,0,0,1,1,0,0,1,2,0,0,0,1,1,1,4,6,0,1,1,0,1,1,3,1,0,0,2,1,2,3,0,2,2,0,1,2,0,0,2,2,1,1,3,1,1,1,5,5,2,3,1,0,2,1,0,2,1,0,1,2,1,5,1,2,1,2,1,0,3,3,0,3,0,0,1,3,0,2,1,3,0
3023,41,78,89,63,108,155,54,66,62,28,43,37,20,56,62,97,133,126,70,82,96,42,44,65,39,46,39,35,37,40,30,16,21,35,46,31,37,31,32,35,43,23,40,32,31,32,27,28,33,42,35,32,23,18,38,20,35,40,16,19,12,16,16,20,14,12,17,17,26,22,15,18,9,28,23,8,25,20,28,18,10,19,19,18,12,25,26,14,23,15,14,15,45,57,51,58,40,59,50,51,29,28,23,33,31,62,67,66,34,69,55,44,45,99,101,18,9,47,131,115,62,99,100,87,60,74,88,67,43,68,67,64,33,39,41,31,34,40,46,37,45,38,55,45,34,49,37,40,34,43,46,50,48,50,62,43,36,32,25,25
3024,12,26,29,19,35,49,20,20,29,10,15,16,25,39,57,46,68,63,35,22,28,18,14,21,13,8,11,6,7,10,14,10,6,12,15,19,17,17,19,17,21,10,12,11,10,22,33,32,8,12,7,11,15,14,15,14,11,25,24,14,9,23,14,6,11,6,4,17,6,6,8,11,8,7,10,12,14,13,17,7,9,6,14,20,8,25,13,5,8,13,8,19,29,58,43,43,32,48,47,37,25,12,21,44,59,89,87,80,67,77,52,35,54,75,81,17,3,48,146,107,63,81,83,92,73,55,111,87,56,69,80,63,39,45,53,44,26,39,47,45,49,35,53,49,31,43,41,44,43,54,51,43,59,56,57,67,51,66,57,16
3025,6,10,10,3,9,9,7,3,8,1,3,7,5,3,9,8,5,18,9,9,12,6,6,4,6,8,3,2,0,3,4,3,1,3,5,3,3,4,6,4,1,3,2,2,3,1,1,2,5,2,3,4,4,6,6,0,1,3,2,3,5,7,3,2,3,4,0,7,1,7,2,3,1,2,1,2,3,4,5,1,1,7,1,2,3,3,0,3,3,4,4,3,4,8,6,9,2,3,9,6,5,5,4,5,3,6,5,7,7,10,8,7,5,8,11,2,1,4,18,12,5,12,26,7,17,3,13,5,20,13,18,9,13,5,4,6,36,13,26,4,4,22,29,23,7,12,8,5,36,54,17,25,14,19,23,18,9,4,5,4
3026,0,0,0,0,0,2,0,0,0,0,0,1,0,0,0,1,0,0,0,0,0,0,0,0,0,1,0,0,0,1,0,0,0,2,2,0,3,2,0,0,1,0,1,0,0,0,0,0,1,0,2,2,0,2,1,1,0,0,0,1,0,0,0,0,0,0,1,0,1,0,0,0,0,0,0,2,1,0,2,0,1,3,2,0,2,0,4,1,2,3,0,4,7,17,10,15,11,8,11,4,8,7,7,6,12,10,12,13,14,13,11,9,6,11,9,6,2,11,22,28,18,12,19,13,12,16,17,18,9,17,10,42,6,4,7,4,3,11,8,4,11,7,7,20,2,10,9,4,8,7,8,10,8,5,13,8,4,6,4,1
3027,2,4,5,9,11,27,2,10,9,1,5,6,6,4,8,6,14,24,9,8,9,3,3,12,3,4,3,2,2,4,4,2,2,7,4,7,4,3,10,1,7,3,3,6,7,4,6,4,1,6,6,2,3,3,4,0,1,4,3,4,7,3,3,6,3,5,3,4,2,2,4,4,1,6,3,4,5,3,4,5,1,3,6,4,1,2,1,4,3,3,4,2,14,16,10,11,13,17,11,14,6,7,3,6,9,16,14,16,11,20,13,6,12,11,14,4,0,18,29,13,17,13,23,17,3,15,11,15,12,11,16,10,5,10,10,12,6,3,5,7,6,5,11,11,3,9,2,4,7,9,11,8,10,7,15,4,3,11,5,5
3028,25,23,37,30,28,54,27,35,20,12,20,16,13,23,37,43,61,56,28,26,29,12,18,24,17,15,19,16,16,9,15,5,13,6,14,8,15,16,13,8,7,12,12,12,20,14,8,13,15,13,5,17,13,7,9,15,8,6,6,10,13,20,10,6,7,5,8,7,4,8,13,7,5,5,10,7,10,10,8,2,4,15,12,15,10,14,11,12,4,7,8,7,11,21,24,20,23,22,22,14,11,5,10,11,13,21,17,16,9,18,32,12,15,19,22,4,0,10,31,33,33,32,27,19,24,25,39,22,20,21,27,24,13,11,16,16,13,15,15,15,20,14,15,20,11,24,14,17,20,14,21,16,17,10,16,20,15,21,16,7
3029,53,94,139,104,134,240,88,80,106,41,58,56,72,150,162,176,221,234,105,113,157,102,63,104,61,64,53,61,51,41,47,28,34,56,67,72,65,72,56,44,32,66,66,51,76,90,60,57,49,67,57,46,57,60,77,59,57,95,65,50,34,46,54,40,45,28,22,45,48,59,23,34,38,56,59,48,64,51,52,45,52,67,53,61,64,59,69,50,61,67,60,88,174,267,230,179,157,210,218,171,106,53,67,148,196,313,372,299,270,262,199,149,181,196,242,56,9,169,421,347,256,219,332,275,250,303,345,293,231,308,292,262,107,161,184,153,121,147,176,169,188,147,176,176,127,156,131,109,178,194,170,201,237,218,233,248,151,187,159,79
3030,84,81,115,104,142,189,89,77,113,41,47,43,51,104,98,148,166,189,91,89,140,47,59,71,63,62,49,50,48,36,41,37,28,42,62,62,79,57,54,47,64,59,59,62,53,86,50,59,59,60,52,48,46,31,69,52,51,93,66,50,38,42,44,30,40,30,26,42,26,34,56,42,39,34,29,29,53,30,89,37,38,35,47,52,46,47,56,48,41,31,32,37,78,119,139,137,109,147,120,119,81,58,57,81,126,161,203,195,182,185,150,117,131,166,191,40,4,109,290,251,187,181,229,177,164,200,231,177,105,163,144,125,66,109,99,88,85,113,122,123,133,99,113,119,76,95,94,90,118,129,112,131,133,126,141,128,107,115,88,40
3031,3,3,2,7,10,16,5,3,4,2,2,1,0,3,4,6,13,16,4,6,15,1,5,6,3,5,2,2,3,3,2,5,3,4,5,4,3,1,4,4,5,4,6,7,7,5,5,6,9,10,6,7,6,6,0,4,5,4,2,1,4,7,3,2,2,5,2,6,1,0,1,2,4,4,2,1,4,2,2,7,2,1,0,8,1,2,2,3,1,3,3,1,3,7,5,6,5,9,8,8,3,4,5,2,2,8,7,5,1,4,7,8,7,1,4,0,1,5,5,11,9,6,7,5,3,6,10,4,2,4,12,10,5,9,10,4,7,6,3,6,5,7,8,3,7,9,8,15,6,4,6,8,4,10,7,8,8,7,5,2
3032,17,18,18,11,39,31,7,9,19,2,10,6,7,5,13,15,12,29,19,12,21,10,7,6,11,6,4,8,7,7,4,6,4,11,7,6,3,8,5,4,5,7,11,9,8,9,7,7,5,9,13,4,9,4,2,8,6,2,9,4,2,9,7,4,4,10,11,10,7,10,8,5,5,11,4,5,5,6,7,8,7,9,5,5,6,5,8,5,2,7,5,3,13,8,19,24,10,19,16,10,11,6,14,9,11,6,12,10,7,15,17,14,12,17,11,1,2,4,15,12,12,13,19,14,15,19,15,12,9,14,21,10,5,12,13,10,6,5,12,12,6,14,21,9,15,14,17,6,8,19,15,20,11,11,7,20,11,12,11,1
3033,6,8,10,9,15,21,4,7,5,6,4,3,5,8,10,9,13,21,11,11,13,7,7,6,5,6,9,6,6,1,4,10,3,13,4,3,10,15,9,4,5,8,8,5,5,9,6,4,2,4,12,7,5,12,5,7,5,3,5,2,4,3,3,1,6,12,10,7,1,5,5,8,2,4,5,4,6,3,3,4,2,3,3,3,3,2,1,7,2,2,4,5,5,5,9,3,14,2,10,5,6,3,4,4,3,7,4,8,4,12,6,7,4,14,13,4,1,8,8,11,5,9,6,10,9,9,8,8,8,8,8,6,2,10,7,7,5,1,9,12,7,8,12,3,6,12,2,6,6,7,12,17,11,7,7,9,4,2,5,4
3034,6,4,7,10,8,14,5,2,10,3,2,4,3,8,6,8,15,13,3,10,12,6,10,6,6,2,1,5,4,6,2,4,4,2,5,1,6,7,11,8,4,6,7,11,2,2,3,4,0,3,7,1,3,6,6,4,2,4,2,6,2,0,11,2,2,2,3,4,1,2,3,8,2,3,3,4,0,2,2,1,0,1,3,1,1,2,0,1,0,5,2,3,2,2,4,6,4,4,11,3,5,3,4,1,3,6,9,4,4,3,8,1,2,4,10,4,0,1,9,10,11,7,10,10,3,7,4,10,8,5,6,11,4,9,6,4,5,7,3,4,5,4,7,4,3,9,6,4,6,2,4,9,9,6,7,4,4,4,8,1
3036,2,4,2,2,1,9,4,6,3,2,2,0,2,4,6,1,7,13,3,6,10,2,3,1,4,3,5,3,1,5,3,2,0,3,5,1,1,1,4,2,5,1,3,2,2,5,0,3,4,7,1,3,1,2,2,1,0,1,1,0,2,5,5,1,3,2,3,0,3,2,2,2,3,4,0,3,4,1,1,3,2,0,3,4,3,0,3,1,3,4,3,5,6,6,7,8,2,2,5,2,3,2,3,4,3,4,3,5,2,4,3,1,2,6,5,3,0,3,9,6,4,2,5,7,6,2,3,7,3,5,3,3,1,4,7,3,1,8,2,6,5,3,5,6,1,3,2,5,2,3,4,3,8,4,3,5,4,2,4,0
3037,32,50,57,55,72,97,36,48,60,13,30,29,24,33,64,68,113,118,60,44,85,30,26,26,19,18,29,21,23,22,24,18,22,29,34,21,23,37,38,27,40,27,26,18,28,31,34,16,23,24,39,21,16,28,33,27,27,32,20,12,11,16,15,16,18,10,25,14,12,15,16,18,20,14,17,11,23,11,18,16,8,16,17,10,6,23,12,10,15,12,12,13,18,36,42,35,39,54,54,31,19,7,14,20,24,36,45,46,43,44,35,33,42,44,77,10,2,35,77,78,53,61,79,64,42,47,63,56,52,40,56,47,20,28,45,27,31,29,28,40,28,23,30,36,19,45,29,25,32,30,29,31,30,39,35,30,25,30,28,13
3038,19,12,43,24,44,56,25,17,23,10,13,10,15,23,20,39,64,77,31,20,42,15,13,20,11,8,14,10,14,20,13,19,9,11,23,8,8,9,18,20,21,19,15,13,16,14,12,13,5,16,13,11,7,14,15,6,11,5,7,9,6,5,8,6,2,2,14,7,6,6,12,5,6,8,8,5,5,8,6,5,6,10,6,7,7,11,6,10,4,8,8,15,18,30,32,16,20,24,27,22,14,6,4,12,14,25,22,18,18,28,21,13,13,13,16,7,0,17,39,29,22,27,33,28,19,27,30,27,14,22,34,27,12,11,14,12,15,11,16,20,17,20,14,22,10,21,24,15,16,15,22,13,25,19,22,20,12,22,11,7
3039,2,7,9,14,16,9,3,9,5,1,3,1,4,5,4,3,6,16,7,5,6,4,7,2,3,4,4,3,2,3,4,4,3,3,3,1,5,1,4,4,3,3,2,1,7,7,4,3,5,6,5,4,1,0,2,4,5,3,8,1,1,4,4,3,1,9,5,5,3,5,2,5,5,0,6,4,3,2,4,7,1,9,5,3,5,3,3,3,3,2,4,5,6,1,0,2,6,2,6,6,4,5,1,1,1,6,5,2,4,6,5,6,9,7,5,4,0,4,8,6,9,4,10,1,6,12,5,4,2,3,6,15,1,5,9,1,5,7,7,5,4,11,9,9,7,6,3,5,5,4,5,3,7,21,3,6,5,3,8,3
3040,13,5,16,14,15,20,7,9,14,3,9,8,6,7,5,4,15,20,15,16,25,6,3,13,4,6,5,7,5,8,12,6,3,4,4,6,4,9,5,6,7,7,7,4,17,7,7,6,16,4,6,6,4,12,7,8,8,3,6,7,5,6,7,5,8,16,23,5,6,7,9,8,5,3,4,1,6,7,5,6,2,4,5,8,4,4,9,8,6,6,6,11,4,11,10,6,8,13,20,13,8,4,8,4,5,8,6,4,7,9,12,13,7,8,9,6,9,15,12,17,12,7,14,10,11,10,7,9,5,8,11,16,12,13,10,7,11,14,14,10,12,13,16,10,11,21,18,15,15,13,17,7,12,15,9,13,7,13,8,5
3041,7,7,6,7,9,18,2,3,5,3,4,1,3,1,8,6,12,10,10,3,13,4,3,5,1,3,6,4,4,5,3,0,2,7,2,4,4,6,6,6,2,4,5,2,5,10,3,4,3,2,5,4,3,5,6,6,5,4,0,5,0,3,3,2,7,6,5,3,4,3,7,1,4,2,3,0,4,1,4,4,3,2,2,2,4,3,3,4,7,1,4,2,4,5,6,6,6,8,7,7,3,1,5,10,4,7,9,6,8,5,5,5,9,3,3,0,2,4,8,12,5,7,15,9,10,4,17,4,4,8,7,9,3,4,0,3,2,5,3,7,5,7,7,6,8,5,12,4,6,5,7,9,11,5,11,6,3,7,3,1
3042,9,10,15,12,15,16,8,7,8,5,3,3,4,14,11,15,13,24,5,8,24,6,7,9,5,4,6,8,7,8,3,4,3,9,11,5,4,6,9,5,10,6,4,5,5,5,7,4,4,6,11,8,5,10,6,3,3,4,5,4,3,1,4,1,1,6,6,5,3,7,2,2,2,0,8,7,5,3,6,4,7,8,4,1,4,6,6,6,7,6,2,6,8,10,8,8,8,6,13,0,5,5,0,7,6,7,10,7,8,3,10,7,9,8,11,1,3,2,15,15,13,10,14,12,6,8,13,8,3,11,10,11,8,8,9,11,6,8,8,10,7,4,8,15,5,13,16,11,26,6,9,13,11,10,9,15,4,12,11,3
3043,9,10,11,11,17,37,11,14,9,10,4,10,11,10,12,29,30,32,18,4,26,6,8,14,5,2,15,4,12,6,9,2,8,4,10,7,10,18,20,13,16,8,12,5,17,12,14,9,5,9,10,8,5,11,7,11,4,4,8,4,9,7,2,4,6,4,8,6,2,4,7,6,6,7,7,3,8,7,7,7,5,7,5,4,8,2,9,5,7,6,0,10,7,8,18,5,6,15,14,8,6,5,8,4,4,12,9,12,7,8,14,7,8,14,15,1,3,9,17,20,13,10,10,14,13,14,13,11,13,12,17,20,4,4,8,9,12,8,19,6,14,18,13,15,13,9,5,5,11,15,11,12,9,6,5,10,7,9,5,5
3044,0,4,10,11,21,31,9,13,20,3,3,5,5,7,17,14,27,28,13,8,13,11,7,11,3,4,9,3,8,6,8,10,8,10,8,7,9,7,8,8,6,5,11,9,4,9,5,6,6,10,8,3,4,3,3,5,5,25,12,8,5,4,4,7,2,1,14,2,5,3,2,5,5,2,3,2,9,8,3,8,7,6,7,8,7,7,6,12,15,7,12,5,11,8,10,8,5,11,12,9,11,5,6,15,6,11,15,8,13,24,12,16,15,14,12,4,5,6,43,26,11,19,14,14,12,17,14,9,8,12,23,15,10,11,8,8,12,13,11,22,14,19,14,16,4,3,24,17,13,14,17,24,16,13,15,10,12,8,13,5
3045,0,0,0,0,0,1,0,0,0,0,0,0,0,0,0,0,0,0,0,0,0,0,0,0,0,0,0,0,0,0,0,0,0,0,0,0,0,0,0,0,0,0,0,0,0,0,0,0,0,0,0,0,0,1,1,0,0,0,0,0,0,0,0,0,0,0,0,0,0,0,0,0,0,0,0,0,0,0,0,0,0,0,0,0,0,0,0,0,0,0,0,0,0,0,0,0,0,0,0,0,0,0,0,0,0,0,0,0,0,0,0,1,0,1,1,0,0,0,0,0,0,0,0,0,0,0,0,1,0,0,0,2,0,0,0,0,0,0,0,1,0,0,0,0,0,0,0,0,1,0,0,0,0,1,1,0,0,0,0,0
3046,14,10,29,24,25,47,18,9,12,6,2,16,5,23,17,25,34,25,11,11,19,13,16,11,7,10,7,11,10,8,11,10,11,9,8,5,9,16,11,8,12,7,12,15,14,8,11,13,6,13,7,9,10,10,8,7,12,19,26,14,11,9,4,6,6,2,7,5,2,3,2,6,3,4,10,11,10,6,2,4,6,9,11,11,6,8,12,9,7,5,10,9,11,24,20,16,8,14,21,18,16,5,7,6,12,17,14,18,13,15,20,17,12,11,21,2,3,11,22,24,17,24,16,21,21,18,18,25,12,19,26,15,10,18,21,6,18,10,13,13,16,16,22,21,7,13,13,11,22,13,13,13,19,21,12,20,13,13,21,8
3047,5,7,5,11,17,21,9,7,5,1,7,9,6,3,12,14,25,25,11,13,15,9,5,5,5,6,3,9,6,5,7,2,6,9,5,4,9,14,7,11,9,7,4,16,4,11,7,7,10,5,6,4,7,9,4,7,4,4,4,5,4,7,5,4,5,0,7,4,3,6,1,5,1,2,9,5,2,4,5,0,4,4,2,4,1,4,7,4,4,6,6,4,14,12,14,13,14,11,13,11,11,7,4,3,11,15,18,10,15,9,21,12,13,18,21,5,4,11,23,28,20,17,20,28,17,17,26,19,7,4,20,13,10,17,13,17,11,13,12,15,15,9,10,16,9,8,10,7,5,15,17,14,15,8,6,13,7,5,8,4
3048,8,11,16,14,22,33,8,16,12,4,6,8,12,16,11,24,28,31,11,11,18,10,9,10,8,6,4,8,9,5,5,1,7,8,8,4,10,14,10,7,5,10,5,5,11,5,6,7,7,13,8,3,5,11,13,5,11,3,5,6,4,6,4,5,3,3,0,7,4,1,2,3,2,3,4,7,3,2,2,0,3,6,3,5,2,5,8,9,6,5,1,4,6,12,17,15,7,13,12,5,7,4,1,4,10,9,16,14,21,20,15,9,17,26,26,4,2,17,38,31,19,20,33,41,18,20,29,21,12,23,11,26,7,14,23,5,13,9,21,13,12,15,11,15,8,10,8,9,12,11,11,12,7,12,10,12,7,2,6,2
3049,8,7,9,7,10,12,10,11,9,1,2,3,4,7,7,16,14,21,16,4,9,8,4,3,5,1,6,7,8,3,4,2,2,7,1,2,4,5,3,4,3,2,6,6,11,8,7,5,3,5,5,2,6,3,4,4,1,2,4,0,0,0,4,3,0,0,2,3,0,4,1,1,1,2,3,4,3,1,0,4,0,5,1,2,5,10,1,4,2,3,1,4,2,7,12,5,5,11,9,12,7,2,3,3,6,6,3,7,10,9,4,4,2,5,10,7,0,6,14,13,13,9,16,8,4,10,6,9,4,9,8,7,3,6,12,6,3,4,8,5,7,7,7,11,2,8,5,5,4,9,6,10,3,4,8,7,8,4,1,0
3051,1,1,2,0,2,5,3,2,0,0,0,1,1,1,1,1,0,1,1,3,3,1,1,3,0,3,2,0,1,4,2,0,0,2,3,1,1,0,1,0,1,1,0,1,1,3,3,3,1,5,4,1,0,0,2,2,0,2,0,2,1,0,1,1,1,1,2,1,1,3,0,1,0,2,0,1,0,2,0,4,0,1,1,4,2,2,1,1,0,0,1,1,0,4,0,2,3,6,3,1,0,2,1,1,3,0,4,4,1,0,2,2,0,2,0,0,0,0,2,0,2,3,3,0,1,1,3,1,1,2,5,5,0,2,3,2,1,2,4,0,4,1,0,3,2,3,1,8,1,5,1,1,0,1,4,3,2,1,3,1
3052,0,0,1,0,1,4,1,1,1,0,0,0,0,0,0,0,0,3,0,0,3,0,0,1,1,0,0,1,0,1,0,1,0,0,1,1,0,1,1,0,0,0,0,1,0,1,1,1,0,1,1,4,1,0,1,0,1,0,0,0,0,2,0,1,0,0,0,0,0,0,0,1,0,1,0,0,1,0,2,0,0,1,0,3,0,0,0,1,0,2,1,1,1,2,1,1,1,0,3,0,0,0,1,2,3,0,5,1,1,0,2,0,2,0,1,0,0,2,1,3,0,1,0,2,4,0,0,0,0,0,2,4,2,2,2,1,2,0,1,1,3,1,0,0,1,0,0,1,0,0,3,1,3,0,0,1,1,1,0,0
3053,0,0,1,0,1,4,3,1,0,0,0,0,0,4,0,1,0,0,0,0,0,0,0,1,0,0,0,0,0,1,1,0,0,0,0,3,2,0,1,0,1,1,2,0,2,1,0,0,0,1,1,0,3,0,2,0,0,2,1,0,0,0,1,3,0,1,0,0,0,0,2,1,0,2,0,0,0,0,0,2,0,3,2,0,0,0,0,1,2,0,2,0,1,1,2,6,1,1,1,2,2,0,2,3,3,0,1,1,1,5,1,0,2,0,3,0,1,0,0,1,0,1,1,0,1,0,0,0,1,2,0,1,0,2,0,2,2,0,4,0,1,4,0,4,1,0,4,1,0,0,0,1,2,0,0,0,2,3,3,0
3054,2,2,3,0,6,4,4,1,3,2,0,1,1,1,2,0,1,1,1,0,4,0,5,1,0,1,2,1,0,1,2,1,1,2,0,1,2,1,2,1,4,2,1,1,6,5,2,3,3,5,0,5,1,2,1,0,0,1,4,1,0,2,2,0,0,1,2,0,4,0,1,2,0,1,4,0,1,1,1,3,2,5,1,4,1,0,3,2,4,0,1,2,2,4,2,2,4,7,2,3,4,0,3,3,3,7,2,4,3,4,6,3,1,6,4,0,1,1,4,3,2,0,1,3,4,5,7,2,4,2,8,5,1,6,2,2,2,3,4,4,5,3,3,2,6,3,4,2,1,2,0,3,6,1,5,3,5,2,2,1
3055,2,4,12,5,1,21,5,7,8,2,3,2,1,6,3,8,13,6,6,2,14,0,5,8,2,0,4,6,0,5,2,1,2,0,3,4,4,2,1,1,1,6,4,1,4,8,5,2,3,5,6,4,5,5,4,3,2,17,12,7,5,3,3,3,0,2,0,5,4,0,6,2,3,2,5,4,3,2,0,2,4,3,1,1,3,5,9,12,7,3,5,1,5,5,3,4,4,4,8,4,6,4,3,1,2,6,4,6,2,5,6,6,6,5,4,2,3,5,7,5,7,6,9,5,8,1,9,4,1,5,14,4,4,6,3,4,2,5,12,5,7,4,6,8,6,8,10,6,3,4,2,8,8,8,6,4,9,3,0,2
3056,7,8,3,4,24,35,7,6,17,2,3,1,3,11,13,12,6,18,8,9,17,4,2,8,1,1,3,4,6,1,9,2,8,4,3,4,7,3,9,2,3,3,10,12,7,7,9,8,6,9,3,5,9,14,11,17,2,2,4,5,4,7,5,0,4,4,7,4,4,2,0,6,2,8,8,5,5,7,4,8,3,8,4,6,4,4,8,5,4,4,9,7,9,12,18,12,9,7,10,10,10,8,8,32,9,12,8,9,8,10,18,13,9,7,7,4,4,3,13,14,7,9,13,30,16,10,11,14,3,39,16,13,9,18,9,12,10,12,22,14,16,18,15,16,8,8,11,5,9,7,21,19,10,8,11,14,8,13,9,5
3057,1,0,1,4,5,11,5,3,4,2,0,2,0,2,2,2,6,5,7,3,8,2,0,3,0,4,2,3,1,2,1,4,3,4,0,3,1,0,3,4,5,2,3,3,2,3,2,6,2,4,3,2,6,7,5,4,4,5,5,1,0,1,3,0,1,2,2,4,0,1,0,3,2,1,1,0,2,10,5,1,2,3,0,5,5,4,2,2,2,1,6,5,3,6,6,4,2,7,4,4,4,0,1,2,1,6,6,2,2,13,11,5,6,6,3,0,2,1,5,5,4,1,3,6,4,0,3,3,1,3,6,5,3,4,8,3,4,4,2,6,3,2,9,6,3,4,11,6,7,3,10,6,5,6,13,3,1,8,3,1
3058,9,18,16,19,39,72,15,19,26,1,10,9,8,17,24,20,38,41,26,16,40,17,12,16,7,9,19,13,9,1,9,12,10,12,11,10,10,14,20,11,8,8,15,15,17,21,22,16,27,20,15,8,22,23,24,21,21,11,13,16,3,13,10,3,10,8,7,12,5,13,10,9,5,8,15,5,11,7,6,16,11,9,10,15,8,22,27,29,14,11,14,11,13,17,34,27,20,15,24,23,17,13,9,16,14,17,17,23,23,17,18,32,18,30,19,5,6,12,22,47,22,27,26,23,26,32,29,25,16,23,39,23,10,21,28,15,22,18,22,28,25,27,33,28,17,22,17,13,29,17,23,30,20,23,18,26,6,17,17,10
3059,7,10,14,10,16,24,3,9,14,3,6,12,6,14,8,18,23,37,13,14,24,10,7,15,2,5,10,5,9,10,11,6,6,12,11,6,8,21,12,18,10,10,17,18,14,13,10,13,12,12,9,8,6,7,11,16,12,10,4,7,6,6,6,9,4,12,5,8,4,9,8,10,4,6,11,9,13,2,2,11,11,8,11,7,6,8,12,11,11,16,11,7,6,17,18,14,17,21,23,16,11,10,5,9,11,18,15,20,17,26,22,12,20,24,47,11,4,32,56,51,38,46,42,40,33,48,42,28,48,34,40,41,19,18,16,20,22,18,20,29,33,21,27,18,21,18,24,16,23,27,27,25,16,23,32,34,18,23,17,13
3060,4,2,7,6,7,18,4,7,6,2,1,3,3,11,7,8,10,15,9,7,9,4,2,6,3,2,3,6,2,1,5,4,3,4,5,5,5,4,6,6,7,2,4,9,4,7,1,7,2,3,6,1,3,1,0,6,1,7,8,8,2,12,4,2,1,0,1,0,0,3,1,5,2,2,1,4,4,3,2,1,5,1,2,1,3,2,2,2,2,1,1,5,3,8,12,14,8,6,5,5,6,7,0,4,7,2,6,12,6,14,5,5,3,6,4,3,0,2,14,10,19,18,12,12,8,12,4,12,9,7,10,6,6,3,14,7,12,8,10,4,5,6,6,8,3,6,7,6,6,2,17,13,6,8,7,13,7,3,4,5
3061,1,0,3,1,3,3,0,5,7,2,1,0,3,2,4,7,4,8,4,2,5,0,1,4,2,2,4,3,1,4,6,2,7,1,1,0,2,4,0,3,4,11,2,6,6,6,5,6,3,3,3,1,1,5,5,2,2,4,7,4,8,6,6,2,4,3,3,6,4,1,0,4,3,2,2,6,17,7,5,6,7,2,8,8,0,4,4,3,5,6,8,6,5,9,5,5,3,7,7,5,4,5,9,9,3,9,7,13,3,5,6,9,3,10,12,2,3,6,10,15,6,13,15,8,15,17,14,9,8,9,13,8,4,9,13,6,6,11,11,8,7,10,9,11,5,14,10,6,5,10,9,10,1,10,5,12,2,8,4,3
3062,0,0,0,0,0,0,0,0,0,0,0,0,0,0,0,0,0,0,0,0,0,0,0,0,0,0,0,0,0,0,0,0,0,0,0,0,0,0,0,0,0,0,0,0,0,2,0,0,0,0,0,0,0,0,0,0,0,1,0,0,0,0,0,1,0,1,0,0,0,0,0,0,0,0,2,0,0,0,0,0,1,2,0,2,0,0,0,1,2,0,0,0,0,0,3,1,1,0,1,0,2,2,1,1,0,1,1,2,0,0,0,0,0,1,0,0,1,3,0,2,0,0,3,2,0,2,0,1,4,1,0,5,0,1,0,3,1,2,0,4,0,1,0,1,0,0,0,0,0,0,3,0,1,1,1,1,0,0,1,0
3063,0,1,2,1,1,1,0,1,1,0,0,0,0,0,0,1,0,1,1,1,1,1,0,0,1,1,0,0,0,0,1,0,0,0,0,0,0,0,1,1,0,1,2,0,0,1,1,0,0,0,0,1,2,1,1,0,1,0,1,0,0,1,0,1,0,0,0,1,2,2,0,1,0,0,0,0,0,0,0,0,0,1,0,0,0,0,2,0,1,1,1,0,1,0,0,0,1,1,0,0,0,0,1,1,1,0,1,2,0,1,1,0,0,2,1,0,0,0,1,1,0,2,4,1,0,0,0,2,0,1,1,0,0,0,0,0,0,1,0,1,0,0,0,1,0,1,0,1,1,0,0,0,0,0,0,0,0,0,0,0
3064,46,33,61,55,67,102,48,58,66,13,50,50,38,57,75,102,134,161,73,65,60,54,44,64,41,28,25,49,26,32,35,36,28,50,51,44,47,66,56,46,50,42,51,57,72,47,42,31,53,44,34,38,30,38,49,45,52,49,27,24,29,46,50,30,32,26,33,28,14,20,34,23,21,29,21,33,42,37,27,43,55,39,48,34,34,52,38,35,40,54,49,54,94,180,151,116,112,136,143,83,51,45,57,125,143,201,221,202,198,223,192,131,192,233,346,56,9,190,419,361,239,242,263,253,229,304,320,292,196,234,249,220,70,113,134,111,109,145,153,157,162,132,120,161,104,102,93,99,120,107,124,136,135,137,150,178,118,124,100,45
3065,3,7,2,0,0,4,1,2,3,1,3,0,0,2,1,0,1,3,0,1,3,0,1,1,1,0,1,0,0,0,0,0,0,1,0,1,1,2,1,1,2,0,4,4,3,2,4,2,0,0,1,1,2,1,2,2,2,0,6,2,1,1,0,1,0,0,3,1,0,0,1,1,1,0,2,1,2,3,3,1,3,1,0,1,0,1,0,2,3,1,0,4,2,1,4,3,3,1,3,5,4,8,0,2,3,2,4,4,2,2,1,3,2,2,4,0,3,3,0,2,1,1,4,1,2,2,3,1,2,1,1,0,1,2,2,1,2,2,4,4,1,3,8,5,2,3,2,2,3,2,3,2,7,0,3,5,1,3,2,1
3066,1,1,2,2,4,4,0,1,2,1,1,0,0,0,1,0,0,1,0,2,1,0,0,2,1,0,1,2,1,0,2,0,0,2,2,0,2,2,0,2,0,1,1,2,3,0,2,0,1,1,0,0,1,1,0,4,1,2,1,2,0,1,5,15,1,1,0,1,2,1,2,1,0,0,0,0,1,1,2,0,0,3,2,0,1,2,0,0,1,0,2,2,2,2,2,1,2,5,2,2,2,3,2,3,1,0,3,0,1,3,2,1,2,2,3,0,1,2,0,1,0,2,2,1,3,1,0,0,4,0,4,2,0,3,2,4,5,2,1,2,1,2,3,3,1,1,1,2,3,0,2,4,3,1,3,5,0,2,0,1
3067,0,2,0,2,1,1,1,1,2,1,2,0,1,3,0,1,3,2,0,1,2,2,0,1,1,1,1,1,1,1,0,0,0,0,1,0,2,3,2,1,0,1,1,0,4,5,2,4,0,0,2,1,5,1,2,2,0,0,0,0,0,0,1,1,0,0,2,4,0,1,1,0,1,0,0,0,2,3,3,1,1,0,2,0,2,2,0,0,1,1,0,1,0,0,0,3,0,2,4,4,4,1,2,2,2,1,3,6,3,3,5,2,1,1,4,0,1,1,3,3,2,0,3,3,2,3,2,2,0,1,2,4,1,3,2,1,1,6,1,2,1,0,3,2,0,0,2,2,7,3,3,2,1,5,2,2,4,2,2,0
3068,3,7,9,6,12,17,3,7,14,3,5,0,2,4,5,5,2,16,5,11,19,2,4,8,3,6,7,3,6,5,3,2,5,4,7,6,2,3,4,1,2,0,4,5,9,10,5,7,3,4,8,2,6,11,21,8,11,3,6,4,8,6,3,3,3,3,1,4,1,6,6,2,0,3,2,2,6,6,4,9,3,5,2,8,5,8,7,6,5,2,3,7,3,10,9,6,8,8,12,9,12,4,4,8,7,10,10,8,5,5,8,9,9,10,8,6,2,3,14,7,10,7,15,12,15,5,7,5,4,7,11,9,3,8,11,13,7,9,11,13,8,9,15,14,5,6,10,7,6,9,12,11,4,8,12,9,4,10,7,1
3070,11,13,21,19,30,48,9,5,22,4,12,5,2,8,7,12,21,30,7,12,18,6,14,14,6,2,5,7,7,9,8,7,10,9,11,7,6,9,9,10,11,12,18,16,37,20,17,8,9,10,4,2,10,10,6,6,11,12,8,7,6,10,5,2,11,3,5,3,8,15,13,16,6,8,2,5,10,5,5,6,6,8,10,9,5,2,8,4,5,5,8,15,7,30,34,10,12,9,17,18,29,22,48,31,11,9,9,17,3,10,16,8,15,24,18,19,6,12,22,25,8,21,25,26,21,21,11,11,7,18,22,23,7,13,17,7,11,12,15,20,13,20,25,20,12,22,23,24,25,23,20,14,38,14,32,17,7,15,3,0
3071,8,11,11,8,23,23,4,7,10,1,6,4,2,6,7,8,12,17,3,8,17,3,7,9,2,9,3,7,4,2,3,11,3,4,7,6,4,5,4,5,7,8,12,15,18,26,9,5,4,5,6,1,3,2,3,4,2,2,6,3,2,5,2,1,3,3,1,3,7,5,8,9,8,7,4,4,5,4,3,3,4,5,6,1,1,2,3,3,3,3,2,12,25,25,15,9,10,7,10,7,15,24,28,11,6,5,6,8,3,8,10,8,8,11,12,2,10,9,12,21,6,18,21,19,17,21,14,15,7,8,10,11,8,7,18,8,2,7,4,8,13,15,13,11,9,12,7,8,11,9,12,8,13,9,11,9,9,5,4,3
3072,14,14,22,22,24,61,9,12,23,3,5,9,3,14,15,18,26,46,21,13,45,9,6,14,14,9,8,6,5,8,4,6,6,10,2,11,10,11,14,9,12,10,18,19,54,34,17,14,8,9,10,8,1,4,6,4,7,3,9,5,5,8,10,2,9,8,9,8,7,8,17,13,7,7,7,4,8,7,10,4,8,3,13,10,4,10,3,5,5,5,14,27,42,41,24,19,7,16,18,25,39,30,34,25,12,6,18,23,8,20,12,20,16,15,20,7,4,8,32,23,13,25,22,33,31,29,25,14,10,21,24,25,15,23,16,4,23,20,17,22,20,15,23,30,23,24,16,20,20,31,10,35,21,22,15,16,8,9,14,5
3073,16,15,27,28,51,63,12,11,41,2,10,7,11,15,40,43,42,40,21,29,43,14,10,16,17,15,14,11,11,16,20,15,11,9,12,8,24,14,13,14,11,20,22,23,64,77,32,17,8,12,10,12,9,8,5,10,8,5,5,8,6,6,15,6,13,7,2,10,15,9,23,14,6,11,9,6,10,14,11,8,5,6,11,7,7,10,9,11,12,6,9,85,49,30,32,22,20,22,28,27,51,48,43,26,17,13,23,18,18,21,27,22,31,22,35,4,0,13,38,47,18,24,39,30,36,25,25,22,18,31,33,30,17,19,16,23,23,27,16,28,30,23,40,31,30,34,40,27,25,34,26,25,23,17,18,22,17,28,19,7
3074,10,5,13,16,19,21,13,7,12,3,10,6,9,18,17,21,35,45,14,16,27,8,9,13,9,6,9,14,12,6,11,9,4,12,7,7,10,8,9,9,11,9,9,10,7,12,13,9,7,12,8,9,16,6,6,5,6,11,6,7,6,8,9,8,4,9,4,6,7,2,7,7,6,3,6,9,14,10,9,10,3,4,5,8,5,7,7,8,4,12,8,12,6,21,2,17,16,20,16,8,9,7,6,10,21,15,20,11,8,12,15,16,14,27,28,9,1,15,17,22,13,11,25,14,22,19,19,24,15,14,23,11,8,11,10,8,13,6,10,14,15,9,18,23,11,10,5,9,11,16,14,10,12,12,9,19,4,8,8,4
3075,7,6,7,14,14,25,18,11,5,7,4,3,9,10,20,28,24,41,21,26,26,16,12,15,7,8,12,4,5,10,10,10,13,8,7,10,9,9,15,14,8,11,19,10,11,12,10,13,9,6,6,9,10,8,7,11,8,5,6,7,6,5,6,10,5,1,3,1,3,4,4,5,5,4,6,13,7,4,6,6,5,1,6,11,6,8,5,8,13,4,7,7,10,14,22,12,18,11,10,13,27,3,7,10,14,9,11,12,15,19,24,13,18,22,22,4,0,15,29,31,21,25,29,23,17,20,19,28,13,10,17,18,11,11,17,7,9,10,14,16,12,12,10,16,5,13,11,5,11,14,5,14,14,15,11,13,7,14,9,4
3076,10,7,16,20,38,52,12,18,20,11,17,18,9,22,25,38,64,52,27,26,31,17,17,23,17,11,16,18,13,11,9,14,8,13,21,6,24,23,22,19,14,16,27,24,20,13,20,13,12,15,20,29,14,16,14,16,11,19,9,6,5,17,14,17,10,5,6,10,5,10,11,12,11,14,11,8,5,7,3,10,7,12,13,12,10,16,15,18,20,4,9,15,19,22,18,30,26,19,32,24,19,5,10,23,26,35,29,26,34,38,34,23,29,43,63,11,0,27,71,75,37,49,55,69,47,43,50,39,20,24,40,38,19,17,24,16,22,25,30,38,18,37,26,24,21,14,17,14,19,21,28,30,25,27,34,22,27,14,12,5
3078,7,5,6,4,17,19,3,6,8,3,4,1,1,1,10,7,7,10,7,9,10,1,3,5,3,2,4,3,3,0,4,2,2,2,1,2,4,2,6,5,7,7,9,8,15,12,5,11,2,2,4,2,4,17,14,6,5,4,3,2,3,4,4,1,3,1,4,7,5,4,7,5,1,4,4,2,2,4,3,4,0,3,6,4,2,7,7,7,3,3,3,7,6,23,16,10,8,11,11,14,20,6,11,11,14,9,10,13,7,17,6,6,2,3,4,1,4,7,12,6,10,10,18,11,12,6,5,5,4,9,13,11,5,9,5,7,10,8,8,11,9,10,8,10,10,10,5,8,8,6,10,8,10,5,7,6,6,3,4,3
3079,5,10,8,9,19,23,8,7,9,1,3,1,4,5,4,9,15,14,5,5,15,3,4,11,6,5,6,2,4,4,2,3,4,7,4,3,7,5,6,3,7,4,6,2,3,7,6,10,4,6,4,4,4,10,3,3,8,2,6,3,2,3,6,4,2,0,3,4,3,3,3,3,4,3,6,4,7,4,4,5,4,4,4,5,1,5,4,8,2,3,5,8,1,4,10,8,7,12,8,5,12,2,5,8,6,7,13,10,7,9,9,9,7,11,9,5,4,14,16,12,8,14,13,11,7,13,15,8,7,11,17,10,6,10,14,7,7,11,11,15,16,10,19,10,12,13,15,8,11,14,14,16,12,8,9,10,6,8,8,6
3081,8,4,9,9,13,14,3,5,8,1,1,1,3,2,10,12,6,14,3,1,7,3,2,5,3,2,3,2,7,3,2,1,2,3,2,5,3,1,1,2,2,4,3,1,8,4,3,2,2,0,6,4,5,2,4,2,4,2,1,5,2,3,8,3,3,1,5,6,0,3,3,1,2,4,4,2,9,6,4,1,2,5,5,6,3,3,9,4,3,5,7,10,1,12,4,7,5,9,9,3,5,4,7,6,4,3,10,6,9,7,9,19,29,14,10,5,6,4,19,13,14,11,17,14,21,10,10,15,8,6,10,6,6,11,10,6,17,1,10,7,6,11,15,18,10,12,10,6,10,11,8,15,9,17,12,6,11,10,5,1
3082,15,8,18,21,43,49,11,16,25,7,13,6,9,15,26,31,42,58,29,27,51,19,20,20,18,13,10,18,13,17,6,8,13,17,13,8,16,10,15,13,17,10,29,12,8,16,18,14,7,11,8,12,22,6,16,13,12,17,9,11,8,8,8,10,6,6,10,7,9,5,9,7,8,6,16,6,11,8,1,7,6,10,9,7,4,6,3,8,12,9,13,7,11,21,22,19,29,23,38,25,15,5,10,15,21,24,29,26,15,27,33,21,11,25,35,3,2,16,27,36,29,28,27,33,22,27,26,17,21,25,26,15,8,15,17,11,9,21,18,21,18,15,35,21,19,12,10,18,20,27,21,21,13,13,19,30,16,13,13,8
3083,18,20,29,27,43,51,12,19,17,10,9,19,4,20,24,29,45,60,20,24,25,13,8,20,11,8,9,11,19,12,13,12,14,7,12,5,13,11,13,9,9,11,21,11,25,18,13,10,8,19,9,7,4,9,8,12,8,6,5,8,6,2,19,3,9,5,6,4,10,6,10,10,5,7,9,10,10,5,8,7,12,15,13,10,7,6,8,4,8,7,5,19,20,23,20,23,21,20,28,15,22,10,13,9,14,21,28,20,19,23,21,18,19,30,25,8,0,13,41,35,49,29,33,37,21,26,30,25,18,22,30,31,7,18,17,12,12,20,24,21,19,10,17,22,14,22,16,8,18,14,21,26,16,19,17,18,18,12,11,4
3084,13,14,22,13,26,50,12,10,15,5,3,5,9,13,16,19,24,33,9,11,20,5,6,17,9,3,2,10,6,0,4,3,12,7,10,6,6,12,10,12,12,4,15,9,14,15,9,13,6,9,9,10,10,18,14,12,10,4,4,16,4,9,12,7,13,5,8,3,6,3,6,4,4,6,5,8,8,3,6,8,9,11,12,13,5,12,7,8,8,2,6,8,7,20,12,19,17,27,14,11,11,13,9,9,13,14,19,19,7,17,13,8,24,14,28,4,4,10,17,22,22,26,22,16,16,24,16,19,8,12,13,20,11,17,21,15,14,17,15,19,17,14,16,16,16,11,14,13,24,19,15,21,20,16,13,16,14,16,11,3
3085,5,10,14,12,10,23,7,5,11,0,4,2,3,5,3,9,13,23,8,8,12,3,8,6,3,2,0,1,1,3,5,3,4,7,4,2,1,6,7,5,9,9,7,4,13,13,8,6,6,4,3,3,5,10,4,4,4,6,5,1,0,4,6,4,3,5,2,2,3,2,0,11,3,6,2,11,7,2,2,4,6,2,5,4,6,3,3,7,5,2,2,4,6,12,4,7,8,6,21,11,6,1,6,7,5,9,6,8,7,5,10,15,4,8,5,0,0,2,16,15,6,17,9,12,11,10,13,6,4,7,14,10,3,7,5,3,4,11,6,15,10,13,10,7,7,5,10,7,11,11,10,10,16,15,10,5,3,6,5,4
3087,4,6,10,10,7,10,6,11,5,0,3,2,0,6,7,3,11,14,5,5,7,3,4,7,2,3,3,4,0,1,1,1,2,2,0,3,4,5,4,2,4,8,5,5,4,2,3,5,4,7,1,6,4,1,1,2,3,1,2,1,0,9,5,2,9,1,2,3,1,3,2,3,2,2,4,3,3,2,2,2,4,3,4,1,3,0,4,4,4,0,2,1,2,9,4,4,3,5,4,10,3,0,3,5,4,8,5,6,7,8,9,2,9,7,5,2,1,0,5,12,8,7,7,8,9,4,12,7,6,5,10,6,1,6,8,6,8,3,8,5,11,5,5,5,6,7,4,7,9,8,4,11,9,10,2,19,7,10,5,1
3088,28,14,18,14,23,34,14,13,13,3,10,5,6,7,18,26,28,44,13,16,24,7,10,16,8,8,10,12,13,2,7,5,14,5,10,7,12,13,17,16,19,9,17,5,13,17,17,6,12,9,8,12,22,9,12,4,6,4,6,8,4,7,15,7,9,1,1,3,13,10,10,12,7,4,5,7,12,7,3,7,10,9,13,8,6,13,13,14,7,8,9,7,10,12,19,17,25,29,24,19,18,8,12,8,10,10,13,16,12,21,23,23,15,18,23,5,1,10,30,29,25,29,36,36,24,24,28,24,11,24,26,26,14,13,20,12,13,19,27,27,20,21,27,24,24,29,21,11,30,29,14,21,26,20,22,20,13,17,10,4
3089,7,10,19,6,13,33,3,6,9,3,1,3,6,13,15,10,17,21,6,8,13,5,8,5,3,7,3,2,8,3,3,4,7,6,2,3,0,4,5,4,10,6,7,6,9,9,5,6,5,5,4,10,1,5,6,3,2,6,2,5,2,6,6,3,5,6,9,4,3,7,5,6,4,8,6,5,9,3,4,5,6,8,6,4,3,1,5,4,7,6,5,12,5,8,10,16,8,15,17,7,7,2,0,12,7,6,10,8,9,12,12,11,16,8,16,2,1,11,24,15,9,14,19,13,14,14,11,13,9,11,12,9,5,13,12,4,10,15,8,17,11,8,13,18,16,16,11,6,8,9,9,10,13,9,8,16,7,12,7,2
3090,3,0,1,0,1,10,2,1,5,1,0,0,0,0,1,1,2,3,2,2,3,0,1,6,0,0,1,0,1,0,4,2,1,0,0,1,1,1,3,1,1,1,2,0,0,2,1,2,1,1,0,0,3,0,0,2,2,1,1,2,0,1,0,0,0,0,0,2,1,2,2,0,2,2,0,0,2,1,1,2,1,1,1,2,4,2,2,3,3,1,1,0,2,4,2,2,2,5,4,1,4,3,0,0,5,2,0,1,1,3,1,0,1,1,4,0,1,2,6,1,2,4,3,1,0,4,1,2,4,2,3,6,0,6,1,2,4,3,2,6,1,4,1,2,3,2,2,3,5,5,3,3,3,1,5,6,4,0,2,1
3091,1,0,2,0,2,2,0,3,7,0,1,0,0,2,4,1,1,5,0,0,3,0,2,1,2,0,1,0,0,1,0,1,2,0,1,0,0,3,2,1,3,2,1,0,1,1,2,0,1,3,1,1,0,2,3,2,2,3,0,2,1,1,1,3,0,0,1,1,1,2,1,0,2,1,1,0,4,2,1,3,1,1,3,1,2,3,2,4,0,1,1,3,3,2,2,3,1,3,1,1,2,2,0,0,2,2,5,1,2,0,2,0,4,2,2,0,0,0,0,2,1,5,6,3,1,2,3,2,2,1,0,0,2,0,2,0,3,4,2,2,1,4,2,3,1,1,2,0,1,2,5,0,2,4,1,1,3,3,1,0
3093,4,2,1,1,3,8,0,2,5,0,0,1,1,1,2,2,4,8,2,4,3,3,0,4,0,1,1,1,3,0,4,2,1,1,1,1,1,0,1,2,1,1,2,3,2,4,4,2,0,0,3,0,1,1,3,7,1,1,1,2,0,0,1,4,2,0,0,0,0,1,0,1,1,2,0,3,1,1,4,0,0,0,0,0,2,3,0,3,3,5,1,3,0,3,2,3,2,5,5,1,1,4,1,1,3,1,5,0,1,3,2,4,4,4,4,3,2,0,6,8,1,2,2,3,0,2,9,1,3,4,1,5,2,1,4,1,6,3,1,2,1,1,5,4,1,3,7,1,3,3,2,5,3,2,4,2,2,0,3,2
3094,2,6,6,5,4,7,6,3,8,2,2,3,1,5,1,8,6,10,6,2,8,3,3,6,2,0,4,1,3,5,1,2,4,3,3,3,6,3,2,7,3,2,9,4,3,4,4,3,7,3,3,2,7,2,8,10,3,1,1,0,2,3,2,1,2,2,1,1,4,4,3,6,4,1,4,4,4,1,2,0,2,8,3,7,1,3,3,4,4,2,1,3,2,5,4,4,6,5,2,2,4,4,7,4,5,2,9,8,6,8,7,6,9,5,5,2,0,6,12,8,8,7,7,10,7,8,10,10,5,7,7,9,1,5,6,11,8,8,4,7,6,10,11,11,2,12,9,9,10,8,5,9,8,11,10,5,3,6,2,3
3095,10,10,17,12,31,45,11,14,31,4,6,6,9,12,19,20,31,35,17,17,27,14,7,14,6,8,6,13,10,2,7,5,7,7,5,9,9,8,13,10,19,12,6,13,16,18,12,10,6,6,18,14,9,15,15,11,9,3,9,8,7,9,5,10,7,8,14,5,7,13,10,11,15,9,6,9,21,13,15,12,7,19,13,15,16,12,17,9,13,13,13,20,8,24,18,22,23,28,19,17,12,12,10,13,21,27,20,23,11,25,31,40,18,21,19,8,0,26,27,30,19,25,30,28,26,23,21,18,18,18,24,22,11,15,30,14,20,20,25,21,18,21,28,28,26,32,36,21,26,21,14,32,34,27,27,23,19,20,22,2
3096,0,1,3,1,3,4,0,2,2,1,2,1,2,1,2,1,1,7,2,1,2,0,1,0,0,0,0,0,1,1,0,0,1,2,2,1,1,0,0,3,4,3,3,2,1,0,1,0,2,2,0,0,1,1,1,1,2,2,1,0,1,2,2,2,1,0,0,0,0,2,0,1,2,0,0,0,0,1,0,0,0,1,0,1,0,0,2,2,2,1,1,2,3,2,2,1,0,2,2,0,1,1,2,0,1,1,1,2,0,3,3,1,2,1,2,0,0,1,2,2,0,2,2,6,1,3,2,1,2,1,1,4,0,1,2,2,1,2,2,5,0,2,1,4,2,1,0,2,3,0,0,2,1,1,2,3,2,2,1,0
3097,0,1,3,1,1,8,1,0,1,1,3,1,2,2,3,0,1,3,2,0,3,1,1,0,0,1,1,0,1,0,1,2,1,0,5,0,0,1,5,3,1,1,2,0,2,0,3,1,2,1,0,1,1,1,0,0,0,1,1,1,0,1,0,0,1,1,0,0,0,0,1,1,1,0,2,0,0,1,0,1,1,0,3,1,0,3,1,0,1,0,1,1,1,2,1,3,1,2,1,2,4,1,2,2,0,1,2,2,0,4,1,2,2,3,0,1,0,0,4,2,2,0,3,3,1,1,3,5,2,2,3,3,1,1,1,2,1,3,3,1,1,2,2,3,2,1,2,1,2,2,0,2,1,0,0,2,3,3,0,1
3099,6,8,3,1,10,10,1,6,7,2,3,2,3,2,2,6,10,6,4,8,4,0,4,4,1,2,2,2,3,2,1,2,4,5,4,4,4,1,2,0,1,4,2,3,6,5,4,3,2,3,1,3,5,4,2,3,4,3,3,1,3,3,1,0,1,0,0,1,5,3,6,1,4,2,6,3,4,4,0,5,2,3,3,2,1,4,1,1,1,1,3,1,1,10,2,8,1,5,11,1,2,1,3,0,1,3,5,3,3,5,8,5,3,3,5,0,0,5,17,11,8,5,5,6,7,4,6,6,3,5,2,2,3,6,7,7,3,6,3,6,4,4,6,5,0,7,6,3,2,2,3,4,5,6,3,3,0,2,2,1
3101,4,13,18,9,13,23,8,9,8,5,1,2,2,8,7,5,15,14,9,4,11,5,5,9,2,3,3,4,4,3,1,5,5,4,8,7,4,4,5,1,4,3,9,7,8,7,13,8,5,7,6,7,6,3,3,1,4,2,3,4,4,6,1,7,6,4,5,3,3,1,7,2,2,8,8,6,1,2,3,6,7,8,10,3,5,9,4,4,5,5,5,4,4,11,13,14,19,15,14,13,11,11,10,8,12,6,10,9,5,14,17,8,8,11,8,4,0,8,15,15,10,15,19,14,11,16,14,8,8,13,15,16,8,10,12,6,10,6,11,18,20,13,19,10,6,14,17,12,10,9,13,13,11,9,20,19,3,14,13,2
3102,1,4,11,3,2,9,2,4,9,0,1,1,0,1,3,2,3,12,1,2,7,0,0,6,1,1,2,0,1,2,0,0,1,1,0,1,0,1,3,1,4,2,3,3,0,1,0,1,1,3,3,1,1,1,3,2,1,1,0,1,1,0,4,2,2,1,2,0,2,3,1,1,0,2,2,1,0,1,1,4,1,0,4,2,0,2,1,2,3,0,2,3,1,3,2,1,0,4,5,3,2,1,3,2,1,3,4,4,2,4,5,3,5,8,2,1,1,2,6,7,2,9,8,6,5,0,1,0,4,9,3,5,2,2,8,2,3,7,9,3,6,5,4,4,2,5,7,4,7,4,1,5,7,6,3,3,2,6,3,1
3103,6,4,13,11,17,15,4,4,8,2,2,1,1,3,7,8,11,4,6,7,12,1,8,5,4,1,0,0,0,5,3,8,6,3,2,13,2,3,1,1,3,4,2,3,5,9,4,4,2,3,3,6,2,1,2,2,3,6,2,4,1,2,5,2,1,3,1,3,4,5,3,3,2,1,6,3,3,1,6,3,3,6,9,6,0,3,5,9,7,2,2,3,4,8,4,5,3,7,7,8,11,4,5,6,7,9,7,9,5,7,11,11,3,8,10,2,3,4,11,12,10,7,14,16,6,12,10,4,2,7,13,22,7,16,12,7,7,4,10,11,6,12,11,6,4,17,12,2,6,6,3,6,10,14,11,8,8,7,5,4
3104,11,10,8,16,18,25,6,9,13,0,3,2,2,8,3,8,9,19,4,5,13,0,6,14,1,4,2,4,8,5,3,2,8,9,5,2,6,1,7,2,5,9,9,7,9,9,5,5,3,9,2,0,4,1,5,6,4,3,9,4,4,6,2,6,8,2,3,2,3,2,3,7,4,8,6,5,6,6,0,6,9,7,5,9,3,6,5,4,9,7,5,8,4,13,9,15,12,6,14,20,5,2,9,11,6,15,10,12,6,8,10,12,8,5,17,9,2,10,27,20,16,15,31,20,15,17,24,17,12,18,21,19,11,18,11,15,9,9,17,21,16,12,28,11,11,12,11,10,12,10,13,18,12,13,18,14,9,16,11,5
3105,4,6,15,11,14,27,8,6,2,1,2,1,1,3,5,5,6,11,5,3,13,4,3,6,0,2,3,3,6,2,3,3,2,2,1,0,0,2,5,2,9,4,2,1,5,10,4,8,5,6,3,6,6,5,2,4,4,2,1,2,2,1,3,1,1,0,2,2,3,2,3,4,6,2,0,1,1,0,2,6,0,1,1,8,3,2,3,6,7,2,2,2,3,5,6,6,9,8,7,3,10,2,4,7,1,10,7,8,5,5,10,5,5,8,13,0,1,5,12,10,7,9,13,8,8,5,9,4,8,6,14,8,0,10,7,4,8,6,9,14,7,2,9,6,5,7,5,5,5,5,7,7,5,6,5,7,5,3,1,1
3106,8,10,20,11,22,31,9,3,9,3,4,2,4,8,8,2,10,14,9,7,24,8,6,8,5,4,2,7,6,4,4,8,7,7,6,4,3,4,7,3,6,8,6,7,4,8,4,8,4,3,8,8,11,3,6,4,4,4,8,5,7,6,3,1,4,5,3,4,5,2,10,7,9,5,6,8,7,4,7,5,2,8,7,9,8,7,13,8,4,7,3,6,7,5,7,13,13,11,8,22,6,8,10,6,14,14,10,14,20,21,12,14,19,14,17,7,0,5,22,24,17,14,21,18,14,13,22,18,16,12,16,15,8,17,10,11,7,18,8,13,10,10,19,16,10,13,9,7,19,10,11,16,6,11,24,10,11,10,11,3
3107,2,8,11,8,13,21,4,7,11,2,7,4,1,4,7,2,9,15,8,5,11,6,5,6,3,4,3,1,2,2,2,5,3,4,5,2,0,4,2,4,9,6,9,6,8,8,5,3,5,5,10,10,1,1,9,4,1,2,2,6,2,5,2,4,2,2,1,2,4,8,7,8,4,6,1,3,4,3,2,3,2,3,3,4,1,4,7,6,3,7,5,7,7,8,13,3,6,7,9,10,6,2,6,4,9,7,11,8,14,8,11,9,5,7,11,0,0,8,15,11,4,7,16,13,5,9,16,4,8,8,24,12,4,5,11,7,6,5,7,12,10,13,8,17,6,3,9,7,13,13,8,8,5,10,9,7,5,8,6,4
3108,9,9,17,19,30,34,11,9,7,2,3,4,3,8,6,12,18,23,12,13,24,3,7,11,6,3,8,3,4,1,6,4,4,1,5,6,4,3,3,5,5,9,6,6,7,5,3,4,6,6,4,6,4,3,1,3,3,1,4,6,1,5,5,3,1,3,3,3,0,4,5,3,3,7,4,7,0,1,3,6,9,1,6,2,7,8,3,6,6,4,7,2,8,18,11,10,13,19,20,14,23,9,2,13,14,13,19,19,22,24,31,9,15,14,27,5,3,12,32,24,17,23,23,20,14,20,27,15,12,20,20,26,9,18,15,13,12,15,12,13,18,15,13,18,9,14,11,7,22,12,16,14,17,8,12,11,8,19,12,5
3109,8,17,26,28,30,29,11,9,17,2,7,7,5,15,5,18,20,23,4,14,19,13,10,16,4,5,6,9,8,6,6,10,5,7,5,8,2,5,11,1,8,16,19,7,9,15,6,6,14,7,9,5,6,5,7,9,6,10,8,2,5,3,2,8,5,1,4,7,5,4,10,7,10,3,3,3,3,2,3,12,11,8,8,3,8,7,4,11,2,6,4,6,14,20,19,20,24,24,23,22,19,7,16,7,14,23,34,24,18,33,23,12,25,23,15,10,1,20,29,36,23,27,35,27,16,27,33,17,5,34,32,24,15,17,22,13,8,15,29,24,27,21,20,27,20,20,16,20,18,9,17,18,17,18,23,20,17,22,12,4
3111,6,8,7,13,6,13,9,5,11,2,3,2,4,5,8,7,9,16,4,10,7,3,4,4,2,5,7,4,4,4,4,3,6,5,3,3,5,4,2,3,3,8,2,6,4,5,4,4,3,4,4,9,3,3,5,3,5,3,2,5,4,6,2,2,5,1,2,2,5,3,4,6,4,1,3,3,8,2,3,7,1,3,5,8,5,6,9,4,7,18,8,8,3,10,11,7,5,12,7,9,5,4,5,3,9,8,11,13,8,12,14,9,10,16,16,1,2,7,15,21,21,17,12,10,8,5,13,10,5,19,11,20,6,6,11,9,3,8,16,9,9,10,8,15,6,14,13,13,16,11,8,10,10,12,14,8,6,10,8,4
3113,5,2,4,7,11,20,12,5,10,3,6,7,2,5,9,4,16,16,8,8,9,4,4,8,2,4,1,4,3,4,5,4,1,4,6,5,4,7,3,4,11,4,6,4,5,6,1,6,2,5,4,6,3,4,4,5,4,5,4,4,3,4,1,6,2,7,5,1,2,4,7,6,3,5,3,1,2,5,2,3,2,4,7,11,4,3,6,2,5,2,1,4,3,7,5,9,2,7,7,2,2,4,0,2,3,7,4,6,7,6,10,13,5,11,7,1,4,1,16,12,5,12,22,12,8,10,8,9,3,8,12,10,5,11,11,7,6,10,8,10,9,8,10,6,8,9,5,7,5,9,12,10,14,10,11,8,1,2,3,1
3114,2,1,2,2,3,15,1,4,0,0,1,1,1,1,5,1,3,5,1,1,5,3,0,6,0,0,3,1,0,2,1,3,1,0,0,2,2,3,0,1,1,3,2,3,0,7,2,0,0,0,3,3,2,3,5,1,3,1,2,4,2,2,1,0,3,4,3,1,2,1,4,4,5,2,2,1,2,3,1,4,1,4,1,2,2,2,0,2,1,2,2,1,1,4,2,2,1,1,5,6,3,0,1,5,1,3,4,0,0,5,5,4,2,3,8,0,2,3,3,3,9,1,8,5,6,6,3,4,1,2,4,3,2,8,5,2,4,1,1,1,4,2,2,5,3,2,4,6,6,1,3,7,4,3,5,2,1,4,2,1
3115,4,1,5,1,6,4,4,0,4,0,2,0,0,2,1,3,8,9,3,2,7,2,4,3,1,3,1,0,2,2,2,0,2,3,1,0,3,3,3,5,3,1,3,0,2,1,2,3,3,1,3,2,2,2,2,4,3,0,5,0,3,6,1,0,1,2,2,5,0,2,3,1,3,3,0,4,3,2,1,4,2,2,2,4,1,5,0,2,3,2,1,2,3,4,9,6,4,2,4,6,3,2,2,3,7,3,1,4,2,4,0,0,3,1,3,0,0,2,5,6,4,0,3,4,4,8,3,4,1,4,3,2,1,4,8,3,1,2,8,2,5,3,11,4,4,5,1,3,2,4,1,5,5,6,7,5,1,7,1,0
3116,8,6,8,12,10,16,7,5,8,2,4,5,8,5,8,5,19,24,7,7,11,7,1,4,7,1,4,0,6,7,4,4,5,9,5,7,4,10,5,3,7,6,4,5,7,8,4,2,5,5,7,8,3,8,3,2,7,2,5,7,0,2,1,3,6,1,5,5,7,6,1,7,4,3,7,4,7,6,7,8,6,6,8,9,1,6,4,4,8,6,5,10,11,13,16,13,16,12,12,10,12,6,7,9,2,22,5,14,6,11,6,8,8,9,13,2,0,10,15,15,9,7,14,16,9,9,13,7,6,11,13,11,5,13,4,9,7,6,10,9,17,17,18,13,15,14,25,12,10,8,12,16,6,7,14,11,7,11,4,5
3121,1,2,4,8,6,26,3,9,11,3,5,0,1,3,5,4,8,12,5,3,9,1,11,9,2,6,3,3,4,4,3,4,4,4,2,0,1,6,2,16,13,3,4,3,7,5,5,5,7,8,7,3,2,6,4,5,5,9,5,8,1,1,2,4,3,30,2,0,2,13,14,12,8,8,5,2,4,6,3,2,3,3,4,2,2,5,6,0,7,2,2,9,0,3,7,9,4,3,6,7,16,3,6,10,1,6,9,9,4,7,11,11,4,12,9,5,2,7,5,9,2,6,12,6,4,11,5,7,7,21,9,13,5,10,12,2,12,6,6,6,17,7,8,7,4,12,9,5,6,9,7,9,2,6,14,13,5,7,3,2
3122,2,2,7,3,6,8,2,3,7,3,0,0,2,2,3,4,3,9,0,7,7,3,3,5,2,0,2,3,4,4,2,3,2,0,5,5,1,0,5,1,4,1,6,5,3,5,3,4,0,4,2,1,0,5,6,4,5,0,5,3,2,2,2,0,0,4,2,4,3,5,1,4,3,1,2,5,4,1,4,4,10,6,4,6,3,4,4,6,5,3,2,4,4,5,2,5,3,12,9,3,11,7,8,5,3,3,8,3,3,7,18,8,5,4,8,2,0,1,7,6,4,6,11,12,5,4,8,4,3,6,11,8,6,7,7,5,6,7,4,7,13,9,7,4,5,9,7,6,4,8,8,6,5,7,4,13,5,8,5,2
3123,1,3,4,4,4,7,1,2,4,1,2,1,0,1,3,1,4,3,5,5,2,1,2,2,0,2,2,1,3,5,1,0,3,2,2,4,3,2,3,3,4,4,7,2,2,3,3,2,0,2,1,1,1,3,3,2,5,4,0,1,1,1,1,2,3,4,1,0,2,0,1,2,2,3,4,5,2,0,1,4,0,1,4,4,3,3,1,3,3,2,1,1,5,2,4,2,2,6,7,12,18,3,2,2,1,5,3,3,2,10,5,6,8,5,9,1,1,2,5,7,3,4,10,9,9,0,5,4,8,5,10,6,1,6,9,7,6,8,2,7,10,4,8,3,5,3,9,6,5,5,6,10,10,4,7,5,1,5,6,4
3124,6,2,5,14,19,22,4,6,15,2,5,5,2,7,3,3,12,18,6,6,16,4,2,11,4,3,1,8,3,6,5,4,1,5,3,3,3,4,2,5,2,4,4,5,5,7,6,8,10,6,3,5,9,6,3,5,6,7,6,1,2,5,2,3,5,9,5,4,4,4,5,5,1,1,8,2,8,4,3,4,7,10,4,6,9,8,7,8,6,3,3,4,6,9,9,5,7,12,13,4,10,9,12,8,11,5,13,9,4,10,14,17,15,11,10,4,1,8,17,9,10,18,18,22,8,8,12,10,4,12,12,24,8,15,10,5,14,6,12,16,15,12,22,12,14,14,12,18,8,16,14,17,14,15,10,7,11,9,13,1
3125,9,2,9,8,36,19,5,8,7,1,3,1,3,8,5,3,11,17,8,3,8,3,7,7,1,4,4,5,1,3,5,4,1,5,5,5,3,4,4,5,5,0,2,5,2,3,10,6,0,9,4,4,5,4,8,8,3,0,3,6,2,1,3,2,0,1,1,3,3,2,2,3,2,1,6,1,2,5,2,3,0,3,2,5,0,3,1,3,2,3,3,7,15,7,5,9,3,4,10,14,6,2,6,5,5,9,12,7,8,8,10,6,8,7,10,2,1,6,15,16,8,15,9,9,11,6,14,10,3,9,8,11,4,2,5,8,9,6,9,7,5,6,6,12,7,9,11,11,5,8,8,3,7,9,9,10,11,10,4,4
3126,5,3,5,5,6,6,4,4,3,1,1,2,3,1,2,2,3,3,1,1,3,2,1,4,1,0,0,1,1,1,2,1,2,1,0,0,0,1,1,1,3,1,2,1,2,0,2,3,2,4,0,3,3,1,4,0,2,0,4,2,0,4,1,2,1,1,1,3,3,1,1,4,1,0,2,1,3,3,0,1,2,2,4,3,2,2,2,4,3,1,2,1,2,4,0,5,4,4,1,2,1,0,2,2,5,0,1,3,4,2,2,3,7,4,6,2,0,3,11,5,3,6,14,2,5,5,2,2,3,3,3,4,1,4,2,1,4,4,3,3,6,6,6,5,3,5,6,3,6,5,2,4,3,8,6,6,2,3,4,1
3127,8,8,13,11,10,19,6,8,12,1,8,2,3,1,3,4,12,14,6,3,16,4,6,12,5,2,1,4,3,2,5,6,2,4,4,5,4,3,7,4,8,2,7,7,6,10,4,9,6,12,2,2,5,8,2,2,2,3,1,7,1,6,7,3,3,2,0,3,2,2,13,7,3,5,6,1,4,5,4,5,8,6,10,7,6,5,5,5,10,7,9,1,3,4,15,9,13,13,12,16,9,9,5,5,8,11,8,14,8,15,10,9,10,6,7,0,2,5,21,10,9,12,13,19,9,10,13,5,4,14,14,13,16,17,10,2,15,10,9,15,9,11,12,11,8,9,15,4,14,14,12,17,15,10,21,11,7,13,9,3
3128,10,11,12,22,19,22,7,2,4,1,3,2,3,4,9,7,10,16,4,3,9,0,5,23,5,4,1,1,3,4,4,1,2,2,5,2,2,2,3,6,7,4,7,4,5,4,6,0,9,7,6,2,3,2,3,6,4,2,6,5,2,4,3,5,1,1,5,3,2,1,3,4,1,6,2,4,7,3,3,6,1,4,6,4,2,1,6,4,4,2,3,2,6,7,3,4,15,9,13,7,14,6,3,11,7,12,11,14,5,12,10,12,14,6,11,3,1,2,14,16,17,15,11,11,7,11,15,4,4,8,14,17,7,13,14,6,13,2,16,10,11,11,7,8,8,14,14,9,8,13,16,4,11,15,8,10,2,8,15,3
3129,7,10,8,8,19,23,9,8,12,2,3,8,1,6,4,5,11,11,11,8,22,1,3,16,7,5,5,2,0,3,5,6,5,2,4,2,2,2,6,2,5,4,6,4,2,5,4,5,4,8,5,2,5,3,1,1,5,3,4,2,1,5,3,4,2,1,1,4,6,1,2,2,1,2,4,3,4,2,1,6,1,3,6,7,6,4,4,2,8,4,9,3,5,11,11,12,12,6,18,14,6,5,7,7,5,5,14,4,11,8,11,9,7,5,8,6,0,7,24,18,17,12,21,18,16,14,22,7,16,8,15,10,3,6,12,3,17,14,10,17,8,9,19,14,10,16,15,13,8,10,12,12,14,6,10,16,10,5,7,3
3130,9,20,28,24,29,53,13,10,20,2,14,7,8,10,18,19,29,26,16,19,21,11,10,21,9,5,10,6,4,6,7,13,12,12,12,10,7,13,15,13,10,11,14,10,25,12,21,7,15,17,15,8,8,9,5,2,9,10,7,9,10,6,7,6,11,4,8,7,2,7,9,9,8,6,10,10,12,10,8,9,14,13,6,11,8,15,10,3,5,8,7,11,13,18,14,26,21,19,27,25,11,13,11,15,20,21,29,23,25,27,25,21,27,23,22,5,4,17,39,25,30,27,32,27,19,19,24,27,23,27,34,28,19,25,13,19,22,20,27,24,21,13,27,27,23,22,29,23,21,20,28,21,25,18,36,24,14,20,19,10
3131,11,9,18,22,31,44,8,7,12,4,7,3,7,10,14,10,15,27,12,12,14,8,6,7,7,5,7,4,7,5,4,5,3,4,6,6,3,8,8,7,4,7,16,7,15,11,8,12,11,4,9,9,8,7,4,5,8,3,3,9,2,0,3,2,6,3,2,5,4,1,6,6,9,7,5,3,12,7,4,5,6,7,4,6,9,11,7,7,5,8,9,5,11,21,20,27,15,16,16,13,17,8,9,12,15,29,26,19,20,20,23,10,26,17,19,1,2,15,25,29,21,18,24,15,11,21,20,22,15,18,23,18,9,7,13,10,12,17,21,20,28,12,12,24,8,12,12,18,9,12,13,18,14,27,24,23,18,13,13,6
3132,7,11,16,14,17,17,2,4,10,5,4,2,2,5,7,9,16,24,9,4,10,4,3,7,2,3,2,3,3,5,1,4,3,4,3,0,9,6,5,5,4,8,5,8,5,9,10,10,6,1,4,4,4,5,2,2,5,6,3,1,3,3,1,5,3,3,5,3,2,3,4,7,6,2,1,6,6,3,1,2,5,2,1,3,4,6,9,5,2,5,3,4,5,15,4,8,12,10,19,10,11,4,7,9,8,16,12,21,16,8,13,10,9,11,18,7,3,13,18,20,10,6,8,18,14,10,10,19,12,13,10,13,3,19,11,5,10,9,7,11,15,13,14,16,7,9,11,11,14,11,15,13,12,16,12,12,7,16,3,2
3133,14,22,19,22,39,32,10,9,17,4,6,4,8,10,22,22,22,28,13,14,39,4,7,16,10,9,9,4,9,4,10,5,8,9,4,8,8,10,13,6,10,14,13,11,17,10,10,4,12,8,8,6,3,7,2,4,6,6,8,8,6,8,6,3,8,7,10,7,4,5,5,7,3,9,5,6,10,7,7,7,3,10,5,9,14,6,9,8,15,5,2,10,12,19,30,19,14,25,24,22,13,6,7,15,18,27,25,22,22,32,32,10,10,25,24,6,1,9,40,38,21,38,26,24,23,25,20,26,13,27,27,27,17,17,22,12,11,11,21,17,17,14,22,23,12,17,27,13,9,19,17,22,17,20,25,21,14,13,14,7
3134,18,15,26,23,31,50,14,17,20,6,12,4,10,10,15,27,33,52,9,19,36,11,7,19,4,7,5,7,13,12,12,4,8,9,9,9,12,14,17,18,7,11,15,9,22,10,15,25,10,9,6,12,8,10,17,10,8,11,4,10,6,10,6,9,14,11,7,6,8,7,11,13,10,7,17,6,7,16,12,10,9,12,15,19,14,17,15,9,10,11,12,9,10,20,36,19,13,31,23,21,21,11,15,19,21,15,19,23,16,18,28,15,19,27,33,7,4,12,50,37,22,41,33,35,31,21,38,24,17,27,33,26,20,28,24,21,23,17,23,25,28,23,26,27,19,28,29,16,27,28,26,24,28,23,29,23,19,20,24,6
3135,9,13,23,20,30,35,12,8,17,2,8,7,7,5,9,15,13,26,10,8,24,1,9,14,5,4,9,8,8,5,7,2,5,4,10,2,10,5,17,7,9,8,7,8,10,2,3,20,10,1,6,7,2,5,5,8,4,5,6,9,3,4,2,6,5,3,4,5,2,1,3,6,8,2,3,5,7,4,6,9,8,11,10,11,7,7,3,5,6,8,10,10,8,25,20,17,15,14,21,19,11,5,3,12,10,11,20,16,17,17,11,13,11,12,16,4,3,13,17,19,18,17,16,15,10,15,14,20,11,23,30,19,9,11,10,6,11,14,14,12,18,17,17,17,15,21,24,11,13,11,14,12,15,22,11,13,17,13,14,1
3136,30,22,39,38,52,75,29,22,31,9,13,15,17,17,26,30,56,60,21,22,35,16,18,29,13,9,19,13,15,24,10,21,18,12,17,15,24,18,27,23,25,23,16,20,20,17,23,17,16,15,20,15,8,17,15,14,17,15,12,11,11,17,13,21,21,16,8,14,10,11,18,15,14,13,13,11,17,23,19,10,11,10,32,15,19,32,14,10,16,15,13,13,17,41,37,33,47,65,46,37,16,14,11,22,60,47,30,39,36,41,44,31,36,28,34,5,3,28,53,47,41,47,50,45,33,41,50,43,29,34,48,47,23,31,37,24,23,26,24,23,34,39,49,44,26,47,33,33,42,27,46,31,50,47,48,44,24,41,39,13
3137,9,16,11,11,19,29,8,8,12,5,7,8,7,9,12,17,19,35,19,11,22,13,12,13,4,9,9,8,7,8,7,4,5,11,8,8,6,15,8,3,5,6,9,3,10,11,9,8,8,9,9,3,4,3,2,8,7,8,6,8,2,5,11,10,10,6,7,5,3,4,8,4,6,6,7,6,6,5,5,12,2,5,4,6,8,4,12,3,6,12,12,4,4,12,14,6,10,14,13,11,10,6,6,10,7,10,9,9,5,13,12,15,7,13,20,4,0,10,27,16,14,13,17,22,17,11,22,9,15,13,15,9,6,8,10,10,9,8,10,14,16,14,21,17,12,13,16,12,17,9,6,14,12,18,16,15,7,10,11,6
3138,16,18,20,24,35,28,12,13,28,5,10,5,11,17,36,34,42,48,21,19,28,14,6,13,9,8,7,8,11,11,10,9,10,11,12,8,6,5,12,9,10,6,10,13,11,21,13,7,10,5,11,17,7,5,12,11,12,8,12,8,3,13,10,11,7,12,6,4,6,6,4,12,12,12,3,4,8,3,8,11,11,7,14,10,8,6,9,6,8,11,7,8,17,26,24,23,22,22,17,22,12,5,5,13,6,21,11,25,8,16,29,22,16,21,20,3,2,15,22,20,17,30,25,22,13,26,29,17,16,20,23,17,13,13,12,10,8,5,24,23,24,18,20,22,20,20,14,20,20,15,22,20,27,17,14,14,10,10,10,10
3139,6,13,6,5,13,34,12,7,16,3,7,8,10,15,23,20,22,32,19,20,25,9,13,7,4,8,9,11,16,14,12,11,8,15,17,13,11,18,13,7,17,5,10,7,10,7,11,6,6,8,15,12,9,5,10,6,6,13,6,7,5,14,8,13,6,11,6,7,9,6,9,14,9,4,7,1,15,17,10,7,6,11,13,10,7,6,10,8,18,12,8,6,11,27,20,12,11,21,16,7,12,7,8,5,6,15,11,20,18,11,25,10,11,18,13,5,0,7,25,18,12,13,25,17,10,11,5,8,11,10,13,14,2,11,8,11,12,6,8,17,17,15,23,31,15,17,16,7,10,7,16,12,16,10,12,12,9,8,8,10
3140,9,12,17,16,26,23,10,18,17,8,7,5,5,12,9,22,38,42,21,12,24,11,8,11,4,7,8,10,11,10,7,5,4,4,19,7,3,11,15,10,10,9,12,4,11,6,7,11,9,10,5,3,10,8,10,10,8,11,7,5,3,9,6,14,5,2,12,6,3,7,9,10,3,5,5,3,8,5,9,8,5,10,11,12,7,5,4,12,6,14,9,9,11,16,10,16,7,16,14,8,12,7,6,10,3,11,16,16,15,11,16,10,13,19,15,2,3,8,12,14,15,19,15,12,14,18,19,12,11,14,25,17,6,14,19,12,22,8,17,13,12,22,21,14,10,19,28,9,19,15,18,22,16,24,14,24,12,16,8,13
3141,1,2,2,0,3,6,3,1,1,1,1,1,0,0,1,1,2,2,3,1,3,0,0,2,0,0,0,3,0,2,2,0,0,1,1,2,0,0,2,3,2,2,3,5,1,0,3,2,1,2,2,1,0,3,1,1,2,0,2,1,1,1,2,0,0,0,0,1,3,2,2,1,1,2,4,4,1,3,4,4,3,6,2,5,1,2,2,5,3,5,2,1,1,2,1,3,2,3,6,1,1,2,0,3,0,5,2,4,0,4,2,3,5,2,5,0,0,1,5,2,0,2,1,2,4,5,5,3,1,2,7,5,5,2,1,1,3,2,5,4,3,3,4,2,4,1,5,3,2,3,4,11,2,0,4,4,0,3,2,2
3142,2,2,1,1,2,3,1,1,2,1,0,0,0,2,0,0,0,5,2,0,4,0,2,3,0,0,1,0,1,1,3,2,1,1,3,1,0,2,0,0,0,1,2,1,2,2,3,1,1,1,2,2,1,2,2,4,0,2,4,1,0,0,0,0,1,1,0,1,0,1,1,5,0,2,0,0,2,3,3,1,3,8,4,0,4,4,0,0,3,5,3,1,2,1,4,5,3,6,1,8,5,1,4,4,7,2,3,7,5,2,4,4,3,1,2,0,2,3,5,3,3,4,2,5,4,2,4,4,1,3,4,6,0,1,7,3,1,2,3,4,6,3,1,7,0,2,4,5,3,1,1,6,3,5,4,5,1,0,7,0
3143,1,1,1,5,4,6,0,0,4,1,2,0,1,1,1,0,1,1,0,2,1,1,0,2,0,1,3,0,2,2,0,1,1,2,1,1,2,2,1,1,1,2,0,1,0,3,0,1,1,0,0,0,2,3,1,0,2,1,0,1,1,1,1,3,0,1,2,1,2,0,0,4,0,0,3,1,1,1,0,0,3,6,5,3,0,1,3,3,2,1,2,2,8,2,2,3,3,2,3,2,1,2,0,4,6,2,3,3,2,1,2,2,3,4,0,1,1,1,4,3,1,3,2,1,0,3,3,2,3,4,2,5,1,6,0,2,4,0,1,2,0,5,4,2,1,2,2,1,6,0,2,4,3,5,2,6,1,3,4,0
3144,4,4,6,3,5,9,3,0,6,0,0,0,0,1,2,2,5,6,3,4,4,0,3,5,1,2,2,2,3,0,0,3,1,1,4,1,2,1,1,2,2,1,1,1,3,4,4,1,0,1,2,3,1,2,0,1,2,2,5,0,1,3,2,0,2,1,3,2,2,1,3,3,6,2,1,3,1,1,4,3,9,13,2,2,4,2,3,2,3,6,5,4,4,1,3,7,2,4,2,2,4,3,3,4,2,5,3,3,1,3,8,3,10,10,3,7,2,5,4,5,1,5,6,7,3,1,6,3,3,8,5,2,1,2,1,4,5,2,1,3,4,9,8,5,5,13,4,5,5,4,3,1,5,4,3,8,4,6,2,4
3145,3,7,9,13,16,21,9,6,14,1,2,4,3,7,2,7,15,15,6,6,14,3,5,9,2,4,2,6,6,6,4,4,3,5,9,2,6,9,3,4,7,6,5,8,6,5,5,13,7,2,2,10,4,10,5,4,4,4,5,1,3,3,6,3,4,5,5,1,3,1,4,3,3,4,3,2,6,6,6,17,12,19,12,10,7,6,8,7,7,3,6,7,6,11,10,13,9,10,10,9,8,8,7,5,4,15,8,17,9,17,13,8,7,6,11,2,0,8,9,16,15,11,23,15,11,5,14,10,7,17,15,23,3,6,11,10,9,8,12,18,11,13,13,16,8,14,10,10,12,5,10,9,13,21,21,12,3,15,10,5
3146,8,14,17,7,13,40,9,14,20,1,2,2,2,7,5,6,14,17,5,8,17,7,7,13,0,5,3,1,2,2,3,2,1,3,5,4,7,8,10,7,8,6,6,4,6,10,6,12,8,10,6,7,5,6,4,10,1,2,2,1,4,2,7,2,4,6,5,4,6,5,3,3,6,8,7,2,12,6,10,7,13,13,6,11,4,11,5,4,6,6,5,7,4,8,9,21,10,15,15,15,12,6,6,9,12,12,12,12,7,11,14,7,12,13,12,5,6,13,25,20,19,14,16,10,12,11,12,8,9,16,18,19,6,32,18,7,20,13,16,24,18,15,13,23,13,13,15,7,17,13,12,16,24,13,19,17,9,13,13,4
3147,6,6,15,8,22,21,4,7,13,4,3,2,2,2,8,10,13,8,8,10,15,3,4,9,1,1,3,4,6,5,3,6,2,5,1,3,3,4,6,3,1,2,2,5,5,4,12,9,5,9,10,7,2,3,7,6,6,9,4,1,1,4,2,4,5,5,7,1,2,5,1,6,3,7,3,8,9,7,5,4,2,4,9,3,5,7,5,3,5,8,6,2,11,13,12,6,13,14,12,11,13,5,6,4,2,3,10,6,7,12,11,11,9,11,8,3,0,11,17,16,11,15,21,11,14,10,12,9,10,5,11,18,5,8,9,5,10,10,10,5,11,20,18,12,3,9,8,5,15,3,8,19,6,17,15,13,9,14,11,0
3148,5,4,9,8,8,14,5,4,0,2,3,2,3,2,4,11,9,8,5,2,11,1,3,10,4,1,0,1,0,4,3,1,2,3,2,2,3,2,6,1,1,1,4,4,2,3,3,3,1,0,3,4,1,2,2,4,1,2,4,2,0,2,2,2,5,1,2,0,1,0,0,1,0,2,0,1,1,1,0,3,0,2,2,0,0,2,1,3,1,0,2,2,3,2,6,5,9,9,2,6,3,6,4,4,6,4,2,3,3,4,7,6,7,7,7,0,0,8,7,5,7,8,11,10,12,7,5,4,3,9,16,5,5,5,6,7,2,9,2,8,3,4,5,3,6,5,3,5,7,5,5,6,1,9,5,4,8,6,6,1
3149,13,23,19,31,37,69,9,12,28,9,11,9,5,14,24,22,33,37,27,17,34,9,9,18,12,7,13,8,10,16,12,18,12,14,6,13,7,11,14,13,13,3,18,12,26,11,20,11,10,15,19,10,16,19,19,22,14,7,10,6,6,6,8,7,7,5,6,9,11,8,7,10,12,11,6,10,8,15,7,7,18,9,14,13,15,13,12,6,9,5,22,14,24,24,27,29,31,45,22,21,20,12,17,21,24,32,31,27,28,28,43,25,18,20,32,10,3,22,43,52,28,39,46,32,34,33,40,36,23,32,38,33,17,28,25,14,23,20,24,24,32,20,41,26,22,25,21,16,27,17,27,26,28,25,30,28,21,18,11,11
3150,37,66,80,65,118,128,30,34,73,15,20,23,14,39,48,44,74,101,39,32,83,18,21,55,15,17,23,19,19,13,23,18,10,16,26,17,17,9,36,19,26,12,17,24,19,25,36,23,16,29,27,25,21,28,28,23,16,19,15,7,8,18,17,4,11,12,20,10,14,13,17,17,7,15,12,15,13,8,9,18,24,27,15,24,15,23,19,21,19,16,20,21,28,60,57,43,53,83,70,61,50,31,21,52,34,45,68,67,52,61,67,52,50,57,61,13,7,50,99,97,64,69,77,62,55,56,69,57,46,62,44,75,27,27,43,27,34,30,66,55,55,36,64,45,35,41,41,31,46,40,41,61,53,52,74,44,34,41,41,15
3151,8,9,13,12,10,20,3,3,10,3,2,3,2,5,9,12,5,10,7,6,10,1,4,8,4,2,3,3,4,7,2,3,4,1,2,2,2,3,3,4,4,4,2,2,4,11,3,5,5,4,5,3,1,3,1,1,1,2,2,2,0,2,0,1,1,1,1,3,1,0,2,3,1,2,2,0,0,0,2,3,5,2,2,3,3,2,2,0,2,1,1,2,5,7,5,7,4,14,14,6,3,3,4,4,0,9,8,6,9,4,6,5,7,10,8,3,0,11,29,50,17,46,11,11,4,19,51,10,10,4,7,13,4,8,20,6,10,2,8,5,5,4,32,17,15,12,13,4,6,6,6,6,10,13,10,9,2,5,4,1
3152,22,34,29,47,46,76,19,12,31,8,10,6,13,19,32,35,51,62,28,18,38,12,7,28,12,13,5,6,13,12,6,14,17,14,11,13,6,17,15,15,18,20,15,17,27,13,28,25,21,17,18,10,12,6,17,16,19,11,6,21,7,10,7,10,8,22,20,8,11,8,14,9,5,4,3,5,12,13,16,11,2,8,18,10,11,14,19,12,15,10,12,18,11,34,30,33,41,38,44,37,29,10,23,23,37,49,36,37,46,36,53,30,34,46,49,8,2,41,57,57,52,33,51,38,39,33,40,37,18,37,43,39,17,24,29,21,25,27,37,36,26,28,46,42,24,32,29,25,27,23,29,19,31,21,37,42,18,20,24,7
3153,11,12,36,30,33,26,12,9,20,5,5,7,9,25,21,25,33,31,13,15,29,11,14,22,11,8,13,6,7,12,9,8,9,11,14,6,10,16,7,10,16,15,16,16,11,15,11,13,6,11,12,6,8,6,5,12,14,9,9,9,7,7,7,7,8,11,14,8,6,3,4,5,8,8,5,12,7,9,14,13,13,10,10,13,4,10,17,7,13,13,10,12,13,25,15,16,21,18,25,20,4,9,10,17,14,17,19,21,12,15,26,16,11,16,22,4,4,15,38,21,24,16,26,24,14,32,24,36,23,26,28,25,12,13,22,8,18,16,13,24,20,12,16,19,19,25,17,13,21,17,17,26,15,19,21,25,22,12,20,7
3154,3,1,2,4,2,3,4,3,7,0,2,0,2,8,1,7,10,4,5,3,10,0,1,3,2,1,1,2,5,1,3,3,2,0,0,4,1,0,1,2,3,2,2,0,4,5,2,3,1,4,2,0,2,0,3,2,0,1,0,1,1,6,1,3,4,3,1,1,0,1,1,1,1,5,2,2,2,1,5,2,1,3,1,1,2,5,3,0,1,0,2,2,2,2,2,3,4,9,1,3,0,1,4,3,4,1,2,3,6,4,4,0,5,1,6,0,0,3,8,4,3,5,6,2,3,7,3,3,2,7,2,2,0,2,1,5,3,3,3,3,11,3,2,2,7,2,4,4,2,1,8,3,5,4,5,2,2,1,2,3
3155,15,17,25,20,36,41,10,19,23,6,10,12,5,18,20,29,31,37,17,14,29,8,8,17,4,7,8,13,5,4,8,6,7,10,2,7,7,11,5,6,8,8,16,8,16,13,23,12,8,5,10,4,8,5,10,10,8,5,8,6,7,12,13,8,7,11,6,7,6,8,3,11,8,2,6,3,9,5,15,3,11,7,9,9,10,10,9,6,8,10,6,7,12,21,14,20,14,24,15,17,9,7,6,15,8,30,22,15,22,27,20,12,12,13,29,1,3,11,32,23,20,17,26,25,21,40,26,17,9,15,31,17,7,17,14,14,8,15,18,20,15,11,26,19,10,11,14,18,20,9,17,19,17,16,22,26,21,21,17,8
3156,26,30,48,47,77,80,33,28,44,14,19,23,25,30,59,39,61,82,36,39,53,18,18,30,18,19,23,17,14,16,26,20,22,15,16,17,21,22,15,20,28,11,24,19,17,22,21,18,10,23,22,20,13,16,16,11,19,17,11,14,12,17,16,17,16,23,7,10,9,8,10,13,7,10,15,15,13,10,26,18,14,12,24,28,21,23,29,18,11,13,9,20,29,35,42,30,37,35,51,41,21,16,16,26,19,41,47,30,23,38,33,47,31,28,53,12,1,27,45,51,28,47,48,51,31,45,39,37,32,48,32,37,19,23,32,27,22,24,25,28,42,26,43,40,27,31,41,38,31,22,34,29,23,27,33,47,31,27,22,14
3158,6,6,4,0,5,3,3,1,4,1,2,1,5,4,4,5,9,11,8,3,5,2,3,3,3,5,1,1,3,5,1,1,1,2,1,2,5,2,2,1,4,2,3,1,1,4,1,5,2,5,5,5,2,3,1,5,2,0,0,3,0,3,4,3,3,2,2,3,2,2,1,4,2,3,1,0,1,3,5,1,4,2,0,2,3,2,2,2,0,2,3,2,2,3,8,4,8,8,4,4,3,3,1,2,6,2,4,3,2,5,7,7,10,4,5,1,0,3,11,4,4,4,10,4,5,7,5,6,3,7,6,6,5,5,5,2,4,4,7,3,1,5,2,6,9,8,9,9,2,3,4,7,6,5,8,6,3,4,1,1
3159,1,3,6,0,4,3,0,0,2,0,1,1,1,3,2,3,3,5,3,0,0,0,0,3,1,0,1,1,1,0,0,2,1,1,1,0,1,1,1,1,0,1,0,2,1,2,2,0,0,1,1,0,2,0,1,1,4,2,0,1,0,1,0,0,0,3,1,2,0,0,1,0,1,2,1,1,3,1,2,2,2,0,1,1,0,1,2,0,1,2,2,3,0,2,1,0,1,1,5,2,0,1,1,3,2,0,1,1,0,2,3,5,1,2,2,1,1,3,4,0,2,0,3,3,5,2,4,1,3,3,3,2,2,0,0,0,3,0,2,1,0,2,3,2,1,2,0,2,1,1,3,3,2,2,1,0,1,2,0,0
3160,5,5,5,5,9,10,3,5,5,0,1,1,1,1,2,7,11,9,9,4,14,2,1,1,1,1,1,3,0,5,3,3,0,5,2,2,3,8,3,3,2,3,3,5,7,4,7,2,3,4,9,4,7,2,3,2,2,4,4,5,0,6,6,3,1,5,1,1,2,2,1,7,1,4,1,0,4,2,5,3,5,1,1,5,5,4,7,2,8,0,4,3,5,3,13,7,9,13,7,9,6,1,3,6,4,2,5,4,8,8,6,7,10,4,5,5,0,6,10,11,6,6,11,10,9,6,7,6,8,5,8,6,2,3,7,5,3,6,6,10,9,7,9,10,1,11,8,4,6,7,7,12,6,4,6,6,3,5,5,3
3161,4,4,1,2,5,8,2,1,7,1,1,0,2,1,1,2,4,2,3,5,4,1,0,4,1,0,3,1,4,0,2,2,1,1,1,0,0,1,3,5,0,0,3,4,10,1,3,3,1,3,1,1,1,5,0,4,0,2,1,3,1,2,1,2,1,0,1,4,8,1,2,5,2,1,1,3,2,1,0,4,2,2,4,5,2,4,4,3,4,1,2,4,6,3,5,5,4,5,5,3,5,6,4,3,7,2,9,5,3,6,6,7,4,7,4,1,2,7,7,17,4,12,9,5,5,8,3,4,4,5,4,9,3,5,9,3,4,8,7,10,7,8,9,4,4,4,12,6,3,3,10,9,8,8,10,12,4,5,1,1
3162,6,4,6,7,8,18,3,4,10,2,3,3,2,3,7,3,16,14,5,3,12,2,5,10,2,4,3,1,1,1,3,1,2,4,1,5,3,3,4,3,4,7,7,3,6,6,7,4,2,7,7,1,6,4,3,6,5,0,7,5,3,3,1,0,9,2,5,2,1,0,0,4,1,5,3,4,4,1,6,5,2,4,3,3,2,8,2,3,3,4,6,1,7,4,8,6,10,10,14,9,6,8,7,3,5,7,4,9,7,11,6,5,6,4,10,2,0,3,13,9,7,15,15,12,16,9,9,9,5,14,13,9,9,12,9,6,6,8,6,7,17,9,17,14,11,11,6,7,12,10,9,9,14,5,13,15,2,15,10,5
3163,9,11,22,13,16,23,9,10,15,4,2,3,8,15,10,18,19,24,11,10,15,3,5,13,5,3,5,14,8,5,7,4,7,8,8,7,3,4,6,4,11,7,4,5,7,5,4,6,8,13,10,5,3,5,1,8,3,2,5,8,10,5,6,7,3,6,4,1,5,6,4,6,4,3,7,4,7,6,9,11,9,5,5,3,5,3,10,8,13,5,6,8,3,10,15,13,17,13,15,18,11,6,6,6,1,14,14,14,17,12,13,11,8,10,15,5,2,7,15,14,20,15,15,18,9,9,14,17,9,17,23,15,3,14,11,6,23,13,17,12,16,13,22,21,13,16,19,11,13,7,16,14,16,7,11,12,18,18,10,8
3164,0,1,0,0,0,0,0,0,0,0,0,0,0,0,0,0,0,0,0,0,1,0,0,0,0,0,0,1,0,0,0,0,0,1,0,0,1,1,0,0,0,0,2,0,1,2,0,0,0,1,0,0,0,0,0,0,0,0,0,1,0,0,0,0,0,0,0,0,1,0,1,0,0,0,0,0,0,0,0,0,0,0,0,0,1,0,0,0,0,0,0,0,0,1,1,0,0,0,0,0,0,0,0,0,0,1,0,0,0,0,0,0,0,0,0,0,0,0,0,0,0,0,0,0,0,0,0,0,0,0,0,0,0,0,0,0,0,0,0,0,0,0,0,1,0,0,0,0,0,0,0,0,0,0,0,0,0,0,0,0
3165,12,16,17,12,20,35,7,6,18,3,12,3,9,10,10,25,32,35,7,7,17,8,9,16,4,8,8,5,3,4,6,10,3,9,13,8,10,12,12,7,12,7,6,9,19,15,8,10,5,10,12,12,5,8,8,7,8,9,2,2,7,5,2,2,6,5,2,7,5,7,4,3,2,3,8,4,5,4,6,7,10,8,4,13,5,6,5,4,6,8,7,7,6,13,20,30,18,17,16,13,11,11,11,13,7,16,13,14,19,20,19,10,20,14,18,3,2,14,21,22,27,25,26,26,17,16,18,33,17,22,22,16,15,20,20,12,11,10,16,15,22,18,23,24,21,23,18,17,10,9,13,18,15,29,25,20,19,22,9,8
3166,9,14,12,14,28,41,10,6,18,5,6,5,1,10,6,11,14,21,8,11,19,6,8,29,6,7,12,6,5,2,8,4,7,8,3,5,8,7,5,11,4,7,10,8,10,8,10,10,8,9,9,2,8,7,5,7,8,0,4,5,5,5,10,17,6,6,0,3,1,2,7,5,6,6,6,8,8,1,5,3,6,5,3,3,5,5,4,7,2,2,5,6,7,8,13,13,15,10,13,18,13,7,4,9,10,13,12,14,10,17,13,9,8,11,15,5,0,10,15,20,18,13,16,16,15,20,18,17,9,13,18,15,7,11,8,10,9,8,11,13,12,9,10,14,12,16,10,7,16,12,12,13,17,13,15,18,12,9,11,5
3167,5,6,13,8,3,16,5,8,6,2,2,5,2,5,8,5,9,11,3,8,9,2,3,22,2,2,4,4,5,3,5,4,4,3,2,5,7,1,6,4,3,4,3,3,6,4,2,3,4,6,5,3,5,1,5,1,1,3,1,2,1,3,8,4,6,4,1,0,2,0,4,1,0,1,3,0,1,2,2,1,5,2,3,3,3,2,1,0,2,5,1,5,5,3,9,12,6,19,5,6,9,4,5,5,5,9,10,4,5,10,3,8,3,10,9,4,0,6,14,16,7,4,14,8,7,4,10,7,7,5,15,8,4,4,8,4,3,7,7,7,7,3,9,3,4,6,6,7,7,4,5,6,7,9,8,8,11,11,2,2
3168,6,2,6,9,19,22,1,4,5,3,8,5,0,4,2,8,16,15,3,4,13,4,10,7,4,3,3,3,2,2,0,3,5,5,6,1,2,6,4,4,5,1,7,3,7,6,0,3,2,7,4,4,6,2,0,5,1,2,5,1,1,3,8,5,1,1,5,1,0,0,2,0,0,1,5,0,2,3,1,2,3,0,3,1,2,4,4,2,3,5,3,1,6,7,14,5,13,8,7,13,5,1,8,6,6,4,12,8,6,8,17,7,6,10,11,4,0,7,9,9,8,12,8,13,7,9,21,7,4,7,11,6,4,2,9,6,6,10,10,6,17,5,17,8,2,12,3,5,2,8,7,8,4,6,9,4,4,7,7,2
3169,6,12,12,19,12,35,7,7,12,4,12,12,5,8,17,16,29,20,5,14,17,10,8,14,9,9,3,7,7,6,11,8,6,6,9,6,5,9,10,1,4,4,12,6,8,5,5,7,6,8,8,6,6,6,6,5,8,6,0,1,3,5,3,2,4,4,2,2,5,2,4,2,2,4,6,2,2,7,8,6,5,9,1,7,4,7,6,4,9,6,6,5,8,16,31,24,23,22,17,19,14,6,10,7,15,15,17,8,15,24,11,8,11,10,28,6,2,13,28,24,18,23,25,14,15,21,11,15,13,15,23,18,11,6,7,10,14,8,8,14,11,13,12,10,8,10,13,9,15,14,11,12,11,16,11,17,14,11,13,2
3170,9,17,16,22,30,39,10,14,15,6,8,6,7,11,15,20,28,24,14,16,22,8,7,17,8,1,6,4,1,5,9,5,5,10,8,1,10,8,9,6,12,3,11,8,8,6,13,10,7,16,6,4,4,8,14,7,6,8,7,4,3,7,3,4,4,2,2,5,5,4,10,9,2,4,8,5,6,8,3,7,5,5,5,6,2,6,5,9,5,17,7,9,10,20,20,13,22,30,21,17,14,10,11,9,11,17,23,16,20,22,16,14,21,21,28,7,4,15,27,31,28,22,28,25,33,21,24,18,8,18,26,18,10,19,7,12,8,18,14,17,14,9,11,16,13,14,13,14,12,19,13,17,24,12,16,17,7,10,12,6
3171,4,6,25,20,33,40,7,10,19,11,7,5,9,14,29,28,25,33,15,14,22,5,14,49,30,9,12,8,6,3,14,8,10,8,6,5,8,3,11,10,9,8,5,8,9,6,7,4,9,11,7,5,6,7,6,1,5,7,3,4,1,3,2,7,5,4,3,1,4,2,0,8,2,3,9,0,2,4,7,2,5,2,4,4,6,7,5,4,7,5,6,10,11,14,20,14,17,21,17,26,7,7,6,10,14,19,18,19,14,19,21,10,14,12,20,6,2,14,23,22,22,27,23,15,22,19,17,25,11,46,19,18,8,12,13,16,10,11,7,13,14,10,13,13,11,10,4,12,8,9,8,17,8,8,15,27,6,12,8,5
3172,16,23,25,10,19,43,9,16,10,2,15,9,10,15,20,29,45,33,17,14,31,10,16,36,14,10,9,10,13,7,14,6,7,16,13,9,7,16,12,11,10,6,7,16,15,10,15,9,14,7,14,6,4,10,14,8,4,10,6,3,5,11,5,1,5,1,3,9,6,2,7,8,3,6,3,1,5,7,7,10,6,9,7,5,2,6,5,13,7,5,9,6,17,29,30,21,27,26,23,10,15,4,9,15,14,36,21,17,19,27,32,18,21,18,22,5,3,12,36,30,25,26,34,33,29,26,31,17,16,20,18,19,16,18,13,18,11,8,11,12,18,9,19,26,13,16,11,17,14,17,15,18,16,21,20,10,15,10,11,5
3173,17,21,39,36,39,69,18,12,23,8,18,16,24,20,35,29,42,60,28,25,47,17,13,25,21,15,14,14,23,11,18,9,14,22,16,10,12,7,8,12,24,14,23,13,20,18,18,18,24,24,19,15,12,13,15,19,22,5,9,10,10,15,9,10,15,13,17,8,9,9,12,7,4,11,9,7,4,12,17,6,12,12,19,17,11,9,21,12,13,29,21,13,21,57,48,48,41,57,51,33,21,14,17,20,33,28,48,44,39,44,36,31,35,42,76,11,1,41,78,66,40,57,51,51,36,36,59,37,26,33,35,21,11,22,29,19,25,17,27,27,37,14,17,26,18,24,29,25,21,23,24,24,22,24,17,22,19,19,21,11
3174,16,19,20,25,31,45,15,15,26,13,15,7,6,21,31,32,46,62,24,22,31,13,28,21,17,11,17,9,20,14,17,13,7,10,17,6,18,12,13,13,21,20,25,12,17,18,15,9,12,8,19,14,9,9,14,13,7,8,8,7,8,7,3,15,9,6,0,4,5,4,7,7,7,6,10,9,4,8,12,7,12,12,9,10,10,6,6,8,5,11,13,7,12,32,32,35,33,27,33,21,18,7,7,17,26,43,30,33,31,31,39,27,28,31,50,10,3,19,60,54,34,44,45,32,24,31,45,22,24,23,28,21,8,18,16,11,13,23,22,15,25,9,24,29,20,21,14,7,23,16,11,32,19,21,21,30,18,18,17,3
3175,17,34,56,28,50,57,19,15,36,8,18,14,22,38,48,50,67,62,21,23,31,19,19,38,22,9,16,17,22,14,16,18,17,18,18,23,15,22,14,19,27,16,19,20,19,28,30,21,25,20,25,11,22,11,12,14,21,21,5,10,11,16,14,10,17,8,9,12,9,9,10,18,14,14,10,11,20,20,16,17,14,18,13,14,11,25,19,27,30,28,27,40,44,43,40,48,33,50,49,42,29,25,21,24,14,51,47,64,39,46,42,42,38,42,79,18,6,32,57,55,48,36,43,38,48,55,45,50,38,43,64,49,14,34,30,25,33,25,38,36,35,28,59,59,19,39,32,23,23,47,28,38,35,40,38,44,16,32,23,14
3176,0,0,0,0,0,0,0,0,0,0,0,0,0,0,0,0,0,0,0,0,0,0,0,0,0,0,0,0,0,0,0,0,0,0,0,0,0,0,0,0,0,0,0,0,0,0,0,0,0,0,0,0,0,0,0,0,0,0,0,0,0,0,0,0,1,0,0,0,0,0,0,0,0,0,0,0,0,0,0,0,0,0,0,0,0,0,0,0,0,0,0,0,0,0,0,0,0,0,0,0,0,0,0,0,0,0,0,0,0,0,0,0,0,0,0,0,0,0,0,0,0,0,0,0,0,0,0,0,0,0,0,0,0,0,0,0,0,0,0,0,0,0,0,0,0,0,0,0,0,0,0,0,0,0,0,0,0,0,0,0
3177,9,5,10,5,9,10,3,4,4,1,5,4,7,4,11,12,21,20,5,10,12,5,1,10,5,4,5,6,5,2,3,2,3,4,3,3,7,7,4,3,4,3,3,3,6,6,3,5,2,3,2,5,3,5,0,2,6,2,1,3,2,3,2,6,4,1,3,3,3,3,2,1,2,0,5,1,4,0,2,6,2,3,2,1,5,2,2,3,5,4,2,3,7,7,7,8,2,8,7,6,5,1,7,3,6,10,11,15,4,11,7,6,8,13,15,2,1,8,19,11,8,12,8,12,7,18,8,5,7,14,11,9,2,9,11,7,9,8,5,8,10,5,11,11,5,12,11,3,9,12,6,9,17,8,9,15,10,3,8,0
3178,17,38,28,38,64,91,30,30,39,8,13,9,21,27,50,36,69,76,39,31,51,14,24,36,17,12,18,12,9,21,16,21,12,15,10,20,16,13,18,18,28,23,23,19,22,26,20,18,9,18,22,16,9,10,18,8,13,10,9,14,15,13,10,6,31,19,7,10,9,9,15,12,9,15,20,6,7,12,12,9,12,12,11,17,14,15,20,15,24,15,13,17,16,26,32,52,39,48,36,26,22,20,12,30,34,45,49,47,56,52,38,33,38,26,42,15,7,16,70,55,43,44,48,38,37,42,41,44,34,30,69,38,17,31,29,18,34,18,28,28,24,19,39,32,31,30,34,26,18,18,31,30,25,35,38,37,25,34,19,15
3179,3,3,3,5,9,15,9,7,6,2,0,6,4,7,4,5,12,12,8,4,5,3,3,7,2,2,0,2,9,4,6,5,2,3,4,4,2,4,4,6,2,2,7,3,2,7,5,9,1,2,4,0,3,2,1,2,0,1,3,4,1,2,1,4,0,1,1,1,2,3,3,3,3,4,1,2,1,3,4,1,0,0,3,2,3,5,2,2,4,4,3,4,1,6,6,6,5,8,5,6,8,3,4,3,2,8,8,10,4,3,8,5,2,2,10,0,0,4,16,11,10,4,11,6,6,6,7,6,5,7,6,5,4,2,5,3,5,7,4,5,5,6,7,10,6,5,9,4,3,6,6,4,3,4,4,11,8,7,4,2
3180,3,8,6,9,27,44,8,6,12,0,0,1,6,6,5,6,13,15,4,7,5,3,2,4,5,3,3,3,2,9,1,3,5,5,4,3,3,3,2,2,5,0,5,4,4,1,7,6,2,3,0,5,5,3,2,3,4,2,6,3,1,2,5,3,4,1,3,1,1,2,3,6,2,2,2,1,3,3,2,1,2,4,1,4,5,4,11,4,1,2,3,3,2,3,9,8,13,12,7,5,4,3,5,6,7,12,13,6,2,11,10,5,6,2,18,4,2,12,23,11,9,11,12,6,6,7,10,7,9,9,10,14,5,5,9,8,2,7,7,7,9,2,8,14,8,9,7,6,9,8,6,6,4,4,7,10,2,12,2,3
3181,1,4,4,2,3,5,1,2,2,0,2,0,0,2,1,1,3,7,0,1,3,0,0,2,1,1,0,2,3,2,0,3,3,1,1,2,1,1,0,1,2,1,0,4,2,2,2,0,0,3,3,2,0,1,4,2,1,4,0,3,2,4,1,1,1,2,3,1,0,3,4,7,0,1,1,3,1,2,1,2,9,6,7,8,2,2,3,5,1,3,2,3,1,1,4,10,4,6,3,2,5,2,1,4,2,4,6,1,1,9,5,2,3,6,4,1,1,4,3,5,3,3,4,2,3,3,2,5,2,3,4,0,2,3,7,4,6,4,4,3,5,3,4,6,2,7,7,2,2,5,11,7,1,6,4,15,0,2,3,0
3182,1,2,2,4,3,3,1,0,2,3,0,1,3,0,0,1,0,6,1,2,5,2,1,1,1,0,0,4,3,1,3,3,1,4,0,2,2,1,1,0,1,2,3,6,3,2,3,1,2,2,1,2,2,1,4,2,1,4,6,6,3,4,0,1,12,1,0,3,1,3,1,0,0,1,2,2,2,3,4,1,1,5,15,5,8,3,2,4,1,7,0,1,5,4,4,1,0,3,0,1,7,3,1,2,3,7,4,1,2,3,4,4,5,2,4,3,0,0,10,3,2,3,2,2,0,1,5,5,0,5,2,5,0,3,6,4,6,6,1,7,3,3,3,3,0,3,6,1,4,3,5,4,2,4,4,4,1,4,3,0
3183,5,3,1,6,3,4,2,2,3,1,0,2,0,0,1,0,3,12,2,4,4,2,3,6,0,4,3,1,1,2,1,1,0,0,5,0,1,2,0,0,4,3,3,1,2,3,4,4,3,2,4,12,0,1,0,1,2,0,3,1,3,3,0,3,1,0,1,1,2,3,1,3,1,2,7,4,4,2,0,2,3,2,5,8,6,7,2,1,5,3,3,3,3,4,7,8,4,7,5,0,3,3,4,2,3,3,2,5,4,3,6,1,2,4,4,2,1,3,5,10,1,4,6,7,4,3,7,2,4,7,10,9,5,8,2,4,2,3,12,1,3,6,8,3,2,4,2,2,4,2,2,3,5,5,2,2,2,2,5,2
3184,0,1,6,3,5,7,2,3,10,0,0,1,9,3,3,1,2,4,0,0,0,1,0,5,2,1,0,3,0,0,1,0,2,1,2,1,0,3,0,3,2,0,4,4,1,2,3,3,3,5,2,2,2,4,0,3,4,5,2,8,2,3,3,0,2,4,3,2,3,2,2,8,1,2,0,2,3,4,1,1,3,10,10,11,6,3,4,0,2,4,1,2,4,0,2,10,3,3,6,2,0,3,3,3,2,7,0,1,3,3,5,4,3,5,2,2,0,1,6,7,3,3,6,5,5,1,1,3,3,4,9,13,2,4,3,3,2,4,4,5,3,4,13,6,3,3,4,5,4,7,2,2,4,2,8,10,2,1,4,0
3185,4,5,4,4,3,14,1,3,3,1,3,2,1,2,7,4,6,7,6,3,9,2,0,2,2,2,4,1,3,1,2,2,1,1,3,3,1,1,1,3,4,1,1,7,5,4,12,4,2,3,3,2,2,2,1,0,2,4,1,7,2,0,3,1,0,0,1,4,4,3,3,2,1,1,6,0,3,0,2,1,1,2,5,6,1,5,3,2,1,6,3,5,5,2,4,4,4,0,4,3,4,3,4,6,2,6,2,5,5,6,4,6,10,6,6,2,2,2,4,6,8,4,10,10,5,4,10,3,8,5,4,8,3,8,6,2,8,2,2,7,8,3,9,10,10,7,3,2,8,5,3,7,10,3,10,13,7,5,3,2
3186,3,6,6,12,14,26,7,8,15,0,3,3,1,3,2,6,11,8,8,6,17,3,3,7,6,10,3,7,4,0,3,5,5,5,3,4,1,5,8,11,6,2,6,5,11,7,6,13,7,4,9,2,5,5,5,5,4,2,6,6,2,1,3,7,13,7,4,1,2,7,14,12,2,4,5,3,8,8,8,8,2,8,4,9,5,6,4,6,8,5,7,12,12,10,12,11,7,11,13,11,12,5,9,13,4,6,11,16,13,5,19,11,14,7,10,7,10,7,12,18,7,10,13,14,18,13,13,13,5,11,9,14,7,17,14,7,14,12,12,9,15,11,14,15,8,10,17,10,14,13,12,20,19,23,13,25,6,11,10,2
3187,4,9,7,4,11,23,2,11,8,1,3,1,2,3,5,5,10,11,5,5,4,2,3,6,3,2,2,2,2,1,4,5,2,3,2,2,2,5,7,6,8,2,4,6,7,5,3,9,3,6,8,5,5,6,6,5,2,5,2,3,5,4,6,5,4,4,3,5,3,5,5,7,1,2,4,6,7,3,1,9,3,2,3,5,5,4,3,5,3,5,2,1,4,8,9,10,6,12,8,9,8,4,4,1,6,7,7,12,6,12,14,6,6,8,10,4,5,2,19,11,16,7,28,9,5,11,9,10,8,7,21,14,9,12,11,10,6,14,10,10,15,9,15,17,8,16,18,14,18,10,7,15,11,9,13,10,10,4,9,1
3188,9,11,12,4,13,21,4,13,12,1,4,7,2,6,5,5,5,11,5,11,15,4,2,7,7,5,3,3,7,4,5,4,4,7,5,2,4,4,7,3,6,5,9,8,6,7,5,9,2,10,3,5,3,5,9,3,1,4,7,4,5,4,3,3,3,4,5,3,3,4,0,4,3,4,5,6,3,5,6,3,12,4,6,9,9,7,11,5,8,4,4,8,7,6,16,2,6,8,11,8,10,9,6,8,4,7,9,7,10,14,15,10,11,13,7,0,1,7,8,14,9,16,17,18,5,12,7,9,9,11,11,9,5,10,18,10,7,14,8,14,12,15,17,17,6,21,15,8,22,7,6,8,10,24,24,19,10,19,11,6
3189,3,5,1,2,4,7,3,2,2,0,1,0,1,1,2,4,5,4,5,2,2,1,3,5,3,4,2,1,3,0,1,2,0,1,2,1,1,2,2,1,0,1,2,3,5,4,10,4,3,4,3,2,4,2,6,0,5,3,2,0,3,0,1,2,13,5,3,2,1,2,0,5,2,3,1,1,51,15,6,2,4,5,2,5,5,2,3,5,5,6,5,1,3,3,4,9,1,5,4,4,4,2,5,2,4,3,10,2,2,9,6,7,5,6,6,0,7,6,10,11,3,8,11,6,6,9,6,8,2,11,6,7,1,8,2,0,6,3,6,6,5,1,8,7,4,5,7,5,5,9,11,5,7,5,4,7,1,3,3,2
3190,2,3,4,6,7,10,2,3,3,1,3,1,1,2,6,4,10,10,7,3,8,1,0,4,1,2,4,0,5,2,2,2,4,4,1,6,4,1,2,1,1,2,2,5,3,4,3,2,4,5,5,0,3,1,4,3,4,4,3,4,0,3,1,2,0,3,1,1,1,5,0,7,2,1,1,3,1,2,3,1,2,2,4,1,2,3,1,5,2,7,3,2,2,9,5,4,8,3,7,6,1,4,1,4,7,4,6,4,4,3,8,5,4,5,10,1,0,4,9,7,5,10,12,3,4,12,4,6,7,7,10,5,2,5,5,8,8,8,9,8,7,10,6,11,11,1,6,8,9,7,6,11,5,11,11,7,8,6,8,3
3191,3,6,5,3,8,7,2,2,8,2,3,2,0,1,1,4,1,8,5,1,9,1,4,6,0,2,2,1,1,2,0,3,2,3,7,2,2,4,4,2,3,8,3,6,8,4,6,6,1,6,5,1,4,1,3,2,0,2,2,4,0,2,2,2,1,2,3,2,0,3,3,0,2,3,3,1,6,2,0,3,2,6,4,4,4,1,4,4,2,2,5,3,7,2,9,3,7,4,7,6,9,2,3,3,8,7,5,7,5,12,7,4,9,5,9,2,0,1,16,8,5,12,15,9,7,7,8,12,5,4,11,6,3,5,7,3,1,10,5,11,13,6,10,7,5,6,2,7,14,10,6,14,11,8,6,11,4,8,3,2
3192,7,10,8,18,20,18,9,5,17,5,3,9,3,13,13,15,26,20,14,17,16,8,5,13,5,4,4,0,4,6,6,7,4,3,8,5,5,8,12,6,10,6,3,5,12,6,5,6,4,13,7,5,5,8,10,10,5,5,10,1,2,5,3,2,11,7,3,2,6,3,2,5,3,2,5,4,7,10,8,11,4,10,6,12,14,8,10,28,9,9,9,7,9,14,23,23,10,17,19,20,12,11,8,11,12,21,19,11,13,11,14,14,5,14,11,2,3,16,25,13,14,17,22,13,14,17,22,17,12,22,24,14,15,36,24,16,19,8,18,17,21,12,20,14,7,12,26,18,15,17,13,20,17,18,30,25,14,13,14,3
3193,5,6,15,5,11,18,1,7,16,2,3,2,0,6,4,6,10,14,5,13,22,4,4,9,6,3,3,4,3,4,10,5,3,4,5,4,4,6,7,9,6,9,10,8,11,8,10,8,3,10,16,1,8,5,7,8,3,4,7,6,7,9,3,4,8,4,8,4,3,2,4,7,2,6,9,5,8,13,6,12,13,6,11,11,1,15,7,9,9,8,5,4,7,13,15,14,12,11,24,15,10,7,8,12,7,10,9,8,10,10,20,15,7,8,22,3,2,9,20,27,16,18,23,16,13,17,15,18,12,15,19,10,7,23,26,16,14,19,18,17,19,14,21,25,13,17,25,19,25,13,12,15,20,24,23,22,9,9,6,5
3194,4,2,8,5,10,18,6,3,5,2,1,2,3,4,3,1,6,10,4,7,8,2,3,5,4,2,4,0,3,1,4,2,2,2,3,1,1,4,4,5,1,1,5,8,6,4,6,5,1,6,6,3,4,2,2,6,4,4,0,2,1,4,1,4,3,1,6,1,4,1,5,2,2,1,2,5,0,3,5,5,3,3,7,5,2,4,5,0,3,3,3,2,5,6,14,11,12,10,12,6,11,6,8,3,3,9,3,7,1,12,10,6,10,5,6,2,0,9,15,12,10,12,18,6,8,6,4,5,5,3,6,7,5,9,12,4,9,8,6,8,7,5,11,16,7,12,8,6,9,7,7,7,6,10,13,6,0,10,7,1
3195,21,11,32,42,47,50,20,15,16,6,16,7,12,22,25,30,54,52,26,23,41,17,6,15,15,12,7,11,8,11,11,13,15,19,13,15,14,20,21,27,20,13,13,15,19,19,27,20,16,30,21,11,16,14,28,18,6,15,12,15,9,19,7,10,17,7,5,13,9,6,8,15,5,5,11,4,12,13,10,21,10,12,15,28,15,15,15,20,25,22,15,11,13,23,33,45,30,35,39,33,18,21,13,24,19,27,35,33,21,25,34,33,28,30,36,13,2,21,43,33,32,40,53,37,31,33,34,33,19,37,41,32,13,37,32,22,21,23,31,35,36,34,38,34,28,44,24,21,37,32,36,29,32,25,32,33,23,20,19,5
3196,7,13,22,15,26,41,16,11,16,3,3,4,9,14,24,35,25,40,14,12,30,9,6,15,7,5,10,7,7,7,4,10,2,12,14,12,7,7,11,11,12,9,12,14,13,12,14,11,11,17,11,12,8,11,6,8,7,9,13,6,6,5,10,7,10,7,6,3,3,1,5,8,8,6,9,3,10,8,3,12,10,10,9,8,6,8,3,5,7,9,5,12,9,16,25,18,22,28,32,28,18,5,8,17,12,16,14,22,16,29,25,20,13,18,24,8,0,9,22,24,28,24,34,21,27,30,15,24,19,20,26,8,11,23,11,16,18,10,26,17,20,19,26,20,16,15,17,13,17,12,19,15,11,18,23,16,14,13,7,5
3197,4,5,6,12,17,19,6,8,6,1,5,5,7,17,14,15,12,23,9,8,11,6,4,8,4,6,4,6,2,4,2,3,6,4,7,6,2,7,7,4,8,1,9,9,3,15,9,3,5,9,5,2,2,5,4,8,6,2,4,4,1,5,6,1,8,1,3,2,4,3,3,3,2,7,6,5,4,4,3,8,11,3,6,6,3,7,8,2,7,7,2,4,2,3,7,5,10,9,8,11,8,1,5,5,9,5,14,7,11,13,10,7,8,6,9,4,0,7,13,18,8,8,15,8,14,15,9,4,11,14,12,7,3,5,2,8,6,8,15,6,6,11,11,6,5,7,4,3,8,8,9,8,13,11,8,6,2,7,8,1
3198,8,12,13,12,20,25,12,8,13,3,15,9,7,6,11,24,25,31,9,16,18,16,6,11,3,8,6,8,11,4,9,6,8,8,12,8,7,10,12,9,14,7,9,6,12,7,14,15,8,14,7,4,3,8,6,9,10,8,7,6,4,7,13,1,5,7,6,7,1,6,5,4,3,7,5,5,3,3,4,12,7,5,13,11,3,5,8,9,9,6,8,4,6,24,11,20,11,13,20,13,11,4,10,9,6,15,20,10,5,7,7,15,7,10,14,7,0,7,17,9,14,21,22,21,9,17,17,16,8,15,21,7,7,12,11,10,18,6,12,9,19,8,20,19,5,11,11,7,13,10,11,16,13,17,23,13,6,14,13,4
3199,32,30,39,47,55,65,29,19,43,8,11,13,27,40,53,66,91,74,51,35,58,21,19,32,10,15,17,20,21,12,16,19,19,24,24,12,22,31,23,20,25,18,39,28,36,31,37,30,22,29,17,13,17,15,19,15,27,23,19,10,17,12,11,14,12,13,16,14,21,14,23,14,9,26,19,16,11,23,25,28,13,17,27,26,21,21,25,19,20,14,18,25,26,38,31,35,39,71,68,48,25,14,11,21,32,52,46,35,41,49,30,23,37,45,43,10,7,32,66,56,46,45,58,56,52,54,42,37,40,51,46,37,22,30,27,37,31,33,48,44,30,29,66,45,47,42,51,27,46,45,34,46,34,40,46,48,25,55,42,8
3200,5,8,4,3,7,5,6,1,5,1,3,3,3,6,11,6,9,4,4,5,8,5,3,4,1,0,3,0,0,1,0,3,3,3,3,1,10,0,0,4,3,1,3,0,3,3,6,2,1,1,3,0,0,1,0,1,1,0,2,4,1,0,0,1,0,1,2,1,2,4,2,0,2,2,3,0,1,2,2,2,0,1,0,3,0,2,1,4,1,1,1,4,3,3,4,0,1,3,4,1,3,2,1,6,3,3,5,4,3,3,2,0,0,3,6,2,2,4,6,2,4,6,5,2,4,3,5,3,0,3,2,2,3,2,1,2,6,3,2,5,3,0,3,2,5,4,1,0,2,2,1,2,5,5,5,1,2,4,3,2
3201,18,12,18,29,24,26,14,9,21,8,6,8,7,26,37,45,53,40,15,11,21,16,9,19,11,6,8,21,9,6,15,4,6,13,19,10,10,15,14,15,11,6,11,17,41,19,21,12,8,12,10,10,5,10,15,11,13,10,7,15,10,15,10,11,4,6,1,12,5,27,12,11,4,10,12,9,13,12,7,12,8,9,19,13,6,11,10,18,10,8,17,19,10,21,37,22,22,25,24,28,23,9,8,17,15,18,20,14,19,20,23,15,23,19,30,5,0,29,39,38,26,27,35,31,34,32,41,26,22,22,13,21,9,16,18,12,21,19,22,8,18,21,19,19,16,22,17,9,19,30,19,15,18,24,28,17,12,24,13,14
3202,1,1,3,2,1,5,0,4,8,1,1,2,1,1,3,0,2,5,1,4,0,2,0,2,1,0,1,0,1,0,1,2,0,0,0,1,0,0,1,2,1,1,0,1,0,0,2,1,1,3,2,2,0,1,1,3,1,1,1,0,0,0,0,0,0,1,0,1,1,0,1,0,0,2,0,1,1,0,1,3,1,0,2,3,0,0,0,1,4,1,0,1,1,3,2,7,3,3,2,1,1,0,2,2,3,3,2,2,0,2,6,3,1,0,3,1,1,0,4,1,3,4,5,3,3,2,2,2,2,0,1,1,2,2,3,1,0,0,2,1,2,2,5,3,1,4,2,1,4,1,2,7,0,5,1,4,3,3,1,1
3204,7,14,25,14,31,34,15,24,8,1,4,4,5,6,7,12,20,30,9,7,15,3,6,8,5,4,6,3,10,9,3,8,9,8,8,9,11,3,15,15,10,14,14,5,14,14,16,13,11,12,18,7,5,6,10,5,5,6,14,5,7,5,8,4,7,1,3,4,6,6,7,6,2,2,5,2,7,4,8,6,5,11,5,9,1,9,8,7,6,6,9,6,7,16,18,20,17,16,23,25,7,13,5,13,13,16,21,17,20,23,25,17,23,12,23,4,2,25,34,21,24,23,25,20,16,26,14,20,14,24,30,16,12,12,21,12,17,14,13,27,23,14,23,23,22,22,23,15,17,21,16,20,22,19,29,26,11,17,11,6
3205,1,1,1,3,1,2,1,3,3,0,1,0,4,1,1,1,5,2,1,0,4,1,0,0,1,4,2,1,0,0,0,0,0,1,1,1,0,0,2,3,1,1,0,0,3,1,0,1,2,0,3,0,2,2,0,0,1,2,0,0,1,3,1,2,2,0,0,0,2,3,3,1,2,1,0,2,2,0,1,2,2,4,2,3,3,4,2,3,0,1,0,2,1,1,2,1,5,6,1,5,2,0,1,1,1,1,2,2,0,3,1,2,16,11,7,0,0,0,1,2,1,1,8,4,5,4,1,2,0,3,3,2,1,1,4,1,3,2,2,4,2,2,3,6,3,3,2,3,2,3,3,9,1,2,2,2,0,2,4,0
3206,4,2,1,2,1,2,0,2,4,1,1,0,0,3,2,2,1,5,1,0,5,1,1,2,1,1,1,1,1,0,0,2,0,2,2,2,4,3,1,1,6,4,4,3,3,3,1,3,2,4,1,2,2,2,1,1,0,1,2,5,3,5,1,4,5,2,0,1,3,2,2,2,2,1,3,2,0,2,2,2,3,7,9,7,4,3,3,2,5,2,2,3,3,4,3,1,2,2,2,4,2,1,1,2,3,4,3,0,2,2,8,4,1,1,0,3,0,4,5,7,1,3,10,9,2,2,3,1,5,1,2,4,3,2,0,0,4,1,3,4,2,7,5,9,1,3,3,8,2,5,2,2,3,4,5,4,4,7,2,1
3207,1,6,1,3,2,10,2,2,3,1,1,1,0,1,2,2,3,5,1,0,6,2,2,4,0,0,1,2,2,1,5,1,0,2,0,1,0,0,3,0,4,1,2,2,2,6,2,4,1,1,2,1,4,6,2,2,3,3,3,5,0,4,3,2,2,2,3,2,2,0,2,0,0,0,1,5,3,2,1,1,1,3,8,5,4,2,2,3,8,3,3,5,4,5,1,3,2,1,2,2,7,5,7,6,4,6,2,5,0,7,4,5,5,6,7,1,0,5,4,4,4,8,3,4,9,5,10,6,5,2,3,8,1,4,10,4,4,4,3,4,5,5,2,5,2,6,5,5,3,8,7,5,7,5,4,7,2,6,2,3
3211,0,1,2,1,1,4,1,6,3,1,0,1,0,2,4,3,5,6,2,4,6,0,3,0,1,0,1,4,1,3,0,1,1,1,4,0,1,1,1,1,0,3,1,1,3,0,1,4,0,1,0,0,1,0,0,0,1,2,0,0,0,4,2,0,1,0,0,1,0,1,1,0,0,0,2,1,2,2,0,1,1,2,0,2,0,1,2,2,1,1,4,3,2,3,5,0,1,0,1,1,1,1,1,0,3,3,3,3,0,2,1,1,1,1,1,0,1,1,2,5,1,0,2,2,3,0,2,2,1,2,3,3,0,1,0,1,1,1,0,1,2,1,1,1,1,2,2,1,1,0,0,4,0,1,0,2,0,1,1,0
3212,15,18,24,15,26,32,21,20,30,7,7,11,11,18,26,22,56,44,34,26,36,16,11,14,11,15,15,12,10,10,11,9,8,18,21,15,8,16,10,10,23,14,6,7,14,17,11,10,7,11,3,9,10,10,18,7,5,9,8,4,3,15,10,13,12,11,6,13,6,9,2,8,6,10,11,4,8,8,4,9,3,12,9,7,6,4,17,9,10,10,7,9,15,27,27,12,25,19,20,16,12,9,11,12,10,25,23,13,14,24,16,15,18,24,29,15,22,25,18,13,18,24,23,20,24,37,26,26,10,20,26,25,9,15,14,15,22,8,18,22,20,13,19,19,26,27,21,27,21,23,25,27,32,26,33,24,28,13,10,5
3213,0,0,0,0,0,0,0,0,0,0,0,0,0,0,0,1,2,6,1,5,4,5,2,9,1,5,1,6,4,9,7,2,2,3,3,2,2,2,6,4,5,4,1,5,12,2,5,2,4,5,0,4,2,3,1,1,1,3,3,2,4,3,1,8,2,2,4,3,2,7,4,2,4,1,2,0,6,3,2,3,3,4,3,0,2,1,5,3,2,3,2,4,3,4,6,6,3,5,5,4,6,4,5,6,5,7,6,5,6,3,6,3,3,3,9,6,8,8,7,7,3,11,6,8,6,8,8,6,7,7,12,6,2,6,3,3,6,6,7,2,4,5,3,5,5,6,4,5,9,3,5,11,8,5,5,6,5,6,4,2
3214,11,18,34,18,37,43,29,22,22,18,14,14,22,19,29,44,74,61,51,39,30,21,17,19,11,19,12,15,11,18,6,5,10,10,10,7,5,13,27,11,16,6,7,12,9,15,10,7,7,15,8,10,8,10,7,10,3,4,5,11,3,7,5,5,5,6,8,8,0,8,4,7,6,9,8,8,7,5,8,9,5,8,7,5,3,9,7,6,8,7,6,9,7,14,12,9,7,12,16,16,9,9,8,12,3,13,16,15,6,14,16,16,22,27,29,21,25,40,19,16,18,16,27,27,13,22,24,34,17,28,30,18,11,18,38,24,25,15,21,22,17,20,23,9,9,19,28,12,23,11,13,12,15,14,15,13,14,10,18,3
3215,18,4,22,16,28,38,9,23,34,6,10,8,7,11,26,13,40,28,33,27,24,18,17,12,7,14,15,10,9,17,15,6,8,10,9,6,9,15,9,6,16,14,10,8,12,7,10,9,10,7,8,5,10,10,10,3,7,6,11,18,5,1,5,9,5,5,14,11,4,6,5,8,4,12,12,4,12,6,3,10,6,9,13,5,2,9,10,10,12,4,5,8,8,11,11,15,14,25,17,15,18,11,17,13,11,17,18,14,15,12,12,11,13,13,10,18,17,27,11,12,11,9,16,11,14,14,16,25,6,12,15,16,5,15,13,14,11,11,16,18,16,7,19,16,14,12,19,14,17,16,13,12,15,17,17,18,11,14,7,4
3216,44,52,60,75,94,103,49,54,81,25,36,22,35,30,48,64,122,95,68,77,93,23,34,48,30,30,37,43,30,33,16,33,20,24,36,26,30,37,40,38,48,43,30,24,21,30,33,39,27,30,27,22,27,17,21,15,17,19,25,29,9,16,17,10,24,16,30,14,17,21,21,24,12,29,13,19,27,21,19,13,18,29,28,23,18,24,31,29,21,44,21,30,40,44,50,43,62,60,61,56,39,30,40,36,42,59,38,43,40,39,36,26,41,44,62,40,67,72,53,55,42,62,56,47,43,52,56,44,45,50,49,64,30,37,44,39,41,47,54,66,58,45,64,59,49,48,48,36,44,53,56,53,43,47,55,48,33,35,23,8
3217,0,0,0,0,0,0,0,0,1,0,0,0,0,0,0,0,0,3,0,0,3,1,2,4,2,0,1,0,2,2,2,1,2,5,3,1,1,5,1,4,5,3,7,3,2,3,2,5,5,7,4,6,2,2,5,5,1,2,11,10,4,2,4,3,9,6,11,2,5,7,1,6,5,3,1,6,0,10,4,3,3,14,8,7,6,6,7,8,7,5,8,9,13,10,22,11,8,19,16,23,19,4,7,22,22,38,31,19,25,21,14,21,24,20,27,28,31,37,32,20,32,35,38,29,26,36,36,37,24,33,46,32,18,29,40,20,38,21,32,29,39,25,33,31,23,30,43,20,26,23,33,32,22,38,33,31,26,42,25,11
3218,7,7,10,13,21,17,6,11,14,3,3,1,4,9,9,10,29,19,11,6,20,5,6,7,5,3,6,5,9,5,3,3,2,4,4,6,6,5,5,2,7,4,7,4,2,6,7,5,6,9,2,4,6,2,8,4,3,4,6,5,1,2,6,6,6,1,2,2,6,2,2,6,4,4,7,3,6,5,5,3,2,2,2,6,3,2,3,3,4,5,4,2,2,8,9,11,9,11,10,10,11,6,7,5,10,10,14,14,10,13,13,3,7,11,10,7,6,16,19,6,6,12,9,15,8,13,9,12,9,6,12,19,5,11,8,8,11,9,11,17,15,7,11,7,12,13,16,15,6,14,14,9,15,10,15,16,16,13,6,5
3219,20,32,28,27,27,54,11,23,28,13,15,6,9,11,18,36,56,51,26,37,37,18,13,16,5,7,7,13,10,7,9,15,9,6,14,8,5,12,13,7,12,13,14,9,15,17,11,5,7,10,15,8,13,6,6,5,7,11,5,7,4,7,3,7,6,4,3,3,11,6,3,9,6,8,3,5,3,8,12,11,3,6,7,7,6,9,7,16,8,6,9,12,11,17,15,13,14,14,20,17,14,12,10,12,12,16,13,10,3,10,14,18,12,12,20,13,17,16,20,13,8,20,14,16,15,11,21,18,10,15,17,14,10,8,14,12,13,9,10,14,16,9,15,9,11,20,19,22,20,14,16,18,19,15,11,13,10,13,5,0
3220,11,12,20,5,18,25,12,9,20,4,5,4,2,5,4,3,17,31,13,13,19,4,2,12,5,8,9,5,5,6,5,0,5,6,2,6,6,7,4,7,10,7,7,7,6,12,9,3,8,6,10,5,5,7,5,8,6,7,1,3,3,4,7,8,7,4,5,5,8,5,1,7,7,5,6,9,3,13,2,7,8,6,4,9,4,14,10,5,13,10,1,8,13,22,17,13,5,13,13,4,11,8,7,6,6,9,14,12,6,11,20,12,11,9,10,9,16,7,18,15,5,11,17,19,15,13,8,9,9,8,9,20,7,9,18,14,14,16,8,14,11,14,16,12,11,11,18,7,15,10,19,15,11,14,14,20,10,10,10,3
3221,8,12,12,14,19,24,12,12,18,5,8,6,6,4,8,11,19,24,8,5,4,0,1,5,1,0,0,0,1,1,0,0,0,1,0,1,1,2,1,0,0,1,0,3,0,2,0,0,1,1,0,0,1,0,0,0,1,1,1,0,1,0,0,0,1,2,0,0,1,0,1,0,0,0,2,0,2,0,0,2,0,1,2,0,0,1,0,0,1,4,1,2,2,1,0,0,2,2,3,1,0,0,1,1,0,0,1,1,1,0,2,0,0,1,1,0,1,0,2,3,0,0,1,0,1,0,0,0,1,0,1,1,1,2,0,0,0,0,2,1,0,1,0,0,1,3,1,0,1,1,0,2,1,1,0,1,0,2,1,0
3222,3,20,27,22,23,29,14,18,16,4,18,8,8,22,22,19,40,52,26,40,27,9,20,11,7,7,10,14,16,7,14,5,16,6,11,12,4,26,20,9,13,21,14,15,16,10,24,10,16,15,11,10,9,17,10,5,6,7,4,12,9,20,10,8,23,17,12,11,8,4,13,18,7,19,5,18,8,12,5,8,10,17,6,15,11,12,16,11,22,14,13,22,16,25,33,14,18,32,20,23,18,18,20,17,14,21,26,13,19,25,25,22,19,23,28,30,25,32,26,16,22,25,35,24,15,27,44,25,19,26,41,16,17,17,18,18,16,21,11,17,27,25,26,23,18,23,36,15,26,12,16,20,22,28,32,18,24,21,11,5
3223,7,13,14,18,18,17,6,10,16,3,7,3,3,14,8,16,25,31,23,25,24,4,9,9,9,7,7,7,9,11,10,6,6,5,6,9,4,9,9,4,10,14,5,7,15,18,4,10,6,11,6,10,7,4,4,14,8,9,7,1,3,6,6,4,9,8,6,4,8,8,8,10,4,2,6,6,6,9,7,6,6,9,3,7,7,4,9,10,6,3,10,11,8,14,14,11,18,15,18,18,19,2,7,7,9,14,12,14,8,14,21,12,17,12,20,17,16,21,16,14,4,14,22,20,17,14,18,12,18,13,21,22,11,20,19,8,12,15,15,22,20,20,17,21,14,25,17,20,19,20,24,19,23,18,25,16,15,13,7,2
3224,8,14,20,14,23,22,11,21,17,6,9,11,2,12,18,23,35,38,25,31,24,13,11,12,12,12,6,10,12,11,16,10,7,9,11,13,16,16,15,10,27,14,11,14,5,14,10,9,3,15,14,11,15,11,10,6,6,2,4,8,15,6,4,11,18,4,6,5,11,1,9,4,12,13,6,5,16,9,12,10,11,8,6,8,12,1,11,11,13,11,9,12,11,18,18,12,11,15,18,13,11,8,9,9,14,17,13,14,10,12,8,13,15,7,20,17,20,17,14,12,10,18,30,16,7,10,15,14,7,9,19,10,5,15,9,10,12,7,6,24,13,8,13,11,16,12,17,18,12,9,9,19,12,18,14,10,9,9,8,8
3225,10,1,9,11,12,16,1,8,9,2,1,2,6,6,3,4,16,18,5,12,13,5,3,6,3,2,4,7,4,5,3,2,1,6,4,9,3,3,4,4,5,6,5,1,12,13,5,5,1,6,3,3,2,1,15,5,7,11,10,5,2,5,3,2,5,4,2,4,1,6,6,5,3,7,9,11,17,11,12,6,7,3,9,5,1,4,3,3,5,1,6,7,1,13,3,5,0,13,9,5,10,4,5,10,5,2,5,11,7,9,5,9,4,7,7,9,8,12,9,12,4,12,13,6,7,9,6,9,11,11,14,18,5,9,7,10,9,6,9,16,10,9,15,14,6,12,14,14,13,14,9,17,14,11,14,17,6,9,9,6
3226,14,19,20,17,26,41,14,8,10,2,9,6,3,9,20,24,43,57,14,25,35,13,16,21,6,6,17,19,13,9,15,9,12,8,12,13,12,23,19,11,14,14,9,11,7,20,12,13,7,11,8,6,7,16,6,4,9,11,10,11,9,16,11,5,20,14,5,8,3,9,8,13,4,16,7,6,9,3,6,13,9,13,10,11,11,9,13,13,13,14,8,8,15,31,38,33,18,59,20,33,29,23,14,25,29,33,29,21,20,32,23,17,24,33,20,45,31,26,19,17,13,23,16,21,13,15,21,16,12,17,32,31,16,15,21,22,28,21,18,22,24,21,23,25,37,36,30,30,31,24,24,23,26,40,30,11,21,23,19,7
3227,6,2,3,5,13,20,2,5,7,2,5,2,3,0,4,5,5,15,6,1,7,5,3,8,3,4,5,2,3,1,8,2,5,6,9,4,2,3,7,4,5,6,3,3,5,14,9,9,3,5,4,7,3,4,10,6,4,8,7,7,5,7,1,5,9,7,5,7,5,2,4,4,2,6,4,3,5,6,3,4,2,8,4,2,2,9,3,12,6,4,4,5,11,14,7,9,5,8,5,2,5,5,5,5,4,5,6,6,7,6,8,6,5,5,20,5,8,11,10,13,4,14,9,10,4,5,7,17,5,9,6,8,5,7,12,3,4,9,6,2,9,8,10,12,6,7,8,6,11,6,9,9,11,6,11,8,6,8,3,3
3228,13,16,27,20,23,51,15,19,47,10,12,7,4,7,18,15,25,45,19,24,45,13,16,19,11,11,9,9,7,6,7,6,12,16,9,10,8,14,16,8,10,9,10,16,12,14,17,31,10,21,12,6,19,10,17,9,11,10,5,29,8,9,10,6,13,16,13,7,4,6,8,13,7,10,8,14,14,20,20,10,10,17,15,19,12,14,23,9,22,15,18,20,16,25,29,18,22,25,19,23,25,15,13,22,32,51,33,37,20,43,35,23,48,27,42,23,45,53,33,31,17,41,39,30,26,37,42,35,19,45,32,37,21,32,44,29,22,20,24,34,44,53,37,44,39,30,44,29,34,18,20,34,29,34,40,40,19,27,21,8
3230,2,5,8,7,6,10,3,10,7,2,2,0,5,2,3,5,8,9,3,5,14,4,2,6,4,7,2,2,1,5,3,2,4,3,2,3,5,3,7,4,5,1,6,5,7,2,5,10,7,2,4,1,0,3,2,1,3,4,2,5,0,4,0,1,1,2,4,2,0,1,2,5,5,2,1,4,2,3,6,6,4,2,4,4,4,5,4,5,7,3,2,5,5,4,7,4,6,7,6,5,6,2,6,4,6,6,6,1,1,5,5,5,7,4,12,8,6,7,2,8,3,7,3,3,9,3,7,6,6,11,12,3,4,7,5,4,3,5,7,5,7,3,5,9,5,9,4,4,3,4,3,5,2,4,8,7,1,4,8,0
3231,0,2,4,1,5,5,2,2,10,2,1,0,0,1,1,1,1,10,3,3,2,11,0,2,0,1,1,1,0,2,1,0,2,1,2,0,0,2,2,2,0,0,5,0,1,3,0,2,1,2,0,0,2,3,2,4,1,3,2,4,3,1,1,1,1,0,1,1,1,0,4,5,5,2,0,1,2,1,3,3,2,2,6,4,5,5,6,5,3,6,5,3,1,3,1,5,3,5,4,4,0,2,1,1,6,3,7,5,0,4,5,4,6,3,3,1,5,6,2,4,0,4,6,4,5,4,5,3,1,5,3,11,3,3,3,1,6,1,4,1,5,2,7,7,1,6,5,2,3,6,4,2,4,0,5,1,4,2,5,0
3232,0,1,1,0,1,4,1,0,1,1,0,1,0,3,2,0,1,0,0,0,3,1,0,1,1,1,0,2,0,1,1,1,1,0,1,2,1,0,1,0,0,0,1,1,2,0,1,0,1,2,1,0,0,1,0,0,1,0,3,0,0,1,4,0,0,0,1,0,2,0,1,0,1,0,0,0,1,0,1,1,1,1,1,4,2,2,0,0,0,2,0,2,1,1,0,2,1,1,0,2,1,1,1,1,3,2,0,3,0,0,1,0,1,1,0,3,1,1,4,3,0,1,1,1,2,3,0,1,0,1,2,4,2,3,1,0,1,3,2,3,2,3,4,3,0,1,0,1,3,3,4,0,3,1,2,3,4,0,2,0
3233,1,3,3,2,1,7,6,8,5,0,2,1,0,1,2,0,3,7,1,1,11,4,0,4,3,1,1,0,3,4,1,3,0,3,1,2,1,2,0,1,2,0,3,2,2,3,1,1,2,2,1,0,1,3,1,2,0,1,5,0,0,2,0,0,0,0,3,2,0,1,0,2,1,0,1,1,2,2,0,3,2,2,2,6,2,2,3,3,2,0,2,1,2,2,1,8,9,5,8,1,3,2,3,2,1,8,3,5,1,10,10,9,11,4,6,1,2,5,7,8,5,2,5,3,3,3,2,3,4,3,4,4,3,4,8,0,5,3,5,3,4,4,4,5,0,4,2,3,0,10,7,4,5,2,7,8,8,2,2,0
3234,0,0,0,0,0,0,0,0,0,0,0,0,0,0,0,0,0,0,0,0,0,1,0,0,1,0,0,0,0,0,0,0,0,0,0,0,0,0,0,0,0,0,0,0,0,1,0,1,0,1,0,0,0,0,0,0,0,0,0,1,0,1,0,0,0,0,1,0,1,0,1,0,0,0,0,0,0,0,0,0,0,1,1,0,0,1,0,0,0,0,2,0,0,1,1,1,1,2,2,0,0,1,0,0,0,0,1,0,0,1,0,1,4,0,1,0,1,1,2,0,1,2,3,2,0,0,0,0,1,0,0,0,0,0,0,1,1,2,1,1,0,2,0,1,1,0,0,0,0,0,0,1,0,0,0,0,0,0,0,0
3235,0,0,0,0,0,5,0,0,0,1,2,0,0,0,1,0,1,2,0,1,0,0,0,0,0,0,0,0,1,0,0,0,1,0,0,0,1,1,1,0,1,0,2,0,1,0,1,1,0,2,1,2,1,3,2,0,0,1,0,0,0,0,0,0,0,0,0,0,1,0,0,0,0,0,2,1,0,0,0,1,0,0,1,1,1,0,0,2,0,0,1,0,1,1,0,0,1,0,0,1,1,0,0,0,0,1,4,0,0,1,2,1,1,1,0,0,1,2,0,1,3,3,3,0,3,1,1,1,4,2,1,1,0,1,0,0,0,0,2,1,2,1,1,0,0,2,0,0,0,0,2,0,1,4,1,0,2,0,0,0
3236,0,0,0,0,0,1,0,0,0,0,0,0,0,0,3,0,0,0,0,0,1,0,1,0,0,1,1,0,0,0,0,0,0,0,1,0,0,0,0,0,0,0,0,0,1,0,0,1,0,0,0,1,0,0,0,0,0,0,2,0,1,0,0,0,0,0,0,0,0,0,1,1,0,0,1,0,1,0,0,0,0,0,0,0,0,0,0,1,1,0,0,2,0,0,1,1,0,0,1,1,0,1,0,0,0,0,3,1,0,0,3,1,0,0,0,0,0,0,2,0,1,0,1,0,0,0,2,0,1,0,3,0,0,0,0,0,0,0,0,1,0,1,0,2,1,0,2,0,1,0,0,0,0,0,0,0,0,1,0,0
3237,0,0,0,0,0,1,0,0,0,0,0,0,0,0,0,0,0,0,0,0,2,2,0,0,0,0,0,0,0,0,0,0,0,0,0,1,0,3,0,0,0,0,0,1,0,1,0,0,0,0,0,0,0,0,0,0,0,0,0,0,0,0,1,0,0,0,0,0,2,0,0,0,0,0,0,0,0,0,0,0,1,1,0,0,0,0,1,0,0,0,0,0,0,0,0,1,1,0,1,0,1,0,1,0,0,1,0,1,0,0,2,0,0,0,0,1,1,1,1,0,0,0,1,0,1,0,1,0,1,0,1,0,0,0,0,0,1,0,0,1,0,2,0,2,0,1,0,0,1,1,0,3,0,1,1,0,0,0,0,0
3238,0,1,0,0,0,0,0,0,1,0,1,0,0,1,0,0,0,1,1,0,1,0,1,1,1,0,0,0,1,2,1,0,0,0,1,0,0,1,0,1,0,0,1,0,0,0,0,0,0,0,1,0,0,0,0,0,0,0,0,0,0,0,0,0,0,0,1,0,1,0,0,0,0,0,0,1,1,0,1,0,0,0,0,0,0,1,0,0,0,0,1,0,4,0,0,0,0,0,0,0,1,0,0,1,0,0,0,1,0,0,1,1,0,2,0,1,1,0,0,0,0,0,1,2,0,0,1,0,1,1,0,1,0,0,0,1,0,1,0,0,2,0,0,2,0,0,1,0,0,2,0,0,0,1,0,1,0,0,1,0
3239,0,2,0,0,0,1,0,0,0,1,0,0,0,2,0,0,1,4,5,0,0,0,0,0,0,0,0,0,0,0,0,0,0,0,0,0,0,0,0,0,0,0,0,0,0,0,2,1,0,0,0,0,0,0,2,0,1,0,0,0,0,0,0,1,1,0,0,0,0,0,0,0,0,0,1,0,0,0,0,0,0,0,1,5,1,0,2,0,0,0,0,3,1,4,0,0,0,2,0,0,0,0,1,2,0,1,1,0,0,1,1,1,0,1,0,0,0,0,0,1,0,0,0,0,2,0,0,0,2,0,0,1,2,0,0,1,0,2,0,0,1,1,0,0,1,1,1,0,0,1,0,0,0,3,3,3,0,1,0,0
3240,3,1,7,1,3,6,2,4,4,1,1,2,1,4,0,1,4,7,6,4,7,4,6,4,0,1,0,0,3,1,1,1,1,0,1,0,1,1,6,1,2,1,2,1,5,3,3,1,1,0,2,1,3,0,3,2,1,2,2,2,2,3,0,1,1,2,2,1,1,1,3,1,3,2,0,2,2,0,3,1,1,5,2,1,3,3,0,3,3,1,2,3,1,2,1,3,1,1,2,1,1,1,0,1,2,4,1,5,0,5,7,2,4,2,2,5,5,6,3,0,6,3,12,7,5,3,4,6,5,3,4,2,1,4,3,3,1,2,3,1,6,0,3,1,3,2,5,6,7,3,3,4,1,2,2,1,1,3,0,0
3241,3,4,2,1,2,9,7,3,4,1,3,0,0,3,2,4,4,6,4,1,7,4,4,4,0,3,6,4,1,5,2,2,3,5,7,1,1,1,2,2,0,4,0,3,1,3,1,0,2,3,2,1,1,1,5,3,3,0,0,1,0,1,1,4,2,1,1,1,1,1,5,2,2,1,2,1,0,3,6,3,5,2,1,7,4,1,2,5,2,2,5,1,1,4,2,2,2,8,3,0,3,1,2,5,3,5,3,7,4,7,1,3,4,7,4,3,2,4,2,6,7,6,7,4,3,8,3,4,5,4,3,3,2,3,2,1,3,1,2,1,2,7,0,2,2,3,6,4,3,4,5,6,6,8,6,0,4,0,3,1
3242,0,1,2,1,3,1,0,0,1,2,0,0,1,3,1,0,1,6,1,3,1,3,1,0,1,0,0,0,0,0,0,3,2,0,1,1,0,0,0,0,2,1,0,0,1,1,1,0,0,0,1,2,3,2,0,0,0,0,0,0,0,0,0,0,0,0,0,0,0,0,0,1,1,0,1,0,1,0,3,2,0,2,1,0,1,0,1,0,2,2,1,3,0,1,1,2,0,0,1,0,1,0,1,1,1,1,1,0,2,1,3,2,1,6,3,2,4,2,1,1,1,1,1,1,1,0,3,2,1,5,5,4,1,2,0,2,3,1,1,1,1,0,2,2,0,2,1,2,2,0,0,1,2,2,0,3,1,2,2,1
3243,1,0,0,0,0,1,0,0,0,0,0,0,0,0,0,0,1,1,0,0,0,0,2,0,0,0,1,0,3,0,0,0,0,0,1,0,0,0,0,0,0,0,0,0,0,0,1,0,0,1,0,0,0,2,0,0,1,0,0,0,0,0,2,0,0,0,0,0,0,0,0,0,0,0,1,1,0,0,0,0,0,0,0,1,0,0,0,1,2,2,1,1,0,0,1,0,1,2,1,0,0,0,0,0,1,0,0,1,0,0,0,0,0,1,0,0,2,0,0,0,0,0,1,0,0,0,0,0,0,1,0,0,0,1,1,0,1,0,1,2,1,0,0,5,0,3,3,0,0,0,0,0,0,0,0,0,0,1,1,0
3249,2,6,3,11,18,16,2,3,4,2,3,1,0,1,0,3,6,6,5,8,7,3,4,4,0,1,3,2,1,2,3,2,1,2,1,3,0,1,1,5,2,4,6,2,2,2,2,3,0,1,3,3,0,1,2,1,0,1,1,1,0,0,1,0,0,2,2,1,1,3,1,3,2,4,2,5,3,1,3,4,5,3,2,9,4,5,2,4,4,0,1,1,0,2,7,8,7,7,6,5,2,1,3,6,5,1,2,1,1,1,4,1,6,4,2,0,1,5,1,0,2,1,3,5,0,1,3,4,1,1,4,2,2,3,1,2,5,1,7,1,1,2,5,3,4,4,4,3,2,2,4,4,7,4,7,1,0,2,0,0
3250,4,8,13,16,51,23,5,10,14,5,6,9,1,4,9,17,18,27,11,12,44,12,14,14,5,4,4,5,15,10,1,4,8,5,6,4,6,8,9,11,6,8,9,9,6,4,4,2,3,6,9,4,7,5,2,3,0,4,4,2,3,2,2,2,4,4,6,7,1,4,9,13,10,6,5,8,2,8,17,11,8,4,7,5,7,2,3,7,5,1,15,3,2,0,9,11,5,17,11,6,7,4,3,7,8,9,9,6,8,5,8,4,6,4,10,7,7,11,5,8,1,10,13,15,6,8,8,8,4,6,13,7,0,5,9,7,13,2,14,9,5,11,12,16,5,12,10,6,12,13,10,12,9,9,9,11,3,8,6,4
3251,1,1,0,2,2,1,0,0,3,0,0,0,0,0,0,1,0,1,3,0,1,1,1,1,1,0,0,0,0,0,0,0,0,0,1,0,0,0,0,0,0,1,1,0,2,1,1,0,2,1,0,2,2,0,0,0,0,0,0,0,0,1,0,0,0,0,0,2,0,0,0,1,1,0,0,0,1,0,1,0,1,0,2,0,0,0,0,1,0,0,0,0,0,1,0,1,0,1,0,0,1,0,0,1,0,1,0,1,0,0,0,0,0,0,0,0,1,0,0,1,2,2,1,0,0,0,0,0,1,1,2,1,0,0,0,1,1,1,0,0,1,0,1,0,1,0,0,0,0,0,0,3,0,2,0,0,0,2,0,0
3254,0,0,0,0,2,2,0,1,0,0,0,1,1,0,0,0,0,1,0,0,2,0,1,1,0,2,0,0,0,0,1,0,0,0,0,1,0,1,0,0,1,1,2,0,0,0,0,1,0,0,0,1,1,1,0,0,0,0,1,0,0,1,0,0,1,0,1,0,1,0,0,0,0,0,0,0,0,0,0,1,1,0,1,0,1,0,0,1,0,0,0,1,0,0,0,0,1,1,0,1,2,0,1,0,0,1,0,0,0,1,1,0,1,1,0,0,0,0,0,1,0,0,0,0,1,0,1,0,0,0,1,0,0,1,1,1,0,0,0,1,0,0,0,1,0,0,0,2,0,1,0,1,0,0,0,0,1,0,0,0
3260,0,3,2,4,3,8,3,1,3,3,1,4,1,8,2,8,5,17,3,5,8,4,12,3,4,5,3,4,1,2,11,3,4,3,5,0,1,2,1,2,1,0,2,1,1,1,5,1,1,3,5,1,1,3,3,2,1,0,2,2,1,2,3,1,0,1,0,2,1,1,2,3,1,5,5,7,3,2,3,9,2,2,8,4,1,2,5,3,2,2,0,1,4,7,8,8,9,7,5,8,1,2,1,5,5,5,6,5,2,4,3,2,1,3,1,1,1,5,2,2,3,2,4,4,4,0,0,3,1,3,3,3,0,1,1,1,2,8,4,2,3,9,4,5,7,11,9,7,7,6,9,8,5,6,5,4,3,3,1,0
3264,1,1,1,1,3,1,3,3,1,0,1,2,3,4,0,1,5,5,3,5,2,5,3,3,2,0,0,0,2,4,2,0,4,1,0,1,3,1,1,0,1,0,4,0,0,1,2,0,0,0,5,1,2,2,2,2,1,0,2,1,1,1,3,1,0,0,0,0,0,0,3,3,1,1,2,2,3,6,3,2,3,2,1,1,0,1,1,1,5,3,8,2,4,3,5,1,2,0,3,3,2,3,4,1,0,0,1,3,2,1,1,3,3,1,2,0,7,2,0,2,0,2,3,5,3,2,2,3,0,1,0,3,1,3,0,0,0,1,1,0,0,1,3,3,2,0,0,0,2,3,2,4,2,8,3,2,0,3,1,0
3265,1,0,2,2,2,5,1,6,2,5,2,5,0,13,5,6,3,3,2,4,3,3,1,0,3,0,0,2,1,0,2,3,3,0,1,1,0,0,1,2,2,2,0,1,0,0,2,0,1,0,1,2,5,3,0,0,0,1,0,2,1,2,2,0,1,1,1,1,1,2,0,1,0,4,0,4,1,1,2,0,2,0,2,0,3,0,4,4,2,0,1,1,2,5,11,14,12,10,10,7,6,3,0,3,3,3,2,8,0,4,2,8,5,1,6,6,5,1,2,2,1,0,3,0,2,5,3,2,1,0,4,1,1,0,1,1,4,2,7,6,0,3,0,1,1,4,1,1,3,3,3,4,4,3,3,2,2,1,3,0
3266,0,3,2,2,3,3,1,4,4,4,0,2,3,11,5,4,9,8,6,3,11,5,1,3,6,0,1,1,2,2,5,3,4,1,4,0,1,4,1,2,0,1,1,3,0,0,5,1,0,1,5,1,0,1,2,1,1,2,1,2,0,0,0,1,0,1,0,1,0,1,1,0,1,3,1,2,1,2,4,3,3,1,1,6,3,7,1,2,4,0,2,4,2,2,10,3,6,4,4,3,2,2,0,3,2,1,2,4,1,2,3,2,3,2,6,2,1,0,2,2,0,5,5,5,2,1,1,2,1,3,2,2,0,1,4,1,4,0,5,1,3,3,4,13,3,4,4,2,2,2,5,3,8,8,8,3,2,3,0,1
3267,0,0,0,0,1,0,0,0,0,0,0,0,0,1,0,3,0,1,0,0,0,0,0,0,0,0,0,0,0,0,0,0,0,0,0,0,0,1,0,0,0,0,0,0,0,1,0,0,0,0,0,0,0,0,0,0,0,0,0,0,0,0,0,0,0,0,0,1,0,0,0,0,1,0,0,0,0,0,0,1,0,0,0,0,0,0,0,0,0,0,0,0,0,0,0,2,1,0,3,0,1,0,0,0,0,0,1,0,0,0,0,0,0,0,0,0,0,0,2,0,0,0,0,0,0,0,0,1,0,2,1,0,0,0,1,0,0,0,0,0,1,0,0,2,0,0,0,0,0,0,0,0,0,1,1,1,0,1,0,0
3268,3,3,1,0,3,6,3,1,4,1,0,2,1,2,1,4,0,2,8,2,6,2,7,3,1,2,1,0,0,0,4,2,5,2,5,0,0,2,0,0,4,1,1,4,3,1,2,2,0,0,1,0,1,3,1,2,3,2,2,0,0,1,0,4,1,0,0,1,2,1,2,1,1,4,1,3,0,1,1,5,2,1,6,5,6,6,0,7,1,0,0,9,2,5,2,5,3,6,2,8,1,8,0,3,7,4,5,3,0,3,4,2,1,2,1,1,2,2,2,0,3,4,2,2,6,1,1,2,2,2,3,4,0,1,2,1,2,1,1,2,2,4,2,6,2,1,3,1,5,4,0,1,2,3,7,6,1,2,3,0
3269,1,1,0,2,0,5,1,0,1,0,0,0,0,0,1,0,0,0,1,0,2,0,0,0,0,1,0,0,0,0,0,0,1,2,0,3,0,0,1,0,1,0,1,0,2,0,0,0,0,3,0,0,0,0,2,0,0,0,0,1,0,0,2,0,0,1,1,0,1,1,2,0,0,0,0,0,0,0,0,1,0,1,4,0,1,0,1,2,1,2,0,0,0,2,0,0,0,1,2,3,1,2,0,3,0,0,0,0,0,0,2,0,0,0,0,1,1,1,0,0,4,2,0,1,0,0,2,2,1,0,0,2,0,0,0,2,1,0,0,0,1,3,1,1,0,1,2,0,2,0,0,1,2,3,11,3,0,1,0,0
3270,0,0,1,0,0,1,0,0,0,0,0,0,0,0,0,0,1,0,0,0,0,0,1,0,0,0,0,0,0,0,1,0,0,2,0,0,0,0,0,0,1,0,0,0,1,0,1,1,0,0,1,0,0,0,0,0,0,0,0,0,0,0,3,0,0,0,0,0,2,1,0,0,0,0,0,0,0,0,0,0,0,1,0,0,1,0,0,0,0,0,0,0,0,1,0,0,0,0,0,0,0,0,0,0,0,0,1,0,1,0,0,0,0,0,0,0,0,0,1,0,0,0,1,0,0,0,0,0,0,0,0,2,1,0,0,0,0,0,0,1,1,0,2,1,1,0,1,0,0,0,0,0,0,0,0,1,0,0,0,0
3271,0,1,0,0,1,0,0,0,0,0,0,0,0,0,0,0,0,1,1,0,1,0,0,1,0,0,0,0,0,0,0,0,0,0,0,0,0,0,0,0,1,0,0,0,0,2,0,0,0,0,0,0,0,0,0,0,0,0,0,0,0,1,0,0,0,0,0,0,0,0,0,0,0,0,1,0,1,0,0,0,0,0,0,0,0,1,3,0,0,0,0,0,0,0,0,0,0,0,0,1,0,0,0,1,3,3,2,5,0,2,0,0,1,1,0,0,0,0,0,0,0,0,0,0,1,0,0,0,2,0,0,0,0,0,0,1,0,1,0,0,0,1,0,0,0,0,0,0,0,0,0,0,0,0,0,0,0,0,0,0
3272,1,3,0,1,6,5,0,1,2,0,0,1,0,2,2,3,5,2,3,0,0,3,3,0,1,0,4,2,3,0,2,1,0,0,2,0,1,1,2,3,1,1,3,1,2,0,3,0,1,1,2,2,1,0,1,1,3,1,0,1,0,1,1,0,0,0,1,1,0,0,1,1,1,3,2,2,0,0,1,2,2,0,3,3,0,4,10,3,2,1,3,3,2,0,2,2,1,5,1,2,0,2,1,1,3,1,1,3,0,1,2,3,8,4,4,2,1,3,4,0,2,0,2,2,1,0,2,3,2,2,2,1,1,0,0,1,3,5,2,3,2,0,4,0,0,2,3,1,1,0,1,1,1,0,3,0,1,0,2,0
3273,0,0,0,0,0,0,0,1,0,0,0,0,0,0,0,0,0,1,0,0,0,0,0,0,0,0,0,0,0,0,0,0,0,0,1,0,0,0,0,0,0,0,0,0,0,0,0,0,0,0,0,0,1,0,0,0,0,0,1,0,0,0,0,0,0,0,0,0,0,0,0,0,0,0,1,0,0,1,0,1,0,0,1,0,0,0,1,0,0,0,0,0,0,0,0,0,0,1,0,0,0,0,0,0,0,0,0,0,0,0,0,0,0,0,0,0,0,0,0,1,0,1,0,0,0,3,0,0,0,0,1,1,0,0,0,0,0,0,0,0,0,0,0,1,0,0,0,0,0,0,0,0,0,0,0,0,0,0,0,0
3274,0,0,1,0,0,2,0,0,0,0,0,0,1,0,0,0,0,0,0,1,1,1,0,1,0,1,0,0,0,0,1,0,1,0,0,0,0,0,0,1,0,1,1,0,0,0,0,0,0,1,1,0,1,1,0,0,0,0,1,0,0,0,0,0,0,0,0,1,0,0,0,0,0,0,0,0,1,0,0,0,0,0,0,0,3,3,2,0,0,0,0,0,0,1,1,0,1,0,0,0,1,2,0,0,0,0,0,0,0,0,0,0,2,0,0,0,0,1,1,0,0,0,2,0,0,0,0,0,1,0,0,0,0,0,0,0,0,0,0,1,0,0,0,0,0,0,0,0,0,0,0,1,0,0,0,0,0,0,1,0
3275,0,0,0,0,0,2,0,0,1,0,0,0,0,0,1,0,0,1,0,0,1,2,0,0,0,0,0,0,1,0,0,0,0,0,0,0,1,1,0,0,0,1,1,0,0,1,0,0,1,0,0,1,1,1,0,0,0,1,0,0,0,0,1,0,0,0,0,0,0,0,0,1,0,0,1,0,0,0,0,1,0,0,0,1,0,0,0,1,0,2,0,0,0,1,1,0,0,1,0,0,0,0,0,0,0,1,0,1,0,0,0,0,1,0,0,2,2,0,0,0,0,0,0,0,0,0,0,0,1,0,0,0,0,1,0,0,0,1,0,0,0,2,0,1,0,0,0,0,1,0,0,0,2,0,0,0,0,0,0,0
3276,0,0,0,0,0,0,0,0,1,0,0,1,0,0,4,0,0,0,1,0,0,0,1,0,0,1,0,0,0,0,0,0,0,0,0,0,0,0,0,1,0,0,2,0,2,0,0,0,0,0,0,0,0,0,0,1,0,0,0,0,0,1,3,0,0,0,0,0,0,0,0,0,0,3,0,0,0,0,0,1,0,1,0,0,0,1,0,0,1,0,0,0,0,0,0,0,0,0,1,5,0,0,1,1,2,1,1,1,2,0,1,1,1,0,0,1,1,0,0,0,1,0,0,0,0,1,0,4,0,0,0,0,0,0,0,0,1,1,1,0,0,0,1,1,1,1,0,0,0,2,1,0,0,0,1,0,0,0,0,0
3277,0,1,5,1,0,4,1,1,4,1,0,0,0,5,0,1,2,4,1,7,3,3,0,1,0,1,1,3,4,1,0,2,1,1,3,4,0,1,0,1,0,0,2,1,0,0,0,2,0,2,1,1,0,0,4,0,0,1,1,1,0,0,0,1,0,0,0,0,0,0,1,0,0,0,0,0,0,1,0,1,0,0,0,3,2,0,0,3,1,1,1,0,1,0,2,2,2,1,3,1,2,1,3,1,3,3,1,1,2,2,1,1,1,0,4,1,2,3,1,3,0,1,4,1,1,1,2,1,0,1,1,2,0,1,1,0,0,4,2,2,2,5,3,2,2,0,2,1,2,2,2,3,1,0,2,1,0,2,1,0
3278,1,0,0,0,0,1,0,0,0,0,0,0,0,0,0,1,0,1,0,0,0,0,0,1,0,0,0,0,0,0,1,0,0,0,1,0,0,0,0,0,0,0,1,0,0,3,0,0,0,0,0,0,0,1,0,0,0,0,0,0,0,0,1,1,0,0,0,0,1,1,0,0,0,0,0,0,0,0,0,0,0,0,0,1,0,1,3,0,0,0,0,1,0,0,0,2,4,3,0,1,0,0,0,0,0,0,1,0,0,0,1,0,0,0,0,0,0,0,1,0,0,0,0,2,0,1,1,0,0,0,0,0,0,0,0,0,2,0,3,4,0,0,1,1,0,1,0,1,2,1,0,0,2,0,1,1,0,0,0,0
3279,0,0,1,0,1,1,0,0,0,0,0,0,0,0,1,0,0,0,0,1,0,0,0,2,0,0,0,0,1,0,0,0,0,0,0,0,0,0,1,1,0,0,0,0,0,0,0,0,0,0,1,0,4,0,0,0,0,0,1,0,0,0,0,0,0,0,0,1,0,1,0,0,1,0,0,0,0,1,0,0,1,0,0,0,0,1,0,0,1,0,0,0,0,0,0,0,0,0,0,0,0,0,0,2,0,0,0,0,0,0,0,0,1,0,0,0,0,0,0,0,0,0,0,0,0,0,0,1,1,0,1,1,0,1,0,0,0,2,0,0,0,0,1,0,0,0,0,0,1,0,0,0,0,0,1,1,0,1,0,0
3280,15,13,40,32,36,67,16,20,51,10,9,9,4,19,17,21,21,58,38,34,46,19,16,24,11,18,15,9,5,10,16,11,11,11,10,13,9,11,14,14,15,12,19,14,18,19,17,12,8,15,9,9,5,11,9,7,2,11,4,2,1,9,18,12,7,3,5,8,5,9,10,13,10,15,17,10,15,13,11,12,9,8,14,8,17,9,18,18,11,19,8,17,10,20,13,17,17,37,24,27,22,15,17,17,34,30,17,29,17,27,25,20,15,10,32,13,33,34,26,29,16,19,30,32,17,8,23,25,32,18,25,21,8,18,18,13,25,28,25,23,18,33,40,27,18,18,22,19,26,25,25,21,31,29,20,29,15,18,13,2
3281,1,4,2,3,2,4,2,3,11,1,2,0,1,2,0,1,2,7,3,1,3,1,2,4,0,2,4,0,0,3,0,1,2,4,1,1,0,1,1,3,0,0,2,1,2,1,2,1,1,1,1,4,1,1,0,0,1,1,0,1,0,2,2,2,0,0,0,1,0,1,1,3,0,2,0,2,0,0,0,1,2,0,2,1,0,2,3,3,2,0,1,4,1,3,0,4,10,4,1,1,0,1,1,2,1,1,6,3,1,2,2,1,2,1,3,2,3,1,2,1,3,1,4,1,4,3,4,2,3,0,0,1,0,2,3,1,1,1,1,0,1,2,5,6,0,2,2,2,0,2,3,3,1,1,1,3,0,2,4,0
3282,1,4,1,3,0,7,2,5,7,0,2,1,0,2,3,3,1,6,3,1,4,2,1,0,1,4,3,1,2,2,0,1,2,1,4,1,0,0,3,3,2,3,3,0,0,1,2,1,0,0,1,2,1,1,0,1,0,0,0,1,1,2,1,0,2,2,0,1,3,0,1,1,0,1,3,1,2,0,1,0,1,3,2,1,1,1,2,0,2,0,1,0,0,0,1,3,1,1,3,1,3,2,0,0,2,2,1,2,4,5,1,5,4,2,2,3,1,7,3,0,2,2,2,5,2,2,4,2,2,2,2,2,0,5,4,1,0,0,1,2,4,5,5,2,1,2,2,4,1,2,3,5,3,1,3,3,3,2,0,3
3283,3,3,1,3,3,3,1,1,1,1,2,0,0,2,3,0,2,0,2,1,3,0,1,1,1,0,1,1,2,1,2,1,0,0,1,2,0,0,0,0,0,1,2,2,1,0,2,0,3,0,0,0,1,0,3,0,0,1,2,0,1,0,2,2,1,0,0,1,1,0,2,0,0,2,0,0,2,1,4,0,0,0,3,0,0,3,1,3,2,1,0,0,1,2,2,2,2,0,1,3,0,2,2,0,2,1,4,1,0,0,2,0,3,0,4,1,2,2,0,1,0,2,1,3,0,0,0,4,1,1,2,2,1,2,0,1,0,2,1,3,0,1,2,1,3,2,1,2,1,1,0,6,3,2,2,5,2,1,3,0
3284,1,1,2,2,2,10,2,4,12,0,5,1,0,0,1,4,2,4,5,7,12,4,4,4,1,8,5,2,3,2,4,3,2,0,1,1,2,2,3,1,0,0,2,3,1,7,2,0,0,5,3,0,3,2,4,2,2,2,2,2,1,1,3,1,0,1,0,0,3,2,0,1,2,3,0,0,1,1,1,3,2,4,4,0,1,3,5,1,3,2,2,2,4,2,0,3,2,6,7,8,5,8,1,0,3,2,4,4,5,4,4,2,4,4,4,4,5,9,4,3,4,5,6,4,2,2,4,2,1,3,5,2,0,2,7,0,0,2,4,3,3,4,3,8,3,3,5,2,4,4,3,9,6,8,4,5,1,0,2,0
3285,1,0,1,0,3,3,3,2,8,1,0,1,0,0,1,1,2,2,4,1,7,0,2,0,0,3,1,0,1,0,2,1,1,1,0,2,0,0,0,0,0,0,2,1,0,2,1,1,0,0,3,0,0,1,2,0,0,0,0,2,1,0,1,1,0,1,0,0,0,0,0,2,1,3,2,0,1,2,0,0,0,0,2,4,1,1,0,1,1,0,0,2,0,0,2,1,0,1,1,2,0,1,1,2,1,0,1,2,3,0,1,2,0,3,2,1,1,0,4,1,1,3,5,1,1,0,0,1,4,0,1,2,0,3,1,2,0,0,0,2,2,0,1,1,1,1,4,0,1,0,2,6,1,1,0,1,1,0,0,1
3286,0,0,0,1,0,0,0,0,2,0,0,0,0,0,0,0,2,1,5,2,4,2,1,1,0,0,1,0,1,0,1,0,0,0,0,0,0,0,0,0,1,0,0,0,2,0,0,0,1,0,1,0,0,0,2,0,1,1,0,0,0,1,0,0,0,0,0,1,0,0,0,0,0,0,0,1,1,1,0,0,0,0,0,0,1,0,0,0,0,0,0,1,1,1,0,0,0,0,1,3,0,0,0,1,1,0,0,1,0,0,1,0,1,0,0,0,0,0,1,1,0,1,0,2,0,1,1,3,0,0,0,4,0,0,0,0,0,1,0,0,1,1,0,2,0,0,1,0,2,0,0,1,1,0,0,0,0,0,0,0
3287,0,0,2,1,1,0,0,2,1,0,0,2,0,2,1,0,1,2,0,0,2,0,0,1,1,0,0,0,0,1,0,0,0,0,0,0,0,0,0,0,0,0,0,0,0,1,0,1,0,0,0,0,0,0,1,0,0,0,0,1,0,1,0,0,0,0,0,0,0,0,0,1,0,1,0,0,1,0,0,1,0,0,0,0,0,0,1,0,1,0,0,0,0,1,0,0,0,0,0,1,0,0,1,1,0,0,0,0,0,0,0,1,1,0,0,0,0,1,1,0,0,1,0,0,1,1,0,0,0,1,0,1,0,0,0,0,0,0,0,0,0,1,1,0,0,1,1,0,1,0,1,0,1,0,0,0,0,0,0,0
3289,0,0,0,1,4,12,0,1,5,1,0,1,0,0,0,0,1,1,1,0,4,2,0,0,3,0,0,0,0,0,1,1,1,0,0,1,0,0,0,3,0,1,1,0,2,1,0,1,0,0,0,1,0,0,0,2,0,2,0,2,0,1,2,0,0,0,0,0,0,0,0,1,0,1,0,1,0,2,1,0,1,0,0,3,0,1,4,0,1,0,0,1,0,0,0,0,0,0,0,7,1,0,0,0,0,0,0,0,1,1,1,1,0,0,1,2,4,0,0,0,1,0,0,2,2,2,0,1,0,3,1,3,0,0,0,0,0,0,0,0,1,0,2,3,0,0,0,0,1,1,0,1,0,1,0,0,1,0,0,0
3292,2,0,1,0,0,2,0,1,1,0,0,0,0,0,0,0,0,0,0,0,0,0,0,0,1,0,0,0,0,1,0,0,0,3,0,0,0,0,1,0,0,0,0,1,0,0,0,0,0,0,1,1,0,0,0,0,0,0,0,0,0,0,0,1,0,0,1,0,0,0,0,0,1,0,0,2,0,0,2,0,0,1,1,0,0,2,0,0,0,0,0,0,1,0,2,0,0,0,0,0,0,0,0,1,1,1,0,0,0,1,0,1,0,0,0,3,0,0,0,0,0,0,2,0,1,0,0,1,2,0,0,1,1,0,0,0,1,1,0,1,0,1,0,0,2,0,1,1,0,0,0,0,0,0,0,0,0,0,0,0
3293,0,0,0,5,1,1,0,0,3,0,0,0,0,0,4,0,0,0,0,0,0,0,0,0,0,1,0,0,0,0,1,0,0,0,0,0,0,0,0,0,0,0,0,1,0,0,0,0,0,1,0,0,1,0,0,0,0,1,1,0,0,0,0,0,0,0,0,0,0,0,1,1,0,2,0,0,0,0,0,0,0,0,0,2,0,0,1,0,1,0,0,0,0,0,0,1,0,0,0,1,0,1,1,0,0,0,0,1,1,1,0,3,0,1,0,1,0,0,0,0,0,0,0,0,0,0,0,0,0,1,0,1,0,0,0,0,0,0,0,0,1,1,0,0,0,0,0,0,1,0,0,0,0,0,0,0,0,0,0,0
3294,0,1,0,1,1,1,0,1,3,1,0,2,1,0,2,1,2,4,3,0,3,0,2,0,1,0,0,1,3,1,1,0,0,1,2,2,1,0,1,1,0,1,0,2,0,0,1,0,0,0,0,0,0,0,0,3,1,0,0,1,0,1,3,1,0,0,0,2,0,0,0,0,1,0,0,1,0,2,0,0,1,0,0,3,1,0,2,1,0,2,0,0,0,1,1,0,0,0,0,2,1,1,0,0,2,2,1,3,3,2,1,1,0,1,0,0,0,0,1,2,1,1,0,0,1,2,2,1,1,3,0,2,1,0,4,0,0,1,1,2,2,1,1,2,1,0,0,0,2,2,1,1,0,0,0,2,0,0,0,0
3300,2,5,12,4,8,21,2,6,11,3,3,5,0,5,4,10,10,22,13,36,26,11,7,11,2,8,7,3,11,20,10,6,10,12,4,5,5,3,6,7,8,3,6,3,4,6,1,3,7,5,2,1,5,2,1,4,3,6,3,0,1,7,9,1,10,2,3,8,1,1,0,0,3,3,1,1,7,11,5,3,7,1,6,4,0,2,6,4,6,9,2,8,7,4,6,11,4,10,4,11,8,4,1,4,10,5,9,15,7,9,17,9,9,5,8,9,10,9,13,7,2,2,6,11,7,7,9,6,11,4,10,9,7,7,7,5,5,4,6,6,11,5,13,11,4,7,6,11,14,0,1,5,6,6,5,6,7,4,3,0
3301,0,0,1,0,0,2,0,0,6,0,0,0,0,0,1,0,0,1,1,2,7,1,0,3,3,1,1,0,5,1,2,0,1,2,0,0,0,1,3,0,1,1,1,1,0,1,0,1,0,0,1,0,0,0,0,0,2,0,1,0,0,0,4,1,0,2,1,0,0,1,0,2,0,1,0,3,3,0,1,0,0,1,0,0,0,0,3,0,5,0,0,1,0,1,4,2,1,0,1,1,4,0,0,1,0,2,2,2,0,1,3,1,0,0,1,2,2,0,1,1,0,2,1,0,0,2,0,1,0,0,3,0,2,3,0,0,0,0,2,1,1,0,0,0,1,1,0,0,1,1,0,0,1,1,0,0,1,0,0,0
3302,0,0,1,0,1,6,0,0,0,0,0,0,0,0,1,0,0,0,1,2,1,0,0,0,0,0,1,0,1,0,0,1,1,0,0,0,1,0,0,0,0,0,0,2,0,0,0,0,0,0,1,0,0,0,0,0,0,0,0,0,0,1,1,0,0,0,0,0,0,0,0,0,1,0,0,1,0,0,0,0,1,0,1,0,0,0,0,0,0,0,0,0,1,0,0,1,0,1,1,0,1,0,0,0,4,0,0,1,1,0,0,0,0,0,0,0,0,1,1,0,0,1,0,0,1,0,0,1,0,1,1,0,1,2,0,0,1,0,0,1,0,0,0,0,0,1,0,0,0,0,0,0,0,0,0,0,0,0,0,0
3303,0,0,0,1,0,1,0,0,0,0,0,0,0,0,0,0,1,1,1,1,1,0,1,0,1,0,0,0,0,0,0,0,0,1,0,0,0,0,1,1,0,0,0,0,0,0,0,0,0,1,0,1,0,0,1,1,1,0,0,0,0,0,0,0,0,0,0,0,0,0,1,0,1,1,0,0,0,0,0,0,0,0,0,0,0,0,0,0,0,0,0,2,0,0,0,0,1,0,0,0,1,0,0,1,0,2,0,1,0,0,1,0,0,0,1,0,1,0,2,0,0,0,0,1,0,0,0,0,0,0,0,0,0,0,0,0,1,0,0,0,0,0,0,0,0,1,1,0,0,0,0,0,2,0,0,0,0,0,0,0
3304,1,1,6,1,6,5,5,4,8,2,3,1,2,0,2,5,2,5,4,3,11,1,2,1,3,4,4,3,0,2,8,1,4,6,2,2,2,2,1,0,2,0,4,1,3,0,2,2,1,3,3,3,2,1,2,1,5,0,1,0,0,0,4,1,2,1,0,4,0,0,0,3,2,2,6,5,1,6,1,1,2,0,4,3,1,3,5,2,4,4,0,3,4,1,1,2,3,3,0,5,3,0,1,5,0,4,1,4,2,10,18,3,3,0,3,5,0,7,2,2,2,2,5,2,3,2,4,2,2,4,2,9,1,3,3,0,0,2,4,1,2,0,3,1,0,8,2,3,4,1,4,2,2,3,2,2,1,1,3,0
3305,8,17,27,19,35,43,15,28,54,6,2,4,5,5,11,15,9,30,24,25,57,14,7,20,7,12,7,3,14,8,14,11,6,11,7,6,3,5,4,1,11,3,18,16,3,6,13,5,6,3,4,6,8,5,11,3,6,6,6,4,2,7,4,2,5,4,0,11,4,3,4,6,3,5,10,9,8,12,3,1,3,5,7,4,4,11,9,4,12,13,7,12,15,13,15,14,9,14,5,17,15,18,8,8,10,8,18,9,10,23,25,23,21,14,13,12,20,29,25,11,15,12,7,21,8,11,12,6,14,13,12,11,4,11,9,3,7,6,15,6,10,10,16,3,12,12,8,5,10,10,11,11,15,9,15,10,4,7,2,2
3309,0,1,1,0,0,0,1,0,0,0,0,0,0,0,0,0,0,0,0,0,0,0,0,0,0,0,0,0,0,0,0,0,0,0,0,0,0,0,0,0,0,0,0,0,0,0,1,0,0,1,0,0,0,0,0,0,0,0,0,0,0,0,0,0,0,0,0,0,0,0,0,0,0,0,1,0,0,0,0,0,0,0,0,0,0,0,1,0,0,0,0,1,0,1,1,0,0,0,1,0,0,0,0,0,0,0,0,0,0,0,1,0,0,0,0,0,0,0,1,1,0,0,0,0,0,0,0,0,0,0,0,0,0,0,0,0,0,0,0,0,0,0,0,0,0,1,0,0,0,0,0,0,0,0,0,0,0,0,0,0
3310,0,0,0,0,0,1,0,0,1,2,0,0,0,0,1,0,1,1,0,2,0,0,1,0,0,0,0,0,0,0,0,0,1,1,0,0,0,0,0,0,0,1,0,1,0,0,0,0,1,0,1,1,0,0,0,0,0,0,0,0,0,0,3,0,0,0,0,0,0,0,0,0,0,0,0,0,0,0,0,0,0,1,0,0,0,0,0,0,0,0,0,0,0,0,0,0,0,1,1,1,0,1,1,0,0,1,0,0,0,3,0,0,0,0,0,1,0,1,1,0,0,0,0,1,1,0,0,1,0,0,0,0,0,0,2,0,0,0,1,0,1,1,1,0,0,1,0,0,1,0,1,0,0,0,1,0,2,0,0,0
3311,1,0,0,4,1,2,0,3,6,0,0,0,3,8,7,8,10,4,1,7,6,2,5,1,0,2,1,0,1,1,1,2,2,1,1,2,1,1,0,0,0,0,2,1,1,0,1,2,0,1,0,1,0,0,0,2,0,3,2,0,0,2,1,0,1,0,0,1,1,0,0,3,0,0,0,1,0,1,0,1,2,2,1,5,1,2,3,0,2,1,0,1,2,0,0,1,0,3,1,2,3,3,0,2,0,2,0,0,0,1,4,5,0,2,1,3,2,4,0,0,0,2,0,1,2,3,3,2,1,1,0,2,6,3,5,0,0,1,1,0,0,1,1,0,0,5,1,0,1,2,0,2,0,0,0,0,1,4,0,0
3312,0,0,1,0,4,1,0,2,3,0,0,0,0,0,1,2,3,8,1,3,1,1,0,0,0,1,0,1,1,0,0,0,0,0,1,1,1,1,0,0,1,1,2,1,1,0,0,2,1,0,0,0,0,0,0,0,0,0,0,0,0,1,1,0,0,1,0,2,0,0,1,1,0,0,1,1,1,1,0,0,0,0,1,1,0,0,0,0,1,0,0,3,1,1,1,0,1,1,0,2,1,1,1,2,1,1,2,2,0,0,1,0,2,3,5,0,1,2,0,2,1,0,0,1,1,0,3,0,0,1,0,2,0,0,1,1,1,1,0,1,1,0,2,0,1,1,1,0,1,0,2,1,2,0,1,0,0,0,0,0
3314,0,0,1,2,2,1,0,0,1,0,0,0,0,0,2,1,1,3,0,0,1,2,2,0,0,2,1,1,0,0,0,0,0,0,0,0,1,0,0,1,1,0,1,0,1,1,0,0,0,0,0,0,0,0,0,0,1,0,1,0,1,0,2,0,0,0,0,0,0,1,0,0,0,0,0,0,0,0,0,0,1,0,0,1,1,0,1,0,2,0,0,0,2,1,0,1,0,0,0,0,0,1,1,3,0,2,0,0,0,0,1,1,0,0,2,0,1,0,1,1,0,1,2,1,0,0,1,0,0,1,0,2,0,2,2,0,0,1,1,1,0,0,2,0,0,1,0,1,2,0,1,0,0,1,2,2,0,0,1,0
3315,1,0,0,0,2,2,0,0,2,0,1,0,0,1,2,2,3,6,0,3,7,1,6,3,2,0,2,4,5,1,3,2,3,3,0,1,1,1,0,0,3,0,1,2,0,1,2,1,0,1,1,1,0,2,1,1,1,1,0,0,0,2,1,0,1,0,0,1,1,1,0,1,0,0,0,1,0,1,1,0,1,0,2,1,0,1,1,2,1,2,1,0,1,4,3,5,5,2,4,0,3,1,0,1,2,2,3,2,2,4,0,3,3,1,0,1,3,2,2,1,0,3,3,1,2,4,4,1,1,0,1,5,3,2,1,2,2,2,0,1,1,1,2,1,2,3,0,1,2,1,0,3,2,2,0,3,0,0,1,0
3317,0,1,0,0,0,0,0,0,1,0,0,0,0,0,1,0,0,0,0,1,0,0,0,0,0,0,0,0,0,0,0,0,0,0,0,0,0,0,0,0,0,0,0,1,0,0,0,0,0,0,0,0,0,0,0,0,0,0,1,0,0,0,0,0,0,0,0,0,0,0,0,0,0,0,0,0,0,0,0,0,0,0,1,0,1,0,0,0,0,0,0,0,0,0,0,0,0,0,0,0,0,0,0,1,1,0,0,0,0,2,0,0,0,0,0,0,0,0,0,1,0,0,2,0,0,0,0,0,0,0,0,1,0,0,3,1,0,0,1,0,0,1,0,0,0,0,0,2,0,0,0,0,0,0,0,0,0,0,0,0
3318,1,0,1,0,2,1,0,0,4,0,1,0,0,2,3,1,1,6,1,7,9,0,0,1,1,0,2,2,3,1,0,0,2,2,0,0,0,0,0,1,2,2,2,0,0,1,2,0,0,1,0,0,2,0,2,2,1,1,0,1,1,1,0,1,2,1,0,0,0,1,0,0,0,1,1,0,0,0,1,0,0,1,1,0,0,6,2,1,5,4,1,1,0,0,1,3,1,3,6,1,6,0,1,2,2,1,0,2,4,1,0,0,2,3,2,0,2,1,2,0,0,2,2,2,5,4,4,1,5,0,0,1,1,1,0,0,3,0,0,2,3,1,0,9,2,1,0,3,5,1,1,5,2,0,2,6,2,1,0,0
3319,0,0,0,2,0,1,0,0,1,0,0,0,0,2,0,1,1,1,0,1,0,0,0,0,0,0,1,0,0,0,0,0,0,0,0,0,0,1,0,0,0,0,0,0,0,0,0,1,0,0,0,0,0,0,0,0,0,0,0,0,0,0,0,0,0,2,1,1,1,0,0,0,0,0,1,0,0,0,1,0,0,0,1,0,0,0,0,0,0,3,0,0,1,0,0,0,0,3,2,0,0,0,0,0,1,1,0,0,0,0,1,0,1,0,1,1,0,1,0,0,0,0,0,0,3,1,3,0,0,0,0,0,1,1,0,0,0,0,0,0,0,0,1,3,1,0,0,0,0,0,1,0,0,0,1,2,1,0,0,0
3321,3,3,3,3,2,3,4,2,2,0,1,2,1,0,1,2,2,4,4,2,5,0,0,0,1,3,3,0,4,0,3,0,1,1,3,4,3,2,2,0,0,0,1,4,0,1,1,1,1,2,1,1,0,2,2,0,3,1,0,1,0,4,0,1,3,0,0,0,2,0,2,5,2,3,2,1,0,2,3,1,1,0,2,3,1,2,1,2,1,0,2,6,0,4,5,2,0,7,4,0,2,1,0,1,0,5,3,1,2,2,1,0,3,1,2,2,1,3,3,3,0,1,2,2,1,4,3,3,3,4,0,2,1,4,5,1,2,1,4,1,1,3,3,0,1,1,2,3,5,2,5,2,1,2,3,2,4,3,6,2
3322,0,0,0,0,0,0,0,1,0,0,0,0,0,0,0,1,0,0,0,0,1,0,0,0,0,0,0,0,0,0,0,0,0,0,1,0,0,0,0,0,0,0,0,0,0,0,0,0,0,1,0,0,0,0,1,0,0,0,0,0,0,0,1,0,0,0,0,0,0,0,0,0,0,0,0,0,0,0,1,0,0,0,0,0,0,0,0,0,0,0,0,0,0,0,1,0,0,0,0,0,0,0,0,0,0,0,0,0,0,0,0,0,0,0,0,0,0,1,0,0,1,0,1,0,0,1,0,1,0,0,0,1,0,0,0,0,0,0,0,1,0,1,0,0,0,0,0,0,0,0,1,0,0,0,0,0,0,0,0,0
3323,0,0,0,0,0,0,0,0,1,0,0,0,0,0,0,0,0,0,0,0,0,0,0,0,0,0,0,1,0,0,0,0,0,0,0,0,0,0,0,0,0,0,0,0,0,0,0,0,0,0,0,0,0,0,0,0,0,0,0,0,0,0,0,0,0,0,0,0,0,0,0,0,0,0,0,0,0,0,0,0,0,0,0,0,0,0,0,0,0,0,0,0,1,0,0,0,0,0,0,0,0,0,0,0,0,0,0,1,0,0,0,0,0,0,0,0,0,0,0,0,0,0,0,0,1,0,0,0,0,0,0,0,0,0,0,0,0,0,0,0,1,0,0,0,0,0,0,0,0,0,0,0,0,0,0,0,1,0,0,0
3324,0,0,0,0,0,1,0,0,0,0,1,1,0,1,0,0,0,1,1,2,3,0,0,0,0,0,1,2,0,2,3,0,2,0,0,0,0,0,1,0,1,1,1,0,0,0,0,2,0,1,0,1,1,0,0,0,0,0,1,0,0,1,3,0,0,0,0,1,0,0,0,0,0,0,1,1,0,0,1,0,1,0,2,1,0,0,1,5,3,1,1,2,2,1,1,0,0,0,0,1,2,2,2,0,1,1,2,0,1,1,2,1,0,0,3,1,1,0,0,2,0,0,1,0,1,0,0,0,2,0,1,3,1,2,0,0,1,0,2,0,0,0,0,0,1,5,0,0,0,0,0,1,0,0,0,0,0,0,0,0
3325,1,1,0,0,2,1,0,3,1,0,0,0,0,0,1,0,1,0,0,2,3,0,1,0,1,1,1,0,1,0,3,1,2,0,0,0,0,0,0,1,0,1,1,0,1,0,0,2,1,1,3,2,0,1,2,1,0,0,0,0,0,1,0,1,0,0,0,0,0,0,0,1,0,0,0,0,0,1,2,0,0,1,0,1,1,0,2,5,0,0,1,0,0,0,0,1,0,0,1,2,1,0,0,1,1,0,0,0,1,1,0,0,0,0,0,0,0,0,0,0,0,3,3,1,0,1,0,0,0,0,1,0,0,1,3,4,0,0,1,1,1,0,0,1,1,3,2,1,0,1,1,0,0,0,2,1,1,0,0,0
3328,1,0,0,2,2,4,5,3,4,0,0,2,2,2,2,7,8,6,3,1,6,6,0,3,1,3,1,2,2,1,1,0,0,0,1,0,1,0,3,2,1,1,0,0,1,1,0,0,0,2,2,3,1,1,2,1,1,1,0,0,1,3,2,1,2,1,0,1,1,2,3,0,1,3,3,0,1,1,1,0,2,3,1,3,2,4,3,1,5,0,2,1,4,5,4,3,4,3,2,2,3,1,0,1,3,6,3,5,0,6,3,4,2,1,3,0,5,3,2,5,1,4,5,2,3,5,4,3,1,2,1,5,4,2,5,3,1,1,4,2,5,4,3,4,2,4,6,5,1,4,3,1,3,2,2,4,3,4,2,0
3329,0,0,0,0,1,0,1,0,1,0,0,1,0,0,1,0,1,1,0,0,0,0,0,1,0,0,0,0,0,0,1,1,0,0,0,0,0,1,0,0,0,0,0,0,0,0,0,0,1,0,0,0,0,0,0,0,0,0,0,0,0,0,0,0,0,0,0,0,0,0,0,1,0,0,0,1,0,0,0,0,0,1,0,0,0,1,2,0,0,0,0,2,0,0,0,0,0,1,0,1,0,0,2,0,0,0,0,0,1,1,0,0,0,0,1,0,0,1,2,0,0,0,0,0,0,1,1,0,0,0,0,0,0,0,0,0,0,1,0,0,0,0,0,0,0,0,1,0,0,0,1,0,0,0,0,0,0,1,1,0
3330,0,0,1,0,0,1,0,0,0,0,0,0,0,0,0,0,0,1,0,0,1,1,0,0,1,0,0,0,0,0,0,0,0,0,0,0,0,0,1,0,0,0,0,0,0,0,0,0,1,0,0,1,0,0,0,0,0,0,0,1,0,0,0,0,0,0,1,0,1,0,0,0,2,3,0,0,0,1,1,1,0,0,0,0,0,0,1,0,0,0,0,0,0,1,0,0,0,0,0,0,1,0,0,0,0,0,0,0,0,0,0,0,0,0,0,0,0,0,0,1,1,0,0,0,0,0,0,0,0,0,0,0,0,0,0,0,0,1,0,0,0,0,0,0,0,0,0,0,1,0,1,0,0,0,0,0,0,1,0,0
3331,0,5,11,5,7,17,11,10,16,3,7,1,2,5,15,24,14,14,6,8,17,7,7,12,5,5,16,5,4,2,2,2,5,3,5,3,5,2,5,6,6,9,8,5,6,6,7,5,2,4,5,9,5,3,2,6,9,4,4,3,4,7,4,4,13,4,3,5,3,11,7,4,4,2,6,3,4,6,6,3,4,5,5,5,1,5,5,7,10,8,7,7,6,9,10,4,12,10,15,8,8,3,11,9,3,10,6,10,9,7,4,14,15,13,12,6,7,10,12,8,8,14,13,15,8,9,10,7,4,6,10,4,4,13,8,5,7,8,5,12,11,7,7,7,7,8,7,1,3,3,10,3,2,12,7,10,4,7,5,4
3332,0,2,0,1,1,0,1,0,0,0,1,0,0,4,3,2,2,2,4,3,3,0,1,0,0,0,0,1,1,1,0,0,3,0,4,2,1,0,1,0,1,2,0,2,1,1,1,0,0,2,2,2,1,1,4,3,0,1,0,2,0,4,1,1,1,0,3,1,1,0,2,2,0,0,1,1,1,1,1,2,0,0,0,5,0,1,0,0,3,1,1,0,1,1,1,2,1,1,0,0,1,1,0,1,1,1,1,3,0,2,1,1,2,0,2,1,1,3,1,1,1,0,3,1,1,0,0,0,2,2,2,1,3,0,1,1,1,1,0,1,0,0,1,1,2,1,0,2,2,1,3,1,3,2,1,3,1,1,1,0
3333,1,0,0,1,2,3,0,3,1,0,0,1,0,0,0,3,2,3,1,4,2,0,1,2,2,0,0,1,1,0,1,0,0,2,2,1,1,1,0,0,0,1,1,1,0,1,0,0,1,1,1,2,0,0,1,0,0,0,0,0,0,2,0,1,1,1,1,0,1,2,1,0,0,1,1,1,0,0,0,0,0,0,1,0,1,1,2,1,0,0,0,1,1,0,0,0,1,1,3,1,0,0,2,1,2,1,1,0,0,0,1,2,0,1,0,1,0,2,1,0,2,0,0,2,0,1,0,1,2,2,8,3,0,2,2,1,0,0,2,0,0,1,0,0,0,1,4,1,2,4,0,2,0,0,0,1,0,0,0,0
3334,1,0,0,0,1,2,2,0,0,0,0,0,1,0,1,2,1,0,0,0,2,0,0,0,0,1,0,0,0,3,0,1,0,0,0,1,0,1,1,1,0,0,0,0,0,0,0,2,0,0,1,0,0,1,0,0,0,0,0,0,2,0,0,0,1,0,0,1,0,0,0,0,0,0,0,0,0,1,0,1,1,0,0,0,1,0,0,2,2,1,0,0,0,0,0,1,1,0,0,0,0,1,0,0,2,0,0,0,0,0,0,2,1,1,0,1,0,0,0,1,0,1,0,2,0,0,0,0,1,0,0,0,1,1,0,1,0,0,1,0,1,0,2,3,1,0,0,0,0,0,0,0,1,1,0,0,0,0,0,1
3335,0,0,2,1,7,4,0,1,3,1,2,3,1,0,1,3,2,5,2,1,3,1,1,5,1,0,2,4,0,2,1,3,0,3,2,2,1,3,2,4,3,6,8,0,5,4,3,2,3,6,1,1,5,3,8,11,3,12,5,4,1,8,3,7,3,6,8,4,8,7,4,1,5,8,5,6,7,8,6,6,19,5,7,5,3,7,4,9,5,5,14,14,10,21,15,6,15,18,17,22,6,5,10,6,15,18,22,25,16,20,21,11,15,22,34,7,5,16,60,50,26,33,48,36,44,25,54,63,41,56,69,42,26,29,23,30,20,35,46,46,35,28,47,39,37,36,35,25,34,29,42,36,48,40,43,48,28,25,31,12
3336,0,0,0,0,0,0,0,0,0,0,0,0,0,0,0,0,0,0,0,0,0,0,0,0,0,0,0,0,0,0,0,0,0,0,0,0,0,0,0,0,0,0,0,0,0,0,0,0,0,0,0,0,0,0,0,0,0,0,0,0,0,0,0,0,0,0,0,0,0,0,0,0,0,0,0,0,0,0,0,0,2,1,4,9,3,3,5,3,8,4,8,2,11,20,24,6,20,13,18,11,8,5,10,25,34,46,49,49,37,38,34,31,28,40,45,12,0,31,83,59,36,52,54,42,45,94,82,51,40,51,41,62,27,36,54,20,40,29,45,34,32,34,35,42,27,44,34,44,43,49,50,35,40,58,54,72,42,35,37,27
3337,36,34,54,53,54,81,30,26,51,8,17,23,22,29,43,59,65,95,63,48,45,19,27,35,29,18,34,26,12,23,11,14,14,23,27,31,16,23,30,21,27,35,35,40,28,30,35,23,12,15,14,22,17,34,34,19,26,42,24,21,25,24,32,16,16,13,18,26,12,14,29,23,12,17,23,13,27,14,15,13,6,20,21,12,16,12,22,16,18,16,28,27,30,40,49,35,26,55,62,25,13,7,16,28,24,35,46,50,42,50,44,29,42,43,58,10,3,27,68,62,49,43,68,58,37,55,53,60,33,55,54,50,20,45,34,29,25,34,37,35,38,21,26,32,39,49,28,19,30,25,25,42,48,31,41,33,20,24,28,16
3338,18,21,28,23,31,44,22,11,21,4,8,11,13,16,24,28,32,57,25,19,26,14,12,23,22,7,10,17,12,9,9,10,11,18,8,19,19,10,17,13,11,23,20,17,16,15,16,18,17,22,11,12,9,18,19,6,20,8,25,6,18,15,20,11,11,14,9,11,11,14,6,23,14,18,11,17,20,20,16,16,11,24,15,21,15,17,26,14,14,15,20,34,46,53,39,34,31,36,61,26,16,5,19,40,41,71,70,83,63,71,46,43,54,67,97,11,2,58,135,103,71,77,92,79,62,85,100,81,59,66,86,62,32,46,59,36,50,40,39,49,46,30,59,51,60,60,44,28,37,41,32,48,53,51,60,73,40,40,49,18
3340,24,33,32,37,46,55,34,30,25,1,13,13,16,18,31,25,35,48,34,25,38,16,14,16,6,9,12,14,7,13,13,9,12,20,19,19,14,22,13,8,17,15,19,14,11,8,17,10,10,15,9,13,7,8,12,15,12,12,25,6,10,12,17,14,13,18,11,12,6,10,10,6,5,9,18,12,24,13,8,8,5,12,6,7,9,21,14,10,18,11,9,8,22,16,27,21,25,32,41,17,15,16,15,19,18,25,33,24,21,32,31,17,28,39,33,28,25,27,22,37,21,23,47,35,35,31,37,37,26,30,33,28,16,21,13,26,28,17,20,30,27,21,26,24,9,31,30,18,20,21,18,26,26,29,21,28,20,18,29,9
3341,1,0,2,3,4,5,2,6,8,0,1,1,1,5,3,4,4,3,0,6,5,1,2,0,2,1,1,3,1,0,0,0,0,1,2,4,2,2,1,0,1,4,3,1,3,3,1,1,0,1,0,1,3,0,1,0,3,3,2,1,2,2,0,0,0,1,1,1,2,0,1,2,0,1,2,1,2,1,4,1,3,0,0,0,1,4,0,0,2,2,1,0,0,4,2,0,1,3,3,1,1,0,2,1,1,2,0,2,0,4,2,3,2,2,3,2,2,2,2,0,2,1,3,0,1,1,1,1,1,2,0,6,1,1,1,0,2,3,1,3,2,2,0,1,0,1,0,2,1,2,1,2,1,3,2,1,2,1,2,0
3342,7,12,10,5,13,16,2,9,5,0,6,3,1,2,3,5,12,11,3,6,4,6,1,7,2,2,5,3,4,4,3,4,2,1,4,2,0,2,3,1,2,0,5,2,3,2,2,1,3,3,1,0,3,1,6,6,6,9,2,1,3,1,3,1,4,2,5,3,2,0,4,3,2,2,3,2,1,1,2,1,2,7,6,3,4,2,2,1,0,4,3,4,4,4,5,1,4,7,5,5,1,2,5,3,3,2,5,1,6,6,6,4,1,8,5,2,3,7,4,4,2,1,8,2,3,2,3,4,6,6,7,1,2,3,3,4,7,4,6,5,10,6,5,11,1,10,3,1,4,4,4,6,4,9,6,3,2,2,2,1
3345,5,2,3,0,3,5,1,5,1,0,0,1,2,3,1,1,3,5,2,7,2,2,2,3,0,0,2,1,0,2,2,0,1,1,3,1,1,2,2,0,1,0,1,2,1,2,1,0,2,0,0,1,3,1,2,3,1,0,1,0,0,2,1,2,4,0,1,0,2,0,0,0,0,1,1,0,1,0,2,1,5,3,2,2,1,3,4,1,2,0,1,3,1,2,0,0,3,3,1,4,2,1,1,2,1,0,1,2,1,0,5,3,4,0,0,2,6,2,2,1,0,2,4,0,2,1,1,2,6,1,2,3,1,1,3,2,1,0,2,2,2,3,1,1,2,3,3,0,2,3,3,3,4,2,2,2,1,0,3,0
3350,24,41,37,48,49,87,44,51,60,16,24,21,7,36,24,24,50,102,38,46,93,12,30,46,18,28,22,25,21,16,34,25,10,8,22,43,13,19,24,23,22,25,22,20,24,40,33,24,15,29,24,19,18,23,14,11,21,20,22,17,21,15,8,15,21,6,20,18,21,19,19,11,16,13,21,19,16,20,22,23,21,23,31,22,18,22,27,32,25,30,32,31,36,55,56,69,52,66,68,50,52,25,24,48,52,58,46,54,53,59,78,44,66,54,78,58,76,55,58,64,49,67,66,58,56,71,66,54,60,53,86,65,25,45,60,53,50,43,49,58,59,49,78,64,49,66,64,55,67,52,79,72,82,69,76,59,45,64,56,19
3351,13,22,10,15,17,27,7,15,23,5,8,3,1,7,6,9,16,33,13,13,26,5,5,8,4,16,17,10,11,8,9,3,1,3,5,9,1,7,10,6,6,8,7,2,3,9,6,3,8,5,6,7,7,6,5,5,6,3,4,3,1,8,6,4,6,9,4,9,4,7,7,2,10,9,16,12,10,9,9,7,6,12,10,11,4,4,15,9,8,7,13,9,16,23,15,9,11,11,16,2,5,5,9,7,6,14,9,13,10,16,9,11,14,9,7,10,17,15,15,12,7,6,19,7,10,11,10,14,11,11,14,15,4,13,9,12,10,7,11,15,12,11,8,18,8,11,10,8,10,3,7,14,10,7,18,8,6,6,5,2
3352,20,23,22,18,18,50,13,14,27,10,10,6,11,16,17,21,32,68,18,32,52,12,10,13,6,8,12,13,10,8,13,12,13,5,11,17,10,12,11,14,12,13,18,11,13,13,17,18,10,7,14,12,16,8,7,17,11,5,8,7,10,14,17,11,7,6,11,9,5,10,15,7,5,6,11,8,16,17,13,19,12,14,18,17,11,16,17,15,12,20,15,25,21,30,39,22,22,20,30,23,18,14,12,20,22,23,26,28,21,19,28,28,16,31,29,21,36,25,27,34,17,21,16,20,22,19,16,29,18,30,29,28,14,21,27,24,22,14,17,32,23,12,30,21,15,26,13,13,21,19,23,32,24,14,21,28,14,14,12,6
3353,0,0,0,0,0,0,0,0,1,0,0,0,0,0,0,0,0,1,3,0,1,0,0,0,0,0,0,0,0,0,0,0,0,0,0,0,1,0,0,0,0,0,0,0,0,0,0,0,0,0,0,0,0,0,0,0,0,0,0,0,0,0,0,0,0,0,0,0,0,0,0,0,0,0,0,0,0,0,0,0,0,0,0,0,0,0,0,0,0,0,0,0,0,0,0,0,0,0,0,0,0,0,0,0,0,0,0,0,0,0,0,0,0,0,0,0,0,0,0,0,0,0,0,0,0,0,0,1,0,0,0,0,0,0,0,0,0,0,0,0,0,0,1,0,0,0,0,0,0,0,0,0,0,0,0,0,0,0,0,0
3354,0,0,0,0,0,0,0,0,0,0,0,0,0,0,0,0,0,0,0,0,0,0,0,0,0,0,0,0,0,0,0,0,0,0,0,0,0,0,0,0,0,0,0,0,0,1,0,0,0,0,0,0,0,0,0,0,0,0,0,0,0,0,0,0,0,0,0,0,0,0,0,0,0,0,0,0,0,0,0,0,0,0,0,0,0,0,0,0,0,0,0,0,0,0,0,0,0,0,0,0,0,0,0,0,0,0,0,0,0,0,0,0,0,0,0,0,0,0,0,0,0,0,0,0,0,0,0,0,0,0,0,0,0,0,0,0,0,0,0,0,0,0,0,0,0,0,0,0,0,0,0,0,0,0,0,1,0,0,0,0
3355,9,7,3,14,19,14,8,7,15,2,5,4,0,11,6,6,11,31,11,14,23,7,12,4,6,3,3,4,7,2,5,3,3,8,10,6,3,6,7,5,7,9,4,5,7,5,4,2,6,2,8,3,2,7,5,0,6,5,6,6,5,3,3,3,2,1,1,1,2,1,0,4,6,6,5,2,7,4,4,5,4,2,5,9,8,6,5,8,5,9,7,7,3,14,13,11,4,8,12,9,9,5,4,9,10,11,7,16,10,5,6,8,11,11,15,11,15,10,12,11,10,37,26,15,11,11,14,15,13,12,9,16,4,7,15,13,7,9,33,11,9,9,14,12,5,7,6,8,14,14,16,12,9,10,13,7,15,18,9,2
3356,9,8,7,12,5,21,10,14,24,4,4,8,0,5,8,8,20,28,16,12,25,7,14,13,11,8,9,13,8,10,6,5,7,10,11,14,5,6,9,7,13,22,14,10,13,13,7,10,6,10,13,9,8,7,7,3,5,4,3,1,7,1,2,2,1,3,13,7,9,4,2,9,10,6,6,2,9,5,5,12,10,0,5,3,9,2,7,11,10,12,13,16,11,14,23,22,15,23,21,15,13,9,2,11,10,12,12,20,9,17,9,24,17,15,23,9,28,28,19,18,11,11,26,16,22,22,15,14,17,15,12,13,3,5,16,14,21,9,23,7,14,10,15,11,12,12,14,9,16,10,11,11,11,12,14,12,10,11,7,3
3357,6,2,5,6,8,8,4,9,4,1,2,2,1,3,3,2,8,12,5,6,13,4,2,4,3,1,1,1,1,0,5,6,3,3,7,5,3,4,4,3,1,0,2,3,1,5,0,2,0,3,1,5,3,4,1,0,1,2,1,1,1,6,1,1,1,1,3,1,1,2,4,1,1,3,2,1,4,4,2,1,1,3,6,0,1,1,3,1,5,1,6,4,3,10,5,6,2,6,7,3,5,6,3,4,5,4,5,4,1,6,9,4,6,5,2,2,4,5,3,5,5,8,4,6,7,4,5,3,2,4,8,3,2,4,4,3,6,5,0,4,7,4,6,3,4,3,3,6,3,2,6,3,9,2,9,2,4,1,3,0
3358,0,0,0,0,0,0,0,0,0,0,0,0,0,0,0,0,0,0,0,0,0,0,0,0,0,0,0,0,0,0,0,0,0,0,0,0,0,0,0,0,0,0,0,0,0,0,0,0,0,0,0,0,0,0,0,0,0,0,0,0,0,0,0,0,0,0,0,0,0,0,0,0,0,0,0,0,0,0,0,0,0,2,1,0,0,0,1,0,1,0,0,0,1,1,1,2,1,3,4,1,3,2,2,3,0,3,3,1,2,8,3,5,2,4,3,4,3,6,3,3,0,7,6,4,4,4,5,5,1,5,7,6,2,3,5,4,5,5,3,4,2,1,3,3,3,3,6,7,9,3,5,8,9,8,6,9,7,11,2,5
3360,0,0,0,0,3,2,1,1,1,0,0,0,1,0,1,0,0,0,3,1,0,1,0,3,1,2,0,0,1,0,0,0,0,1,1,1,2,0,1,0,0,1,0,1,2,2,0,0,0,1,1,1,1,0,0,0,0,0,0,0,0,0,1,0,0,0,0,2,0,0,0,0,0,0,0,0,0,1,0,0,0,1,1,0,1,0,4,2,1,1,1,1,1,4,4,1,0,1,4,1,2,1,2,1,1,0,0,0,2,1,0,1,0,1,0,1,0,1,0,5,0,1,0,3,1,0,2,2,0,1,2,2,0,0,0,2,1,1,0,1,3,1,3,1,0,0,1,2,3,2,4,1,2,2,3,1,0,2,2,0
3361,0,0,0,0,0,2,0,0,0,0,0,0,1,2,1,1,2,0,0,0,2,0,1,0,0,1,2,4,2,3,2,0,1,0,2,1,0,0,0,0,0,1,1,0,2,0,0,0,0,0,0,2,0,1,2,1,0,0,0,1,0,0,1,0,0,0,0,0,0,0,0,1,0,0,1,1,6,0,0,1,0,2,1,2,0,1,0,1,0,0,0,0,0,3,0,1,1,0,1,2,0,0,0,1,1,1,0,0,0,0,0,0,1,0,0,0,3,1,0,1,0,0,1,3,0,1,2,0,1,0,0,1,1,1,0,3,0,0,0,1,1,0,2,3,0,2,0,0,3,1,1,0,0,1,0,0,1,0,1,0
3363,4,3,5,2,5,5,1,7,10,1,6,4,3,3,2,6,6,14,13,8,6,2,1,1,3,3,0,4,3,2,2,2,2,1,6,3,1,0,3,3,0,0,2,4,4,5,2,1,3,1,1,3,3,0,2,2,2,2,2,2,4,0,0,4,2,2,2,2,0,2,3,6,2,4,8,1,4,1,5,1,9,4,3,3,0,1,2,3,2,6,7,2,7,7,5,10,4,5,6,8,13,2,2,4,1,0,2,4,10,16,6,2,1,3,7,4,6,6,6,4,2,5,7,5,8,12,5,5,5,6,2,2,3,9,6,2,5,7,6,12,4,4,5,11,5,9,9,5,4,3,8,9,5,4,1,6,6,3,3,0
3364,4,2,1,3,2,7,2,2,3,1,2,0,2,1,4,5,5,10,4,6,7,0,4,3,5,1,1,2,0,7,0,2,4,2,1,0,3,2,3,1,4,3,1,1,1,2,0,3,4,3,6,3,1,4,4,1,1,3,2,2,1,2,2,0,0,1,2,1,0,0,1,1,2,1,2,0,0,1,1,3,2,4,3,2,3,3,1,4,1,3,2,3,1,4,1,1,7,5,5,3,3,0,0,5,6,3,4,4,2,10,2,3,0,0,6,4,3,1,6,4,3,1,1,6,5,4,4,6,4,2,10,2,2,8,1,3,1,4,4,2,2,4,9,2,2,2,3,3,2,3,6,3,2,3,2,3,0,4,1,0
3370,1,1,3,2,5,14,5,4,5,1,3,0,0,1,0,1,4,3,3,4,4,0,3,4,3,2,1,2,2,0,5,2,2,4,2,3,1,0,1,0,2,2,1,2,2,4,0,4,2,1,5,1,1,1,1,1,1,1,1,2,0,4,2,0,0,0,1,0,2,0,2,2,1,1,3,0,0,1,0,0,2,1,3,3,0,3,6,2,2,5,5,6,7,3,7,5,5,5,3,2,6,0,3,2,1,0,2,6,1,6,5,2,8,6,5,3,4,3,3,4,1,0,1,2,2,3,3,4,1,1,6,5,1,0,2,2,7,3,7,4,4,4,2,8,2,5,3,1,0,4,1,4,2,0,2,3,2,1,2,0
3371,1,0,2,2,4,1,2,3,1,1,2,5,2,0,0,1,5,8,5,3,3,4,1,3,1,0,2,2,3,1,0,2,2,1,2,3,0,0,1,0,3,1,2,2,0,0,3,1,0,0,1,2,0,0,0,2,0,3,1,2,1,1,1,1,1,1,0,3,2,0,0,0,0,2,4,2,2,2,2,1,1,1,1,0,1,2,2,3,1,2,0,3,0,2,1,2,0,2,5,1,2,1,1,0,3,3,3,2,1,2,1,4,0,1,1,1,1,4,1,3,1,2,3,2,2,0,0,5,4,1,4,5,1,0,1,3,0,2,1,7,4,3,1,3,0,2,4,2,2,3,1,1,1,2,2,3,2,0,0,0
3373,2,0,3,0,4,2,4,3,2,2,1,2,2,2,1,6,5,4,3,11,11,2,2,2,1,2,4,8,3,4,4,3,6,6,2,2,2,1,3,2,0,1,1,4,3,1,2,2,3,1,1,3,1,1,1,4,3,2,2,1,2,0,1,1,1,4,1,1,1,2,4,1,2,2,1,7,9,2,1,1,4,2,6,2,3,1,1,2,2,5,1,4,2,4,1,5,5,1,5,4,4,1,0,3,1,2,3,5,3,1,9,6,3,3,5,1,5,4,5,2,0,1,4,9,4,2,3,4,3,5,3,5,0,6,2,0,3,2,4,4,5,6,6,10,4,1,2,2,3,3,3,3,6,3,3,3,1,3,1,2
3374,0,1,1,0,0,0,0,0,1,0,0,0,0,0,1,1,0,1,0,3,4,0,0,5,1,0,0,0,3,1,0,1,1,2,0,1,2,0,1,1,0,2,0,2,0,1,0,1,1,0,0,1,0,0,0,0,0,0,0,1,1,0,1,0,1,0,0,0,1,0,0,0,0,0,1,0,0,0,0,0,1,0,0,1,0,0,1,0,2,0,1,1,1,0,1,1,1,3,0,0,1,0,0,0,2,0,2,0,0,0,1,1,0,0,0,0,1,1,1,1,1,0,0,1,0,2,1,0,1,1,1,0,0,0,0,0,0,0,0,0,1,0,1,0,0,2,0,0,0,0,2,1,0,0,1,1,0,0,0,0
3375,0,0,1,0,0,0,1,0,0,2,0,0,0,0,0,0,0,0,0,1,1,0,1,0,0,0,2,1,0,0,0,0,0,0,0,0,0,0,0,0,0,0,0,0,0,0,0,1,0,0,0,1,0,0,0,0,0,0,0,0,0,0,0,0,0,0,0,0,0,0,0,0,0,0,0,0,0,1,0,3,0,0,1,0,0,0,0,0,0,0,0,0,0,0,0,0,0,0,0,0,0,0,1,0,0,0,0,0,0,0,0,0,0,0,0,0,0,0,1,0,0,1,2,0,0,0,0,0,0,1,1,0,0,0,0,1,0,0,1,0,0,0,0,0,0,0,0,0,1,0,0,0,0,0,2,0,0,1,0,0
3377,10,4,2,2,4,18,6,13,21,3,8,7,7,12,11,9,10,35,28,8,19,9,6,20,8,8,5,6,15,11,6,8,14,3,4,3,1,3,11,5,7,6,3,6,7,4,2,3,5,4,8,3,2,3,1,2,2,4,2,3,3,6,3,4,9,5,4,4,2,0,4,4,3,2,3,3,4,1,3,4,7,8,8,12,5,14,4,10,6,7,10,12,25,22,32,17,10,14,9,11,10,8,1,5,7,3,10,6,9,15,13,11,5,9,9,10,12,16,11,10,15,19,11,7,13,10,6,13,8,5,8,11,1,5,8,9,8,10,5,12,14,8,10,10,10,8,12,12,10,14,13,16,6,5,15,8,3,5,9,2
3378,0,0,0,0,0,1,0,0,0,0,0,0,0,0,0,0,0,1,0,0,0,0,0,0,0,0,0,0,0,0,0,0,0,0,0,0,0,0,0,0,0,0,0,0,0,2,0,0,0,0,0,0,0,0,0,0,0,0,0,0,0,0,0,2,0,0,0,0,0,0,0,0,0,0,0,0,0,0,0,0,0,0,1,0,0,0,0,0,3,0,0,0,1,0,0,0,0,0,0,0,0,0,0,0,0,0,0,0,0,0,0,0,1,0,0,0,0,0,0,0,0,0,0,0,0,0,1,0,3,0,0,0,0,0,0,0,0,0,0,0,0,0,0,0,2,0,0,1,0,0,0,0,0,0,0,0,0,0,0,0
3379,0,0,2,1,0,0,1,2,3,0,0,0,0,0,1,0,2,0,0,2,1,0,3,1,0,0,0,0,3,0,0,0,1,1,1,2,0,3,0,1,2,0,1,0,0,1,1,0,1,0,1,0,1,1,0,0,0,2,0,0,0,1,1,1,1,1,1,0,0,0,0,2,0,0,1,0,0,1,1,0,1,2,0,1,0,4,6,2,0,1,2,0,2,0,0,2,0,0,1,0,3,1,0,1,0,0,0,1,1,1,2,0,1,0,1,0,1,6,3,0,0,1,1,0,0,0,1,0,1,2,1,0,0,3,0,1,0,0,1,1,0,0,1,0,0,1,0,0,1,0,1,1,0,0,0,0,0,1,0,0
3380,6,3,11,1,11,15,2,11,21,4,8,6,4,10,11,7,11,26,12,10,12,3,3,6,0,1,3,6,6,17,5,7,1,1,4,2,1,1,2,2,3,4,6,0,0,2,1,5,5,4,1,3,2,2,2,3,2,1,2,3,1,4,2,2,8,4,5,5,2,1,0,2,0,0,5,10,10,8,7,2,3,4,3,8,3,8,5,3,4,3,5,7,4,2,9,5,7,6,8,5,5,8,0,0,2,7,6,0,1,4,5,11,8,8,4,2,4,3,8,6,4,6,10,6,8,5,6,10,5,1,3,6,3,9,3,5,5,3,3,9,3,7,4,10,2,2,6,3,9,7,1,3,2,5,12,13,3,4,2,1
3381,1,0,1,0,6,6,1,1,0,3,0,0,2,5,4,1,2,4,3,2,7,2,1,1,0,1,2,4,0,1,0,3,3,2,0,3,1,0,0,1,0,1,0,0,2,1,2,1,0,0,1,1,0,0,1,0,0,1,1,1,2,0,0,2,0,0,1,0,1,1,3,2,1,2,3,0,2,1,2,1,1,0,2,1,0,2,1,3,4,4,2,6,0,0,3,3,0,1,3,2,3,3,1,0,0,3,2,2,1,2,2,0,1,0,1,4,1,3,1,1,0,3,4,3,1,2,2,3,4,2,0,5,0,3,1,3,3,2,1,4,2,7,2,2,4,3,4,5,0,2,5,6,3,3,2,3,2,0,1,0
3384,0,0,0,0,1,1,2,0,3,0,0,1,0,1,0,2,1,1,1,0,1,0,0,1,1,1,0,0,0,2,2,1,0,3,1,0,1,1,1,0,0,1,2,0,1,0,0,1,0,0,0,0,0,1,1,0,0,0,0,0,0,0,1,0,0,0,1,1,0,0,0,1,0,0,0,1,1,1,1,0,1,0,0,1,1,2,0,1,1,1,2,0,0,0,1,0,2,1,2,0,1,1,1,0,1,0,0,3,0,0,1,0,0,1,0,1,0,2,1,0,0,1,3,2,3,0,2,2,0,0,0,0,3,0,2,1,1,1,0,1,1,1,0,3,1,0,0,2,1,0,1,1,1,0,1,2,0,0,0,0
3385,0,1,1,1,1,2,0,1,1,0,0,0,4,3,0,1,1,3,1,1,2,0,1,4,1,0,1,0,2,0,1,0,1,0,0,0,0,0,0,0,1,1,2,0,1,1,0,0,1,0,2,0,1,0,1,0,0,0,0,1,1,0,0,0,0,1,0,1,0,0,0,3,0,0,1,0,1,0,0,0,0,0,0,0,1,1,1,2,2,2,0,1,6,2,0,0,0,0,0,0,0,0,0,0,0,1,0,1,1,1,1,1,2,0,1,1,4,2,1,1,0,0,0,0,1,1,0,2,1,0,1,0,0,2,0,1,0,1,1,1,1,0,1,0,0,2,1,0,0,0,1,1,2,0,1,0,0,1,1,1
3387,1,0,0,0,0,4,1,0,7,0,2,1,1,1,2,0,3,1,0,1,0,0,2,0,1,0,0,0,0,0,1,0,0,1,0,0,0,0,0,0,1,1,0,0,0,0,0,0,1,1,0,0,0,1,1,0,0,0,0,1,0,0,0,0,0,0,0,1,1,1,0,1,0,0,0,1,0,0,0,0,0,0,0,1,0,1,0,0,3,2,0,0,2,0,1,0,0,0,0,0,1,0,1,1,0,1,0,1,0,0,0,0,0,1,0,0,0,0,0,0,0,0,0,0,0,0,0,0,1,1,1,0,0,0,0,1,0,1,0,0,1,1,0,0,0,1,0,0,0,0,0,0,0,0,0,0,0,0,0,0
3388,0,0,1,0,1,3,0,1,1,1,0,0,0,0,1,0,2,7,0,2,1,1,5,1,2,0,1,0,1,0,1,2,0,0,0,1,0,0,2,0,0,0,0,0,0,0,0,0,1,0,0,0,1,0,1,0,0,0,0,1,1,0,0,2,0,0,0,1,1,0,1,2,0,0,0,4,4,1,1,1,1,0,0,0,2,0,0,0,0,0,3,1,0,0,2,0,1,0,0,0,0,1,0,1,1,1,0,0,0,0,2,0,3,0,0,0,0,2,0,0,2,1,0,1,3,0,1,0,0,0,1,1,0,0,0,0,0,1,2,0,0,0,0,0,1,1,0,0,0,1,1,0,0,0,1,0,1,0,0,0
3390,0,1,0,2,7,4,2,1,5,1,2,0,2,5,1,0,1,1,0,1,3,0,1,2,1,2,0,0,5,2,0,1,1,1,0,0,0,0,3,0,0,1,0,0,1,0,1,0,0,0,0,0,0,1,1,0,6,1,0,1,0,0,1,0,0,1,0,0,0,2,4,2,1,1,1,1,2,0,2,3,1,1,1,0,0,0,1,0,2,0,1,2,2,2,2,0,0,1,1,0,2,0,0,1,1,0,0,0,0,2,1,2,2,2,4,2,4,2,0,1,1,2,2,1,1,1,0,1,3,2,0,2,0,1,1,0,0,0,0,2,1,0,0,1,0,0,1,1,2,0,1,4,0,0,0,0,0,1,0,0
3391,0,0,0,0,0,1,0,8,1,0,0,0,0,0,0,0,0,0,0,0,0,0,0,0,0,0,0,0,0,0,0,0,0,0,0,0,0,0,0,0,2,0,1,0,0,0,0,0,0,0,0,0,0,0,0,0,0,0,0,0,0,0,0,0,0,0,0,0,0,0,0,2,0,0,0,2,0,0,0,0,1,0,0,0,0,0,0,0,0,0,0,0,0,0,0,0,0,1,0,0,0,0,1,0,1,0,0,0,0,0,0,0,0,0,0,0,0,1,1,0,0,0,2,0,0,0,0,0,0,0,0,0,0,0,0,0,1,0,0,0,0,0,0,1,0,1,0,0,0,0,1,0,2,1,1,0,0,1,0,0
3392,0,1,0,6,2,3,1,1,2,0,0,0,0,3,0,0,0,3,0,1,0,0,0,1,0,1,0,0,0,1,1,0,2,2,1,0,0,0,0,1,0,1,1,0,0,1,2,0,2,0,2,1,2,2,1,2,1,1,0,1,0,0,0,1,1,0,0,0,0,0,1,1,2,1,0,1,3,2,3,1,0,0,0,0,0,3,1,1,1,0,0,0,1,0,0,1,0,0,1,0,0,0,1,0,0,1,0,1,0,0,1,0,0,0,0,0,1,1,0,3,0,1,1,1,0,0,0,2,0,0,2,0,0,0,1,3,1,0,0,0,0,0,2,3,0,0,0,0,1,1,0,0,0,2,0,0,0,0,0,0
3393,0,2,2,14,10,9,3,1,3,2,1,2,5,2,3,3,6,8,4,6,2,7,4,3,2,3,1,4,4,1,0,2,5,2,2,1,1,3,0,1,3,4,3,4,1,1,1,6,0,2,0,1,2,5,1,9,8,3,0,1,1,3,4,0,1,3,2,0,0,0,1,2,3,0,0,3,2,3,4,5,3,0,4,2,2,5,3,7,5,6,4,6,2,4,1,2,2,3,3,1,4,1,1,0,2,1,2,1,3,1,7,1,6,5,3,6,7,1,3,4,1,0,3,4,3,4,1,2,2,2,3,7,1,3,0,0,1,0,1,2,2,2,1,6,2,1,3,4,1,5,6,2,12,3,1,0,1,2,3,2
3395,0,4,0,6,1,1,1,2,4,0,0,0,1,1,1,4,5,1,1,0,9,0,0,3,0,0,0,0,0,0,0,0,0,1,0,0,0,0,0,0,0,0,1,0,0,0,1,0,0,2,5,0,0,0,0,0,3,2,0,0,0,0,0,0,0,0,0,0,0,0,0,1,0,0,0,0,0,0,0,0,0,1,0,1,1,0,0,0,0,0,0,0,0,0,0,0,0,1,1,2,0,0,1,1,2,0,0,0,1,2,1,1,0,2,0,0,0,0,1,0,0,0,0,1,0,0,4,0,0,1,0,0,0,1,1,0,0,0,0,0,0,0,2,1,0,0,1,1,1,1,0,0,2,1,0,1,0,1,0,0
3396,0,1,1,0,3,1,0,0,1,1,0,0,1,0,0,0,0,3,1,0,1,0,1,1,0,0,0,0,0,0,0,1,0,0,0,0,1,1,0,0,2,1,4,0,2,0,0,0,0,0,0,0,0,1,3,1,7,2,0,0,0,0,0,0,0,0,1,0,0,0,1,1,1,0,0,0,0,0,1,3,0,0,0,1,0,0,0,0,1,0,2,2,0,2,3,0,0,1,2,0,1,0,0,0,0,1,1,2,0,1,1,1,3,1,0,0,1,0,0,0,1,1,2,1,1,1,2,0,1,0,1,3,0,0,2,0,0,1,0,0,1,3,0,2,0,0,4,0,1,0,1,1,2,0,6,0,0,0,0,0
3400,5,13,13,9,22,64,14,5,33,1,5,10,4,14,8,34,39,63,21,18,47,14,17,33,8,11,6,13,13,11,16,8,14,13,7,5,9,9,9,7,10,18,8,4,4,6,7,3,7,10,10,5,7,6,3,3,5,10,2,4,8,4,7,9,19,4,7,4,2,6,5,11,5,1,9,8,11,8,15,10,8,3,12,8,7,8,18,8,12,9,10,7,13,13,21,25,14,22,14,11,5,2,8,5,4,15,11,13,11,9,22,14,14,26,22,18,14,28,12,13,12,13,20,11,14,28,14,19,25,20,5,13,5,15,14,8,7,9,7,13,15,22,12,8,10,6,10,5,11,10,21,12,11,11,10,14,5,10,11,2
3401,2,3,2,2,7,36,2,10,22,3,3,3,6,5,7,1,17,28,13,12,25,3,2,8,5,6,9,3,4,7,6,6,8,9,5,2,1,3,3,3,6,6,1,5,7,3,3,1,0,3,3,3,1,1,6,1,2,4,1,5,0,2,4,5,1,2,4,3,3,1,2,5,1,4,2,2,6,3,3,1,4,1,4,6,3,6,1,2,4,4,3,6,5,2,11,7,5,11,5,6,2,1,3,3,3,7,4,4,2,2,15,6,3,8,5,4,11,8,3,11,5,6,6,8,11,2,5,2,7,6,9,2,0,9,8,6,4,1,9,6,3,5,5,6,4,6,3,7,8,8,3,5,5,7,7,3,2,4,3,0
3402,0,0,0,0,0,2,0,1,0,0,0,0,0,0,0,0,0,1,0,0,0,0,0,0,0,0,0,0,0,0,1,1,0,0,0,0,0,0,1,1,1,0,0,0,0,0,0,0,0,0,0,0,0,1,0,0,2,0,0,0,0,0,0,0,0,0,0,0,0,0,0,0,0,0,0,0,0,0,0,0,0,0,0,0,0,0,0,0,0,0,0,0,0,0,0,0,0,0,0,0,0,0,0,0,0,0,0,0,0,0,0,0,0,0,0,0,0,0,0,0,0,0,0,0,0,0,0,0,0,0,0,0,0,0,0,0,0,0,0,0,0,0,0,0,0,0,0,0,0,0,0,0,0,0,0,0,0,0,0,0
3407,0,0,0,1,2,0,1,1,2,0,1,1,0,1,0,3,2,0,3,3,0,0,0,0,0,0,0,0,1,0,1,0,0,4,0,0,0,0,0,0,0,0,0,0,0,0,0,0,0,0,0,0,0,0,0,0,0,0,0,0,0,1,0,0,2,1,0,0,1,0,1,0,0,0,0,0,0,1,0,1,0,0,0,0,0,2,0,0,0,0,2,1,0,1,2,0,0,0,0,0,1,0,0,0,0,0,0,1,0,0,0,0,0,0,2,0,0,1,0,0,1,1,0,1,0,0,1,0,1,2,2,1,0,0,0,1,0,0,0,0,1,1,1,0,0,0,0,0,0,1,0,1,0,0,1,1,0,0,0,0
3409,0,0,1,0,4,3,0,0,4,3,4,0,2,6,1,1,4,7,0,1,5,0,0,1,2,0,0,5,1,1,2,0,2,0,2,1,2,1,1,0,0,0,0,1,0,0,0,0,1,3,1,1,0,0,0,2,1,0,0,0,0,2,1,0,2,2,1,0,0,0,2,1,0,2,1,1,1,1,1,1,0,0,1,1,2,1,0,2,1,1,5,0,4,1,4,1,1,2,2,2,0,2,0,1,3,0,0,0,0,0,1,0,1,3,0,0,1,2,2,0,2,2,1,2,0,2,1,2,0,1,0,2,1,2,5,2,1,0,0,3,1,0,0,0,1,1,0,0,0,1,1,1,1,1,2,1,1,0,1,0
3412,1,0,0,0,0,6,1,0,1,0,0,0,0,1,1,0,2,2,1,1,0,1,1,0,1,0,1,1,2,0,0,0,0,0,0,1,0,0,0,0,0,0,0,0,0,0,0,0,0,0,0,0,0,0,0,0,0,0,1,0,0,0,1,2,1,0,1,0,1,0,0,0,0,1,4,0,0,0,0,0,0,0,0,0,1,1,0,1,0,0,0,1,0,0,0,0,0,0,1,0,0,0,0,0,0,0,0,1,0,0,0,0,0,0,0,0,1,0,0,0,0,0,0,0,0,1,0,1,0,0,0,1,0,0,0,0,0,0,0,0,0,1,0,0,0,0,0,1,1,1,5,2,0,1,0,3,0,0,0,0
3413,0,1,0,0,0,2,0,0,3,0,0,0,0,0,0,0,0,0,0,0,0,0,0,2,0,0,0,0,0,0,0,0,0,0,0,0,0,0,0,0,2,1,0,1,0,0,0,0,0,0,0,0,0,1,0,0,0,0,0,0,0,0,0,0,0,0,0,0,0,0,0,0,0,0,0,0,0,0,0,0,0,0,0,0,0,0,0,1,0,0,0,0,0,0,1,0,0,0,1,0,1,0,0,0,0,0,0,0,0,2,0,0,0,1,0,0,0,0,0,0,0,1,0,0,1,0,0,0,0,0,0,0,0,0,0,1,0,1,0,0,0,1,0,0,0,0,0,0,0,0,0,0,0,0,2,0,0,0,0,0
3414,2,0,2,1,9,13,3,4,5,1,1,0,6,3,1,1,3,3,5,6,4,4,3,0,4,6,1,1,6,0,2,1,4,1,4,0,0,2,1,3,3,5,0,2,1,2,3,0,0,0,0,1,1,0,3,6,3,1,6,2,0,0,1,2,5,2,0,1,0,2,0,2,1,0,1,0,2,2,1,0,2,1,2,3,0,1,1,4,7,1,1,3,6,1,4,1,1,3,3,2,1,3,0,0,2,1,2,2,0,2,3,0,0,1,1,1,1,5,1,3,1,4,2,2,4,0,3,1,3,0,0,1,0,0,3,0,1,3,0,2,3,0,1,2,0,1,3,2,2,6,5,1,0,1,0,1,1,0,5,0
3415,0,0,0,0,0,0,0,0,0,0,0,0,0,0,0,0,0,0,0,0,0,0,0,0,0,0,0,0,0,0,0,0,0,0,0,0,0,0,0,0,0,0,0,0,0,0,0,0,0,0,0,0,0,0,0,0,0,0,0,0,0,0,0,0,0,0,0,0,0,0,0,0,0,0,0,0,0,0,0,0,0,0,1,0,0,0,0,0,0,0,0,0,0,0,0,0,0,0,0,0,0,0,0,0,0,0,0,1,0,0,0,0,0,0,0,0,0,0,0,0,0,0,0,0,0,1,0,0,0,0,0,0,0,0,0,0,0,0,0,0,0,0,0,0,0,0,0,0,0,0,0,0,0,0,0,0,0,0,0,0
3418,2,5,17,6,47,26,1,3,10,0,2,0,0,5,4,4,4,15,2,7,12,4,1,7,7,1,3,4,3,3,4,2,3,10,5,4,0,1,3,1,4,1,3,2,2,1,2,2,2,1,0,4,5,2,4,2,3,1,0,2,0,0,1,0,4,3,1,2,0,0,2,2,0,1,0,2,4,3,5,0,1,1,0,3,0,2,6,4,8,2,1,1,2,4,2,3,0,1,1,2,1,0,1,0,2,2,3,3,3,2,4,1,2,3,2,2,5,2,5,4,0,3,6,5,0,4,8,1,2,4,1,7,0,1,1,0,4,2,0,4,1,0,7,2,0,0,1,4,0,2,2,3,1,1,0,0,1,3,1,0
3419,4,3,1,2,9,12,5,2,5,1,0,0,0,0,7,2,3,2,1,2,2,1,0,0,2,1,0,2,1,0,1,0,0,3,1,1,0,2,0,0,3,0,0,0,0,1,0,0,3,1,0,1,0,0,0,1,6,3,0,0,0,0,0,0,0,0,2,0,0,0,0,0,0,0,1,1,0,0,0,1,0,0,0,0,0,1,0,0,0,1,0,2,0,1,2,2,0,0,0,1,1,0,0,0,0,0,3,1,0,1,1,1,0,0,2,0,0,0,0,1,0,2,4,2,3,0,1,0,1,0,0,0,0,0,1,0,3,0,0,0,0,0,0,3,0,0,0,0,0,0,10,3,0,4,1,2,0,0,1,0
3420,0,0,0,1,2,4,0,0,0,0,0,0,0,0,2,0,1,0,1,0,0,0,0,0,0,0,0,0,1,0,1,0,1,3,1,0,0,0,0,0,0,0,0,0,1,0,0,0,0,0,0,0,0,0,0,0,0,0,0,0,0,0,0,0,0,0,0,0,0,0,0,0,0,1,0,0,0,1,0,0,0,0,0,0,0,0,0,1,2,1,0,0,0,0,0,0,0,0,2,1,0,0,0,0,0,0,0,1,0,0,0,0,0,3,1,1,1,0,0,0,0,0,4,2,0,3,1,0,0,0,0,0,0,0,0,0,0,2,1,0,0,0,1,0,2,0,0,0,0,0,0,0,0,0,0,0,0,0,0,0
3423,0,1,1,1,1,3,0,0,1,0,0,0,0,2,1,2,3,0,0,3,1,1,0,2,0,0,0,0,0,0,0,0,1,0,0,0,0,0,0,1,0,0,0,1,1,1,1,0,0,0,0,1,0,0,0,0,12,0,2,0,0,0,0,0,1,1,0,0,0,0,0,1,0,0,0,0,1,0,0,2,0,1,0,0,0,0,0,1,4,3,2,5,1,0,4,0,0,1,0,0,0,0,0,0,0,0,0,1,0,0,0,0,0,0,0,0,2,0,0,0,0,0,0,1,1,0,0,0,0,0,0,1,0,1,0,0,0,1,0,0,0,0,0,0,0,0,1,1,0,0,2,5,1,1,2,0,0,0,1,0
3424,1,0,2,6,1,4,1,1,1,0,0,0,0,0,2,0,0,0,0,2,1,3,0,2,0,0,0,1,0,0,0,1,0,1,1,1,1,0,0,1,1,0,0,2,0,0,0,1,0,0,1,0,0,0,0,1,0,3,1,2,0,0,0,0,0,0,1,1,0,0,0,2,0,0,0,0,0,0,0,5,1,0,0,1,0,1,1,0,1,0,3,1,5,0,2,0,0,2,2,1,2,2,0,0,0,0,1,0,0,1,1,0,0,1,3,2,0,3,1,1,0,0,3,0,4,2,8,4,1,2,1,1,1,1,3,1,0,1,2,1,1,2,1,2,0,0,0,2,0,1,0,4,1,0,6,0,0,0,0,0
3427,0,1,2,4,4,2,3,6,4,2,3,6,0,3,3,2,3,11,3,3,7,1,3,0,0,1,0,2,1,2,3,1,1,0,0,0,3,6,2,0,3,0,0,3,2,1,1,0,4,2,3,4,2,3,6,5,3,3,1,4,0,0,1,3,2,2,3,1,3,4,2,5,4,1,4,0,8,5,4,3,3,2,2,1,4,3,1,1,5,5,6,6,3,10,11,5,10,2,5,6,7,2,2,6,8,10,21,15,8,10,12,6,13,16,10,2,0,10,17,13,10,12,14,16,8,13,8,11,6,5,11,9,4,5,6,5,4,12,7,5,8,11,13,13,10,10,9,5,4,6,7,10,10,14,6,7,13,9,2,4
3428,2,0,0,0,2,0,1,0,1,0,0,1,0,0,1,3,2,1,0,0,2,1,1,0,0,0,2,0,0,2,0,1,0,0,0,2,0,1,0,1,1,0,2,1,3,1,0,2,0,0,0,0,0,0,2,0,1,0,0,0,0,0,4,0,0,0,1,0,1,2,0,0,2,2,0,0,1,1,0,0,0,0,1,1,0,0,0,2,1,1,0,0,0,0,2,2,2,1,1,0,0,0,1,0,0,0,0,0,1,1,0,0,0,0,1,1,1,2,0,2,1,0,0,1,1,2,1,1,2,2,0,0,0,0,0,0,1,1,1,1,1,1,1,2,1,0,2,1,0,1,1,0,0,0,0,0,1,0,0,0
3429,20,26,40,30,48,73,38,36,51,8,9,20,22,16,35,41,64,71,43,37,70,23,27,26,22,21,24,19,20,19,14,18,11,20,31,23,23,33,31,18,39,32,23,24,37,25,26,17,19,13,8,14,16,14,15,19,9,15,13,13,7,20,27,23,13,30,16,22,14,9,17,13,7,6,25,21,21,11,9,31,22,17,18,22,15,19,31,16,11,16,20,24,30,45,33,34,48,35,57,28,30,7,21,26,25,41,46,44,27,47,31,35,55,44,53,12,6,21,65,63,35,58,67,53,36,44,49,43,39,58,44,41,20,30,27,31,28,26,37,41,37,42,65,44,36,53,39,26,53,50,51,56,57,46,63,48,32,43,35,14
3430,0,0,0,0,0,1,0,0,2,0,0,0,0,0,0,4,0,1,0,0,1,0,0,3,0,0,0,0,0,0,0,0,0,0,0,1,0,0,1,0,1,1,0,0,0,0,0,0,1,0,0,0,0,1,0,0,0,0,2,0,0,1,0,0,0,0,0,0,0,0,1,0,0,0,0,0,0,0,0,0,0,0,0,0,0,0,0,1,1,0,0,0,1,1,0,0,0,0,0,0,0,1,0,0,0,1,0,0,0,0,0,0,0,1,1,0,0,0,2,0,1,0,0,0,1,1,0,1,0,0,1,1,0,1,0,0,1,0,0,0,0,1,0,0,0,1,2,0,1,0,0,0,0,0,0,0,0,1,0,0
3431,4,9,9,5,6,22,5,11,8,4,4,3,3,1,6,7,5,13,7,5,9,1,3,4,2,2,5,5,6,1,3,3,0,2,6,1,6,4,2,6,1,6,5,6,7,3,6,1,0,7,6,4,5,3,3,1,3,1,2,2,2,3,4,0,1,2,1,0,4,3,2,5,2,2,6,4,4,3,4,2,0,5,3,4,1,5,2,3,5,3,4,4,5,0,6,4,12,4,6,3,3,1,3,4,3,12,6,3,6,4,6,5,3,4,10,2,11,7,6,4,4,4,6,5,4,3,5,6,5,12,2,7,4,5,11,8,6,3,7,4,5,4,3,6,5,5,8,3,4,5,7,2,7,7,8,4,2,3,2,0
3432,0,0,0,0,0,1,0,0,1,0,0,0,0,0,0,0,0,1,0,0,1,0,0,0,0,1,0,1,0,0,0,0,0,0,0,1,1,1,0,0,1,0,0,0,0,1,0,0,0,0,0,0,1,0,0,1,0,1,0,0,0,0,0,0,0,0,0,0,0,0,0,1,0,0,0,0,0,0,0,0,0,0,0,1,0,1,0,0,1,0,0,1,0,0,1,1,0,1,0,0,0,0,0,0,0,0,0,0,0,0,0,0,0,0,0,1,0,0,1,0,0,0,1,1,1,0,0,0,1,0,0,1,0,0,0,0,0,0,1,0,0,1,0,0,0,1,1,0,1,0,0,1,0,0,0,0,0,0,0,0
3433,0,0,0,0,0,0,0,0,0,1,0,0,0,1,0,1,0,0,1,0,1,0,0,0,1,0,0,0,0,1,0,0,0,0,0,0,0,1,0,0,1,0,0,0,0,0,0,0,0,2,0,0,0,0,0,1,0,0,1,0,0,0,0,0,1,0,0,0,0,0,0,1,0,0,1,0,1,1,1,0,0,0,0,0,0,0,1,0,1,0,0,0,0,0,1,0,0,1,0,0,0,0,1,0,0,2,0,0,0,0,1,0,1,1,2,0,1,0,0,2,0,1,0,0,0,0,0,1,0,0,0,0,0,0,1,0,1,0,0,0,0,0,1,1,1,0,0,1,0,0,0,0,0,0,0,0,0,1,0,0
3434,5,2,8,10,11,16,6,9,14,3,5,1,1,4,4,11,7,17,7,3,11,7,8,3,1,6,1,6,3,4,2,2,2,6,3,3,8,4,2,6,7,5,6,3,5,6,3,0,3,5,1,2,2,2,4,2,2,3,2,3,2,7,9,2,1,4,1,3,4,3,1,2,4,4,3,5,3,2,3,4,4,3,4,2,3,10,5,4,13,8,8,1,6,14,12,7,3,7,6,13,11,1,10,4,3,5,13,1,5,5,3,5,7,5,6,12,7,5,6,10,4,5,6,14,10,9,7,17,9,6,8,11,5,5,8,8,2,7,6,8,11,7,8,11,4,5,6,7,7,7,7,8,8,6,6,13,1,6,5,1
3435,1,5,3,6,5,6,2,7,12,1,1,4,2,2,6,4,0,7,5,6,8,2,1,4,1,3,0,5,3,2,5,1,2,2,3,1,1,3,4,2,0,1,3,3,8,5,0,4,2,3,4,1,1,2,2,2,1,1,3,3,2,4,2,1,1,2,4,3,1,2,1,1,3,4,5,3,5,5,4,2,2,10,3,3,2,4,1,1,7,2,4,1,1,4,9,4,3,8,2,6,2,1,2,6,3,3,5,4,5,6,2,4,7,9,2,4,7,4,3,2,5,2,3,8,6,2,1,4,7,10,6,2,4,7,1,5,3,3,3,3,4,0,3,6,3,6,5,1,3,3,6,7,6,2,3,6,5,2,3,1
3437,1,15,13,14,21,40,7,9,25,2,5,4,9,7,14,7,17,29,14,12,23,6,7,11,4,3,5,8,5,2,2,0,4,9,5,5,5,5,8,4,4,10,9,9,16,9,12,6,7,5,10,10,10,5,8,5,2,4,9,11,1,15,5,11,3,9,3,6,7,2,8,6,8,12,6,11,9,8,9,5,14,13,7,6,8,7,14,10,10,17,11,11,10,9,22,11,15,9,12,19,5,6,5,13,8,9,13,9,14,11,12,11,15,15,22,18,14,13,15,9,13,14,15,10,18,10,11,14,9,15,17,12,7,9,9,7,9,7,14,8,14,10,17,15,10,14,15,19,10,17,15,15,12,15,20,16,10,9,7,5
3438,1,2,5,0,3,5,5,4,7,0,0,1,0,1,1,2,7,10,4,1,7,3,1,5,0,1,2,0,1,1,0,0,1,3,1,1,4,2,6,0,3,0,1,2,1,0,2,1,2,2,1,0,1,2,0,0,1,1,0,1,2,4,0,2,3,2,1,0,0,4,1,8,2,2,0,2,0,1,1,1,0,0,2,0,2,3,1,3,1,3,2,3,2,1,3,4,3,2,4,1,1,1,3,1,1,3,1,3,3,1,5,5,3,1,3,1,3,4,0,2,0,3,2,2,2,2,1,4,2,0,5,5,2,2,2,3,4,3,0,5,2,2,2,2,3,9,1,3,1,3,6,4,5,1,3,5,1,1,3,5
3440,2,3,3,1,7,10,0,5,3,0,3,0,3,3,0,0,4,8,1,0,3,2,0,1,2,0,1,0,0,0,0,1,0,1,0,0,0,0,0,1,2,0,1,0,4,4,2,3,2,1,0,0,2,2,2,0,0,2,0,2,1,3,3,2,2,0,2,1,0,0,2,0,2,0,0,0,1,4,1,0,0,3,1,1,1,4,3,3,2,1,3,1,0,3,2,3,3,1,1,4,0,1,2,0,2,2,2,3,0,2,2,2,0,2,1,1,2,3,2,2,3,3,3,1,1,0,0,2,1,2,2,2,3,1,3,1,1,0,3,1,0,3,2,5,2,3,2,2,1,1,2,2,2,2,1,3,0,2,1,2
3441,1,0,2,1,1,3,0,1,1,0,0,0,0,0,1,1,1,0,0,1,5,1,0,1,0,0,0,0,1,0,1,1,0,0,0,0,0,2,1,1,1,0,2,3,0,1,2,4,2,0,2,0,1,0,0,0,1,1,0,0,1,0,1,3,1,1,0,1,1,2,1,0,1,0,0,1,3,0,0,1,0,1,2,2,0,0,2,2,2,1,1,1,2,1,1,2,0,0,3,0,1,0,2,1,2,1,0,3,1,2,3,0,3,1,0,0,2,2,1,0,0,0,1,0,1,0,0,1,5,2,1,2,1,1,2,1,2,1,2,1,0,0,0,2,2,1,3,1,0,4,2,0,2,2,1,0,1,1,2,0
3442,6,8,13,14,16,27,12,13,20,6,8,2,5,2,8,9,6,15,14,12,24,3,4,11,3,6,6,9,9,5,5,2,4,5,3,4,8,1,4,6,5,2,1,8,5,7,6,7,1,9,4,7,5,8,4,7,8,6,3,7,4,8,10,6,6,7,2,9,5,3,8,5,5,13,13,9,9,7,4,10,6,10,16,6,6,10,8,5,5,10,4,9,5,11,13,9,10,14,23,20,26,16,10,10,12,15,13,6,14,15,17,23,13,11,12,18,21,17,16,22,8,12,17,20,14,18,10,19,14,18,19,16,10,13,13,5,13,10,17,12,18,15,21,9,8,21,15,15,17,15,17,12,15,13,13,14,11,11,9,7
3444,21,4,14,12,26,35,15,21,15,5,9,4,2,7,11,9,26,14,8,12,20,8,7,10,7,7,5,5,6,9,3,4,3,7,5,5,3,5,5,5,7,6,15,12,4,6,8,12,7,9,14,7,9,11,16,7,11,4,6,9,13,18,11,12,4,7,6,15,10,6,7,9,10,13,10,3,15,10,3,5,13,9,8,14,7,13,10,12,11,14,13,9,8,19,10,7,11,15,21,14,16,6,5,7,8,11,7,11,6,15,26,13,8,10,22,11,11,24,9,14,9,15,18,16,12,8,10,22,18,13,12,8,9,5,20,11,15,4,12,17,16,13,13,16,4,17,9,11,13,12,3,24,21,11,14,14,10,8,13,1
3446,0,3,2,4,2,2,2,1,3,0,1,2,4,2,0,0,3,3,2,2,4,1,1,4,1,2,1,3,0,1,2,2,3,0,2,0,0,0,1,0,0,1,0,0,2,1,0,2,1,0,0,2,2,0,0,0,3,0,1,2,2,6,7,2,2,1,0,3,1,1,1,0,0,0,0,0,2,2,2,0,2,1,0,1,0,0,4,1,1,2,1,1,2,2,3,2,2,1,1,0,0,1,2,1,1,2,3,0,1,2,3,3,0,4,3,1,2,1,1,4,0,2,1,0,2,2,1,2,0,0,0,2,2,1,2,0,0,2,2,2,2,3,2,1,1,1,4,2,4,3,2,4,3,2,2,1,0,0,1,0
3447,0,0,1,1,0,4,1,1,1,0,2,1,0,0,1,1,4,1,2,0,1,0,2,0,0,3,0,0,0,0,0,1,1,0,2,1,0,0,1,1,1,1,0,1,3,1,1,0,1,0,1,0,1,0,2,0,1,1,1,0,1,1,2,1,0,0,0,0,1,0,1,1,0,0,0,0,1,0,2,3,0,1,0,0,1,1,1,0,0,1,1,0,0,0,2,1,0,2,1,1,1,0,0,1,1,2,1,0,1,1,1,1,2,1,3,2,1,1,0,1,1,0,1,3,1,1,1,2,1,0,0,0,2,2,1,1,1,0,0,3,1,1,1,2,1,1,1,0,1,0,2,1,0,1,1,0,0,1,1,0
3448,3,4,1,1,4,5,1,3,5,1,1,4,1,4,1,0,4,2,2,2,4,2,0,4,1,1,1,2,0,0,2,0,1,2,0,1,0,1,1,3,3,1,1,1,2,2,0,1,1,2,2,0,1,2,0,1,3,0,1,1,0,0,0,1,0,1,0,0,6,0,2,3,2,0,5,1,1,2,2,1,0,1,1,1,0,0,2,1,1,0,0,1,2,1,1,2,2,3,1,2,1,0,1,0,2,4,1,1,3,2,3,2,0,2,0,1,4,3,1,5,1,4,1,1,2,5,3,4,1,1,1,1,0,1,2,1,1,0,0,0,1,1,1,3,1,1,2,1,1,4,1,2,4,2,1,3,0,3,2,0
3450,11,13,13,11,34,45,27,21,23,6,8,7,7,5,4,9,15,26,8,8,20,7,1,5,5,6,5,9,7,8,6,3,2,5,4,8,2,10,5,6,3,7,7,8,29,28,29,18,17,10,6,6,6,4,9,15,18,9,4,7,7,14,21,3,7,3,3,7,10,3,10,10,6,7,4,5,6,9,9,5,4,7,4,9,3,9,18,13,6,7,8,8,4,10,12,12,8,7,14,16,4,5,6,9,17,11,9,12,9,11,11,5,10,6,12,12,11,12,11,10,7,7,7,5,6,6,11,10,13,10,15,7,6,8,9,4,12,8,7,4,9,8,8,9,7,9,7,4,9,6,14,10,4,8,15,17,8,14,5,1
3451,2,6,0,10,17,38,10,12,17,4,3,3,2,3,7,3,8,18,5,6,18,4,7,7,4,4,5,10,3,5,3,4,6,3,2,3,2,2,9,3,4,4,4,4,10,17,10,11,9,6,7,3,5,4,6,11,3,2,6,3,4,8,4,5,3,5,2,3,7,5,5,13,9,11,9,5,3,5,6,8,2,5,5,10,7,12,6,8,9,12,3,8,10,8,16,12,6,11,7,11,10,5,5,7,7,8,10,10,2,12,8,10,9,8,8,14,10,18,8,5,6,7,12,8,3,12,21,12,14,8,11,8,8,13,9,9,9,10,13,14,9,6,6,10,8,8,6,9,7,12,10,13,7,9,7,5,6,15,6,1
3453,2,2,5,5,9,6,1,3,15,1,5,5,3,1,4,1,4,5,2,1,7,3,2,2,1,6,4,3,2,1,1,2,1,4,4,2,2,1,1,2,4,1,3,0,1,4,10,4,4,3,3,5,5,5,0,1,4,0,2,1,3,2,5,3,1,0,1,0,3,3,4,3,1,3,2,2,1,1,3,3,4,0,2,3,2,1,8,1,5,6,5,2,3,3,2,5,5,4,2,2,1,0,1,2,3,2,6,2,3,1,2,5,1,3,0,7,4,3,3,5,3,1,6,2,4,2,3,6,7,5,3,3,0,4,5,1,2,3,2,6,3,1,1,6,2,2,5,1,4,3,2,7,3,4,4,1,2,0,1,1
3458,0,2,3,4,5,4,5,8,7,0,1,4,1,5,1,1,6,7,3,3,5,1,3,1,1,1,1,3,2,3,5,1,0,4,4,2,1,2,3,0,2,1,7,1,4,1,2,4,1,2,5,2,0,2,4,1,3,0,1,1,1,4,1,3,2,1,2,3,6,1,2,2,0,0,6,1,3,5,3,1,3,1,0,0,0,5,4,4,2,2,1,5,5,8,8,4,5,4,4,8,6,3,3,3,2,5,3,1,3,3,4,5,6,2,5,3,3,3,1,1,2,4,7,3,1,4,4,5,5,6,8,4,3,6,9,6,3,3,4,2,11,5,6,1,3,5,7,1,9,5,5,0,6,2,5,7,2,3,4,0
3460,3,4,1,2,7,11,1,7,3,1,2,1,2,3,1,2,7,3,6,3,7,7,4,2,4,4,2,1,4,1,1,5,3,3,2,7,2,0,3,1,1,4,1,0,4,4,6,3,2,2,2,2,2,3,1,0,4,3,1,1,3,2,0,0,4,2,1,1,1,1,0,2,3,0,1,1,2,5,3,6,3,3,3,3,0,1,1,0,7,4,3,4,2,11,4,7,2,2,8,4,4,0,4,4,1,2,4,2,4,4,0,7,6,5,7,8,7,5,3,3,2,1,5,2,3,3,5,7,3,3,6,8,1,2,4,10,2,5,3,4,6,4,2,3,5,7,2,1,6,10,3,1,4,4,6,3,7,1,2,2
3461,6,8,9,2,8,17,9,10,13,4,2,2,2,5,3,8,5,8,7,5,12,12,6,10,5,3,1,11,3,6,5,4,8,6,10,4,4,6,7,1,4,5,6,5,7,6,6,1,6,3,6,6,3,3,6,3,4,2,3,5,4,11,7,6,3,2,1,5,7,2,1,4,2,4,6,4,8,2,2,2,11,8,6,5,2,3,4,3,4,14,6,8,7,7,12,12,7,4,12,12,9,5,7,3,11,6,13,5,5,3,7,4,11,7,17,9,14,7,11,7,3,6,12,12,14,4,5,9,11,6,7,8,9,5,6,9,8,7,7,3,5,4,3,10,5,9,12,7,8,4,9,15,6,6,6,6,1,10,5,2
3462,2,5,5,2,7,8,8,3,7,1,1,0,2,0,0,1,4,3,4,3,1,2,0,1,0,0,2,2,3,3,3,3,0,4,1,2,1,0,1,1,0,1,1,1,1,2,1,2,4,1,2,1,4,1,1,4,3,1,2,0,1,5,1,0,1,2,0,0,1,0,1,2,2,4,1,5,0,3,0,3,4,4,2,4,2,3,1,1,3,2,2,2,0,3,2,3,1,1,1,3,1,0,0,4,3,2,0,0,4,1,5,2,2,2,2,1,3,2,3,4,1,0,4,4,2,1,0,2,1,2,3,1,1,1,1,0,2,2,1,2,1,0,1,0,3,4,0,1,1,1,1,1,1,2,3,0,2,2,1,0
3463,5,7,5,4,9,19,5,5,14,1,2,1,4,1,2,4,8,12,10,4,9,1,4,1,4,4,8,5,1,4,7,6,4,6,6,4,4,7,7,7,2,4,4,7,5,12,4,5,4,3,2,0,2,1,1,3,7,4,4,6,1,2,5,2,1,3,2,6,3,0,1,4,3,5,4,2,4,4,6,5,4,1,4,2,4,0,4,2,3,7,4,3,2,4,5,7,5,4,3,4,1,1,4,5,2,6,4,5,2,10,5,3,4,5,4,6,5,6,1,5,3,9,5,3,3,7,10,5,3,4,5,3,3,2,6,1,7,2,3,6,3,5,4,5,2,4,6,4,2,6,3,4,3,4,3,2,3,2,2,1
3464,2,3,0,2,3,4,1,0,6,4,0,0,2,2,0,1,2,5,4,5,5,1,4,3,2,1,1,3,3,0,2,1,1,1,1,0,0,4,0,0,1,0,3,1,0,2,0,0,0,2,2,1,2,0,0,2,2,1,1,1,0,1,0,2,0,2,0,1,0,0,1,1,1,2,3,3,2,0,0,3,2,1,4,2,0,1,0,0,4,0,0,1,1,4,1,1,1,0,1,2,1,0,1,0,2,3,1,3,0,3,0,2,0,2,0,0,2,1,3,2,1,4,6,2,2,0,0,2,0,0,1,0,0,4,0,4,1,1,2,1,2,1,0,2,1,0,3,0,3,3,0,1,3,2,1,3,1,1,2,0
3465,5,7,14,16,23,52,22,12,39,4,12,3,3,11,13,18,27,51,27,22,52,12,20,12,7,11,6,10,11,8,13,8,7,16,16,7,2,9,13,10,8,8,16,5,9,6,10,11,7,3,11,4,9,7,5,10,12,8,3,1,2,3,5,4,8,2,13,6,13,4,5,9,5,4,4,8,14,5,10,11,8,14,9,7,10,4,15,7,13,10,10,22,3,17,20,13,11,19,22,22,19,3,4,6,7,9,11,7,13,16,10,11,7,8,14,4,15,10,8,12,8,14,22,15,12,11,14,11,8,12,20,10,4,11,16,6,9,12,10,11,16,7,25,15,8,9,10,7,11,19,10,21,10,6,14,9,1,10,8,1
3467,0,3,1,4,2,2,2,4,6,0,0,0,1,1,1,1,1,3,7,0,5,0,1,4,1,1,1,3,2,2,5,4,1,5,1,1,2,0,0,0,0,2,2,1,2,4,2,4,1,5,1,0,0,0,4,1,3,2,1,2,0,1,1,1,2,0,2,3,0,1,2,2,3,3,1,5,9,5,3,1,2,7,0,1,4,4,4,9,5,1,2,1,1,1,4,0,1,1,5,1,5,3,3,1,1,1,0,2,0,1,7,2,2,1,0,2,3,3,2,2,0,0,0,1,0,1,0,2,0,0,2,2,1,1,2,0,1,0,1,2,1,0,2,1,2,0,4,0,2,1,2,2,1,5,1,0,1,1,1,0
3468,0,1,0,0,1,4,0,1,0,2,0,1,1,0,0,0,0,1,2,0,0,0,0,0,1,1,0,0,2,1,0,1,0,0,0,1,0,0,0,0,0,0,0,0,0,0,1,0,0,0,0,0,0,1,0,0,2,3,0,5,0,2,0,0,0,0,0,1,0,0,0,0,0,0,1,0,2,1,1,2,0,1,0,1,0,1,0,0,0,0,0,0,1,1,0,1,2,0,1,0,0,1,0,0,0,1,0,0,0,0,0,0,0,1,1,0,0,2,0,1,0,1,1,0,0,1,0,2,1,0,0,0,0,0,1,0,0,0,0,2,0,1,0,1,0,2,1,0,0,0,0,0,1,0,0,0,0,0,0,0
3469,0,0,0,0,2,1,0,1,0,0,0,0,0,0,0,2,0,0,0,0,2,1,0,1,0,0,0,0,0,0,0,0,0,0,0,1,0,1,0,0,0,1,2,0,0,0,0,0,0,1,0,0,1,1,0,0,0,1,0,1,0,0,1,0,0,0,0,1,0,1,0,1,2,0,1,1,0,2,0,1,0,1,0,0,0,0,1,0,0,1,2,0,0,0,0,0,2,0,2,1,0,0,0,0,0,0,0,0,0,0,0,1,2,0,0,1,1,2,0,1,0,0,1,1,0,1,0,0,2,2,1,0,0,0,0,0,0,0,0,0,1,0,2,1,1,0,0,0,0,0,2,0,0,0,0,0,1,0,0,0
3472,1,1,5,2,6,15,3,2,0,1,2,0,1,4,1,4,5,7,3,1,4,0,4,5,2,4,0,6,2,1,2,0,1,10,4,3,8,6,5,1,5,3,2,1,2,0,4,0,1,1,0,1,3,1,2,0,1,4,2,1,3,1,1,1,2,2,1,2,2,0,2,0,0,2,1,2,1,2,0,2,1,3,0,0,1,0,3,2,2,3,3,0,1,0,2,11,15,4,7,1,2,3,2,0,0,0,3,4,4,1,2,2,3,3,2,1,4,5,0,3,0,1,2,2,3,3,1,5,3,5,3,4,1,7,1,0,0,1,2,1,1,1,4,6,1,2,3,1,4,1,4,3,1,1,2,5,1,1,0,0
3475,0,2,0,1,1,1,0,2,5,0,2,1,0,0,1,0,1,0,0,0,0,1,0,0,1,0,0,0,0,0,0,0,0,1,1,1,0,1,0,0,0,0,0,0,2,1,0,0,1,0,0,0,0,0,0,1,0,0,0,0,0,0,0,2,1,1,1,1,0,1,0,1,0,0,3,1,2,0,0,1,0,0,0,0,0,0,1,5,1,2,2,0,0,0,1,1,1,0,0,0,1,0,1,1,0,0,0,2,0,1,1,0,0,0,0,3,0,0,0,0,1,0,0,2,1,0,0,0,0,0,1,0,0,0,3,0,2,0,1,1,0,1,0,1,0,0,0,0,0,0,0,1,0,0,1,0,0,0,1,0
3477,0,3,1,1,10,6,1,1,5,0,0,1,1,0,1,1,3,2,5,1,8,0,2,0,1,0,1,0,0,0,1,0,1,0,1,0,1,0,2,0,0,0,0,0,1,1,1,0,0,1,1,0,0,0,0,1,3,1,0,0,0,1,3,0,0,0,0,2,0,3,1,1,0,0,0,0,0,0,1,0,2,0,0,1,1,1,1,2,1,0,0,1,2,3,2,0,1,1,0,2,1,0,0,0,2,3,1,2,0,1,0,1,3,0,4,0,1,0,2,1,1,3,0,3,3,2,2,3,1,0,0,3,0,1,2,0,3,0,2,1,2,1,0,1,1,1,1,1,1,1,1,1,1,0,1,1,2,0,0,0
3478,0,1,4,10,7,23,4,5,9,2,4,2,2,1,3,7,6,14,6,7,6,0,3,4,2,6,3,2,4,0,2,0,2,0,1,2,0,1,1,0,0,2,3,3,3,2,3,2,0,6,0,0,2,2,1,2,6,9,5,3,1,5,1,1,2,0,2,1,0,3,1,1,2,0,2,1,0,2,1,2,2,6,1,0,2,2,7,5,1,4,2,3,4,8,4,3,3,3,3,6,2,2,3,2,1,2,4,1,1,2,2,3,3,2,4,1,7,5,3,4,1,5,3,6,14,8,6,2,4,3,9,4,0,1,3,0,3,4,2,3,2,4,2,3,4,5,2,2,3,1,3,4,4,1,4,1,1,2,0,1
3480,1,2,0,2,5,8,1,1,1,0,0,1,0,1,1,0,1,2,1,2,4,1,1,3,0,0,0,2,0,3,1,2,0,3,1,0,1,0,3,3,3,1,1,2,3,1,1,1,1,1,0,0,2,0,0,0,0,0,0,6,0,3,0,2,1,3,1,0,1,1,1,2,1,1,0,1,0,1,3,5,0,0,0,2,2,1,5,5,1,2,1,2,1,2,4,3,2,1,2,4,0,0,2,0,2,2,1,3,0,1,0,2,4,11,4,2,3,2,5,0,0,2,6,3,4,3,3,0,2,0,4,3,3,0,14,3,9,1,3,2,0,0,0,6,1,3,2,0,0,3,3,3,3,2,1,3,0,2,3,0
3482,0,0,0,0,0,0,0,0,1,0,1,0,0,1,0,0,2,2,0,0,0,0,0,0,0,0,0,0,0,0,0,0,0,0,0,0,0,0,0,0,0,0,0,0,0,0,1,0,0,0,0,0,0,0,0,0,0,0,0,1,0,0,4,0,3,0,0,0,1,0,1,0,0,0,0,0,1,0,1,1,0,0,0,0,0,0,0,1,0,0,0,1,1,0,0,0,0,0,1,0,1,0,1,0,2,0,2,0,0,0,0,1,0,1,0,0,0,0,2,2,0,0,0,1,0,0,0,2,0,1,0,0,0,2,0,0,1,0,0,0,0,1,0,0,0,1,0,1,0,0,0,1,0,0,0,0,0,0,0,0
3483,0,0,1,2,1,1,0,0,2,0,1,0,0,2,0,0,1,2,1,2,2,0,1,0,0,1,0,2,1,1,1,0,1,1,0,0,2,3,1,0,5,5,2,0,0,0,0,1,1,2,0,2,1,0,0,1,0,0,0,0,0,0,0,0,6,1,1,0,0,5,0,0,0,1,1,2,2,0,2,2,2,2,7,1,1,3,3,1,1,2,4,1,0,0,0,0,1,0,1,0,2,3,0,0,0,0,2,4,0,1,1,0,0,3,4,1,0,3,4,2,1,0,0,1,1,6,0,2,0,0,3,2,0,0,1,0,0,1,0,0,0,0,1,3,0,1,0,2,0,1,0,2,0,0,0,1,0,0,0,1
3485,0,2,1,0,1,0,0,0,1,0,0,0,0,2,0,0,1,1,0,3,0,0,0,0,0,0,0,0,0,0,1,0,2,1,0,0,0,0,2,0,0,0,1,0,0,1,1,0,0,0,0,0,0,1,0,0,0,0,0,0,0,0,0,0,1,0,0,0,0,0,0,0,0,0,3,0,1,0,0,0,2,4,0,1,0,1,2,0,0,1,1,0,0,0,0,0,0,0,0,2,0,0,0,0,0,0,0,0,0,1,0,0,2,0,0,0,1,0,1,0,1,0,0,0,0,0,0,0,2,0,0,1,0,0,1,1,0,0,0,1,0,0,0,0,1,1,2,0,0,2,0,0,3,0,1,0,0,0,1,0
3487,0,1,0,0,0,1,0,0,0,0,0,0,0,0,0,0,0,1,0,1,1,0,0,0,0,0,0,0,0,0,0,0,0,1,0,0,2,0,0,0,0,0,0,0,0,0,0,0,0,0,0,0,1,0,0,0,0,0,1,0,0,0,0,0,0,0,0,0,0,0,0,1,0,0,0,0,0,0,0,0,0,0,0,0,0,0,0,0,0,0,0,2,0,0,0,0,0,0,0,0,0,0,0,0,0,0,0,0,0,0,0,1,0,0,0,0,0,0,0,0,0,0,0,0,0,0,1,0,0,0,0,0,0,0,0,0,0,0,0,0,0,0,0,0,0,0,0,0,0,0,0,0,1,0,1,0,0,0,0,0
3488,0,0,0,1,1,0,0,1,1,0,1,0,0,0,0,0,0,0,0,0,0,0,0,0,0,0,0,0,1,1,0,0,0,0,0,0,0,0,0,0,0,0,0,0,0,0,0,0,0,0,0,0,0,0,0,0,0,0,0,0,0,0,0,0,0,0,0,0,0,0,0,0,0,0,0,0,1,0,0,0,3,0,1,0,0,1,0,0,0,0,0,0,0,0,0,0,0,0,1,0,1,0,0,0,0,0,0,0,0,0,0,0,0,0,0,0,0,0,0,0,0,0,0,0,0,0,0,0,0,0,0,0,0,0,0,0,1,0,0,0,0,0,0,0,0,0,0,0,0,0,0,0,2,0,0,0,0,0,0,0
3489,0,0,0,0,0,1,1,0,0,0,0,0,0,0,0,0,0,0,0,0,0,0,0,0,0,0,0,0,0,0,0,0,0,0,0,1,0,0,0,0,0,0,0,0,0,0,0,0,0,0,0,0,0,0,0,0,0,0,0,0,0,0,0,0,0,0,0,0,0,0,0,0,0,0,0,0,1,0,0,0,0,0,0,0,0,0,1,0,0,0,0,0,0,0,0,0,0,0,0,0,0,0,0,0,0,0,0,0,0,0,0,0,0,0,0,0,0,0,1,0,0,0,0,0,0,0,0,0,0,0,0,0,0,0,0,0,0,0,0,0,0,2,0,0,0,0,0,0,0,1,0,0,0,0,0,0,0,0,0,0
3490,1,0,2,0,0,3,3,1,4,0,1,0,0,5,2,3,3,9,3,3,6,2,2,3,3,1,0,1,1,3,0,5,3,0,2,0,0,3,0,0,3,6,1,1,0,2,0,1,1,0,0,1,0,2,0,0,0,0,1,0,0,3,1,2,0,4,0,0,2,0,0,2,0,2,0,2,1,0,2,0,3,0,2,1,0,0,2,1,5,0,0,0,0,0,0,2,3,1,2,2,2,0,0,1,0,0,1,1,1,0,0,1,0,0,0,1,1,2,1,3,2,1,1,2,0,0,1,1,0,1,0,2,0,1,1,3,1,5,1,3,0,2,1,1,1,2,3,1,0,16,2,1,1,2,0,2,0,1,0,0
3491,0,0,0,0,0,0,1,0,0,0,0,0,0,0,0,0,0,0,0,0,0,0,0,0,0,0,0,0,0,0,0,0,0,0,0,0,0,0,0,0,1,0,0,0,0,0,0,2,0,1,0,0,0,0,0,0,0,0,0,0,0,0,0,0,0,2,0,0,0,0,0,2,0,2,0,0,0,0,0,0,0,0,0,0,0,0,2,0,0,0,1,0,0,0,0,0,0,2,0,0,0,0,0,0,0,1,0,0,0,0,0,0,1,0,0,0,0,0,0,0,0,0,2,0,0,1,1,1,1,0,0,0,0,0,2,0,0,0,0,0,0,0,0,0,0,0,0,0,0,0,0,0,1,0,0,0,0,0,0,0
3494,0,0,0,0,2,1,0,0,5,0,0,0,1,0,0,0,1,1,0,0,2,0,0,0,0,0,1,0,0,0,0,0,0,0,0,0,0,0,1,0,0,0,2,0,1,1,0,1,0,0,0,2,0,1,0,0,0,0,0,2,0,1,0,0,0,0,1,0,0,0,0,0,0,0,0,1,1,0,0,0,0,0,0,0,0,0,0,0,0,0,0,1,0,3,0,0,0,0,0,2,2,0,0,2,0,0,1,1,3,1,8,1,1,2,0,2,4,1,1,5,1,1,0,0,1,0,1,2,3,1,0,0,0,0,0,1,1,0,0,0,1,0,2,0,0,1,1,1,2,1,0,0,0,0,8,0,0,0,0,0
3496,4,3,5,5,6,21,10,9,9,2,1,1,4,2,2,6,12,14,3,10,17,4,8,14,1,1,7,2,10,11,12,2,6,10,5,6,6,3,7,3,4,5,12,2,0,6,6,3,0,7,5,4,2,4,5,3,4,2,3,2,1,6,0,4,7,4,3,4,3,5,2,4,3,3,5,5,10,11,7,4,3,4,11,13,3,7,5,13,11,5,6,4,5,3,10,11,5,13,13,18,8,5,7,11,5,7,16,9,9,12,11,10,7,5,19,13,13,10,6,17,8,10,14,8,6,2,6,15,17,5,5,8,5,8,6,9,10,9,5,14,17,8,9,12,7,9,10,4,9,9,7,15,8,8,6,4,4,6,6,0
3498,2,1,2,0,10,16,2,5,8,0,3,3,2,2,3,2,15,15,2,4,20,6,3,3,2,7,4,10,2,1,8,6,5,4,6,4,1,2,5,2,4,4,2,5,3,5,4,4,2,2,5,4,1,1,8,6,0,1,2,1,0,1,2,0,0,5,3,4,2,1,4,3,2,3,3,5,4,4,5,7,3,3,2,4,4,9,10,6,2,8,5,5,5,10,7,15,7,14,10,10,12,4,4,2,3,14,11,9,9,7,11,7,12,11,13,16,14,18,10,9,7,13,8,6,7,7,13,10,10,9,11,10,3,5,11,7,9,7,6,16,11,6,11,8,10,12,10,11,7,11,9,9,5,6,7,6,7,4,8,2
3500,29,9,26,6,30,56,20,21,44,5,9,14,11,16,19,19,41,77,13,22,68,12,14,33,11,11,24,21,28,24,21,17,10,20,19,14,8,16,23,19,17,28,30,19,13,34,20,18,6,30,17,11,16,7,15,18,17,14,11,15,3,15,13,16,25,10,10,9,20,15,14,29,38,14,17,16,21,26,23,15,20,29,23,32,13,41,49,29,27,23,22,25,26,29,47,36,27,31,43,60,21,12,21,25,21,35,51,61,26,37,45,43,59,52,60,66,68,66,71,50,31,60,66,49,41,35,44,51,51,56,45,60,29,38,47,35,34,28,34,38,32,37,45,51,45,49,41,14,49,47,48,26,41,38,38,26,13,28,45,11
3501,1,0,2,2,3,8,1,4,8,1,0,0,3,1,3,3,4,10,1,4,6,3,3,8,3,2,2,1,2,0,3,1,5,4,1,4,1,3,2,2,1,5,7,1,3,4,1,0,2,1,1,4,1,1,0,1,0,0,1,0,0,2,1,1,0,0,0,2,1,0,1,3,0,1,3,1,3,1,0,3,2,3,1,6,0,2,5,3,2,2,0,1,3,6,2,7,2,2,2,3,4,3,5,4,1,4,4,3,0,4,6,4,6,2,9,8,10,7,9,6,2,6,5,5,5,2,4,2,7,6,5,6,1,5,4,1,4,3,3,7,2,3,2,1,7,2,0,0,3,3,4,3,7,5,1,4,1,1,2,0
3502,0,0,0,0,0,2,1,0,1,0,1,0,0,0,1,1,2,2,0,0,3,0,0,2,0,0,0,0,0,0,0,0,0,1,0,0,0,1,0,0,0,0,1,0,0,0,0,0,1,2,0,1,0,0,2,0,0,0,0,0,0,0,0,0,0,0,0,0,0,0,0,0,0,0,0,0,0,0,0,0,0,0,0,0,0,0,0,0,0,0,0,0,0,0,0,0,0,0,0,0,0,0,0,0,0,0,0,0,0,0,0,0,0,0,0,0,0,0,0,0,0,0,0,0,0,0,0,0,0,0,0,0,0,0,0,0,0,0,5,3,3,11,0,0,0,0,1,1,0,0,0,0,0,0,0,0,0,0,0,0
3505,2,3,10,3,9,16,3,5,12,1,1,2,5,3,2,4,9,30,1,7,18,7,3,12,2,6,7,14,7,6,7,8,6,4,4,5,4,2,8,2,3,3,1,6,1,7,3,2,0,6,2,4,1,1,4,6,2,3,3,1,0,2,5,5,6,3,2,2,1,3,3,3,1,4,3,5,1,3,3,3,3,1,2,5,3,5,12,9,5,5,5,2,4,2,12,10,7,8,10,6,4,6,2,1,1,7,7,8,5,3,10,8,7,5,17,10,17,12,10,10,8,7,5,3,3,6,12,3,10,9,8,3,6,4,8,5,3,3,6,6,8,5,4,3,4,7,5,6,5,10,8,6,5,8,6,6,6,4,3,1
3506,0,0,0,0,0,0,0,0,0,0,0,0,0,0,0,0,0,0,0,0,0,0,0,0,0,0,0,0,0,0,0,0,0,0,0,0,0,0,0,0,0,0,0,0,0,0,0,0,0,0,0,0,0,0,0,1,0,0,0,0,0,0,0,0,0,0,0,0,0,0,0,0,0,0,0,0,0,0,0,1,0,0,0,0,0,0,0,0,0,0,0,0,0,0,0,0,0,0,0,0,0,0,0,0,0,0,0,0,0,0,0,0,0,0,0,0,0,0,0,0,0,0,0,0,0,0,0,0,0,0,0,0,0,0,1,0,0,0,0,0,0,0,0,0,0,0,0,0,0,0,0,0,0,0,0,0,0,0,0,0
3507,0,0,0,0,0,0,1,0,0,0,0,0,2,0,0,0,2,1,0,1,0,0,0,0,1,1,0,1,1,0,0,0,0,0,0,1,0,0,0,0,1,0,0,2,0,1,0,0,0,0,0,0,0,0,0,0,0,0,0,1,0,2,0,0,0,0,0,0,0,0,0,0,0,1,0,0,0,0,0,0,0,0,0,0,0,0,0,0,0,0,0,0,0,0,0,2,0,0,0,0,0,0,0,1,0,0,0,0,0,0,0,0,0,0,1,1,0,0,0,0,0,0,0,2,0,0,0,0,0,0,0,0,0,0,1,1,1,0,0,0,0,0,0,0,0,0,0,0,2,0,0,0,1,0,0,0,0,0,0,0
3509,0,0,0,0,3,0,3,0,2,0,1,0,1,0,2,1,3,2,0,2,1,1,0,0,0,0,0,0,0,0,0,1,0,0,0,0,0,0,0,0,0,0,0,0,0,0,0,0,0,0,0,0,0,0,0,0,0,1,0,0,0,1,0,0,1,3,0,0,0,0,0,0,0,1,0,0,0,1,0,0,3,0,0,0,0,0,0,0,0,0,0,0,0,0,0,0,0,0,0,1,1,0,0,1,0,0,0,0,0,0,0,1,0,0,0,0,0,0,0,0,0,0,0,0,1,0,0,0,0,0,0,1,0,1,5,0,1,0,1,0,0,0,0,0,0,0,1,0,0,2,0,0,0,2,0,0,0,1,1,0
3512,0,0,2,0,2,0,0,1,0,0,1,0,2,0,2,0,0,2,1,1,1,2,0,0,0,0,0,1,0,6,0,6,0,0,1,0,0,0,1,0,0,0,1,0,0,0,1,1,0,3,0,0,0,0,0,1,1,1,1,0,0,0,0,0,0,1,0,1,0,0,0,0,0,0,0,0,0,1,0,0,0,0,0,0,1,0,0,0,0,0,0,0,0,0,0,0,0,1,0,1,1,0,0,0,0,0,0,0,0,0,2,0,0,3,5,0,0,0,0,0,0,0,0,0,1,0,0,0,2,0,0,1,0,1,4,0,0,0,0,0,0,0,0,0,0,0,1,0,0,2,0,1,0,2,0,0,0,0,0,0
3515,1,1,4,1,4,6,0,1,4,3,1,4,0,1,3,2,2,4,2,3,7,0,2,1,2,2,1,1,1,5,1,1,1,1,3,0,0,1,3,4,2,3,0,4,0,0,2,0,3,3,5,1,0,2,2,3,2,1,6,0,0,0,1,3,2,0,2,2,0,2,1,0,1,3,0,2,0,1,1,4,2,5,6,0,2,3,0,2,3,0,0,3,1,4,2,6,6,3,8,4,4,0,3,5,4,4,7,4,5,1,3,3,4,1,1,4,6,6,4,4,2,3,8,8,11,2,6,6,5,4,6,3,1,3,5,7,2,2,4,3,6,2,5,6,4,5,6,3,6,7,6,3,3,4,6,6,6,2,1,0
3516,1,2,4,0,3,3,0,3,4,0,3,6,3,0,1,0,1,3,2,1,2,1,2,0,0,0,0,0,1,0,0,1,0,0,0,0,0,1,1,0,0,0,1,0,3,0,0,1,1,1,0,0,0,1,1,0,0,0,1,2,0,0,1,0,0,2,0,0,2,4,2,0,0,1,2,0,0,0,0,1,1,0,1,2,1,0,1,0,0,0,0,0,2,0,0,1,1,0,0,3,0,1,1,0,0,0,0,0,0,1,3,0,1,0,0,0,2,1,0,3,1,3,0,1,2,0,0,1,2,0,1,2,0,1,0,0,3,1,0,1,1,0,0,3,1,1,2,0,1,0,1,0,0,1,0,0,0,0,1,0
3517,6,4,8,5,7,7,1,5,7,0,2,3,1,2,0,0,3,7,4,3,3,4,3,4,0,0,0,1,1,0,0,1,2,0,3,0,0,4,0,0,4,1,3,2,0,3,2,1,2,1,2,0,0,0,2,1,3,2,4,1,2,1,0,1,3,0,2,2,3,6,2,3,3,2,2,1,1,2,2,3,2,1,1,6,0,1,2,2,5,3,0,1,2,0,1,0,0,2,3,7,0,0,8,3,2,0,5,1,2,3,4,3,5,1,4,2,2,1,2,2,4,3,3,2,3,1,1,1,4,1,5,2,1,1,4,3,2,4,1,0,3,0,2,2,1,1,2,0,1,2,1,5,1,3,0,0,2,3,1,0
3518,2,1,1,3,6,5,4,6,8,1,1,1,0,1,1,2,2,6,2,3,1,0,2,1,1,2,2,4,2,2,0,2,1,1,1,1,0,1,4,2,1,1,2,6,3,4,2,0,1,1,1,3,1,2,4,1,2,4,1,1,2,2,1,3,1,1,1,0,3,3,1,0,1,1,1,0,1,0,2,2,2,0,1,4,2,4,2,0,3,2,3,0,1,0,4,1,0,2,0,0,2,0,1,2,2,1,3,5,1,3,0,4,2,1,2,2,2,2,2,4,4,0,3,2,0,7,3,1,2,3,0,0,0,2,3,1,2,1,1,1,0,1,3,1,0,2,1,2,3,1,4,2,2,1,0,1,2,1,0,0
3520,0,0,1,1,2,1,0,1,0,1,0,0,0,0,0,0,0,0,0,0,0,0,1,0,0,0,1,1,0,0,0,0,0,0,0,1,0,0,0,0,0,1,0,0,0,0,0,0,0,0,1,1,0,0,1,0,0,2,0,0,0,0,0,0,0,1,0,0,2,0,0,0,1,0,1,0,0,0,0,1,2,0,1,1,0,0,0,1,1,0,0,0,0,0,0,1,1,0,1,0,0,0,1,2,0,1,0,0,0,0,0,0,2,0,0,0,0,0,0,0,1,1,0,0,0,0,0,0,0,0,0,0,0,0,0,0,1,0,0,0,0,0,0,0,0,0,0,0,0,0,0,0,0,0,1,1,0,0,0,0
3521,1,1,0,1,3,4,0,2,0,0,0,0,0,2,0,0,0,2,0,1,1,0,0,1,0,1,0,2,3,0,3,1,1,0,1,1,1,0,2,0,1,0,1,2,1,0,1,1,0,1,0,0,0,0,1,3,4,4,2,0,0,0,0,2,0,0,0,1,1,1,0,0,1,1,1,1,0,0,0,0,0,0,0,2,2,1,1,0,2,1,0,1,1,0,2,4,0,1,2,4,0,0,0,1,0,0,0,0,1,0,0,1,1,0,2,1,2,1,1,0,1,1,0,0,0,2,1,0,1,2,0,2,0,2,1,0,0,3,3,1,2,1,0,1,0,0,0,2,0,3,1,0,1,1,0,0,0,0,2,1
3522,0,1,1,2,1,1,3,3,2,0,1,1,0,0,2,0,0,1,1,0,4,0,0,2,1,0,0,0,0,1,0,0,0,1,0,0,0,0,0,1,0,0,0,0,1,2,0,2,0,1,1,1,3,1,0,1,2,1,0,0,0,1,0,1,0,0,0,0,0,0,0,1,0,0,2,0,0,0,0,0,1,1,1,0,0,0,0,0,0,1,0,1,0,1,1,0,0,1,0,0,0,1,0,1,0,0,1,0,0,2,0,0,1,0,2,0,0,1,1,0,1,0,0,0,1,0,1,2,0,0,1,1,0,0,0,0,0,0,2,0,2,1,4,0,0,1,2,1,1,1,0,1,0,0,1,0,1,1,0,0
3523,6,8,13,15,6,21,7,8,18,6,5,8,5,4,5,8,22,15,7,5,17,7,4,9,5,6,4,3,3,10,6,4,2,3,11,7,2,4,4,5,8,3,3,9,10,4,3,6,4,3,4,1,3,1,3,5,2,2,1,0,4,4,3,5,2,1,5,2,7,4,6,7,5,5,7,4,3,4,6,5,4,2,5,8,7,7,5,5,10,5,7,2,4,3,9,9,7,12,11,6,1,2,2,8,7,4,7,6,6,5,3,4,6,7,7,8,11,6,5,5,3,8,15,8,3,7,5,11,7,5,9,0,1,1,7,5,6,7,2,6,6,6,7,7,6,4,7,5,7,5,11,6,6,6,3,4,8,2,5,1
3525,1,0,0,0,5,2,2,6,8,1,1,1,1,3,1,3,4,7,4,3,8,0,4,3,1,4,4,0,0,3,1,1,0,3,2,5,1,0,7,3,8,2,1,2,1,3,2,0,0,1,3,2,2,0,2,1,0,1,0,1,1,2,1,0,0,1,1,0,1,2,1,1,0,0,0,2,2,2,1,0,0,3,6,1,1,4,1,0,3,2,2,0,1,5,5,2,2,1,2,3,1,2,0,1,0,2,2,3,1,0,3,1,0,0,0,0,3,0,0,5,3,2,4,4,6,2,1,0,2,0,0,2,1,1,1,0,5,3,1,1,1,2,1,0,0,0,0,0,2,1,0,3,0,3,1,2,1,1,0,1
3527,0,0,1,1,1,2,1,2,2,1,0,0,0,7,1,3,5,3,0,1,4,0,0,1,1,0,0,1,0,3,2,0,0,0,1,1,1,2,0,0,1,1,1,0,0,0,1,1,0,0,0,0,0,1,1,0,1,0,0,3,0,0,0,0,0,2,2,0,0,3,0,0,2,0,0,1,0,1,0,0,1,3,2,1,1,0,1,0,1,0,1,0,0,0,0,1,0,2,0,2,2,3,1,1,0,1,0,1,0,1,1,0,1,1,3,1,1,0,0,0,1,1,0,0,2,1,5,1,0,0,0,1,0,0,0,0,0,0,1,1,0,0,2,1,1,0,1,0,2,2,5,1,2,2,0,3,1,1,0,0
3529,0,0,0,0,0,0,0,0,0,0,0,0,0,0,0,0,0,0,1,0,0,0,0,0,0,0,1,0,0,0,0,0,0,0,0,0,0,0,0,0,0,1,1,0,0,0,0,0,0,0,0,0,0,0,0,0,1,0,0,0,0,0,0,0,0,0,0,0,0,0,0,0,0,0,0,0,0,0,0,0,0,1,2,0,0,0,3,0,0,0,0,0,0,0,0,0,0,0,0,0,0,1,0,0,0,0,0,0,0,0,1,0,0,1,0,0,0,0,0,0,0,0,0,0,1,0,0,0,0,0,0,0,0,0,0,0,0,0,0,0,1,0,0,0,0,0,0,0,0,1,0,0,0,0,0,0,0,0,0,0
3530,0,0,0,0,2,1,0,0,0,0,1,1,0,0,0,0,1,0,0,0,0,0,0,0,0,0,0,0,0,0,0,0,0,0,0,0,0,0,0,0,0,0,0,0,0,0,0,0,0,0,0,0,0,0,0,0,0,0,0,0,0,0,0,0,0,0,0,0,0,0,0,2,0,0,0,0,0,0,1,0,1,3,0,0,0,0,0,1,0,0,0,0,0,0,0,0,1,0,0,0,1,0,0,0,0,0,0,0,1,1,0,0,0,0,0,0,0,1,0,0,1,0,0,0,0,0,0,0,0,0,0,0,0,0,1,0,0,0,0,0,0,0,0,0,0,0,0,0,0,0,0,0,1,0,0,1,0,0,0,0
3531,0,0,1,0,0,3,1,0,0,0,0,0,0,0,0,1,0,2,0,0,0,0,0,0,0,0,0,0,0,0,0,0,1,0,0,0,0,1,0,0,0,0,0,0,0,0,0,0,0,0,1,0,0,0,0,0,0,1,0,0,2,0,0,0,0,0,0,3,0,1,0,0,0,0,0,0,0,1,0,0,1,0,0,0,0,0,0,0,0,0,0,0,1,0,0,0,0,0,0,0,0,0,0,0,0,0,0,0,0,0,0,0,0,0,0,0,0,0,0,1,0,0,0,1,0,0,1,0,0,0,0,0,0,1,0,0,0,0,0,0,0,0,0,0,0,0,0,0,0,0,1,0,2,0,0,1,0,0,0,0
3533,0,2,0,0,3,4,0,2,7,2,0,0,2,0,9,1,0,5,0,1,4,0,0,0,0,0,1,0,2,0,1,0,1,1,0,0,0,1,0,0,0,0,0,0,0,0,0,0,1,0,0,1,1,2,1,1,4,2,0,0,1,0,0,0,2,1,2,0,0,0,0,0,0,1,4,0,0,2,1,0,3,1,0,3,0,1,0,0,1,0,2,0,1,0,1,0,0,0,1,0,2,0,0,3,0,2,1,0,2,1,1,2,0,1,1,3,1,0,1,0,1,5,0,0,1,4,0,0,1,2,0,0,0,0,0,0,2,0,2,2,0,0,1,1,0,1,1,0,0,0,0,0,0,1,0,0,0,0,0,0
3537,1,1,2,2,3,3,1,2,0,1,2,1,1,2,4,1,4,4,3,0,6,1,3,1,0,0,0,4,1,2,1,0,0,0,2,3,0,4,1,2,1,1,2,0,3,2,1,0,0,2,0,1,2,0,0,0,0,2,0,0,1,1,0,1,3,1,1,0,0,1,0,1,2,0,1,1,0,0,3,2,0,3,1,0,1,0,3,0,4,1,0,0,0,0,0,1,0,0,1,4,0,0,2,3,0,0,1,3,2,0,3,0,1,0,0,0,0,1,0,0,0,2,0,0,3,5,2,2,1,1,1,2,2,0,3,0,2,1,1,6,1,0,3,2,1,3,1,3,6,2,0,4,1,0,2,1,4,1,1,0
3540,0,1,0,1,4,9,0,2,1,0,2,0,0,1,0,0,0,0,0,1,3,0,0,0,0,0,1,0,0,0,1,0,0,0,1,1,0,0,0,0,0,0,1,1,0,0,1,0,0,1,0,0,0,3,0,1,0,0,0,1,1,0,0,0,0,1,0,0,0,0,0,2,0,0,0,0,0,0,0,0,0,0,0,0,0,0,1,1,0,1,3,0,0,1,0,0,0,0,1,0,0,0,0,1,0,0,1,1,0,0,0,0,0,2,0,0,1,0,1,0,0,0,0,0,0,0,1,0,0,0,0,0,0,2,3,0,0,0,0,0,0,0,1,0,0,0,0,0,1,0,0,0,0,1,0,1,0,0,0,0
3542,0,0,0,0,0,1,0,0,1,0,0,0,0,0,0,0,0,0,1,0,1,0,0,0,0,0,0,0,0,0,1,0,0,0,0,0,0,0,0,0,1,0,0,0,0,0,0,0,0,0,0,0,0,0,0,0,0,0,0,0,0,0,0,1,0,1,2,2,0,0,0,1,0,1,1,0,0,0,0,0,0,1,0,0,0,0,1,0,0,0,0,3,0,0,0,0,0,0,0,0,0,2,0,0,0,0,0,0,0,0,0,1,0,0,1,0,1,1,0,0,0,0,0,0,1,0,0,0,0,1,0,0,0,1,2,0,0,0,0,0,0,0,0,0,0,0,0,0,0,0,0,1,0,0,0,0,0,0,0,0
3544,0,0,1,0,3,6,1,1,0,0,1,0,0,0,0,0,2,0,0,0,0,0,0,1,0,0,0,0,0,0,0,0,1,0,0,0,0,2,0,0,0,0,0,1,0,0,0,0,0,0,0,0,0,0,3,1,0,0,0,0,0,0,1,1,1,1,0,0,0,0,0,1,1,1,2,0,0,0,0,1,0,0,0,0,0,0,0,1,2,1,0,1,0,0,0,0,0,0,0,0,2,1,1,0,0,0,0,0,0,1,2,1,1,0,0,0,0,1,0,0,0,0,1,1,0,0,0,0,0,0,1,1,0,0,0,0,0,0,1,0,0,0,0,0,0,0,0,0,0,1,0,0,0,0,1,0,0,0,0,0
3546,0,0,0,1,2,10,3,1,5,0,1,0,0,1,1,1,0,0,0,2,1,1,0,0,1,0,0,2,0,0,1,1,1,0,1,1,0,0,2,0,0,0,1,1,0,2,0,0,0,0,0,1,0,0,0,0,2,0,0,0,0,0,0,0,0,0,0,0,0,0,4,0,0,0,0,0,0,0,0,1,2,0,1,0,1,1,0,2,0,1,2,0,0,1,0,0,0,0,2,1,0,0,0,0,0,0,0,0,0,0,0,1,0,0,2,0,0,0,0,0,0,0,0,1,0,2,0,1,0,0,0,1,0,1,0,0,0,2,0,1,2,0,0,0,0,1,0,1,0,1,2,1,1,0,0,0,0,0,0,0
3549,2,2,3,5,4,3,2,1,1,0,1,1,0,1,0,4,1,3,1,5,3,2,0,2,1,3,1,6,9,2,1,6,4,4,1,2,2,0,3,2,2,2,0,1,2,1,2,0,5,0,0,0,0,3,3,1,1,1,0,1,5,0,1,0,0,0,1,0,0,0,2,0,4,5,2,3,0,3,2,3,2,0,2,4,1,2,4,1,2,1,3,3,2,3,1,5,2,5,3,2,2,0,2,6,2,7,10,2,4,5,11,11,9,14,7,13,7,8,11,6,5,5,6,3,7,2,6,7,1,2,4,8,4,1,5,4,1,2,6,3,11,3,2,39,2,2,5,3,2,11,1,6,3,1,5,1,1,2,3,0
3550,26,27,76,72,114,152,33,28,82,16,38,24,22,32,28,27,67,102,42,52,90,29,32,29,12,22,22,20,8,11,15,25,20,25,17,18,16,29,28,20,17,12,21,25,23,27,21,15,16,24,17,25,23,16,7,12,12,16,16,14,10,5,9,13,8,12,10,12,15,7,18,24,15,13,25,9,12,14,24,13,18,18,23,38,14,18,23,16,21,26,18,29,31,52,34,35,32,67,46,36,33,11,19,37,39,43,48,34,41,69,51,34,39,38,47,31,53,49,45,50,31,56,44,47,40,50,37,53,41,38,38,37,20,22,39,38,32,37,40,47,36,34,44,36,24,36,47,24,34,26,48,30,46,39,29,45,22,43,20,11
3551,38,37,51,59,98,153,29,29,111,13,30,49,28,25,33,24,70,80,57,66,93,28,39,39,17,31,20,25,35,19,27,20,19,35,32,22,19,25,24,26,27,29,30,29,27,17,19,23,22,26,32,19,18,26,24,25,14,24,15,14,11,13,19,21,16,21,12,11,23,13,27,22,23,18,23,22,15,27,22,21,24,19,34,32,29,33,34,27,29,42,38,41,44,60,61,43,57,61,59,46,28,23,25,52,35,49,65,58,46,63,62,54,53,51,61,61,72,83,78,69,43,68,81,73,63,63,37,76,67,60,45,38,40,52,64,32,49,58,38,55,57,50,69,52,34,52,52,27,53,46,50,49,39,35,61,33,28,46,32,15
3552,0,0,0,0,1,0,0,0,2,0,0,1,0,0,0,0,0,1,1,1,3,0,0,0,0,1,0,0,0,0,0,1,1,0,0,0,0,0,0,0,0,0,0,0,0,1,0,0,1,0,0,0,0,0,0,0,0,0,0,0,0,0,0,0,0,0,0,0,0,0,0,0,0,0,0,0,0,1,1,0,0,0,0,0,0,0,0,0,0,0,0,0,0,0,0,0,0,0,0,0,0,0,0,0,0,0,0,0,0,0,0,0,0,0,0,0,0,0,0,0,0,0,0,0,0,0,0,0,0,0,0,0,0,0,0,0,0,0,0,0,0,0,0,0,0,0,0,0,0,0,0,0,0,0,0,0,0,0,0,0
3554,0,0,0,0,0,0,0,0,0,0,0,0,0,0,0,0,0,0,0,0,1,0,0,0,0,0,0,0,0,0,0,0,0,0,0,0,0,0,0,0,0,0,0,0,0,0,0,0,0,0,0,0,0,0,0,0,0,0,0,0,0,0,0,0,0,0,0,0,0,0,0,0,0,0,0,0,0,0,0,0,0,0,0,0,0,0,0,0,0,0,0,0,0,0,0,0,0,0,0,0,0,0,0,0,0,0,0,0,0,0,0,0,0,0,0,0,0,0,0,0,0,0,0,0,0,0,0,0,0,0,0,0,0,0,0,0,0,0,0,0,0,0,0,0,0,0,0,0,0,0,0,0,0,0,0,0,0,0,0,0
3555,26,20,37,28,51,90,15,23,38,12,17,21,10,12,12,14,36,46,25,21,49,14,22,24,13,15,10,9,10,20,15,23,16,9,7,8,6,18,13,8,20,13,15,8,15,11,11,14,8,12,15,8,11,14,6,13,12,15,13,6,3,10,8,7,2,9,2,2,8,8,9,9,10,5,6,6,7,9,13,11,1,6,13,10,8,3,14,12,16,8,12,21,16,21,22,19,21,24,33,26,17,5,13,16,16,25,23,20,21,29,25,15,24,21,18,24,32,35,21,22,18,28,30,31,13,30,31,21,19,25,24,22,22,14,18,24,22,19,23,30,21,23,27,16,16,25,24,18,33,16,22,29,18,17,26,10,17,10,14,9
3556,16,20,31,20,40,61,14,13,35,13,9,13,11,10,12,12,17,32,22,13,37,11,16,12,11,4,8,6,12,5,13,10,10,14,9,12,10,7,13,9,10,11,9,8,13,3,16,7,7,9,8,6,4,8,5,7,7,5,2,6,4,3,12,4,3,1,3,6,4,9,9,4,5,4,5,5,2,8,8,5,6,13,12,7,6,14,14,8,7,10,7,8,11,11,12,7,12,16,22,16,21,7,11,14,11,21,22,18,21,37,24,14,14,20,21,13,35,17,20,14,17,16,35,23,16,13,24,28,19,21,12,9,14,13,15,17,14,26,26,14,19,13,23,6,8,15,14,12,13,14,15,17,16,19,22,5,23,17,14,1
3557,1,0,1,1,1,6,0,1,3,0,1,1,0,0,2,1,3,1,0,3,2,1,0,2,0,1,0,0,1,0,1,1,0,0,1,1,0,1,1,1,1,1,1,2,4,1,2,2,0,3,0,2,0,2,1,2,0,0,1,1,0,0,0,0,3,0,0,0,0,2,0,0,0,0,0,0,0,1,2,0,0,0,1,0,1,3,2,0,1,1,0,1,1,1,2,1,2,3,2,1,3,1,1,0,1,1,0,2,0,2,0,0,1,0,1,0,1,1,2,1,1,0,1,0,0,3,2,1,1,1,2,0,1,2,0,0,1,1,2,1,1,0,1,2,0,1,0,1,2,0,0,1,0,0,0,3,0,0,1,1
3558,1,1,1,1,3,12,0,2,7,1,0,1,5,0,2,4,3,6,2,3,6,1,1,3,0,4,1,0,2,1,3,0,4,3,0,1,1,3,1,0,0,1,1,1,4,0,0,1,0,0,1,2,0,1,4,2,0,0,0,0,3,0,0,0,0,1,1,1,0,1,0,1,1,0,1,1,1,2,1,1,0,0,1,0,0,0,1,1,2,1,0,0,0,2,3,2,0,2,1,1,1,1,1,0,1,0,1,0,1,0,1,0,1,3,1,0,0,1,3,0,0,2,1,2,1,0,1,1,1,2,1,0,0,0,2,1,0,2,2,1,1,3,1,1,1,0,1,0,5,1,0,0,3,0,0,3,0,1,1,0
3559,0,0,0,0,0,0,0,0,1,0,1,0,1,0,0,0,0,1,0,1,3,1,0,1,1,3,0,0,0,0,1,0,0,1,1,0,0,1,0,0,0,0,1,0,0,0,1,0,0,0,0,1,0,2,2,0,0,0,0,0,0,1,0,1,0,0,0,1,0,0,0,1,0,0,0,3,0,0,0,0,0,1,0,0,0,0,0,1,0,1,1,0,2,0,0,2,0,0,0,1,0,0,0,0,1,0,0,0,0,0,1,1,0,0,1,2,2,1,0,0,0,0,2,1,2,0,0,0,0,1,0,2,0,0,0,2,2,0,1,0,1,0,0,0,0,0,1,0,0,0,1,0,2,2,1,1,0,0,0,0
3561,2,13,14,7,17,25,9,12,14,3,6,6,4,13,8,4,12,28,11,3,15,6,8,16,12,19,0,16,7,3,5,3,1,9,3,1,14,6,4,5,3,3,1,1,3,5,5,2,2,3,4,2,3,1,2,2,3,6,6,5,1,6,4,9,4,6,1,2,4,2,2,3,6,1,4,0,2,5,0,8,3,3,1,2,7,4,2,8,4,4,5,3,3,12,8,6,4,13,5,7,7,5,2,7,1,13,3,9,13,11,8,6,4,7,8,7,9,11,2,5,5,8,6,8,7,3,7,8,7,6,3,3,1,4,6,3,7,6,9,8,8,1,5,5,6,2,6,3,4,6,7,10,9,3,7,2,3,4,2,0
3562,1,0,0,0,3,2,0,0,0,0,0,0,0,1,0,0,0,2,0,1,0,1,1,0,0,1,0,0,0,1,0,0,0,0,0,0,0,1,0,0,0,0,0,1,0,0,1,0,0,0,0,1,0,1,0,0,0,1,0,0,0,0,0,0,0,0,0,0,0,1,0,0,0,0,0,0,0,3,1,0,0,0,1,0,2,2,1,0,0,0,1,1,0,0,0,2,1,0,2,0,0,0,0,0,0,0,1,2,0,2,0,0,1,1,1,2,0,0,0,2,1,1,0,0,1,0,1,1,0,1,1,0,1,0,0,0,2,0,0,0,0,1,1,2,0,0,1,0,0,0,0,2,1,1,0,0,0,0,0,0
3563,1,0,0,3,4,2,0,0,0,1,2,3,2,5,2,2,3,2,1,3,2,1,3,2,0,0,1,2,0,1,0,0,0,0,3,2,0,0,0,1,2,1,2,1,1,0,2,0,1,0,0,2,0,0,0,0,1,0,1,0,2,0,0,0,0,0,1,2,0,0,0,0,0,0,0,0,0,1,1,3,0,0,1,2,1,0,4,0,1,1,5,1,1,1,0,1,0,1,2,1,0,1,3,1,1,2,3,1,3,1,0,1,1,0,0,2,5,0,1,0,0,0,1,1,2,1,1,2,1,2,1,0,0,2,1,1,0,0,1,6,3,7,2,1,2,0,1,1,1,4,3,1,2,1,3,0,1,0,0,0
3564,8,22,29,48,49,86,14,19,48,0,6,2,11,13,15,12,29,50,18,26,62,8,5,27,15,15,12,16,21,16,15,20,16,17,21,17,24,17,15,15,16,10,11,12,13,21,25,15,14,26,16,13,9,11,15,9,11,15,18,11,10,14,10,22,14,10,10,17,13,15,10,9,8,21,12,12,15,10,13,12,20,18,16,16,8,18,21,18,16,13,11,17,20,36,27,23,16,27,22,33,23,17,14,16,20,27,21,19,23,22,24,23,38,45,29,28,43,28,29,32,11,20,37,26,16,19,26,27,26,24,24,29,9,17,29,17,13,23,43,52,15,15,25,21,12,20,20,18,30,26,21,31,24,20,12,12,15,12,22,5
3565,0,0,0,0,0,0,0,0,0,0,0,0,0,1,0,0,0,0,0,0,1,0,0,1,1,0,0,0,1,0,0,0,0,1,1,0,0,0,0,1,0,0,0,0,0,0,0,0,0,0,0,0,0,0,0,0,0,0,0,0,0,0,0,0,0,0,0,0,0,0,0,0,0,0,0,0,0,0,0,0,0,0,0,0,0,0,0,0,0,0,0,0,1,0,0,1,0,0,0,0,0,0,0,0,0,0,1,0,0,0,0,0,0,0,0,1,0,0,0,0,0,0,0,0,0,0,0,0,0,2,0,0,0,0,0,0,0,0,0,0,0,0,1,1,0,0,0,0,1,0,0,0,0,0,1,0,0,0,0,0
3566,1,0,0,1,4,1,0,2,0,0,1,0,0,0,1,0,0,0,2,1,1,0,1,1,1,0,0,1,4,0,1,0,1,1,0,0,0,1,0,2,1,0,1,1,0,1,0,0,0,0,1,0,1,0,0,1,0,0,1,1,0,0,0,2,1,0,0,0,0,0,0,0,0,1,0,3,0,0,3,0,1,0,1,2,2,0,1,2,0,1,1,2,3,1,1,1,0,1,0,2,2,3,2,0,3,0,1,2,0,1,2,0,0,0,1,0,1,2,2,1,0,0,2,2,0,1,1,0,2,0,1,0,0,0,0,0,1,0,0,2,0,0,1,0,0,2,2,0,2,1,0,2,0,0,0,0,0,1,1,0
3567,0,0,1,1,1,8,0,1,2,0,4,0,0,0,1,1,3,2,0,1,4,0,0,2,0,0,1,2,1,1,1,0,5,1,1,0,0,0,0,1,0,0,1,0,0,0,0,0,0,0,0,0,0,0,2,0,0,0,0,0,0,1,0,2,2,0,1,0,0,2,0,1,1,0,1,1,0,1,4,3,1,2,0,1,2,0,0,0,2,1,2,0,0,1,0,0,0,2,0,0,1,1,0,2,2,2,3,5,1,0,1,5,0,1,2,2,3,1,1,1,1,1,0,1,0,2,1,2,1,0,0,1,0,0,2,2,0,0,2,0,0,1,0,2,0,1,0,0,3,1,3,1,0,0,1,0,0,0,2,0
3568,4,4,4,3,5,15,4,11,11,2,2,1,1,0,5,3,6,7,6,8,14,6,4,5,8,5,3,6,3,9,4,3,3,3,4,3,2,3,2,0,3,1,2,5,2,0,1,3,0,3,2,2,2,2,2,2,5,4,1,1,2,2,3,7,3,5,5,3,8,1,1,2,4,7,3,2,4,1,3,2,4,3,2,8,11,4,6,4,7,2,2,3,2,5,2,6,0,1,3,6,6,3,2,3,7,9,4,6,7,4,6,5,3,6,5,7,4,4,9,8,3,3,10,2,1,5,1,11,5,4,3,3,2,2,4,4,3,0,2,2,5,0,9,4,2,6,7,2,8,3,4,3,5,1,3,2,7,2,3,2
3570,2,1,1,1,1,11,1,3,5,1,0,0,0,2,0,0,1,3,3,2,1,0,0,0,0,0,1,0,3,0,0,0,0,3,3,1,0,0,0,3,0,0,2,5,7,1,0,1,2,0,1,1,1,2,0,0,1,0,2,0,2,1,0,0,0,1,2,1,1,4,2,1,0,2,2,0,0,2,0,0,0,1,1,0,1,0,0,1,1,3,1,1,1,0,1,0,1,2,2,3,3,1,0,0,0,1,0,0,1,3,1,2,2,1,3,0,1,1,1,1,0,1,3,4,1,0,1,2,0,0,1,2,0,0,0,1,1,1,0,1,1,0,0,0,0,1,0,0,4,5,1,1,0,5,0,0,1,1,0,0
3571,0,0,0,0,2,1,0,1,2,0,0,0,0,2,0,0,1,0,0,4,1,1,1,0,1,0,0,0,0,0,0,0,0,0,1,0,0,0,0,0,1,0,0,0,0,0,0,1,0,0,0,0,1,0,0,0,0,1,0,0,0,1,0,0,0,1,1,1,1,0,0,1,0,0,3,2,0,0,1,0,1,1,1,1,0,0,0,0,0,1,1,1,1,0,0,0,0,0,1,0,0,0,4,1,0,0,2,0,0,1,3,0,0,0,0,0,0,0,2,0,0,0,2,1,1,2,0,0,0,0,0,0,0,0,1,0,1,0,0,0,0,0,1,0,0,0,1,0,0,0,0,1,1,1,0,0,0,0,0,0
3572,0,0,0,0,0,0,0,0,0,0,0,0,0,0,0,0,0,0,0,0,1,0,0,0,0,0,0,0,0,0,0,0,0,0,0,1,2,0,0,0,0,0,0,0,0,0,0,0,0,0,0,0,0,0,0,0,0,0,0,0,0,1,0,0,0,0,0,0,0,0,0,0,0,0,0,0,0,0,2,0,0,0,0,1,0,0,0,1,0,0,1,1,0,0,0,0,0,0,0,0,0,0,0,1,1,0,1,0,0,0,0,0,1,0,0,0,2,0,0,0,0,0,2,0,0,1,0,1,0,0,0,1,0,0,0,2,0,0,1,1,0,0,0,0,0,0,0,0,0,1,1,0,0,0,0,0,0,0,0,0
3573,0,0,0,0,0,2,0,0,1,0,0,0,1,0,0,1,0,0,1,0,0,0,1,0,0,0,2,2,0,0,0,0,0,0,0,0,0,1,0,0,0,0,2,2,0,0,1,0,1,1,0,0,0,0,0,0,0,0,2,1,0,0,0,0,0,1,0,1,0,0,0,1,0,0,2,0,2,0,0,0,0,0,0,1,0,0,0,0,0,1,0,0,0,1,1,0,0,0,0,1,0,0,0,1,0,0,2,1,0,2,0,1,2,1,0,0,1,1,0,2,0,1,1,1,0,1,2,2,2,0,0,0,0,0,0,0,0,0,1,0,0,0,0,0,0,0,0,1,2,1,0,0,0,1,0,1,0,0,0,0
3575,0,1,1,2,3,3,0,1,3,3,0,0,0,0,3,2,1,2,0,4,1,0,0,0,1,1,2,0,1,0,1,1,2,2,1,1,1,1,2,2,0,1,0,1,1,0,1,1,0,0,0,0,0,2,1,1,1,0,0,1,0,0,0,3,0,0,0,0,2,1,0,0,0,2,0,0,0,0,0,0,1,0,2,1,2,0,0,0,1,1,0,1,0,1,0,1,1,1,1,1,5,0,2,0,0,0,4,2,1,1,0,0,3,6,1,1,1,2,1,0,2,1,1,0,0,1,4,0,0,0,1,6,0,0,2,2,1,0,1,3,2,1,2,2,1,1,1,0,3,2,1,0,1,1,1,0,1,0,0,0
3576,0,0,0,0,0,0,0,0,0,0,0,0,0,0,0,0,0,0,1,0,1,0,1,0,0,0,0,0,0,0,0,0,0,0,0,0,0,0,0,0,0,1,0,0,0,0,0,0,0,0,0,0,0,0,0,0,0,0,0,0,0,0,0,0,0,1,0,0,0,0,0,0,0,0,0,0,0,0,0,0,0,0,0,0,0,0,0,0,0,0,0,0,1,0,0,0,0,0,0,0,0,0,0,1,0,0,0,0,0,0,0,0,0,0,0,0,0,0,0,1,0,0,0,0,0,0,0,1,0,0,0,2,0,0,0,0,2,0,0,0,0,0,1,0,0,0,1,0,0,0,0,0,0,0,0,0,0,0,0,0
3579,1,4,6,24,26,26,11,21,24,1,6,8,2,7,8,10,11,28,14,12,32,11,9,16,8,10,10,6,12,4,10,9,7,4,7,5,1,2,0,0,2,4,2,5,1,3,3,0,2,7,5,4,3,13,2,1,3,6,7,4,1,1,4,5,12,7,2,2,11,7,3,8,7,6,9,2,1,5,7,7,7,8,4,5,3,7,14,8,7,7,2,4,3,5,5,3,2,8,7,17,7,6,4,2,2,4,3,8,4,12,14,13,6,9,8,7,10,10,11,8,1,4,4,2,7,7,5,9,7,3,6,5,0,3,5,6,5,7,3,9,8,0,3,5,8,5,2,4,4,3,8,6,9,6,5,5,4,3,2,1
3580,0,1,1,2,4,1,2,3,4,0,0,0,0,2,0,0,1,3,2,2,9,0,3,2,0,1,0,0,0,3,0,1,0,0,0,3,0,1,1,1,1,0,5,3,1,1,1,0,0,2,5,2,0,2,2,2,0,0,0,0,0,0,1,5,0,0,2,1,2,1,2,2,1,2,4,1,3,1,1,0,0,0,0,3,1,2,2,0,1,1,3,0,2,2,3,2,0,2,3,5,2,1,0,2,0,1,1,1,2,1,3,2,0,2,3,1,1,0,2,0,2,4,2,2,1,1,1,2,1,1,2,4,2,1,3,2,0,0,1,3,1,0,2,3,0,3,2,0,2,1,3,1,1,1,1,1,1,1,1,0
3581,0,1,0,0,0,0,0,1,3,0,1,0,0,0,0,0,0,0,1,0,1,0,1,1,0,0,0,0,0,0,1,0,0,0,1,0,0,0,0,0,0,0,1,0,1,0,0,0,0,1,0,0,0,0,1,0,0,0,0,0,0,0,0,0,0,1,1,0,0,0,0,0,0,0,0,1,0,0,1,2,0,0,0,1,0,0,0,1,0,0,0,0,0,0,0,0,0,3,0,0,0,1,0,0,0,0,0,1,0,0,0,0,1,0,0,0,1,0,0,0,0,0,1,0,0,0,0,0,0,0,0,0,0,0,0,0,1,0,0,1,0,1,1,2,1,0,0,0,0,1,0,1,0,0,0,0,0,0,0,0
3583,0,0,0,0,1,0,0,1,2,0,0,0,0,0,0,1,0,0,1,1,0,0,0,0,0,0,1,0,0,0,0,0,0,0,1,0,0,0,0,0,0,0,0,0,0,0,0,1,0,0,0,0,0,0,2,0,0,0,0,0,1,2,0,0,0,3,2,0,0,0,0,0,1,0,0,0,0,0,0,0,0,0,0,0,0,0,1,0,0,0,0,1,0,0,1,0,0,0,0,0,2,0,0,0,0,1,0,2,0,0,0,0,0,1,0,0,0,0,0,0,0,1,0,0,0,0,0,0,0,0,0,0,0,0,0,0,0,0,0,0,0,0,0,0,0,0,0,0,1,0,3,1,0,1,0,0,2,0,0,0
3584,0,0,2,5,4,5,2,1,7,0,2,0,0,0,1,4,2,1,2,1,2,1,0,0,0,1,1,2,3,0,2,0,1,0,1,1,0,1,0,0,1,0,2,0,0,1,1,0,0,2,0,0,0,0,0,1,0,1,1,1,1,1,1,0,0,5,3,0,1,3,2,0,1,0,2,1,0,3,1,1,0,1,1,1,1,1,0,0,2,1,1,3,4,0,4,1,1,1,2,1,3,0,3,2,1,3,2,4,4,0,0,2,4,4,4,0,1,0,0,1,0,2,1,2,2,1,1,2,0,0,1,0,1,3,2,0,0,4,1,2,0,1,2,3,1,3,0,0,3,1,1,2,3,4,0,2,0,1,2,0
3585,3,12,22,55,46,62,24,26,34,4,19,2,5,0,2,13,5,23,13,14,41,9,21,21,4,7,11,11,16,7,6,18,2,5,6,8,7,4,5,4,8,3,5,2,3,6,2,5,6,13,10,3,11,6,5,3,13,3,5,5,2,4,3,5,1,7,6,9,18,12,8,16,0,8,6,1,4,12,7,10,10,3,4,14,5,10,8,11,9,12,12,13,8,17,22,10,9,12,5,25,14,4,8,14,16,14,4,21,10,17,7,19,22,24,19,26,18,20,10,7,9,12,17,9,11,29,7,14,16,9,16,11,7,12,9,4,11,10,14,9,13,6,31,8,5,7,7,6,11,5,15,12,3,15,9,4,5,3,3,1
3586,0,1,1,2,4,3,1,3,7,0,1,0,0,0,1,2,0,3,0,3,3,0,1,1,0,1,1,1,2,0,2,3,1,2,1,0,0,0,0,0,2,1,1,0,0,0,0,2,0,1,0,0,1,1,2,1,0,0,0,0,0,0,0,0,2,0,0,0,0,0,1,1,0,0,0,0,0,0,1,0,0,2,2,0,0,1,2,0,2,0,0,2,1,4,1,1,0,0,2,1,0,1,0,1,2,1,1,1,3,0,0,2,1,1,2,1,2,1,0,0,1,2,0,0,0,0,1,1,0,1,0,0,0,0,0,0,1,0,0,2,1,0,0,0,0,1,0,0,1,2,1,0,0,1,0,0,0,1,1,0
3588,0,0,0,1,0,3,1,1,0,0,0,1,0,1,0,1,0,0,1,2,1,0,1,0,0,0,1,0,0,1,0,0,0,0,0,2,0,0,0,0,0,2,2,0,1,0,0,0,0,0,3,0,4,2,0,0,0,0,0,0,0,0,0,1,0,2,2,0,1,0,0,2,1,1,0,0,0,2,0,0,1,0,0,0,0,2,0,0,0,0,0,0,0,0,5,2,0,0,0,2,3,1,0,2,2,1,0,1,0,0,0,1,0,0,4,1,1,0,1,0,0,2,2,0,0,0,0,0,0,0,1,0,1,0,0,0,0,3,2,0,0,1,0,1,0,1,0,0,1,0,0,1,0,0,1,0,0,1,0,0
3589,0,0,0,0,1,2,1,1,3,0,0,0,0,0,1,0,0,2,0,0,1,1,0,1,0,1,0,0,1,0,0,0,0,0,0,0,0,0,0,0,0,0,1,1,0,2,0,0,0,0,1,0,0,1,1,0,0,0,0,0,0,0,0,0,1,0,0,0,0,0,1,0,0,0,0,0,0,3,3,1,0,4,3,0,0,1,2,0,1,0,0,0,1,0,0,0,1,0,0,0,0,0,0,0,1,0,0,0,0,0,0,0,1,0,0,0,0,0,2,0,0,0,0,1,0,0,2,0,0,0,0,0,0,0,0,0,0,0,0,0,0,0,0,0,0,0,0,1,0,1,0,1,0,0,0,0,0,0,0,0
3590,0,0,0,0,2,3,0,0,0,0,0,0,0,0,1,3,0,1,0,0,3,0,1,3,2,0,0,0,2,0,0,1,1,0,0,0,1,0,0,0,0,0,0,0,0,0,0,0,0,0,0,0,0,0,1,0,0,0,0,0,0,0,0,1,0,0,0,1,0,2,0,0,0,0,0,1,1,2,0,0,0,0,1,1,0,0,0,1,0,0,0,0,0,0,0,0,0,0,0,0,0,0,0,1,0,0,0,1,0,2,0,0,1,0,0,2,0,1,1,0,0,1,0,1,0,0,0,0,1,1,0,0,0,0,0,0,0,0,0,0,1,0,0,0,0,0,0,0,0,0,0,2,0,0,1,0,0,0,1,0
3591,0,0,0,1,1,0,1,0,1,0,0,0,0,0,0,0,0,0,0,0,3,0,0,0,0,0,0,0,0,0,0,0,0,0,0,0,0,0,0,1,0,0,0,0,0,0,0,0,0,0,0,0,0,0,0,0,0,0,0,0,0,0,0,0,0,0,0,0,0,0,0,0,0,0,0,0,0,0,0,1,0,0,0,0,0,0,0,0,5,0,0,2,0,1,1,0,0,1,0,0,3,0,0,0,0,0,0,0,1,0,0,0,1,0,1,0,0,0,0,0,1,0,0,1,0,0,0,0,0,0,0,0,0,1,0,0,2,0,1,0,1,0,0,0,0,0,0,0,0,0,0,0,0,0,0,0,0,0,0,0
3594,0,2,0,1,8,8,2,1,4,0,0,0,0,1,0,0,0,1,4,2,0,2,2,1,0,2,1,1,2,1,1,0,0,0,0,3,1,0,0,0,1,0,0,0,0,0,0,0,0,2,0,0,1,0,0,0,0,1,0,0,2,0,1,2,0,1,0,0,0,2,0,0,0,0,0,0,0,2,1,0,1,0,1,1,5,1,2,0,0,5,0,2,0,0,1,0,0,0,0,0,4,0,1,0,3,3,0,1,0,1,0,0,2,3,1,0,1,0,2,2,0,0,0,2,1,2,0,1,0,2,0,0,0,0,0,0,0,0,0,13,4,1,1,1,0,0,1,0,0,1,2,1,0,1,1,0,0,1,0,0
3595,0,0,3,2,4,5,1,2,3,0,0,5,0,0,1,3,4,3,1,6,4,1,1,1,0,0,1,0,0,2,0,0,1,1,1,3,1,0,0,0,1,2,1,1,0,0,0,0,0,0,1,0,1,0,3,0,0,4,2,1,0,0,1,0,0,0,0,0,1,1,5,6,0,0,0,0,0,1,1,2,1,0,1,0,0,0,0,0,1,5,0,2,1,1,1,1,0,0,0,1,5,0,0,0,1,0,1,0,0,0,0,0,1,0,0,3,0,0,0,1,0,0,0,2,1,0,2,0,0,0,0,0,1,0,0,0,0,2,2,3,4,0,1,0,0,1,1,0,2,3,3,0,0,0,0,0,0,0,0,0
3596,0,0,0,0,0,0,0,1,0,0,0,0,0,0,0,0,0,0,0,0,0,0,0,1,0,0,0,0,0,0,0,0,0,1,0,0,0,0,0,1,0,0,0,0,0,1,0,0,0,0,0,0,0,1,0,0,0,0,0,0,0,0,0,0,0,0,0,1,0,0,0,0,0,0,0,0,0,0,0,0,0,0,1,0,0,0,0,0,0,0,0,0,0,0,0,0,0,0,0,0,0,0,0,0,0,0,0,0,0,0,1,0,0,0,0,0,1,0,1,1,1,1,0,0,0,0,1,0,0,0,0,0,0,0,0,0,0,1,0,1,1,0,0,0,0,0,0,0,0,0,0,0,0,0,0,0,0,0,0,0
3597,0,0,0,0,0,0,0,0,1,0,0,0,0,0,1,3,2,3,1,1,1,0,0,3,0,0,0,0,0,1,0,1,0,0,0,0,0,0,0,0,0,0,0,0,0,0,0,0,0,0,0,1,0,1,0,0,4,0,0,0,0,0,1,2,1,2,0,0,3,0,0,2,1,0,0,0,0,0,0,1,0,0,0,0,0,0,0,0,1,0,0,1,0,2,0,0,0,0,0,1,2,1,0,0,0,0,1,1,0,3,0,2,1,0,1,0,0,0,1,1,0,2,0,1,1,1,1,0,1,0,0,0,0,1,0,0,0,0,9,5,0,0,0,0,0,0,0,0,2,1,0,1,0,0,0,0,0,0,0,0
3599,0,0,0,0,6,0,1,0,1,0,0,0,0,0,0,1,0,0,0,0,1,0,0,0,0,1,0,0,0,0,1,0,1,0,0,0,0,0,0,0,0,0,0,1,0,0,1,1,0,1,1,0,0,0,0,0,0,0,0,0,0,0,0,0,0,0,0,0,0,0,0,0,0,0,0,0,0,0,0,0,0,0,0,0,0,0,1,0,0,0,0,0,0,0,0,0,0,0,2,0,0,0,0,1,1,0,0,2,0,0,0,1,0,0,0,0,0,0,0,0,0,0,0,0,0,0,0,1,0,0,0,0,0,0,0,0,0,0,0,0,0,0,0,0,0,0,0,0,0,1,0,0,0,0,0,0,0,0,0,0
3607,0,0,1,0,0,0,0,0,3,0,0,0,0,0,0,0,2,0,0,0,0,0,1,0,0,0,0,0,0,0,0,0,0,0,0,0,0,0,0,0,0,1,0,0,0,0,0,1,0,1,0,0,0,0,0,0,0,0,3,0,0,0,0,0,0,1,0,0,0,0,0,1,0,1,1,0,0,0,0,0,0,0,0,0,0,1,0,0,1,0,0,0,0,1,0,0,0,0,0,0,0,0,0,0,0,0,0,0,0,0,0,0,0,0,0,0,0,1,0,1,0,0,0,1,0,0,0,0,0,0,0,0,0,0,0,0,1,0,0,0,0,0,1,0,0,0,1,0,0,1,0,1,0,0,0,0,0,1,0,0
3608,4,2,6,13,12,9,0,3,9,1,4,2,2,3,2,3,3,11,6,6,10,5,1,9,2,2,3,3,2,0,2,0,2,3,1,2,2,1,9,6,3,5,4,1,4,4,6,3,0,3,4,2,6,3,1,0,5,2,9,4,2,1,3,1,1,2,5,1,3,2,3,1,1,2,3,3,4,10,1,2,5,13,8,5,3,2,6,2,3,7,6,1,3,11,3,1,4,1,4,3,0,2,1,5,8,9,11,3,1,10,4,1,6,6,5,11,7,7,3,4,3,3,10,7,4,4,6,9,4,4,4,10,3,6,10,2,6,5,8,2,8,2,3,9,2,4,3,1,6,7,4,5,4,4,3,2,3,8,2,2
3610,2,3,3,2,2,6,2,2,0,0,3,2,2,3,4,1,1,5,3,2,7,2,1,3,1,2,4,0,0,0,2,2,1,2,2,2,1,0,2,0,2,3,7,2,1,0,2,0,1,6,4,2,0,3,1,1,2,1,0,2,0,0,2,4,3,3,1,0,0,4,3,3,2,2,1,0,3,2,8,0,2,3,0,2,3,2,5,0,1,2,1,0,2,3,3,4,2,2,0,3,3,1,1,3,1,3,3,3,7,4,3,1,1,2,2,2,2,2,3,1,14,1,4,1,1,3,0,2,1,4,1,2,2,1,1,4,2,4,2,3,2,4,2,4,3,1,1,4,2,0,2,0,0,1,4,1,1,3,1,0
3612,4,0,5,2,3,12,2,2,3,0,1,3,0,2,4,0,2,3,4,4,5,2,1,6,2,1,0,6,4,2,4,1,0,2,1,2,2,1,4,0,3,2,3,3,2,0,3,1,4,4,5,2,3,1,2,3,1,0,2,2,4,3,2,4,3,1,0,0,1,1,2,5,1,5,3,0,6,3,1,0,2,0,1,1,2,0,3,2,1,2,4,3,2,4,3,0,1,3,0,0,2,3,0,2,3,8,1,2,1,4,4,1,5,2,2,5,5,4,5,7,4,1,4,7,2,3,1,3,5,5,1,2,2,2,3,3,3,2,1,0,4,2,4,1,3,2,1,2,5,1,2,2,3,0,5,2,1,5,1,0
3614,0,0,1,3,1,5,2,2,0,0,0,3,0,0,1,0,3,5,2,3,3,1,0,0,0,1,1,1,0,1,0,2,2,2,1,0,0,1,1,2,2,3,4,0,1,1,1,1,0,1,2,1,0,0,2,0,2,0,0,0,1,1,1,1,1,1,0,1,1,0,2,1,0,1,1,0,1,2,2,7,2,1,0,2,1,0,0,2,3,1,0,5,2,1,2,4,1,0,1,0,1,1,2,1,0,2,1,3,1,1,3,1,1,1,5,2,1,2,4,3,1,4,2,3,0,1,1,0,1,2,1,2,0,1,1,1,1,0,0,4,2,2,1,0,1,0,2,3,1,1,0,1,1,1,0,2,0,4,0,0
3616,8,7,6,5,7,22,5,5,12,4,7,3,3,1,7,2,11,21,13,6,13,6,0,4,2,6,3,4,4,3,4,8,8,2,7,3,1,12,4,6,14,7,6,7,7,6,5,2,3,2,6,3,2,2,2,2,5,2,3,5,2,3,4,1,3,6,6,5,5,3,7,4,3,4,0,4,6,4,5,4,7,4,8,6,5,10,9,9,8,7,10,8,5,4,7,11,6,7,8,7,7,3,5,8,1,11,9,7,6,15,5,6,8,12,20,8,12,12,6,7,10,7,10,11,10,5,8,9,9,9,11,10,3,4,7,4,4,6,6,8,9,2,13,6,6,15,13,6,5,5,8,10,5,4,9,4,2,12,6,3
3617,0,0,0,0,0,2,0,0,0,0,0,0,0,0,0,0,0,1,0,1,0,1,0,0,0,0,0,0,0,0,1,0,1,0,0,0,0,1,0,0,0,0,0,0,0,0,0,0,0,0,0,2,0,0,0,0,1,0,0,0,0,0,0,1,1,0,0,0,0,0,0,0,0,0,0,0,0,0,0,1,0,0,1,0,0,0,0,0,0,0,0,0,0,1,0,0,0,0,1,0,0,1,0,0,1,0,0,0,0,0,0,0,0,1,0,0,0,0,0,0,0,1,0,0,0,1,0,0,0,1,0,0,0,0,0,0,0,0,0,1,0,0,0,0,0,0,1,0,1,0,0,0,0,0,0,0,0,0,0,0
3618,0,0,1,0,4,2,0,0,2,2,0,0,0,0,0,2,5,3,2,0,1,0,0,1,0,2,2,2,1,1,2,1,0,1,0,1,0,0,1,0,1,1,1,1,3,0,2,0,1,0,5,0,1,0,3,1,2,0,1,0,0,2,1,2,1,1,0,1,0,0,1,0,1,1,0,0,0,2,1,0,1,0,0,0,1,0,1,0,0,2,4,1,0,2,1,0,1,3,0,1,2,1,0,2,2,2,3,1,0,0,1,4,3,1,1,0,2,0,3,2,0,1,2,3,3,1,1,0,1,0,0,1,2,0,1,0,1,1,3,1,3,0,0,1,0,3,3,2,0,0,2,2,0,1,2,0,1,0,2,0
3619,0,0,1,1,0,6,0,1,0,2,1,2,3,0,0,0,1,1,0,2,1,0,0,1,1,1,1,0,1,2,0,2,1,0,1,1,0,1,0,0,4,1,0,0,1,1,0,0,0,1,2,0,1,1,1,0,0,1,0,1,0,0,0,1,0,0,1,1,4,1,3,0,0,0,0,0,0,1,1,0,0,0,0,0,1,0,0,0,0,2,0,0,0,0,0,0,0,1,0,0,0,1,0,1,0,0,1,1,1,0,0,0,0,1,0,1,0,0,0,0,0,0,0,0,0,0,0,0,0,0,0,0,0,0,0,0,0,0,0,0,0,0,0,0,0,1,0,0,0,0,0,1,0,1,0,0,0,0,0,0
3620,5,1,9,15,27,55,4,3,7,2,11,2,1,7,6,13,14,35,23,17,32,15,6,12,6,9,10,5,5,19,8,7,8,5,13,6,3,7,6,5,9,6,9,5,4,3,3,7,3,5,5,1,5,9,5,2,9,9,9,13,3,7,5,5,6,9,7,7,7,9,4,4,7,9,4,3,9,10,4,5,4,12,10,5,6,7,7,3,5,3,6,8,9,11,11,5,17,22,11,13,14,3,4,7,5,18,14,5,17,12,22,16,12,19,19,19,16,26,18,10,8,15,12,9,13,13,15,17,8,7,14,9,5,8,9,11,10,9,5,16,15,7,10,13,7,20,8,9,12,8,6,12,8,18,8,6,5,8,9,2
3621,3,2,2,5,8,5,3,2,1,1,3,2,0,1,3,0,8,6,3,2,20,2,13,10,2,2,3,2,3,3,3,2,1,1,3,1,0,3,3,1,3,1,2,0,4,1,1,1,2,4,4,2,3,2,1,4,2,0,5,2,2,3,2,2,2,2,3,1,2,3,4,1,4,3,4,3,1,2,3,1,1,3,2,2,5,3,1,1,3,0,2,0,7,3,0,2,3,4,0,4,6,1,2,4,3,4,1,1,6,6,1,5,3,3,1,2,3,3,2,2,1,3,3,4,5,6,4,5,3,4,2,5,1,2,0,5,1,3,3,4,0,1,5,4,1,3,2,3,4,6,4,5,5,7,3,2,1,2,0,0
3622,0,1,2,0,0,1,1,1,3,0,1,0,0,0,0,0,0,0,0,1,5,1,0,2,0,3,0,0,1,0,0,0,3,1,1,1,1,0,0,1,1,1,0,0,0,0,1,1,0,1,0,0,0,0,0,0,0,3,4,0,0,0,0,1,0,0,0,0,0,0,0,2,0,0,1,0,0,1,2,0,2,0,0,0,0,1,1,0,0,1,0,0,0,0,0,1,0,0,1,3,0,0,0,1,0,0,0,1,1,0,0,2,2,3,1,1,0,0,0,0,0,0,2,1,2,1,0,0,1,0,0,0,1,0,1,0,1,0,0,0,0,3,1,0,0,0,0,1,0,0,0,0,2,1,0,0,0,1,0,0
3623,0,0,0,0,1,4,1,3,2,0,0,1,0,5,0,3,1,3,1,4,3,2,2,1,0,1,1,1,0,1,0,2,2,3,2,0,0,1,2,1,1,0,0,0,3,1,1,0,1,2,3,1,1,1,0,1,0,1,0,1,0,1,3,4,2,1,0,1,0,0,1,0,0,0,2,0,1,4,4,4,1,1,0,0,0,1,2,1,0,1,1,2,0,1,2,1,0,2,1,1,1,0,0,3,1,0,0,0,0,0,3,2,0,0,1,1,1,7,1,1,0,7,1,1,4,5,0,0,2,1,2,0,1,1,1,0,0,1,2,1,1,0,0,3,1,2,1,0,2,3,1,1,1,0,1,0,1,2,2,0
3624,0,0,0,1,2,0,1,0,1,1,1,0,0,0,0,1,0,1,2,1,1,1,0,0,0,0,0,0,0,1,0,3,0,0,0,1,3,1,1,2,3,0,2,1,1,1,0,0,0,0,0,1,0,3,2,3,1,0,0,2,1,2,0,0,0,1,1,0,0,0,0,2,0,0,0,0,0,0,4,1,4,1,1,0,0,1,1,0,0,0,1,3,1,0,0,1,1,2,1,2,4,2,4,0,0,4,1,0,0,0,0,1,0,0,0,1,0,1,2,1,1,1,0,0,0,1,0,1,0,2,0,3,0,1,0,0,0,0,1,3,0,1,0,1,1,0,1,0,1,0,0,1,2,1,1,0,1,0,1,0
3629,2,8,11,12,38,30,8,5,13,1,8,3,4,5,8,6,12,21,15,14,30,10,12,14,4,11,6,6,7,5,5,6,6,4,4,8,2,12,7,5,18,7,9,5,5,4,11,8,6,6,7,3,1,4,4,5,1,5,6,9,1,6,7,3,10,6,6,10,6,5,10,4,3,9,2,2,13,8,5,6,5,10,6,4,7,9,8,4,10,9,5,13,9,18,18,15,10,7,12,6,7,12,6,12,3,12,13,2,4,6,21,14,11,9,13,19,14,8,10,11,9,2,10,11,10,6,9,9,6,10,6,4,7,3,7,6,8,6,6,24,20,7,10,25,3,9,15,14,17,15,6,10,11,19,18,11,7,6,4,3
3630,15,25,46,44,67,108,34,15,25,5,13,14,12,20,19,13,64,77,27,36,87,18,19,26,14,23,23,12,19,23,24,20,12,21,17,21,12,19,15,19,25,15,28,24,21,12,17,20,20,20,11,20,12,14,18,17,7,4,17,18,13,25,17,17,15,21,21,14,11,18,16,12,15,12,9,14,22,46,18,10,12,14,17,31,11,16,28,21,18,24,40,14,23,35,35,51,36,33,36,21,19,16,23,32,33,40,36,29,34,30,43,39,35,50,68,46,58,62,43,27,29,49,67,44,39,32,28,53,23,34,27,34,14,35,29,21,14,24,57,48,34,24,57,58,20,42,38,30,28,30,16,28,28,27,32,16,26,16,13,1
3631,8,10,13,17,43,49,14,8,28,2,16,8,5,6,8,9,27,48,15,12,40,14,6,16,5,13,8,11,6,10,11,8,6,16,14,10,3,11,10,5,9,7,11,8,11,9,13,7,6,3,9,13,7,9,5,10,3,4,3,6,2,10,6,6,15,8,13,6,15,16,20,16,12,7,6,7,6,18,18,12,14,11,13,19,11,11,17,10,5,24,26,13,11,31,30,35,26,38,19,13,19,13,16,17,20,21,30,30,27,31,29,23,25,37,37,31,37,50,28,37,31,36,29,28,26,23,25,35,20,34,33,24,9,21,17,16,12,15,18,21,23,14,34,26,21,15,23,24,25,14,16,22,15,18,25,19,16,25,12,3
3632,0,0,1,0,0,0,0,0,0,1,0,3,0,0,2,1,0,2,2,3,1,0,2,0,0,0,0,0,2,0,0,0,0,0,0,0,0,0,0,0,1,0,0,1,0,0,1,1,1,2,0,1,0,0,0,1,0,0,0,0,1,1,1,0,1,1,0,0,0,0,1,2,0,0,0,0,0,3,1,0,0,1,0,1,0,0,0,1,0,0,0,0,1,1,0,0,0,0,0,0,0,0,0,0,0,0,0,0,0,0,0,0,0,0,0,0,0,0,0,0,0,0,0,1,0,0,0,0,0,0,0,0,0,0,0,0,0,0,0,0,0,0,0,0,0,0,0,0,0,0,0,0,0,0,0,0,0,0,0,0
3633,0,1,1,3,3,3,0,1,1,0,1,0,1,0,4,0,0,3,0,0,5,0,0,2,0,0,0,3,5,1,0,2,0,1,1,0,1,0,2,1,1,2,3,1,0,0,0,1,2,1,0,1,0,0,1,0,0,1,0,0,1,2,0,0,0,0,0,0,0,2,1,2,0,1,1,0,0,2,1,0,0,1,0,0,0,1,1,1,0,0,1,0,2,1,2,0,1,0,1,1,0,0,1,0,0,1,0,0,0,0,0,0,0,0,2,0,1,0,2,3,2,0,0,1,0,0,2,1,1,1,2,0,0,0,0,1,0,0,0,0,1,0,1,1,1,1,1,0,0,0,1,0,1,1,0,1,0,0,0,0
3634,0,1,1,2,6,10,0,4,5,0,2,0,0,0,1,1,2,6,5,2,6,2,1,3,2,1,1,4,2,4,2,3,2,6,3,7,0,1,3,4,3,0,3,3,5,1,3,2,0,1,2,1,9,2,1,2,1,1,0,1,1,1,1,1,2,2,1,1,4,1,4,0,2,1,0,1,0,2,2,1,2,2,2,4,1,2,1,6,2,3,1,2,1,0,2,2,6,3,3,2,0,3,0,1,3,5,4,3,3,3,6,2,4,3,2,4,3,7,2,2,2,3,8,3,2,8,1,0,6,4,2,1,1,3,2,1,3,2,2,0,3,1,0,0,1,2,0,2,3,4,3,2,2,2,2,2,1,1,3,2
3635,0,0,1,2,3,1,0,2,0,0,1,0,0,0,0,0,1,4,2,1,2,0,0,1,0,1,0,0,2,1,1,1,1,0,1,1,0,1,0,1,3,2,0,0,0,1,0,0,1,0,0,0,0,1,0,0,1,1,2,2,1,0,0,0,0,0,0,1,0,2,0,0,0,0,1,0,1,1,0,1,2,3,1,1,0,0,0,0,0,1,0,1,2,2,0,0,1,1,1,0,1,4,2,5,3,0,0,2,1,0,0,2,0,0,1,3,1,0,1,2,2,0,2,1,0,1,0,0,0,0,2,2,1,2,0,0,1,0,0,0,1,0,0,0,1,3,1,2,0,0,0,4,0,1,1,0,0,2,0,0
3636,2,2,8,5,29,18,8,10,16,3,5,3,2,3,9,5,14,19,12,7,18,5,14,16,11,5,7,10,15,8,12,7,6,7,6,7,4,6,7,2,7,6,13,4,6,7,2,7,3,5,5,5,7,3,4,1,1,1,2,5,2,5,1,5,4,3,6,7,3,4,6,2,2,1,5,3,10,22,9,8,3,9,10,9,1,7,6,5,8,7,9,8,5,10,3,11,7,14,5,6,9,4,4,6,6,8,6,6,4,9,5,9,10,11,8,2,16,11,10,6,3,6,13,7,8,9,11,10,4,1,5,3,5,4,11,7,2,3,10,6,9,7,7,4,4,3,6,4,8,10,2,10,6,5,2,6,1,5,1,1
3637,1,1,0,0,2,2,0,0,2,0,1,1,1,1,1,3,2,2,2,0,3,0,2,0,1,0,2,0,5,0,1,1,0,0,1,0,0,1,0,2,0,0,1,0,1,2,1,1,0,0,0,0,0,0,2,1,0,0,0,0,1,3,0,0,1,0,0,1,1,1,3,0,0,0,3,0,1,0,1,0,1,1,1,0,1,2,0,0,0,0,1,0,0,2,0,6,1,1,1,1,1,0,0,1,1,0,0,0,1,1,2,0,0,0,0,2,0,1,0,0,0,0,2,0,1,1,1,3,0,1,1,0,1,1,1,0,0,1,1,1,0,1,0,2,1,1,0,0,2,0,1,0,0,0,1,1,0,1,0,0
3638,3,3,0,3,12,7,6,3,5,1,3,2,0,3,0,7,4,2,3,3,8,1,5,1,2,4,3,1,4,8,3,2,4,5,2,0,0,1,3,1,4,2,2,6,2,2,2,3,2,1,3,3,3,1,5,7,3,0,1,1,1,1,4,2,1,6,0,1,0,4,3,6,4,1,1,1,4,5,4,3,2,1,1,3,1,3,2,4,5,6,6,2,0,2,1,4,5,2,10,4,3,3,5,3,2,2,4,3,3,6,7,1,2,4,0,5,1,5,1,2,1,0,2,3,5,2,2,5,3,3,2,2,1,1,0,2,0,2,2,2,2,2,1,8,1,2,5,1,0,1,5,2,5,2,3,2,0,1,1,1
3639,1,0,2,0,2,2,0,0,0,0,0,0,0,0,0,0,1,1,2,2,1,0,2,2,1,1,0,2,2,1,0,1,1,2,3,0,1,0,0,0,2,0,0,1,1,0,1,0,0,1,0,0,0,0,3,2,1,0,1,0,1,0,0,0,0,0,2,0,0,6,1,1,1,2,0,1,0,0,1,0,1,0,0,0,0,1,1,2,1,3,0,1,1,3,1,4,2,2,0,0,0,1,1,1,2,1,0,1,0,2,1,1,2,1,2,2,1,1,0,2,1,0,2,2,0,2,1,0,1,0,4,0,0,0,1,0,1,2,2,0,2,6,0,1,0,0,1,0,3,0,3,0,0,0,0,3,0,0,0,0
3640,0,3,0,1,1,3,11,2,1,1,1,1,0,3,1,3,2,5,1,2,6,2,7,1,3,0,4,0,1,0,1,1,2,1,0,4,1,0,1,1,2,3,4,4,1,0,0,2,0,1,2,1,0,0,2,1,3,2,1,1,1,0,1,1,2,1,2,0,3,3,2,2,0,1,0,0,1,6,1,2,1,1,0,3,5,0,0,1,2,1,1,1,0,1,1,2,2,3,1,1,2,2,2,2,1,2,0,2,0,2,3,1,4,1,3,3,3,2,4,4,3,5,1,0,1,4,2,1,0,1,3,1,0,1,1,3,2,2,2,2,2,6,0,3,1,2,0,2,1,0,2,1,0,0,0,0,1,1,0,0
3641,1,1,1,0,1,8,3,0,3,0,0,1,1,0,5,3,3,9,2,4,9,2,2,1,0,1,5,6,11,4,4,0,2,1,0,2,0,2,0,4,6,5,1,0,3,2,2,2,1,0,1,2,0,3,2,0,1,0,1,1,1,4,1,1,2,0,3,1,5,0,2,1,1,2,0,1,0,1,3,2,3,1,2,1,3,1,1,2,2,0,1,1,1,3,3,2,2,1,3,0,1,0,2,1,1,0,2,1,1,2,1,2,2,4,1,1,6,3,3,2,2,1,0,2,1,0,0,1,1,0,0,1,0,2,2,0,3,2,2,1,3,0,0,2,0,3,3,0,4,1,2,2,2,3,3,0,1,3,2,0
3643,0,0,1,0,3,1,0,0,1,3,0,1,0,0,0,0,1,0,2,1,3,0,1,0,0,1,0,0,0,0,1,2,3,0,0,0,0,0,0,0,1,0,0,0,0,0,0,0,0,0,1,0,0,0,0,0,0,0,0,0,0,0,0,0,0,2,0,0,1,1,1,2,0,0,0,0,0,1,0,0,0,0,1,0,0,0,0,0,0,0,0,0,0,0,0,0,0,0,0,0,0,0,0,0,0,0,0,0,0,0,0,0,1,0,0,0,0,0,0,0,0,0,0,0,0,0,0,0,0,0,0,0,0,0,0,0,0,0,0,0,0,0,0,0,0,1,1,0,0,1,2,3,1,1,0,3,0,0,0,0
3644,16,3,11,20,27,41,11,9,15,11,21,5,3,5,12,14,31,37,11,19,31,8,28,36,15,14,19,13,14,23,16,26,8,11,14,17,6,12,11,6,16,9,8,11,14,23,12,9,5,10,10,6,4,9,13,9,8,3,6,3,5,8,5,5,11,9,8,16,8,1,8,10,2,7,11,7,9,3,7,3,9,10,9,16,9,12,8,4,9,11,20,13,10,16,16,16,13,19,5,15,13,7,17,20,14,8,10,20,14,21,14,18,16,12,22,9,21,16,13,14,13,23,14,13,13,19,20,18,13,13,20,18,8,14,11,8,12,9,14,18,17,9,12,11,8,7,11,5,11,7,6,6,7,4,9,6,6,8,8,2
3646,2,1,3,0,2,3,0,0,1,0,0,3,0,2,0,1,2,4,0,1,2,0,0,0,0,2,3,0,0,0,0,2,1,1,0,0,3,0,2,1,0,1,0,2,0,0,0,0,1,1,1,3,0,0,0,1,2,0,3,0,0,1,1,0,1,0,0,2,0,2,3,1,0,0,0,0,1,1,1,1,1,0,0,1,0,1,2,1,0,0,2,1,1,2,0,0,1,1,1,0,0,0,1,0,0,0,0,1,1,1,1,1,0,2,0,1,2,1,0,1,0,0,1,0,0,0,0,2,1,0,0,2,1,0,2,1,0,1,2,0,1,0,0,1,0,0,1,0,2,3,2,1,0,3,1,0,0,0,0,0
3647,0,0,0,0,0,0,0,0,0,0,0,0,0,0,0,0,0,0,0,0,0,0,0,0,0,0,0,0,0,0,0,0,0,0,0,0,0,1,0,0,0,0,0,0,0,0,0,0,0,0,0,0,0,0,0,0,0,0,0,0,0,0,0,0,0,0,0,0,0,0,0,0,0,0,0,0,0,0,0,0,0,0,0,0,0,0,0,0,0,0,0,0,0,0,0,0,0,0,0,0,0,0,0,0,0,0,0,0,0,0,0,0,0,0,0,0,0,0,0,0,0,0,0,0,0,0,0,0,0,0,0,0,0,0,0,0,0,0,0,0,0,0,0,0,0,0,0,0,0,0,1,0,0,0,0,0,0,0,0,0
3649,0,0,0,2,4,1,0,0,0,0,1,0,1,0,2,0,0,0,1,0,3,0,1,1,0,0,1,1,3,0,1,2,0,1,0,1,0,1,0,0,1,0,2,1,0,0,1,1,1,2,0,0,0,0,0,0,0,0,0,0,1,1,0,0,0,0,0,1,0,0,1,1,0,0,0,1,0,2,0,0,0,0,0,0,0,1,1,0,0,1,0,0,0,0,1,1,1,0,0,0,1,3,0,1,1,0,2,2,0,1,2,0,1,0,2,1,0,2,0,0,0,1,0,1,2,0,0,2,0,0,0,1,0,0,0,2,1,0,0,0,1,1,0,0,0,1,1,1,2,2,0,1,0,1,0,0,0,0,0,1
3658,3,5,14,25,11,29,10,12,19,1,3,7,2,5,5,8,21,21,19,13,30,6,3,10,9,6,5,4,7,3,5,8,8,7,6,12,8,6,6,6,4,5,6,6,12,11,8,3,4,5,8,3,3,7,8,8,1,2,4,11,3,5,3,5,5,5,7,2,10,5,10,3,1,6,8,5,12,1,4,3,9,13,6,7,3,8,8,6,8,7,7,6,5,12,11,0,8,7,9,7,1,0,6,4,6,10,3,11,6,5,11,10,16,8,10,3,7,10,8,7,7,13,8,7,9,6,7,8,3,6,9,9,0,6,6,12,8,12,9,6,5,8,10,6,5,3,1,14,9,8,12,11,6,6,6,9,6,4,7,7
3659,0,1,3,0,1,6,0,2,4,2,0,0,0,1,1,1,0,3,1,1,3,0,1,2,0,2,3,3,1,1,0,0,4,2,1,1,1,4,1,2,2,0,0,4,2,1,0,0,0,0,2,0,0,0,2,3,0,0,2,2,0,0,0,1,2,1,0,1,2,2,0,1,2,1,1,0,0,1,2,2,1,0,0,2,1,0,0,0,2,2,0,3,0,8,2,1,0,0,1,0,0,0,0,0,1,1,0,1,1,0,1,2,2,1,0,1,4,0,4,1,2,2,1,1,0,1,0,0,2,4,2,1,2,0,0,0,1,1,1,3,0,2,1,0,3,3,1,1,2,1,0,0,0,1,0,0,0,2,0,1
3660,0,6,2,14,15,49,8,11,25,1,10,5,2,5,6,15,25,23,16,10,27,3,10,16,4,7,13,7,13,9,11,12,10,11,10,3,7,10,16,8,9,2,7,9,7,13,1,3,4,13,7,8,4,9,3,5,7,7,4,4,3,3,5,4,7,8,2,3,2,6,6,12,3,6,7,9,9,4,3,7,10,3,8,9,2,5,5,7,2,5,2,7,7,9,10,7,4,15,6,11,11,1,5,8,5,11,8,16,5,7,5,6,7,14,10,11,13,7,9,9,4,7,9,9,3,9,9,13,8,8,12,8,1,7,7,8,12,9,5,16,5,12,11,10,7,6,12,11,12,7,13,15,11,6,8,13,4,4,4,2
3661,0,0,1,1,0,2,0,0,1,0,0,0,0,0,0,0,1,4,0,0,0,0,0,0,0,0,0,0,0,0,1,1,1,0,0,0,0,0,0,0,0,0,2,0,0,0,0,1,0,1,1,0,0,1,1,2,0,0,0,0,0,0,0,0,0,6,0,3,0,0,0,0,0,0,0,0,0,1,0,0,0,0,1,1,0,0,0,0,0,0,0,0,0,0,0,0,0,0,0,0,1,0,0,0,0,0,0,0,0,0,0,0,0,0,0,0,0,0,0,0,0,0,0,0,0,0,0,0,0,0,0,0,0,0,0,0,0,0,0,0,0,0,0,0,0,0,0,0,0,0,0,0,0,0,0,0,0,0,0,0
3662,0,0,0,0,0,0,0,0,0,0,0,0,0,0,0,0,0,1,1,0,0,0,0,0,0,0,0,0,0,0,0,0,0,0,0,0,0,0,0,0,0,0,0,0,0,0,0,0,0,0,0,0,0,0,0,1,0,0,0,0,0,0,0,0,0,0,0,0,0,0,0,0,0,0,0,0,0,0,0,0,0,0,0,0,0,0,0,0,1,1,0,0,0,0,0,0,0,0,0,0,0,0,0,1,0,0,0,0,0,0,0,0,0,0,0,0,1,0,0,0,0,0,0,0,0,0,0,0,0,0,0,0,0,0,0,0,0,0,0,0,0,0,0,0,1,0,0,0,0,0,0,0,0,0,0,0,0,0,0,0
3663,0,0,0,0,0,2,0,0,1,0,0,0,0,0,1,0,0,1,0,0,0,1,1,0,0,0,1,0,1,0,0,0,1,0,0,0,0,0,1,0,0,0,0,1,1,0,0,1,1,0,1,0,0,0,0,0,0,0,5,2,3,1,0,0,0,1,0,1,0,0,0,0,0,0,0,0,1,0,0,0,0,1,1,1,0,0,0,3,1,2,0,0,0,0,0,0,0,0,1,1,2,0,0,0,0,1,1,1,0,0,1,0,0,0,1,1,0,0,0,0,0,1,1,0,0,0,0,1,1,0,0,1,0,0,0,0,0,0,0,0,0,0,0,0,1,0,0,0,0,1,0,0,1,0,0,0,0,0,0,0
3664,1,2,2,5,2,1,0,2,2,2,2,2,0,3,2,1,3,4,0,1,4,0,5,2,1,1,1,2,1,1,3,1,0,1,0,1,2,1,0,1,1,1,2,4,0,3,3,0,2,1,1,1,0,1,1,0,1,1,15,2,1,0,4,1,0,2,2,0,3,0,2,4,0,0,1,4,0,4,0,1,0,1,5,5,3,3,1,1,1,3,1,0,3,2,2,4,0,3,3,1,2,1,0,1,0,2,1,2,0,1,1,2,4,2,1,2,1,3,3,0,0,3,4,0,0,5,2,3,7,2,3,1,3,2,1,0,4,6,0,1,1,5,2,5,2,1,3,1,2,3,4,1,3,2,4,1,0,3,1,2
3665,0,0,2,1,2,2,1,0,2,0,0,0,0,2,0,0,0,1,1,0,1,0,0,0,0,0,0,1,1,1,0,1,0,0,0,0,1,0,0,0,0,0,1,0,0,0,0,0,0,1,0,1,0,1,1,2,2,0,3,0,0,1,0,1,0,1,2,0,0,0,0,1,0,0,0,1,1,0,1,0,1,0,1,2,0,1,1,2,1,0,1,0,0,1,1,2,0,0,0,0,0,0,0,1,0,1,0,0,0,0,1,1,0,0,0,0,0,2,0,1,0,1,1,3,1,0,1,3,1,0,1,1,0,0,0,0,1,0,2,1,0,0,1,2,2,0,0,0,0,1,0,1,1,0,1,0,0,0,0,0
3666,2,7,10,5,13,24,4,6,13,2,4,3,5,2,7,10,12,23,11,10,23,7,5,10,2,8,8,7,6,5,5,11,5,9,5,4,6,9,14,5,4,8,10,2,8,9,5,3,1,4,5,5,2,6,6,4,10,4,3,2,1,5,3,14,0,2,2,4,5,3,11,5,2,2,4,9,9,8,6,2,8,17,8,7,8,14,11,7,6,6,8,9,4,6,9,7,8,11,10,9,3,7,6,7,8,13,7,13,4,9,12,4,7,9,7,3,7,7,7,6,3,8,5,4,11,4,7,7,6,8,11,4,4,11,6,5,5,7,5,6,3,4,11,5,2,7,6,7,8,2,6,9,9,4,4,6,2,3,5,1
3669,0,1,0,2,3,6,0,2,6,0,1,0,0,1,1,2,7,4,0,3,9,1,0,3,3,2,3,0,3,0,1,1,2,2,3,1,1,0,2,2,0,0,4,2,0,0,1,2,2,3,2,1,1,0,1,1,4,3,2,1,0,1,1,1,0,1,2,3,9,1,2,2,1,2,1,1,1,2,0,3,2,3,3,0,2,6,5,1,5,1,0,1,1,2,3,2,1,2,2,0,0,2,2,5,1,3,1,2,3,5,2,3,4,2,1,2,2,2,2,0,2,3,2,1,2,3,0,2,3,3,2,3,0,1,1,2,2,2,4,2,3,0,2,2,2,5,3,3,1,4,0,4,0,1,4,1,1,3,4,2
3670,0,0,4,1,0,4,0,0,0,0,2,0,0,0,1,0,1,1,2,3,4,0,3,2,1,0,0,1,0,0,2,2,2,0,1,0,0,1,0,0,0,0,2,0,0,3,3,2,13,2,1,0,0,1,1,0,2,1,0,0,0,1,0,3,0,0,0,0,3,0,0,0,1,0,0,0,2,2,0,2,0,0,1,1,0,2,0,1,0,1,0,0,1,1,1,1,1,5,3,0,0,1,1,0,0,0,0,2,0,0,0,1,0,3,0,1,4,1,3,0,1,1,0,0,0,2,1,0,2,1,0,1,0,0,1,1,1,0,0,0,2,2,0,2,0,3,0,1,0,1,2,0,1,2,0,1,0,2,1,2
3671,1,0,0,0,1,0,0,0,0,0,0,1,0,3,1,5,7,3,0,1,3,0,1,1,0,0,0,0,0,3,0,0,1,1,1,1,0,2,2,1,1,0,0,2,0,0,0,0,2,0,0,0,0,0,0,0,0,0,0,0,0,0,1,0,1,0,1,0,1,0,1,1,0,0,0,0,0,0,0,0,1,2,0,0,1,0,0,0,0,0,0,2,0,0,1,0,0,0,0,0,0,0,0,0,0,0,0,0,0,0,1,0,2,1,0,1,1,0,0,0,0,0,0,0,0,0,0,0,0,0,2,4,0,0,0,1,0,4,4,0,1,0,2,0,0,1,2,1,2,0,0,0,3,0,0,1,0,1,0,0
3672,4,12,16,17,27,48,12,11,10,3,17,6,4,5,11,14,30,17,13,11,40,9,13,12,4,5,4,9,3,3,4,18,6,8,7,10,7,15,17,8,10,12,3,7,4,5,8,6,10,9,5,9,8,3,4,7,7,6,3,4,2,9,4,10,5,9,8,9,5,1,10,9,1,4,6,5,14,6,4,13,8,10,10,10,6,14,5,4,10,9,19,15,20,20,15,13,11,13,17,14,6,3,8,10,16,23,14,11,10,15,17,34,15,19,22,18,24,18,23,11,10,14,27,20,12,16,12,19,17,23,17,15,2,11,5,12,13,14,11,21,16,8,17,15,27,22,30,6,15,18,11,13,15,14,13,20,6,7,11,12
3673,1,3,3,1,5,11,6,3,3,0,5,0,0,1,3,1,7,7,2,2,15,1,5,3,3,1,2,2,4,1,3,1,2,6,4,6,3,2,4,2,1,4,4,3,1,1,3,2,3,4,1,3,3,2,0,2,1,2,1,0,1,3,1,2,1,1,0,0,0,0,0,2,2,1,1,1,0,0,1,1,2,2,1,5,0,1,2,2,2,1,4,3,2,4,3,4,3,3,5,3,1,4,1,5,2,2,0,2,2,6,1,6,2,1,4,5,4,3,3,3,5,3,4,2,3,2,1,4,6,3,4,5,3,0,4,4,6,2,4,4,2,9,5,3,1,5,4,2,5,1,2,2,1,2,2,2,3,5,0,1
3675,0,3,3,4,7,14,2,5,4,1,1,7,0,2,5,7,8,13,5,4,18,3,4,4,4,4,4,3,4,6,1,1,3,3,3,2,0,5,2,5,1,1,6,4,3,1,7,4,1,3,0,2,2,2,1,0,3,5,1,1,1,1,1,1,3,1,0,4,2,2,1,1,1,1,2,2,2,0,0,0,2,3,1,0,2,0,0,2,3,0,1,5,2,4,1,5,4,2,7,2,3,1,3,8,2,1,4,7,3,5,3,5,4,3,2,6,3,7,5,3,3,3,5,7,5,2,2,3,3,4,6,2,1,4,5,2,3,1,3,3,6,2,3,5,1,3,4,4,4,4,1,5,0,2,5,1,3,5,3,0
3676,0,0,0,1,4,11,2,1,2,2,3,3,2,2,3,1,2,4,2,3,6,3,5,3,0,2,0,1,1,0,0,0,0,0,0,0,0,0,2,1,5,2,1,1,2,3,2,0,0,1,0,1,0,0,0,0,0,0,0,0,0,1,0,1,2,0,1,0,1,0,0,0,0,0,0,0,0,1,3,1,0,0,0,0,0,1,0,0,1,0,1,0,0,1,2,0,0,0,0,0,0,0,0,0,0,1,0,0,0,0,0,0,0,0,0,0,0,0,0,0,0,0,0,0,0,3,0,0,2,1,3,3,0,0,0,0,2,0,4,0,4,0,0,0,0,0,0,0,0,0,0,2,1,0,0,0,0,0,0,0
3677,11,4,7,28,76,81,19,28,38,5,21,13,10,18,29,27,42,58,34,34,71,21,19,34,17,17,14,15,15,19,15,17,9,14,13,12,3,18,22,15,22,24,19,18,16,12,13,10,11,12,9,10,9,10,5,3,6,6,9,2,3,10,23,28,17,9,10,6,4,9,4,6,4,6,9,6,10,2,13,9,7,14,8,5,5,15,15,9,8,9,21,14,25,40,27,18,20,28,15,15,13,9,22,28,18,26,24,22,9,20,26,19,22,22,36,33,32,31,36,33,16,19,34,31,25,29,23,29,27,22,24,26,6,19,27,17,12,25,31,30,22,25,25,14,19,16,29,22,36,23,26,35,20,28,23,22,15,32,23,6
3678,1,8,9,4,27,31,12,25,29,7,8,8,7,7,12,14,30,37,14,10,40,9,11,23,8,9,11,13,12,12,10,6,12,10,6,10,2,4,7,6,19,7,10,26,16,15,19,13,8,4,5,8,5,8,4,2,7,5,7,3,2,7,4,5,8,2,8,1,3,4,6,3,3,4,6,4,9,8,6,9,11,10,10,9,4,6,6,10,3,3,9,7,8,25,17,14,11,18,15,14,9,3,7,7,10,12,9,12,11,15,10,11,12,17,12,15,11,14,26,15,7,12,19,9,5,12,10,10,6,13,11,15,5,10,11,9,10,13,13,8,15,7,15,16,4,13,9,14,13,6,15,17,18,11,16,10,3,5,11,4
3682,0,0,0,0,1,3,2,2,7,1,0,1,0,1,0,3,1,5,2,2,2,2,1,3,2,1,1,0,1,1,2,0,2,0,0,0,1,0,1,0,1,1,4,2,2,2,0,2,0,1,0,0,1,0,1,1,1,3,3,0,0,0,1,0,0,0,0,0,0,0,2,1,0,0,0,0,0,1,0,1,0,0,0,1,0,0,0,0,2,0,2,2,0,0,0,0,1,0,0,3,1,0,2,0,0,0,0,6,1,1,1,3,2,3,2,1,1,1,2,1,2,1,0,2,2,0,1,2,1,1,2,0,0,0,1,0,0,2,2,2,1,1,2,0,0,3,1,2,0,0,2,1,0,1,2,2,0,0,0,0
3683,5,3,3,2,8,11,1,4,5,1,5,4,2,2,4,4,4,5,4,5,12,1,4,6,0,3,2,2,6,4,2,3,1,10,0,4,2,1,4,2,1,3,5,7,2,1,2,1,1,2,2,7,0,1,1,3,3,1,2,1,1,3,2,0,3,0,1,2,1,1,0,1,0,0,0,2,0,1,2,2,0,2,5,2,0,0,3,1,1,1,1,3,3,0,2,2,0,2,1,2,0,0,2,1,1,5,3,4,2,4,2,3,1,3,5,7,5,8,5,4,2,0,1,3,1,3,3,3,2,5,3,1,0,6,1,1,0,6,5,5,4,0,3,2,2,4,3,2,3,0,3,3,2,5,3,1,2,3,4,0
3685,3,2,1,7,9,25,5,12,21,1,4,4,5,5,12,7,16,17,13,5,27,1,4,8,6,3,9,7,2,5,4,3,4,8,2,1,2,3,0,5,2,2,3,3,5,5,4,3,2,1,1,2,1,1,6,6,4,2,5,2,1,2,0,2,0,1,4,1,4,0,9,2,1,1,2,1,0,2,1,1,3,2,3,2,0,3,1,2,3,2,0,4,3,4,9,3,7,4,5,4,10,0,4,3,2,2,3,5,1,7,3,5,5,5,9,7,8,11,7,13,7,4,12,5,4,2,6,6,6,4,3,5,5,4,3,4,2,3,6,3,5,3,6,7,2,4,8,6,5,6,1,12,6,4,3,6,2,3,2,0
3687,2,2,1,4,8,4,1,1,3,1,2,0,1,2,1,3,5,11,1,0,12,1,3,2,1,1,0,0,1,2,0,5,2,5,0,1,1,1,2,0,1,0,2,2,6,1,1,0,0,1,0,0,0,0,2,1,1,0,0,1,0,0,1,0,0,0,0,4,3,1,1,1,0,1,0,1,0,0,4,0,0,2,0,2,1,0,0,0,3,0,1,1,4,5,1,7,2,0,0,2,0,2,2,1,1,1,4,0,2,1,1,0,0,0,4,0,2,1,5,1,0,2,2,2,2,3,2,1,0,2,2,1,1,0,3,0,1,1,4,1,1,2,1,0,1,1,3,2,2,0,3,5,1,4,1,2,2,4,1,0
3688,2,2,0,5,6,10,2,4,8,0,6,0,0,5,2,6,7,12,1,3,5,0,1,3,3,3,2,4,3,5,1,3,1,2,0,3,2,0,2,3,3,1,0,3,6,4,2,0,0,1,2,2,1,1,0,1,0,1,1,1,0,0,0,1,1,0,1,0,0,0,0,4,0,0,2,3,0,2,1,2,1,2,1,3,0,2,1,1,0,3,2,0,1,1,3,0,3,2,5,2,3,0,3,0,4,3,4,2,3,0,2,2,4,0,3,1,4,4,3,7,1,4,3,1,1,5,2,6,4,3,2,3,0,3,0,1,2,3,0,2,1,2,1,0,3,0,0,2,1,0,3,5,1,2,0,5,2,2,3,0
3689,1,0,6,4,8,2,2,4,1,0,0,0,1,1,1,2,9,3,2,1,2,3,0,0,0,0,2,0,0,0,0,0,0,0,0,0,0,1,1,0,0,0,1,1,3,0,0,1,0,1,0,0,1,0,0,0,0,1,0,0,1,0,0,1,0,2,2,0,0,0,3,2,0,0,0,0,0,1,0,1,0,0,0,0,0,1,1,0,0,0,0,0,1,2,1,3,0,0,0,0,0,0,0,1,0,1,1,0,0,1,0,0,0,0,0,0,0,0,0,0,0,0,0,0,0,0,0,0,0,0,0,0,0,0,0,0,0,0,0,0,0,0,0,0,0,1,0,0,1,0,2,2,0,0,1,1,0,0,0,0
3690,29,25,34,35,65,134,30,76,68,20,20,11,12,27,24,31,71,71,34,27,112,14,26,28,20,22,30,28,31,21,26,26,18,32,25,13,16,27,27,17,19,31,24,33,28,37,24,28,11,22,19,9,18,15,27,20,27,18,26,13,7,15,15,36,17,11,10,14,14,17,15,24,7,9,19,9,12,14,8,26,19,18,27,30,25,19,20,15,25,33,28,37,46,61,67,60,28,47,37,31,20,13,19,30,36,50,33,39,36,47,36,40,43,87,106,83,90,71,82,81,52,61,59,40,51,54,41,71,50,44,53,38,20,34,43,31,37,50,43,51,46,36,46,53,34,43,57,45,47,39,54,56,39,50,39,54,29,52,27,6
3691,8,8,6,3,14,40,14,12,39,2,6,4,9,5,13,7,20,35,12,14,63,4,19,9,5,4,7,7,6,6,9,12,11,15,12,9,9,9,18,18,25,8,19,8,19,25,11,11,23,23,8,6,5,8,7,8,6,3,13,7,3,5,6,11,4,6,5,3,5,5,5,9,3,11,9,3,4,5,4,6,12,13,10,21,6,11,14,9,11,9,19,12,13,31,29,19,13,18,14,25,25,10,18,14,16,24,15,19,18,25,15,19,20,30,32,30,33,36,37,33,20,31,29,26,32,36,26,56,31,29,32,32,9,21,27,10,21,18,23,21,18,21,30,27,20,21,20,16,25,16,13,30,18,26,20,29,15,23,19,6
3694,0,0,1,0,0,2,0,1,1,0,0,0,0,6,0,0,1,0,1,0,1,0,0,0,0,0,0,0,0,0,0,0,0,0,0,0,0,0,0,0,0,0,0,0,0,0,0,0,0,0,0,0,0,0,0,0,0,0,0,0,0,0,0,0,0,0,0,0,0,0,0,0,0,0,0,0,0,0,0,0,0,0,0,0,0,0,0,0,0,0,0,0,0,0,0,0,0,0,0,0,0,0,0,0,0,0,0,0,0,0,0,0,0,0,0,0,0,0,0,0,0,0,0,0,0,0,0,0,0,0,0,0,0,0,0,0,0,0,0,0,0,0,0,0,0,0,0,0,0,0,0,0,0,0,0,0,0,0,0,0
3695,0,0,0,0,0,1,0,0,3,0,0,0,0,1,0,1,2,5,0,0,4,1,2,2,0,0,3,0,2,1,0,0,2,1,0,2,0,0,1,5,2,1,4,0,1,0,3,1,1,0,0,0,2,2,1,0,0,0,0,0,0,1,0,0,1,0,0,0,1,0,0,0,0,0,0,1,0,0,0,0,0,0,1,0,1,0,1,2,0,0,0,1,1,0,1,1,0,1,1,2,0,0,0,0,0,3,1,0,0,1,0,2,1,0,2,1,0,1,0,2,1,1,0,0,1,0,1,1,0,0,1,0,0,0,1,1,0,0,1,0,0,0,1,1,0,0,1,0,1,0,0,1,2,0,1,0,1,0,0,0
3697,0,3,1,0,3,4,2,0,3,0,3,1,0,0,2,3,3,5,2,1,4,0,0,2,1,2,1,3,0,0,0,2,0,1,0,3,0,0,1,6,2,1,0,1,0,3,0,1,0,0,0,0,0,2,0,0,0,1,1,0,0,1,0,0,2,0,1,0,1,0,0,1,0,0,0,1,0,0,1,1,0,0,1,1,0,1,0,1,0,0,2,2,0,2,1,1,1,1,0,2,1,3,0,0,1,0,2,1,0,0,0,0,0,1,0,0,3,2,2,3,0,2,1,0,0,0,0,1,1,3,2,1,1,0,0,0,0,0,0,1,0,1,1,1,0,1,1,0,1,2,2,1,3,0,0,1,2,3,1,0
3698,2,4,7,2,2,9,3,5,3,0,1,1,0,1,3,4,7,9,2,2,3,0,0,3,0,0,2,1,1,0,0,1,2,0,0,0,0,1,1,1,3,4,2,2,1,3,0,0,1,3,0,1,1,0,1,0,0,0,0,0,0,0,1,0,1,1,0,0,1,0,2,1,1,0,0,0,1,0,1,1,2,1,2,2,5,1,1,2,1,0,1,1,1,3,3,1,2,2,4,1,1,1,0,2,1,3,1,2,2,1,2,0,0,0,3,3,0,6,3,2,3,2,3,0,1,4,2,3,0,5,2,1,0,2,4,2,3,2,1,1,1,1,1,3,4,1,1,2,4,4,1,3,3,0,3,4,2,0,1,0
3699,1,2,1,0,3,5,1,2,3,1,1,2,1,2,4,3,1,5,2,3,1,2,0,1,0,0,0,1,0,0,0,0,1,1,0,0,0,1,0,2,1,2,1,1,2,1,2,0,0,1,0,0,0,2,0,0,1,1,4,0,0,0,0,0,0,0,1,0,1,0,0,0,1,0,1,0,0,2,1,1,0,0,1,2,2,2,0,2,0,0,0,1,4,1,2,0,1,0,1,3,2,1,1,1,0,1,1,2,3,0,0,1,1,0,0,0,2,2,2,4,2,3,1,3,2,4,1,0,1,3,0,0,2,0,3,1,0,2,0,2,3,2,1,4,4,1,3,1,0,0,1,3,3,4,4,0,0,2,0,0
3700,4,0,1,0,5,5,4,3,5,0,0,0,1,1,3,1,4,6,1,2,2,0,1,1,0,3,2,2,2,0,4,0,1,1,3,2,1,2,2,6,11,2,13,5,4,5,3,2,1,1,0,0,3,1,1,1,0,1,0,3,0,0,1,2,1,0,0,1,0,0,0,3,0,0,2,1,1,1,0,0,1,0,2,4,3,3,3,1,1,1,1,2,3,2,2,6,3,7,6,3,1,1,1,1,2,1,3,4,1,1,2,1,1,1,4,1,5,3,1,8,1,1,0,3,4,3,0,2,0,1,2,0,1,3,1,4,1,0,4,0,1,0,1,3,2,3,1,0,5,3,1,3,3,2,0,2,1,1,0,0
3701,0,2,1,0,3,5,0,2,4,0,1,0,0,3,3,0,5,4,1,1,4,0,1,2,1,1,1,2,2,4,6,3,3,1,1,0,2,1,0,1,8,11,22,8,3,1,4,1,1,0,1,0,0,2,1,0,1,1,0,0,0,0,0,1,1,2,2,0,0,1,0,7,0,0,0,2,4,3,0,0,0,1,0,1,2,3,1,2,1,2,0,0,0,2,6,6,0,0,3,6,4,4,2,1,3,2,0,6,1,4,1,2,2,1,1,1,5,3,2,2,1,5,5,4,4,1,2,2,3,2,1,5,0,5,0,2,0,1,3,2,4,2,1,4,1,2,2,0,5,3,2,0,3,1,1,3,1,2,1,0
3704,0,0,0,0,0,0,0,0,0,0,0,0,0,0,0,0,0,0,0,0,1,0,0,0,0,0,1,0,0,0,0,0,0,0,0,0,0,0,0,0,0,0,0,0,0,0,0,0,1,1,0,0,0,0,0,0,0,0,0,0,0,0,0,0,0,0,0,0,0,0,0,0,0,0,0,0,0,0,0,0,0,0,0,0,0,0,0,0,0,0,0,0,0,0,0,0,0,0,0,0,0,0,0,1,0,0,0,0,0,0,0,0,0,0,0,0,0,0,1,0,1,1,0,0,0,0,0,0,0,0,0,0,0,0,0,0,0,0,0,0,0,0,0,0,0,0,0,1,0,0,0,0,0,0,0,0,0,0,0,0
3705,0,0,0,2,1,2,0,0,0,1,0,0,0,0,0,0,3,0,0,0,0,0,2,0,0,0,1,0,0,1,1,0,0,0,1,1,0,0,1,0,1,0,0,1,1,3,2,5,4,1,5,1,1,0,1,0,0,0,0,0,0,0,0,0,0,0,0,0,1,0,0,0,0,0,0,0,0,0,0,0,0,0,0,1,0,0,0,0,0,0,1,0,0,0,0,1,1,0,0,1,0,0,0,0,0,0,0,0,0,0,1,0,0,1,0,2,1,0,0,1,0,1,0,0,1,0,0,1,2,1,2,0,0,2,0,0,2,0,0,1,0,0,0,0,0,0,0,0,0,0,1,0,1,0,0,0,0,2,1,0
3707,1,0,4,0,3,10,2,4,2,0,0,5,1,0,2,3,6,2,4,0,4,0,4,6,0,1,1,2,3,1,4,1,2,0,6,0,0,0,5,6,4,1,1,9,9,15,13,31,11,17,9,2,3,2,3,2,1,0,0,6,0,3,2,1,1,3,0,0,0,0,0,3,0,1,1,1,0,1,1,1,1,0,1,1,8,4,1,0,3,0,0,1,2,4,5,3,3,1,3,0,1,8,3,3,0,0,0,8,0,2,1,1,6,2,3,0,3,4,2,3,3,5,5,5,3,0,4,3,3,2,2,4,0,1,4,1,7,0,6,2,2,1,8,5,3,4,4,3,2,4,2,7,4,5,17,14,2,3,8,1
3708,0,0,0,0,0,0,0,0,0,0,0,0,1,0,0,0,1,0,0,0,1,0,0,0,0,0,0,0,0,0,0,0,0,0,0,0,0,0,1,0,1,0,0,0,0,2,1,0,0,0,0,0,0,0,0,0,0,0,0,0,0,0,0,0,0,0,0,0,0,0,0,0,0,0,0,0,0,0,0,0,0,0,0,0,0,1,0,0,0,0,0,0,1,0,0,0,0,1,0,0,0,0,0,0,0,0,0,0,0,0,0,0,0,0,0,0,0,0,0,0,0,0,0,0,0,0,1,1,1,0,3,0,0,0,0,0,0,0,0,0,0,0,2,0,0,0,0,0,0,0,0,0,0,0,0,3,0,0,0,0
3709,0,1,0,0,0,1,1,1,7,1,0,0,1,0,1,1,2,0,1,1,0,0,1,1,0,0,1,0,0,0,0,0,1,0,0,0,0,1,1,0,1,1,0,9,3,8,6,2,0,2,0,0,0,0,0,0,0,0,0,0,0,0,0,0,0,0,0,0,0,0,0,1,0,0,0,1,0,0,0,0,0,0,0,0,0,0,0,0,1,1,0,1,0,1,0,0,1,1,1,0,1,1,0,0,0,0,0,1,0,0,1,0,0,2,0,0,0,1,1,0,0,0,0,1,1,1,1,1,0,0,0,5,1,0,0,0,0,1,0,1,0,0,1,1,0,0,1,1,1,0,2,2,0,0,0,1,1,1,0,0
3711,0,3,0,0,1,0,3,1,1,0,1,0,1,2,3,2,2,5,1,0,1,2,1,0,0,0,0,0,1,0,0,2,1,2,3,1,3,0,1,0,0,1,4,1,0,1,1,2,3,0,0,0,1,0,0,0,0,0,0,0,0,0,0,1,2,0,1,0,0,1,3,1,0,0,1,1,0,0,0,3,1,3,1,0,0,0,2,2,0,2,0,1,2,1,1,4,1,1,1,1,2,1,0,1,0,1,0,1,0,1,1,0,0,0,0,3,2,0,0,1,0,1,1,1,3,1,2,0,2,2,4,2,0,1,0,0,0,3,1,3,1,0,1,0,0,0,0,1,0,0,2,0,1,0,2,0,0,1,0,0
3712,0,0,0,1,0,1,0,1,1,0,0,0,0,0,1,0,0,1,0,1,0,0,2,3,0,1,0,1,0,0,2,0,1,1,1,0,2,0,0,1,0,0,0,0,0,1,3,0,1,0,0,1,0,0,0,0,0,0,0,0,0,0,1,0,0,0,0,0,0,0,0,0,0,0,0,0,1,0,0,1,0,0,0,0,0,0,0,0,0,0,0,0,0,0,2,1,1,2,0,1,0,2,1,1,0,0,0,0,0,0,0,1,1,0,0,1,1,2,0,1,0,3,0,1,0,1,0,1,1,0,1,1,0,0,0,1,2,0,0,1,1,2,0,2,0,0,0,0,2,0,0,0,0,0,1,1,1,0,0,0
3713,1,0,4,2,2,1,1,0,1,1,1,0,1,1,2,1,2,1,4,2,2,2,1,1,0,0,2,0,5,1,1,1,0,1,2,1,2,3,2,0,1,2,4,1,1,8,6,2,0,1,0,1,1,4,0,0,0,0,1,1,1,0,0,4,2,2,0,0,1,1,1,0,1,0,1,2,0,2,2,1,1,3,2,0,1,2,0,0,1,0,0,3,1,2,2,1,0,1,0,1,3,1,0,0,0,4,3,2,1,0,2,1,1,3,2,0,1,0,0,2,1,0,3,1,2,2,1,2,0,1,3,4,0,1,2,2,2,1,2,1,2,1,7,3,2,0,3,1,0,2,0,3,2,2,3,0,1,1,0,0
3714,1,4,3,1,6,18,3,12,9,1,5,1,2,4,7,6,15,14,3,7,13,3,7,4,0,7,10,3,4,3,4,13,4,7,6,5,2,5,12,2,11,8,6,7,11,5,8,5,6,5,1,1,3,1,4,0,4,4,0,2,0,3,2,10,3,7,1,1,3,4,2,2,1,2,1,1,2,0,6,7,3,1,4,2,2,11,3,4,7,3,0,10,2,3,6,5,4,7,5,1,1,2,3,1,1,4,3,4,4,4,7,3,9,6,7,3,8,4,2,8,5,7,5,6,2,6,5,5,9,6,13,7,0,1,7,6,7,6,12,5,6,3,4,4,0,9,5,4,5,7,8,5,1,4,2,8,3,4,2,0
3715,1,0,0,0,1,1,0,0,0,0,0,0,0,0,3,0,0,2,0,0,3,0,1,1,0,0,0,0,0,0,0,1,0,0,1,0,0,0,0,0,1,1,0,0,0,1,0,0,0,0,0,2,0,0,0,0,1,0,1,1,1,0,0,0,0,0,0,1,1,0,0,0,1,0,1,0,1,0,1,1,0,0,0,0,0,1,0,0,0,0,1,0,0,0,0,0,3,2,1,0,0,1,1,1,1,1,0,0,0,1,0,1,1,0,0,0,0,1,1,3,0,1,0,0,0,0,0,1,0,0,1,3,0,1,1,0,1,2,1,0,1,1,1,1,0,0,0,1,1,0,1,0,0,0,2,0,0,1,0,1
3717,0,3,4,7,12,8,3,7,6,4,4,1,3,1,3,1,17,9,3,6,16,5,0,10,1,4,6,2,3,4,4,3,4,4,4,2,2,4,3,6,4,2,3,2,14,15,2,4,2,3,3,5,4,3,4,1,2,3,3,1,5,3,4,0,5,2,3,2,4,4,3,3,0,8,4,2,3,4,3,6,3,5,2,9,2,6,8,5,4,8,5,3,3,3,7,6,3,10,6,1,4,2,3,2,5,6,5,6,2,5,1,9,3,6,4,3,9,9,9,2,3,8,9,13,11,6,2,3,6,5,5,5,2,9,7,7,7,3,0,8,6,3,7,8,5,6,7,0,8,1,5,4,5,5,4,13,3,2,5,0
3718,0,0,0,0,0,1,0,0,0,0,0,0,0,0,0,0,0,0,0,2,0,0,0,0,0,0,0,0,0,1,0,0,0,0,1,0,0,0,0,1,0,0,0,0,0,1,1,0,0,0,0,0,0,0,0,0,0,0,0,1,0,0,0,0,0,0,0,1,1,0,0,0,0,0,0,0,0,0,0,0,0,1,1,0,0,0,0,0,1,0,0,0,0,1,0,1,1,0,0,0,0,0,0,0,0,0,0,1,0,0,0,0,0,0,0,0,0,0,1,0,0,0,0,1,0,0,1,0,1,0,0,0,0,0,0,0,0,0,0,0,0,0,0,0,0,0,0,1,0,0,1,0,0,0,0,0,0,0,0,0
3719,0,1,1,0,1,0,0,6,3,0,2,0,0,0,0,1,1,0,1,4,2,0,0,1,0,0,2,3,1,0,0,1,0,0,2,1,0,0,1,1,0,0,0,0,1,0,2,0,1,1,0,0,1,0,1,0,0,3,0,2,1,0,1,1,2,2,1,0,1,0,0,0,0,1,0,1,0,0,1,0,0,1,1,1,0,0,0,0,0,1,1,1,0,2,2,0,0,1,0,0,0,0,0,1,0,1,1,1,0,0,3,2,1,0,2,1,2,0,1,2,0,1,2,0,3,3,0,0,0,0,2,2,0,0,2,2,1,1,0,1,0,1,1,0,1,1,1,0,0,0,1,0,0,1,1,1,0,1,0,0
3720,0,0,0,4,2,4,0,0,4,0,1,1,0,0,1,1,4,4,1,0,4,0,0,3,4,0,3,1,0,3,1,1,1,1,0,3,0,1,0,3,0,2,0,0,0,1,1,2,1,0,0,2,0,0,1,0,0,1,1,0,0,0,1,0,1,1,2,2,0,1,0,1,0,4,2,1,1,3,0,1,2,1,0,3,1,2,0,0,3,0,0,2,0,0,1,0,4,2,2,2,0,2,2,1,0,0,2,0,1,4,0,2,1,0,0,1,3,4,1,0,0,3,1,2,2,0,2,1,2,2,1,5,0,0,4,1,0,3,5,0,2,1,2,4,0,1,0,2,0,1,2,3,1,3,2,1,1,1,2,2
3722,5,1,7,10,15,17,2,8,14,1,4,3,3,5,6,5,19,17,5,10,34,9,7,8,1,3,6,7,1,6,6,3,2,4,5,8,9,1,8,6,7,6,5,5,3,7,6,10,5,2,1,5,1,1,4,2,5,3,10,9,1,3,6,6,5,3,3,3,3,6,7,6,8,2,5,6,12,9,4,5,6,9,5,3,2,1,14,8,11,8,9,10,10,10,13,12,6,14,12,6,15,5,3,6,9,11,23,15,3,5,13,13,9,12,9,10,17,21,14,15,3,10,12,4,9,10,15,18,13,15,16,16,2,11,7,7,10,7,11,16,7,7,10,15,5,10,10,7,7,11,4,9,19,18,14,8,6,7,6,4
3723,0,3,7,6,9,18,2,10,21,5,0,3,0,2,2,3,17,7,2,6,13,5,6,4,1,3,0,4,1,5,1,3,4,3,5,12,4,6,2,5,2,1,1,3,3,6,6,0,2,3,5,1,7,3,3,3,5,1,4,5,1,3,2,4,1,4,4,1,1,4,5,5,1,3,0,3,2,3,2,6,5,3,3,6,0,3,1,3,2,4,4,5,3,9,9,11,9,7,5,6,4,5,7,2,1,5,4,5,6,4,4,5,4,8,7,7,10,11,6,11,2,6,9,4,6,8,8,8,7,6,10,4,2,2,6,5,7,3,4,5,4,9,4,8,5,7,2,4,4,3,3,5,5,9,9,6,1,8,7,3
3724,0,0,0,0,0,0,0,0,1,1,0,0,0,1,0,0,1,1,0,0,1,0,0,1,0,0,0,0,0,0,0,0,0,1,0,0,0,0,0,0,0,0,0,0,0,0,0,0,0,0,1,0,0,0,0,1,0,0,0,1,0,0,0,0,0,0,0,0,0,0,0,0,0,0,0,0,0,0,0,0,3,0,0,0,0,0,0,0,1,0,0,0,1,0,0,0,0,0,0,0,0,0,0,0,0,0,0,0,0,0,0,0,0,0,0,0,0,0,0,0,0,0,0,0,1,0,0,0,0,0,0,0,0,0,0,0,0,0,0,0,0,0,0,0,0,0,0,0,0,0,0,0,0,0,0,0,0,0,0,0
3725,0,0,2,0,1,2,2,1,2,0,0,0,0,0,0,2,1,3,0,1,2,0,1,0,1,0,0,1,0,0,1,1,3,0,4,1,1,1,1,0,2,0,0,0,1,2,4,1,0,0,0,1,1,3,1,0,1,0,0,1,0,0,0,0,2,0,0,0,1,0,0,1,1,0,0,0,1,2,0,1,1,0,3,0,0,1,2,0,0,1,1,1,1,3,1,0,1,5,1,0,2,1,2,1,2,0,1,1,0,0,1,0,2,0,1,1,2,0,0,1,1,2,3,0,0,1,1,3,1,1,1,5,0,0,1,0,4,3,1,2,0,0,0,1,1,0,1,0,1,0,0,1,0,0,0,2,1,0,2,0
3726,0,0,0,0,2,3,1,2,1,0,0,0,0,0,2,1,2,3,0,0,2,4,1,1,2,2,3,2,1,1,0,0,0,0,0,0,1,0,0,0,2,0,0,0,1,2,3,1,0,0,0,0,1,2,0,0,1,0,1,0,0,0,1,1,0,0,0,1,1,0,0,1,0,0,0,1,0,2,0,0,1,0,0,2,0,1,3,0,1,0,1,0,0,1,0,1,0,1,1,1,1,0,0,1,0,2,5,1,0,1,0,0,0,0,0,1,1,0,0,0,0,1,0,0,0,0,0,0,0,0,0,0,0,1,0,2,0,0,0,0,0,1,0,0,0,1,2,0,1,0,0,0,0,0,1,1,2,2,0,0
3727,0,0,1,0,0,3,1,1,0,0,0,0,0,0,0,0,1,1,0,1,2,0,0,0,3,1,0,2,3,0,1,0,1,6,0,0,0,1,0,2,0,0,1,3,0,0,0,1,0,0,0,0,0,1,0,1,0,0,0,1,0,0,0,1,0,0,0,0,0,1,0,0,0,0,0,0,0,3,0,0,0,0,1,1,0,0,0,1,0,0,0,0,0,0,1,2,2,0,1,0,0,2,0,0,2,0,0,1,0,0,0,0,0,0,0,0,2,0,1,0,0,0,1,0,0,0,1,1,1,0,0,0,1,1,0,0,0,1,0,2,0,0,1,1,1,0,0,0,0,1,0,0,0,0,0,2,0,1,0,0
3728,0,0,5,2,1,4,0,2,4,1,1,0,1,1,4,1,6,2,2,1,2,0,1,1,1,1,0,0,3,1,2,1,1,2,0,1,1,2,0,1,1,1,0,2,2,2,1,4,0,0,0,0,0,1,1,1,0,0,1,0,0,2,0,0,0,0,0,1,1,1,0,0,0,0,0,2,0,2,0,0,0,2,0,1,1,0,0,1,0,0,1,0,0,0,0,3,2,0,2,0,1,3,0,0,1,1,2,2,0,2,3,0,3,2,2,0,0,1,2,0,0,0,0,3,0,0,0,1,0,3,0,1,0,0,1,2,1,0,2,2,2,2,3,1,0,3,0,0,5,1,1,1,2,1,0,5,0,1,0,0
3730,15,6,20,29,22,72,12,19,46,9,10,8,3,20,20,22,34,73,21,18,35,8,14,23,14,18,14,23,14,13,10,18,9,12,8,8,4,10,15,10,13,7,14,9,8,6,6,6,5,11,8,8,3,10,10,2,8,5,3,6,4,9,8,3,8,7,10,9,5,4,17,16,3,8,5,11,6,12,9,7,7,7,7,10,5,20,22,7,11,6,7,17,11,21,26,15,10,26,21,18,15,8,10,14,14,15,14,29,11,13,16,22,19,19,32,23,25,28,10,9,14,18,23,19,14,18,19,12,21,18,22,16,7,17,20,20,7,11,11,13,14,17,17,18,7,25,15,14,20,15,26,19,16,19,18,14,15,16,15,7
3732,0,1,0,0,1,8,2,3,2,0,0,1,0,3,0,1,1,3,0,4,2,2,2,2,1,2,0,0,0,1,0,1,1,0,5,4,0,4,0,0,0,4,1,1,0,0,0,2,0,1,0,0,2,0,0,1,1,0,0,0,0,0,0,0,0,0,0,0,0,0,0,2,0,0,1,0,1,0,0,1,0,0,0,0,0,1,0,2,0,0,4,0,2,2,1,1,1,0,1,0,1,1,0,1,2,2,1,3,0,1,0,0,0,0,3,0,1,2,2,4,0,3,5,0,1,1,0,0,3,0,1,0,1,0,2,0,0,1,3,2,1,0,1,1,0,0,0,1,1,5,2,2,0,1,0,2,0,1,1,0
3733,0,0,0,1,0,1,0,0,0,0,0,0,0,1,0,0,1,1,0,0,1,1,0,1,1,0,0,1,0,2,0,0,0,0,0,0,0,1,0,0,0,0,0,0,0,0,0,0,0,0,0,0,0,0,0,0,0,0,0,0,0,0,1,1,0,1,0,0,0,0,1,1,0,0,0,0,0,1,0,0,0,0,0,0,0,0,0,0,0,0,0,1,0,1,0,2,1,0,0,0,0,1,0,1,0,0,2,6,0,1,0,0,1,0,0,0,1,0,0,0,0,1,0,1,0,0,0,1,0,0,0,0,0,0,0,0,2,0,0,0,0,2,0,0,0,1,0,0,0,1,0,0,0,0,0,0,0,0,0,0
3735,0,0,0,0,0,1,0,2,0,0,0,0,0,0,1,2,2,4,1,0,2,0,0,1,1,1,0,0,0,0,1,1,1,0,0,1,2,0,1,1,0,0,0,8,6,2,0,1,0,1,0,1,0,2,0,0,1,0,2,0,0,0,0,0,0,0,0,1,0,0,0,1,0,0,0,0,0,1,1,1,0,0,0,0,0,0,3,0,1,0,0,1,0,1,3,0,2,1,0,1,0,0,0,0,0,0,2,1,1,1,0,2,1,0,1,0,1,1,2,3,1,0,3,0,1,1,2,0,0,1,1,2,0,2,1,0,0,1,1,1,0,0,0,1,2,1,0,0,0,2,1,1,0,0,1,0,1,0,1,0
3736,0,0,0,0,0,1,0,1,0,0,0,1,0,3,0,0,1,0,0,0,1,0,0,0,0,0,0,0,0,1,1,0,0,0,0,0,0,0,0,0,1,0,0,10,0,0,0,0,0,0,0,0,0,0,0,0,0,1,0,0,0,0,0,0,0,0,0,1,0,0,0,0,0,0,1,0,1,0,0,0,0,0,0,0,0,0,0,0,0,0,0,0,0,0,0,1,0,0,0,0,0,1,0,0,0,0,0,2,0,0,0,0,0,0,0,0,0,0,0,0,0,0,0,0,0,0,0,0,0,0,0,0,0,0,0,0,0,0,0,0,0,0,0,0,0,0,0,0,0,0,0,0,0,1,0,0,0,0,0,0
3737,3,5,6,5,12,19,10,3,6,1,2,3,2,2,6,8,14,25,8,15,28,7,9,8,2,3,7,2,7,7,1,5,0,4,4,2,1,9,6,4,6,3,3,9,8,2,4,6,1,4,6,3,2,3,2,2,2,4,2,1,0,5,3,3,4,0,6,2,4,1,0,1,3,0,3,3,4,2,3,6,2,6,6,3,2,4,3,6,6,2,6,4,2,5,5,6,4,1,5,8,6,3,2,0,3,6,9,18,4,5,5,3,4,3,11,6,7,8,8,11,4,8,4,14,5,8,13,9,9,6,5,9,2,4,8,8,5,3,6,4,3,3,2,11,2,10,8,5,10,7,9,11,8,6,5,3,7,6,5,1
3738,0,0,0,0,0,1,0,0,1,0,0,0,0,0,0,1,0,2,1,2,0,0,1,0,0,2,0,0,0,0,2,0,0,0,0,0,0,0,0,1,2,2,0,1,1,0,0,0,0,0,0,0,0,0,0,0,0,0,0,0,0,1,1,0,0,0,0,0,0,0,1,0,0,0,1,0,0,0,0,0,1,0,0,0,0,0,0,0,0,0,0,0,1,0,0,0,0,0,0,1,0,0,1,0,1,0,0,2,1,0,0,0,0,0,0,0,0,0,0,0,0,0,0,0,0,0,0,0,0,1,0,0,0,1,0,0,0,1,0,0,1,0,0,1,0,0,3,1,0,2,0,0,1,0,1,0,0,0,0,0
3739,0,0,0,1,1,0,0,0,0,0,0,1,0,1,0,0,0,1,0,1,3,0,0,1,0,0,0,0,0,0,0,2,0,2,2,0,0,0,1,1,0,0,0,1,0,0,0,2,0,0,0,1,1,0,0,0,0,0,0,1,0,0,0,0,0,0,0,0,0,0,0,0,0,0,0,0,0,0,0,1,0,0,0,0,1,0,0,0,1,0,0,0,0,0,0,1,0,0,1,0,0,0,0,0,0,0,1,1,0,0,1,1,1,1,0,1,0,0,0,1,0,0,0,0,0,1,0,0,1,0,0,0,0,2,0,0,0,0,0,0,1,0,2,0,0,1,0,0,0,0,0,0,0,0,0,0,0,0,0,0
3740,1,1,1,1,1,2,0,1,5,1,0,0,1,3,0,2,3,8,2,4,9,3,5,4,2,2,2,2,1,1,1,2,1,2,0,3,1,2,0,1,1,0,0,3,1,0,1,0,1,1,2,0,0,1,3,0,1,3,0,2,1,2,1,2,2,0,2,1,0,2,1,2,1,0,2,0,2,3,1,2,1,0,1,0,1,2,1,2,2,2,0,0,2,1,1,1,1,1,4,2,2,1,1,3,0,0,0,2,1,0,1,0,0,3,2,1,2,1,1,2,4,1,1,1,0,2,0,2,3,1,3,0,2,1,0,2,1,0,2,3,2,1,1,1,2,3,4,5,4,2,3,3,4,1,5,1,1,5,0,1
3741,1,5,3,6,4,19,3,5,6,0,3,1,2,3,7,0,11,19,6,13,13,5,7,5,3,4,5,1,3,1,5,3,5,2,6,0,2,1,3,4,4,3,3,4,5,2,4,6,2,1,4,2,3,3,3,2,3,2,3,4,1,4,3,6,3,1,1,3,3,4,4,2,2,0,5,1,4,1,2,4,1,4,3,4,4,10,5,5,8,6,3,11,6,5,9,7,1,4,4,1,7,2,5,5,4,10,3,4,1,5,1,2,7,2,3,4,5,4,11,3,3,11,4,5,8,7,6,11,1,8,6,6,4,5,9,7,5,6,5,5,7,9,7,6,5,6,4,5,2,4,7,3,8,7,5,10,7,3,4,0
3744,0,1,1,1,2,3,1,0,1,0,1,0,1,1,1,3,1,4,1,0,2,0,0,0,2,2,0,0,0,0,0,2,0,1,0,0,1,0,1,1,3,0,0,0,2,0,0,0,1,0,3,0,0,0,0,1,0,2,3,0,0,1,2,0,1,0,1,0,0,0,0,0,0,1,1,0,0,1,0,1,0,1,0,0,2,0,0,0,0,1,0,0,0,0,0,0,0,1,1,0,2,0,1,0,0,1,1,2,0,1,0,0,1,0,1,1,0,1,2,0,1,0,4,2,0,2,3,0,1,1,0,0,0,1,3,0,0,1,1,0,0,1,1,1,1,0,0,1,1,0,1,0,1,1,0,0,1,0,0,0
3746,1,0,0,0,4,6,1,4,2,1,1,2,2,1,2,1,1,3,0,0,5,0,1,1,0,2,0,0,1,0,0,0,1,0,1,0,1,2,0,0,2,1,0,5,3,2,0,0,0,1,0,0,0,0,0,0,0,0,0,0,0,1,1,0,0,1,0,0,2,0,0,1,0,0,0,0,0,0,0,0,0,0,1,0,0,0,1,0,0,1,0,1,0,5,1,0,0,2,1,3,0,1,0,1,0,0,0,0,0,0,0,1,0,1,0,2,1,0,3,0,0,3,0,0,0,1,0,1,2,1,0,2,0,1,2,0,1,1,0,0,0,0,2,1,0,0,1,0,0,0,0,0,1,2,3,2,0,0,1,0
3747,2,8,6,9,16,23,9,18,13,4,12,5,9,5,3,28,23,31,7,8,26,3,4,8,5,3,11,4,6,6,11,13,1,3,3,8,4,3,15,11,9,8,6,9,10,9,11,4,1,6,5,4,2,4,4,0,4,4,4,2,2,3,1,6,3,3,8,1,2,2,1,2,0,1,7,2,7,7,1,5,6,9,7,9,4,7,4,3,5,5,6,7,6,6,8,9,7,11,6,9,12,4,5,5,9,11,6,6,5,9,5,5,1,6,8,9,13,15,16,10,7,8,10,10,9,9,9,9,8,10,12,16,5,4,6,7,5,3,11,11,8,5,16,14,7,7,10,9,9,9,11,16,12,12,11,7,3,8,7,0
3749,4,0,2,6,4,5,3,3,9,0,1,3,3,1,3,6,12,7,7,5,21,2,2,4,1,3,2,1,1,4,3,5,2,2,4,7,5,2,2,1,5,2,3,4,2,6,4,1,1,0,2,2,3,5,2,0,3,3,0,1,1,0,2,0,1,1,2,3,2,2,2,1,0,0,2,1,4,1,0,3,22,45,19,10,3,2,1,2,4,4,5,1,3,1,6,6,4,4,4,4,7,5,0,3,1,2,2,10,3,2,3,4,8,5,2,2,5,5,7,5,1,3,4,6,3,2,2,4,5,6,3,5,2,5,3,3,2,1,6,5,2,6,3,3,4,3,3,2,6,2,4,4,2,2,1,4,4,3,1,0
3750,0,0,0,0,1,1,0,1,1,2,0,3,0,3,5,7,5,13,9,4,8,1,2,6,5,1,5,6,5,4,6,4,3,5,0,5,2,7,4,5,10,5,7,7,8,9,2,11,3,8,11,18,9,8,13,10,14,15,8,10,5,11,16,11,6,4,2,9,4,5,4,10,11,7,5,2,9,3,14,10,13,17,22,8,8,10,13,10,8,14,17,13,34,38,41,47,25,24,31,22,13,8,6,16,47,62,64,55,65,57,57,32,54,86,81,19,20,94,146,120,86,85,81,67,75,80,72,72,49,67,64,60,19,33,32,23,30,38,46,34,42,35,31,30,25,36,30,31,35,32,66,41,42,53,68,45,31,24,31,9
3751,0,0,0,0,1,0,0,0,1,0,0,0,0,0,0,0,0,0,1,1,0,0,0,0,0,0,0,0,0,0,0,0,0,0,0,0,0,0,0,0,2,0,0,0,0,0,0,0,0,0,0,0,0,0,0,0,0,0,0,0,0,1,0,0,0,0,0,0,0,0,0,1,0,1,0,1,0,0,0,0,0,0,0,0,0,0,0,0,0,0,0,0,0,0,0,0,0,0,1,0,0,0,0,0,0,0,0,0,0,0,0,0,0,0,0,0,0,0,0,0,2,0,0,0,0,0,0,0,0,1,0,0,0,0,0,0,1,0,0,0,0,0,0,1,0,0,0,0,0,0,0,0,1,0,0,0,0,0,0,0
3752,7,21,18,8,18,29,12,17,17,3,12,10,11,19,23,31,47,53,31,14,30,14,10,9,6,11,11,17,13,4,13,14,7,8,9,10,10,36,25,19,17,15,16,15,20,19,13,13,5,7,13,18,13,11,11,12,17,10,4,10,8,12,9,13,5,10,8,5,11,17,19,3,4,2,3,10,9,5,22,10,5,13,18,6,10,18,15,9,11,20,14,9,9,24,27,27,17,24,33,16,10,10,18,12,18,22,20,24,22,36,32,12,23,26,33,9,2,17,50,28,18,39,36,36,34,32,23,18,14,23,25,20,13,16,21,12,15,25,26,15,18,31,20,15,10,22,20,11,16,13,22,22,10,24,23,23,20,18,16,8
3753,1,0,1,0,0,1,0,2,2,1,0,0,0,2,1,1,1,4,2,1,6,2,2,1,1,0,3,2,0,2,3,0,3,3,2,1,1,0,3,3,1,2,0,0,2,0,1,2,1,0,2,1,2,1,6,3,7,3,2,2,3,1,1,1,2,2,5,1,1,3,2,2,1,3,0,0,2,1,1,8,2,0,0,2,2,2,3,2,5,3,2,4,2,3,9,6,5,7,4,6,3,3,2,8,4,13,16,13,9,9,14,5,7,10,13,3,12,13,15,13,6,8,13,14,8,13,6,15,6,4,7,8,7,9,7,3,5,4,11,5,6,2,7,6,6,15,8,7,9,10,17,17,13,10,11,20,11,10,9,2
3754,12,13,25,20,23,47,19,24,30,4,16,16,6,19,25,38,54,65,18,25,59,21,21,29,19,14,17,10,12,15,17,17,14,21,16,27,48,35,29,31,34,22,32,29,23,26,25,36,15,28,17,32,19,21,18,22,52,23,22,13,18,31,14,24,23,28,18,14,18,20,40,17,10,16,25,12,30,28,12,19,13,24,34,24,19,27,23,24,38,20,30,22,49,53,71,42,55,65,80,47,35,17,34,40,54,75,85,75,67,97,72,62,54,81,101,19,3,86,147,128,104,87,82,96,66,70,76,70,50,64,67,54,29,44,50,38,41,48,72,56,53,44,69,55,36,57,33,33,45,43,68,57,53,53,55,53,28,41,44,16
3755,0,0,1,0,0,0,1,0,0,0,0,0,0,0,0,1,1,2,0,0,0,0,0,0,0,1,0,0,1,0,0,0,0,0,0,0,0,0,0,0,0,0,1,0,1,0,0,2,0,0,0,0,0,0,1,0,0,0,0,0,0,0,0,0,1,0,1,0,0,0,0,0,0,0,1,0,0,0,0,0,0,0,1,0,0,0,0,1,0,1,0,1,0,0,0,1,0,0,0,0,0,1,0,0,1,0,0,0,0,1,0,0,0,0,1,0,0,0,0,0,0,0,3,0,1,0,0,0,0,0,0,0,0,0,0,0,1,0,0,0,0,0,0,0,0,0,0,1,0,0,1,1,0,0,0,0,0,1,0,0
3756,3,10,8,12,13,32,20,18,26,5,5,4,6,8,19,22,28,25,22,13,26,7,9,11,2,6,5,14,13,6,9,10,10,9,9,8,19,8,10,17,16,3,17,4,15,12,13,11,6,10,5,7,6,12,7,6,6,7,8,9,8,23,10,6,6,12,3,5,10,10,11,16,6,7,6,11,5,6,8,4,8,15,10,5,2,13,12,9,16,9,9,3,12,12,14,10,8,13,20,19,9,9,16,13,8,18,19,14,14,27,29,13,22,38,40,9,13,27,28,34,24,30,30,29,26,30,24,26,19,26,37,28,14,14,12,14,15,22,18,16,17,16,21,21,12,23,11,5,19,20,35,29,17,21,16,20,12,21,16,4
3757,6,9,15,7,13,18,11,11,19,5,2,1,5,8,10,12,17,21,14,13,14,6,9,7,3,4,4,8,4,7,9,4,3,7,7,11,8,13,7,23,15,6,6,2,5,7,5,9,4,3,8,6,6,5,4,7,7,4,2,9,1,12,8,15,2,9,5,5,5,6,5,7,5,10,6,5,7,6,9,2,5,6,8,6,4,7,14,5,6,5,10,9,6,17,9,11,15,14,11,6,12,8,8,8,4,7,2,5,6,18,8,8,15,9,11,0,3,7,11,16,3,8,7,7,17,10,11,24,9,9,9,17,4,8,9,7,4,5,11,12,12,5,11,13,8,8,9,12,5,7,9,8,16,9,7,6,3,6,6,1
3758,3,2,1,2,5,12,0,4,11,1,0,1,0,0,6,1,4,9,4,5,10,2,1,2,0,3,3,5,1,1,3,0,1,1,2,2,5,1,5,3,3,2,0,6,1,5,2,0,2,0,3,3,0,1,3,1,1,0,0,1,1,0,4,2,3,1,1,1,4,1,0,3,1,0,0,2,2,3,2,2,4,2,1,0,4,2,0,2,1,4,2,3,3,4,4,4,2,3,2,0,3,0,2,2,1,3,3,1,0,3,4,2,2,5,1,2,1,1,3,3,5,1,3,1,1,3,3,7,0,1,3,4,2,3,1,2,1,1,0,2,3,0,3,2,0,1,0,1,5,3,4,2,3,5,3,2,1,1,0,1
3759,1,1,1,1,4,2,2,4,2,0,0,2,0,1,0,2,1,3,1,5,4,1,2,6,0,0,0,0,0,1,0,0,0,0,1,0,0,1,0,1,0,0,2,1,1,0,2,5,2,1,0,2,1,0,0,0,2,0,0,0,0,0,0,2,2,1,1,1,1,1,2,4,3,2,2,2,2,0,0,0,1,2,1,3,1,1,1,1,0,0,0,1,0,2,2,2,0,1,6,0,2,1,0,2,1,0,1,3,1,1,2,0,3,2,2,1,1,3,3,2,2,3,0,0,2,2,3,0,1,1,1,4,0,0,0,0,1,1,2,1,1,2,2,1,1,0,0,0,3,1,4,1,1,0,0,2,0,1,0,0
3760,0,0,0,0,2,4,0,1,1,0,0,1,0,0,1,0,0,3,2,0,2,0,1,1,0,0,0,0,0,0,1,0,0,0,0,1,1,0,1,0,0,0,0,1,0,2,0,1,0,1,0,0,1,0,0,1,0,0,0,0,0,0,0,0,0,0,0,0,0,0,0,0,0,0,0,0,0,0,2,0,0,0,0,1,1,0,0,0,0,0,0,0,1,0,0,0,0,0,1,0,1,0,0,0,0,0,0,0,0,0,1,0,1,0,0,0,0,1,1,3,0,0,0,1,0,0,1,0,2,0,1,1,0,0,0,0,0,1,2,0,0,0,1,1,0,0,0,0,0,1,1,0,0,0,0,0,0,0,0,0
3761,1,0,1,0,1,5,3,2,3,0,3,0,0,0,3,1,7,6,1,1,2,0,0,1,0,0,1,1,1,2,1,1,0,1,0,0,1,2,0,0,2,3,0,1,2,3,1,0,1,1,2,1,0,1,0,2,0,1,2,1,1,0,0,2,1,1,0,1,2,0,1,1,0,1,2,0,1,1,0,1,0,1,2,1,0,2,3,0,0,2,0,1,0,2,5,3,1,0,2,1,0,0,0,3,1,1,0,1,1,2,3,2,2,1,1,0,0,1,4,5,3,1,1,1,1,1,1,3,4,4,3,3,3,3,1,1,2,3,1,2,1,1,2,1,0,3,0,0,0,0,4,0,1,1,4,0,0,1,1,0
3762,0,0,0,0,0,2,0,1,0,0,0,0,0,0,0,1,0,1,0,0,0,0,0,1,0,0,0,0,0,0,0,0,0,0,0,0,0,0,0,2,0,0,0,0,1,1,0,0,0,0,0,0,0,0,1,0,0,0,0,0,0,0,0,0,0,0,0,0,0,1,0,0,1,0,0,0,0,1,0,1,0,0,0,0,0,0,0,0,0,0,0,0,0,0,0,0,0,0,0,0,0,0,0,1,0,0,0,1,0,0,0,0,0,0,0,0,0,0,0,0,0,0,0,0,0,0,0,0,0,0,0,0,0,0,1,0,0,0,0,0,0,0,1,0,1,0,1,1,0,0,0,0,0,1,0,0,0,0,0,0
3763,0,5,2,0,2,3,2,6,2,3,2,0,2,1,1,2,5,4,0,4,7,3,2,1,3,2,4,2,1,1,2,2,1,2,0,2,0,1,2,1,3,0,3,1,2,2,5,4,2,1,1,2,0,5,0,3,3,1,1,0,1,0,7,1,0,1,1,1,4,5,1,2,1,0,1,1,1,0,3,0,1,2,2,3,0,3,2,1,0,1,2,3,2,0,7,0,1,6,3,2,3,2,1,1,1,2,1,1,1,1,5,3,2,1,1,0,4,0,4,2,2,2,0,1,1,2,1,4,1,2,4,5,3,3,5,1,1,2,1,4,0,2,3,3,5,5,1,4,4,1,3,5,3,2,2,2,2,2,3,0
3764,8,5,7,9,10,17,6,14,28,2,3,2,6,8,14,11,20,24,16,12,15,11,7,12,9,8,10,5,6,10,4,5,12,9,12,2,11,9,3,10,8,10,14,5,4,6,6,9,3,6,10,2,3,3,4,4,7,3,3,1,4,3,7,3,5,4,3,6,4,7,5,11,6,3,4,7,6,11,7,4,9,10,4,5,6,11,8,6,16,5,9,15,13,10,10,4,10,19,8,11,4,4,7,7,12,18,9,13,7,13,11,18,16,15,14,8,14,10,8,14,12,8,23,17,9,10,12,15,19,17,11,19,7,5,8,4,11,11,7,9,16,11,10,15,4,14,13,10,9,13,20,15,15,9,12,11,15,12,8,0
3765,3,5,8,5,8,11,2,2,6,2,5,3,2,1,8,5,6,14,0,7,8,4,0,8,3,2,5,4,4,4,2,1,3,3,5,3,4,7,3,4,5,3,7,4,7,6,4,3,6,3,3,5,4,1,1,2,3,2,2,2,2,3,2,2,9,5,1,4,2,3,2,6,2,1,2,3,3,0,1,2,1,4,6,1,2,3,4,1,4,3,1,3,6,9,3,4,8,7,8,8,2,2,1,4,8,5,5,6,0,3,6,8,4,4,8,4,0,5,7,7,4,4,7,3,8,9,4,10,3,6,3,7,2,3,2,6,4,3,2,2,5,9,10,6,3,11,6,4,2,4,6,8,5,7,5,6,6,8,7,2
3766,0,0,0,0,1,0,0,0,1,0,1,0,1,0,0,3,1,1,2,0,2,0,1,0,0,1,0,0,0,0,0,1,0,0,0,1,1,1,3,0,0,0,0,0,0,0,1,0,0,0,0,1,0,1,2,0,0,1,0,1,0,1,2,1,1,1,0,0,2,1,0,0,2,1,0,0,0,0,1,0,1,1,0,1,0,2,2,0,1,0,0,0,0,1,1,2,0,2,1,0,1,0,0,0,1,0,1,0,1,1,4,1,0,0,0,1,0,1,0,0,1,1,0,0,1,0,3,1,0,1,2,3,3,0,3,0,2,0,1,1,1,0,1,2,2,0,2,2,2,0,1,0,1,2,1,3,0,2,0,0
3767,0,0,1,0,0,0,0,1,0,0,0,1,0,0,0,0,1,1,0,0,0,0,0,0,0,0,2,0,0,1,0,0,0,1,1,0,0,0,1,1,1,1,1,0,0,0,0,0,1,0,0,0,0,1,0,0,0,0,0,1,0,1,1,1,0,2,0,1,0,0,0,0,0,0,0,0,1,0,0,1,0,2,1,0,0,0,2,0,0,0,0,1,0,0,2,1,0,0,0,0,0,0,0,0,1,0,0,0,0,1,0,1,0,0,1,0,0,0,1,0,0,0,1,2,1,0,2,0,0,1,0,3,0,1,1,0,0,0,0,2,0,1,1,0,2,1,1,1,0,1,2,1,0,3,0,0,0,2,0,1
3770,1,0,1,4,5,6,1,4,1,0,1,1,2,1,5,6,7,9,1,3,5,6,4,2,5,0,3,3,2,1,1,1,1,5,2,4,2,10,4,7,7,0,4,1,6,4,4,3,3,2,2,3,1,5,0,2,0,0,2,1,1,3,0,0,0,2,1,0,4,1,0,1,2,1,3,6,3,6,4,4,7,3,6,7,4,0,6,1,4,1,3,3,6,4,3,3,2,4,5,4,0,1,1,3,4,4,3,6,2,3,5,4,3,1,8,1,1,6,5,6,2,3,3,6,2,6,5,3,3,7,3,5,0,2,2,0,1,2,3,3,1,2,1,3,2,3,2,4,4,3,2,2,2,4,5,2,2,0,2,2
3775,2,2,5,5,6,11,2,5,7,0,2,3,2,3,4,8,4,15,5,5,4,4,0,2,2,2,1,1,7,3,3,3,2,1,3,6,4,2,3,2,3,1,5,4,3,8,3,3,4,3,2,0,6,2,4,5,4,4,6,2,1,5,3,1,1,2,2,3,3,4,4,5,4,1,0,1,3,4,5,2,3,4,4,7,2,6,4,1,9,3,3,9,2,7,3,6,5,4,6,2,4,1,2,4,2,0,5,7,4,10,7,7,4,4,9,1,1,2,8,3,3,3,6,2,1,0,4,7,5,8,5,3,2,3,6,1,4,5,3,7,3,7,2,8,5,4,6,1,3,6,4,3,6,8,3,4,2,4,5,0
3777,1,11,19,15,10,22,10,11,26,3,6,4,6,4,11,13,21,23,8,8,23,7,7,13,5,5,8,4,9,6,10,4,12,7,8,12,6,12,9,6,8,11,10,6,12,6,11,6,1,7,11,8,9,5,5,5,8,8,11,1,6,9,3,4,13,2,5,6,2,8,6,9,4,2,4,12,12,6,3,5,9,4,5,9,2,6,5,8,12,8,7,11,5,23,21,14,12,16,13,6,9,5,1,11,7,8,8,11,11,10,7,13,11,10,20,2,0,13,17,13,9,4,10,10,12,13,16,11,7,6,9,21,4,10,6,12,8,7,11,11,24,8,12,14,9,9,8,15,15,14,6,9,7,20,8,9,5,7,2,3
3778,0,0,0,1,0,0,1,0,0,1,0,1,0,0,0,0,0,0,1,0,0,0,3,1,2,0,0,0,0,0,0,0,0,1,1,0,0,1,0,0,0,0,0,0,0,0,0,0,0,0,0,2,0,0,0,0,1,0,0,0,0,0,0,0,0,0,0,0,0,0,0,0,0,0,0,2,2,0,0,1,1,0,0,0,0,0,0,0,0,0,0,1,0,0,0,0,0,0,2,0,1,1,2,0,0,0,0,0,0,0,0,0,0,0,0,0,0,1,0,1,0,0,0,0,0,0,1,1,1,1,1,0,1,0,0,0,0,0,0,0,0,1,1,1,0,0,1,1,0,0,0,1,0,0,0,0,0,0,0,0
3779,0,3,0,0,2,2,0,0,2,0,0,0,1,3,4,0,0,0,0,0,1,0,2,1,1,2,0,0,0,0,1,1,1,1,0,1,0,3,2,1,3,1,2,2,0,0,0,0,0,0,1,0,0,1,0,0,1,1,0,1,0,2,1,1,1,0,0,1,1,0,0,0,0,0,0,0,0,0,0,0,0,2,2,2,0,0,0,2,2,0,0,0,1,2,3,0,3,3,0,0,1,1,1,1,1,1,0,1,2,0,3,2,2,0,0,2,2,1,4,1,0,0,0,0,1,2,2,1,2,1,1,0,1,1,1,2,1,0,2,2,1,0,1,1,0,1,4,0,4,1,0,1,0,0,0,0,0,2,0,0
3781,1,1,4,3,6,5,5,4,7,1,2,4,2,1,5,8,2,6,3,1,6,1,1,3,1,4,2,1,3,1,4,1,2,6,3,2,1,5,2,1,1,1,5,0,3,1,6,2,1,2,1,3,1,1,1,0,0,1,3,3,0,0,2,2,2,3,2,3,1,0,1,1,0,4,0,0,0,3,1,4,1,0,1,1,4,1,4,2,1,1,1,3,3,3,3,4,4,11,4,5,9,1,2,1,3,3,5,2,6,1,4,1,2,6,1,0,0,2,10,3,3,5,6,5,4,2,5,5,1,6,0,4,1,5,6,4,6,4,2,0,3,4,1,0,2,1,2,5,3,4,4,2,3,4,2,2,0,3,1,0
3782,5,9,5,9,8,12,5,8,5,1,2,1,0,7,4,7,14,19,5,3,11,1,2,11,4,1,3,4,2,1,3,4,2,3,6,5,5,4,3,6,7,2,4,7,8,8,4,7,2,4,0,2,3,2,3,3,9,4,4,6,3,7,4,2,3,2,2,3,3,1,4,5,5,5,4,4,1,4,3,7,1,5,2,5,2,6,9,4,2,6,7,12,2,4,7,7,4,10,10,6,4,6,5,7,4,6,3,5,4,9,11,9,3,7,12,2,0,4,16,5,5,4,11,4,7,6,9,8,3,10,6,6,3,2,8,4,3,4,7,7,7,6,5,15,5,13,6,3,10,6,7,4,7,5,4,8,6,5,3,1
3783,2,1,5,4,3,3,2,4,5,2,2,1,0,1,4,2,1,6,1,3,6,0,1,0,3,2,1,2,2,3,2,0,0,0,4,3,0,2,3,4,0,2,3,3,0,4,1,1,3,3,2,3,2,1,0,4,2,4,1,1,1,1,1,1,2,4,1,1,1,2,2,2,0,0,1,1,1,3,1,1,2,3,0,1,1,0,0,3,3,1,3,1,3,4,5,3,0,1,3,1,0,0,3,1,1,1,3,1,1,0,4,3,1,4,1,1,0,1,6,2,4,5,3,7,3,7,3,1,3,3,3,3,2,5,3,1,0,1,2,2,5,4,2,3,2,3,1,2,1,0,4,3,0,1,2,1,2,2,1,0
3785,0,0,0,0,0,0,0,0,0,0,0,0,0,0,0,0,0,0,0,0,0,0,0,0,0,0,0,0,0,0,0,0,0,0,0,0,0,0,0,0,0,0,0,0,0,0,0,0,0,0,0,0,0,0,0,0,0,0,0,0,0,0,0,0,0,0,0,0,0,0,0,0,0,0,0,0,0,0,0,0,0,0,0,0,0,0,0,0,0,0,0,0,0,0,0,0,0,0,0,0,0,0,0,0,0,0,0,0,0,0,0,0,0,0,0,0,0,0,0,0,0,0,0,0,0,0,0,1,0,0,0,0,0,1,0,0,0,0,0,0,0,0,0,0,0,0,0,0,0,0,0,0,0,0,0,0,0,0,0,0
3786,0,0,1,2,2,3,0,1,1,0,0,0,0,2,2,1,1,0,0,0,0,0,0,0,0,0,0,0,0,0,1,1,2,0,0,1,1,2,0,0,0,0,0,1,0,1,1,3,0,0,0,1,0,0,0,0,0,0,1,1,0,0,1,0,2,0,1,1,0,1,0,1,0,0,2,0,0,0,2,2,0,1,0,0,3,0,0,1,1,0,1,0,0,0,1,1,0,0,1,0,0,2,0,0,0,2,2,1,3,3,2,1,1,0,0,0,1,0,3,2,0,2,2,3,1,1,0,1,0,2,4,0,0,0,1,1,0,1,4,1,2,1,1,4,3,4,3,0,1,0,1,2,5,2,0,2,0,0,1,1
3787,0,0,0,0,2,1,1,0,1,0,0,0,0,1,1,1,0,0,1,0,0,0,0,1,0,0,0,0,0,0,0,0,0,0,0,0,0,0,0,0,0,0,0,0,0,0,0,2,0,0,1,1,1,0,0,0,0,1,1,0,0,0,0,0,0,1,1,0,1,0,0,0,0,0,2,0,1,0,0,0,0,1,0,1,0,0,0,0,0,0,0,2,0,0,3,2,1,2,0,0,0,0,0,0,0,0,0,0,0,0,0,0,0,0,1,0,0,0,1,2,1,1,1,0,0,0,1,0,2,2,0,0,0,1,0,0,1,0,0,1,2,0,1,0,2,1,2,0,0,1,1,2,1,0,0,0,2,1,0,1
3788,1,0,0,1,1,1,0,0,0,0,1,0,0,2,2,2,2,2,2,1,2,0,0,0,0,2,1,1,0,0,0,0,0,1,0,2,1,1,1,1,0,0,0,0,3,1,0,2,0,1,0,0,0,0,0,0,0,0,0,1,0,0,1,0,1,3,1,0,0,0,1,2,0,0,1,1,2,0,0,0,0,0,1,1,0,0,2,1,2,0,2,0,0,0,0,3,2,2,0,1,2,1,0,1,1,1,2,1,0,2,2,3,0,2,1,0,0,1,4,0,0,1,0,0,1,0,3,1,2,2,3,3,0,0,3,1,0,1,1,2,0,2,1,1,0,2,0,2,2,0,3,0,3,0,2,1,2,1,1,1
3789,0,0,0,0,0,0,0,0,0,0,0,0,0,0,0,0,0,0,0,1,0,0,0,0,0,0,0,0,0,0,0,0,0,0,0,0,1,0,1,0,0,0,1,0,0,0,0,0,0,0,0,0,0,0,0,0,0,0,0,0,0,1,0,0,0,0,0,0,0,0,0,0,0,0,0,0,0,0,1,1,0,0,1,1,0,0,0,0,0,0,0,0,0,0,0,0,0,0,0,0,0,0,0,0,0,0,0,0,0,0,0,0,0,0,0,0,0,0,0,0,0,0,1,1,1,0,0,0,0,0,0,0,0,0,0,0,0,0,0,0,0,0,1,0,0,1,1,0,1,0,0,1,0,0,0,0,0,0,0,0
3791,2,0,1,0,0,3,0,0,1,0,0,0,0,1,0,1,0,1,0,0,1,1,0,0,0,0,0,2,0,1,1,0,0,0,0,1,2,2,0,0,1,0,0,0,0,1,0,1,0,2,0,0,1,0,1,0,0,0,0,0,0,0,1,1,1,0,1,0,1,0,0,0,0,0,0,1,0,0,1,0,0,0,1,0,0,0,2,0,3,1,0,0,3,2,3,0,1,0,6,1,0,1,2,1,3,0,0,2,3,1,2,1,3,0,0,1,1,1,0,2,1,3,1,3,2,0,1,0,1,0,2,2,0,1,1,3,0,1,0,2,1,0,1,0,1,1,2,1,1,1,1,2,4,0,2,1,0,3,0,0
3792,0,0,0,1,3,3,0,0,3,0,1,0,0,0,0,1,1,1,0,0,0,0,2,1,1,1,0,0,0,0,0,1,0,0,0,2,1,0,0,1,1,1,0,0,0,1,1,1,0,0,0,0,0,0,0,0,0,1,0,0,1,0,0,0,0,0,0,2,1,0,0,1,0,0,0,0,0,0,1,0,0,1,0,2,1,0,0,0,0,0,1,3,1,0,1,0,0,2,2,1,0,1,1,1,1,2,0,2,0,0,2,0,1,5,0,0,0,1,1,2,0,2,0,1,1,2,0,2,1,0,1,1,1,2,0,1,1,0,0,2,0,2,0,1,1,2,0,0,0,1,2,1,2,0,1,1,1,1,0,1
3793,3,2,1,3,1,8,1,3,4,1,2,1,2,0,4,1,5,12,3,5,10,0,1,2,2,4,2,0,2,0,1,2,0,0,6,4,1,3,2,3,0,0,5,4,7,1,4,3,2,1,2,3,1,1,3,3,2,1,0,4,1,4,2,2,1,4,2,2,1,1,2,0,1,1,4,0,1,6,3,2,0,3,2,3,0,2,2,2,0,0,3,1,1,3,3,6,3,5,5,3,2,0,0,6,4,2,6,4,5,0,8,2,2,3,4,3,0,0,0,6,3,5,5,6,1,5,5,4,2,5,7,3,1,5,4,2,0,6,5,2,7,1,4,3,3,5,2,2,2,3,1,4,6,2,10,3,0,5,3,0
3795,0,0,1,2,3,6,1,0,1,0,1,0,1,1,1,2,3,7,1,2,6,1,1,1,2,0,0,0,1,1,1,1,1,0,3,2,3,0,1,3,2,0,1,0,6,3,2,0,1,0,0,3,1,1,2,0,2,2,0,0,1,0,1,2,0,2,1,1,3,0,0,5,1,3,1,1,3,1,1,0,1,0,1,0,1,2,1,0,1,1,1,4,2,4,1,2,0,0,1,1,4,0,1,1,2,1,0,4,0,1,1,0,0,0,1,2,0,0,1,4,0,1,2,3,1,2,4,0,2,3,0,5,1,1,2,0,0,2,0,1,0,2,1,1,3,3,1,2,2,1,1,3,2,3,5,0,1,1,2,0
3796,5,16,10,6,9,12,3,6,1,1,4,2,2,8,9,6,15,15,7,7,11,3,8,5,3,5,2,3,7,5,6,1,4,3,5,8,3,4,8,10,5,3,4,3,8,8,10,7,4,6,3,5,4,0,4,2,4,1,3,3,6,10,4,4,9,9,1,1,5,1,6,9,3,4,6,2,1,4,6,5,0,4,13,4,0,5,2,3,11,8,5,3,4,15,5,11,1,8,6,11,2,4,6,2,2,7,3,5,8,13,14,10,6,6,11,3,2,2,8,12,4,7,11,11,1,6,7,14,7,10,9,7,3,8,2,5,4,8,10,13,10,5,9,14,8,12,11,5,9,11,7,9,8,5,8,5,6,5,3,1
3797,0,2,4,1,0,5,3,5,8,0,5,2,4,5,7,3,7,7,1,3,6,2,6,8,0,2,2,5,2,1,0,1,1,3,6,10,3,5,8,2,4,3,1,2,5,3,8,1,2,1,3,4,2,1,8,1,1,1,3,3,1,0,5,2,0,1,1,1,2,1,5,6,2,1,5,3,4,2,2,2,2,2,3,10,0,3,0,4,6,3,2,1,3,6,3,7,3,4,3,5,4,2,2,2,3,2,1,4,6,8,6,1,4,2,4,1,0,4,2,5,2,2,3,3,4,4,6,4,1,5,4,5,1,0,2,2,6,2,4,3,3,2,3,1,1,2,5,1,4,4,4,8,4,2,3,3,1,2,2,1
3799,5,8,2,6,7,7,5,12,10,1,1,3,4,5,9,8,6,16,7,7,5,3,6,3,2,3,5,5,7,4,4,4,3,5,4,9,1,7,3,6,2,3,3,1,5,7,6,5,1,3,0,4,3,3,2,9,1,3,3,1,1,1,4,2,7,10,4,3,4,2,1,5,2,1,2,5,8,7,2,6,5,2,6,11,1,4,3,8,4,3,1,5,3,5,13,9,4,5,11,5,5,5,3,7,2,1,4,2,1,4,13,7,5,7,5,1,0,7,17,5,5,7,10,8,7,10,9,3,9,3,4,9,3,5,4,3,3,5,6,5,9,11,8,8,7,4,4,10,3,7,4,4,2,5,6,5,3,3,0,4
3802,22,23,31,44,43,52,14,15,18,11,9,9,19,19,34,34,38,48,32,22,34,23,8,21,9,8,14,11,12,13,16,8,12,18,19,9,11,13,16,16,32,14,14,13,9,13,14,16,13,12,14,17,5,6,13,18,12,5,5,10,14,23,11,9,10,5,9,12,10,8,6,9,4,4,12,3,8,8,12,4,8,13,9,10,5,13,14,7,7,12,9,7,17,33,30,26,20,35,30,32,14,9,8,11,18,20,24,27,27,27,31,25,33,41,43,6,1,20,47,43,29,37,40,42,31,32,44,31,19,22,19,22,14,15,29,11,10,17,16,14,21,10,19,17,15,12,13,10,24,19,23,15,26,19,27,25,18,22,13,6
3803,3,7,8,12,18,22,4,7,8,4,4,2,6,11,22,15,31,28,15,13,25,6,11,4,8,7,5,7,3,2,10,8,5,5,14,6,9,6,2,5,12,10,6,5,11,4,11,2,8,6,8,8,7,6,5,6,2,6,9,6,3,5,6,6,5,2,6,2,3,9,2,7,0,4,4,5,3,2,6,7,6,7,6,9,5,4,5,7,5,13,12,9,16,10,14,12,16,13,18,17,6,6,5,5,5,22,13,14,8,13,10,14,13,21,27,5,2,18,14,13,15,21,15,19,20,17,14,22,21,14,16,14,10,10,9,10,5,6,8,7,7,7,7,13,4,11,8,10,8,16,8,15,8,10,8,11,9,9,6,3
3804,4,7,6,9,9,11,6,11,15,3,9,6,5,7,7,4,16,14,6,4,18,8,9,10,1,4,3,4,9,4,4,4,6,7,6,9,8,5,9,7,10,3,7,6,9,5,12,8,10,4,3,7,9,3,5,6,3,11,6,5,6,4,6,5,2,3,5,8,6,3,2,2,0,7,6,4,3,4,4,7,6,9,10,9,2,9,9,9,5,7,6,5,8,15,10,8,10,9,15,10,7,5,6,5,5,10,8,10,4,10,10,14,12,10,18,3,1,5,20,13,14,11,10,13,6,6,9,11,5,7,14,5,5,8,6,8,7,8,4,3,7,9,5,11,8,4,10,9,6,7,2,17,9,5,12,11,4,7,3,1
3805,49,50,53,65,116,146,43,47,82,9,32,34,42,66,74,92,135,147,49,66,87,37,31,50,19,29,31,31,38,35,36,33,31,43,57,31,37,39,44,37,53,23,36,45,41,47,43,30,34,41,30,42,27,21,34,36,26,26,27,38,38,20,24,21,21,10,19,26,28,29,20,16,25,25,33,17,23,17,20,41,17,22,30,33,27,29,27,34,30,20,18,28,57,57,80,51,54,65,58,52,39,17,30,39,46,75,85,77,60,61,59,57,80,80,92,17,5,71,154,111,85,79,85,71,64,76,99,77,59,63,78,67,30,37,43,38,32,33,42,64,55,44,43,51,34,44,32,38,58,57,50,42,51,52,57,65,38,54,41,17
3806,50,49,63,62,68,79,36,24,41,7,19,26,22,48,67,94,94,110,47,42,80,25,27,32,15,15,17,19,28,18,21,22,33,21,22,20,28,33,33,16,45,28,28,37,35,38,32,25,29,18,26,31,28,16,30,24,34,22,25,15,22,20,17,17,17,12,12,12,16,17,16,15,18,18,20,10,24,19,21,21,35,21,30,30,19,18,29,28,23,16,20,30,40,53,59,61,46,62,49,53,44,16,37,36,58,68,81,61,63,50,62,43,54,59,82,20,6,53,129,128,67,115,88,67,68,79,92,75,59,61,86,73,45,48,38,41,36,43,46,48,55,54,67,56,46,71,46,54,48,46,41,59,36,59,81,69,41,62,47,16
3807,1,8,9,10,16,23,7,8,18,1,4,3,5,4,12,7,11,14,8,12,15,9,5,9,4,0,2,4,3,8,1,3,5,2,6,3,3,7,3,6,7,4,3,6,4,5,4,1,5,2,3,1,3,4,3,4,3,3,5,3,2,3,3,3,5,1,1,3,4,2,6,4,1,3,3,3,1,2,1,5,8,3,6,7,6,8,5,4,12,4,4,3,5,6,11,8,5,11,9,4,7,3,6,5,12,8,6,8,8,4,6,8,6,5,9,5,2,10,14,11,9,7,12,9,16,6,9,12,6,18,7,12,3,5,5,5,5,6,5,12,12,2,5,11,5,11,6,6,16,7,7,7,7,10,7,9,5,7,6,3
3808,0,6,1,8,5,12,1,2,7,4,1,2,2,3,2,5,6,16,5,1,4,3,1,5,1,0,1,2,1,6,2,2,3,0,0,3,1,2,1,1,5,0,7,0,1,1,2,1,3,3,2,2,1,0,0,2,2,1,2,4,3,2,1,1,0,0,1,0,2,1,0,2,1,1,0,1,2,4,0,3,2,0,3,2,0,4,1,4,5,2,5,3,3,3,5,4,3,6,2,2,1,0,3,1,4,6,3,3,3,2,5,3,1,1,3,2,1,6,8,6,1,3,4,9,2,8,2,4,5,1,4,6,0,9,1,1,2,1,5,3,3,5,5,4,2,1,10,3,5,4,1,1,2,4,2,3,2,2,1,1
3809,1,1,1,2,1,3,3,3,3,0,0,0,1,3,5,4,4,6,1,0,11,1,3,5,0,1,2,1,0,3,2,1,1,4,6,3,4,5,4,1,4,6,12,3,4,7,7,9,9,8,3,10,1,6,4,8,2,3,2,4,4,12,8,5,9,2,5,5,7,5,4,6,4,6,14,2,5,4,6,4,15,6,7,13,10,13,16,6,18,14,17,19,35,46,39,23,19,33,28,25,27,14,10,28,47,71,60,53,46,44,51,30,30,67,62,11,4,47,64,70,52,47,49,43,35,62,68,64,44,57,41,39,19,31,23,23,21,31,48,41,45,19,22,38,24,28,18,19,37,24,19,23,25,33,37,52,23,20,25,12
3810,28,31,40,32,59,67,24,20,39,15,28,24,25,45,54,72,96,105,46,41,70,35,28,31,22,18,28,24,26,15,30,28,31,32,32,29,27,28,24,32,54,33,37,31,42,53,42,33,34,29,22,37,30,27,30,35,44,34,28,18,22,35,27,33,31,32,19,22,29,30,21,20,19,32,23,18,31,24,28,31,35,20,34,33,18,19,40,35,43,39,40,29,59,71,72,58,51,54,55,39,40,16,32,55,51,61,70,58,56,67,76,31,53,56,105,22,3,53,126,91,63,85,85,62,61,72,104,83,49,76,66,57,29,39,49,40,39,41,64,64,73,39,58,59,29,57,39,42,70,46,48,63,56,56,60,77,54,37,53,19
3812,3,5,6,3,8,14,4,3,5,0,1,1,3,6,1,4,4,5,1,2,2,0,1,0,0,1,2,1,2,3,1,0,2,3,4,4,1,4,1,2,1,2,2,1,4,3,2,6,3,1,1,1,1,1,1,2,1,0,2,2,1,1,2,0,0,2,0,1,1,0,0,2,0,1,1,0,1,1,3,3,1,1,1,3,1,0,2,0,0,2,0,0,3,4,2,4,1,2,6,3,3,1,2,0,2,0,1,3,1,5,1,0,1,4,2,1,0,4,5,0,3,6,3,1,4,1,4,1,2,3,3,3,2,6,2,2,3,3,0,4,6,0,4,2,1,5,0,1,1,0,2,2,1,1,0,3,2,0,0,0
3813,0,0,0,0,0,3,0,1,3,1,0,0,0,1,2,2,1,2,0,0,1,1,0,0,0,0,1,0,2,1,0,0,1,0,1,1,1,0,1,1,1,1,1,2,3,1,1,0,1,0,0,0,0,0,0,0,1,0,1,1,0,0,0,0,0,0,0,1,0,1,1,0,0,0,1,3,0,0,1,1,0,3,3,0,1,1,5,1,0,0,0,0,0,2,1,1,1,1,2,2,2,1,0,0,3,3,0,2,0,2,2,0,0,1,3,0,0,0,1,0,0,1,1,3,2,0,1,0,1,1,0,0,1,0,1,1,1,2,3,1,0,1,2,2,1,4,2,1,1,0,7,0,3,3,1,2,2,0,0,0
3814,2,2,4,0,4,6,7,2,5,0,2,1,0,2,2,1,5,4,2,3,4,2,0,1,1,0,1,2,1,4,2,3,3,1,2,2,2,2,3,2,5,2,2,3,1,1,1,2,2,1,0,2,4,1,1,0,2,0,3,2,0,1,3,0,2,1,4,0,1,2,2,0,0,0,0,1,2,0,1,3,2,1,2,2,0,0,2,4,2,1,0,0,3,2,6,5,5,7,2,5,1,1,2,2,0,5,6,8,3,7,3,2,5,3,2,0,0,0,6,5,0,1,4,0,5,3,7,1,0,1,2,1,1,3,1,2,0,2,5,4,2,6,1,3,0,2,4,0,3,1,2,3,3,6,1,1,4,3,2,0
3815,1,5,3,2,10,23,1,6,4,2,2,0,0,2,1,8,4,8,6,5,7,2,4,1,2,1,2,0,1,4,2,2,2,3,2,7,0,5,2,0,2,1,0,3,5,1,3,0,4,1,3,6,2,4,2,0,2,1,3,3,0,0,5,0,6,3,1,1,0,0,1,3,0,0,3,0,0,1,5,2,4,1,0,2,3,4,2,2,3,0,2,2,2,1,2,3,1,4,4,3,2,1,3,0,4,4,2,5,7,3,4,5,5,5,4,1,2,3,10,3,3,5,9,7,2,8,4,8,11,2,0,4,1,2,3,0,5,2,4,7,3,2,2,3,1,3,3,4,9,4,0,0,3,2,2,5,6,1,2,0
3816,2,1,6,3,5,4,1,6,7,2,4,0,4,3,2,2,3,9,3,3,8,2,2,4,4,1,2,3,4,1,1,3,6,2,6,2,6,0,2,4,6,3,2,4,2,1,2,1,1,0,4,1,2,1,0,3,5,6,3,1,2,2,2,1,6,1,2,2,0,2,1,1,0,5,2,2,2,1,1,2,9,2,3,2,3,2,5,1,2,5,3,2,2,5,4,1,0,3,12,1,4,6,4,2,6,5,3,0,1,2,3,2,2,1,1,2,6,8,2,1,2,4,4,2,7,3,4,4,1,5,4,4,1,3,2,2,2,2,7,5,4,3,4,6,2,3,1,5,4,3,2,1,4,2,3,7,1,1,0,0
3818,13,25,43,32,51,60,19,17,32,8,14,9,9,22,11,24,31,33,10,18,39,17,5,7,8,9,8,9,15,9,16,10,11,12,15,13,13,11,16,7,20,6,15,11,13,15,9,10,6,5,14,10,6,9,6,16,6,10,11,8,4,9,17,15,5,8,10,15,9,8,8,8,10,13,9,9,11,15,7,9,24,15,10,16,21,4,16,23,14,19,19,20,13,25,25,16,26,19,28,24,16,10,7,15,17,22,20,14,11,22,23,26,22,20,27,22,27,26,21,20,14,24,26,24,21,25,21,22,13,17,31,21,12,22,17,15,15,13,33,20,18,14,15,24,16,19,16,23,16,14,13,27,28,21,20,25,15,10,15,3
3820,14,24,38,30,29,62,13,16,19,5,11,6,8,7,9,17,44,35,19,17,37,10,12,13,7,9,10,13,13,14,11,11,9,11,9,7,13,9,13,16,16,8,14,13,9,8,9,9,7,14,12,6,8,11,7,13,9,4,7,7,5,6,9,24,10,5,9,9,7,10,3,12,16,18,9,7,14,14,7,14,14,13,12,15,13,14,15,23,11,12,16,24,18,21,16,14,19,19,31,23,12,5,12,9,20,25,30,19,20,25,21,12,19,26,17,16,33,33,25,19,27,29,16,24,26,17,24,27,11,16,39,23,13,13,15,10,21,24,22,27,24,30,27,27,24,25,17,28,26,28,31,14,34,21,21,32,20,16,13,2
3821,2,6,5,4,10,16,4,4,11,1,8,4,2,0,1,3,6,9,1,4,8,3,5,4,2,0,0,4,9,3,7,10,1,5,3,3,2,2,1,3,4,8,5,4,5,1,1,3,0,3,2,2,3,2,3,2,2,1,0,0,2,0,7,1,5,1,2,0,0,1,0,2,3,1,0,1,8,1,2,2,2,0,2,2,0,3,5,3,0,3,10,4,2,2,4,5,5,7,3,3,5,1,2,2,0,4,3,4,0,4,2,5,4,3,1,2,5,4,4,5,4,4,9,6,2,3,2,8,4,4,3,6,2,5,1,2,5,4,3,4,4,4,5,6,4,2,0,0,3,0,3,5,5,3,2,1,2,2,1,0
3822,0,3,5,1,3,4,2,0,8,0,3,0,1,1,2,2,2,0,1,3,3,0,2,0,0,0,0,2,3,0,2,1,0,0,1,2,1,1,2,0,2,2,0,0,0,2,2,2,0,0,0,0,0,1,0,0,1,1,1,0,1,0,0,1,0,0,0,0,0,0,0,0,0,1,0,0,0,0,0,1,0,0,0,0,1,1,0,1,0,0,1,2,0,2,2,1,0,0,1,0,1,2,0,2,1,2,1,0,2,0,1,2,1,1,0,1,1,1,0,1,0,0,1,2,0,3,0,2,0,0,1,2,1,1,0,0,1,0,1,0,1,1,2,1,0,2,1,2,2,1,0,1,0,0,2,0,2,0,0,1
3823,1,3,4,2,5,6,3,2,6,0,3,0,3,1,6,5,9,9,2,5,7,1,3,6,2,0,2,2,1,1,1,1,3,3,1,0,4,1,1,1,3,5,2,5,4,3,1,3,0,1,1,2,0,3,2,1,0,3,2,1,0,0,2,0,0,0,0,0,1,2,4,3,0,1,2,1,4,2,0,1,3,3,1,4,2,2,0,2,2,5,2,4,5,4,3,1,1,2,1,1,0,1,0,3,3,5,2,3,4,5,5,3,5,1,3,2,2,7,3,3,2,5,2,3,1,5,3,1,1,2,2,3,6,7,5,2,3,1,5,6,3,3,8,4,1,3,1,1,7,4,1,1,6,3,3,8,2,3,0,1
3824,0,3,2,3,10,19,3,4,9,6,11,7,3,1,2,3,18,14,12,7,11,3,4,9,7,1,3,6,3,3,6,8,6,6,5,2,2,4,6,5,2,9,3,5,2,5,3,3,2,5,3,5,2,3,3,5,2,1,0,4,4,1,3,1,2,5,4,2,0,1,5,6,2,1,1,3,8,1,8,4,7,5,3,5,3,7,4,4,3,4,3,2,7,4,5,7,2,8,12,2,3,5,4,3,5,3,7,4,5,3,5,3,6,6,3,7,10,6,4,1,2,2,4,8,1,3,7,1,6,4,9,9,4,5,5,3,3,3,5,2,6,7,10,7,8,6,9,6,5,3,4,5,6,4,4,6,2,5,3,1
3825,18,25,33,22,31,61,21,37,36,13,20,13,13,16,26,39,73,82,22,35,50,14,16,23,13,16,23,18,20,23,14,18,23,16,21,12,10,21,27,17,33,18,27,18,10,20,16,14,12,13,10,9,6,9,10,12,7,11,9,15,11,9,6,7,16,8,6,6,10,10,9,6,6,14,9,8,20,12,17,10,13,14,16,14,6,15,13,15,17,10,13,19,8,27,20,20,21,32,19,23,15,5,13,10,29,23,17,19,17,16,23,15,12,22,23,9,16,22,20,18,19,32,24,31,13,27,19,22,27,16,17,18,10,20,15,13,14,12,21,16,26,22,35,21,16,25,19,19,25,19,21,15,14,17,14,26,15,11,17,4
3831,0,1,2,5,6,16,1,4,5,1,5,3,3,1,3,3,3,6,4,2,9,3,1,4,1,0,2,2,1,1,1,1,1,3,2,1,1,4,3,1,2,3,2,4,3,2,3,4,2,1,2,3,1,3,1,2,2,1,0,2,4,2,1,1,5,0,0,1,0,3,2,1,0,1,1,3,3,3,5,3,1,1,2,1,0,2,4,2,4,7,3,5,2,3,2,0,4,7,3,2,2,3,0,4,5,5,2,2,2,3,3,2,3,1,6,2,3,4,1,1,4,2,2,1,3,2,3,2,2,1,5,5,0,0,3,2,1,2,3,8,3,0,4,3,1,4,3,2,1,0,3,3,2,2,4,4,0,1,0,0
3832,0,0,1,0,1,1,0,0,0,0,1,0,0,0,0,0,1,3,1,0,0,0,0,2,0,0,0,0,1,0,0,0,0,0,0,4,0,0,0,1,0,0,0,0,1,0,0,0,0,0,0,0,0,0,0,0,0,0,1,0,1,2,0,1,0,0,0,0,2,0,0,1,0,0,1,0,0,0,0,0,0,0,0,0,0,0,0,1,0,0,0,1,0,0,0,1,1,1,0,2,1,0,0,0,0,1,0,1,0,0,1,0,1,0,0,0,1,1,0,1,1,0,0,1,0,0,0,0,0,0,1,1,0,0,0,0,1,0,0,1,0,0,0,0,0,0,0,2,1,2,1,0,0,0,0,0,0,0,0,0
3833,0,0,0,0,0,1,1,3,0,0,1,0,0,0,0,2,0,0,2,0,1,2,0,0,1,0,1,2,1,0,1,0,2,0,0,0,0,0,0,0,0,0,0,0,2,0,0,0,1,1,0,2,0,0,0,1,0,0,0,0,0,0,0,0,0,0,0,0,0,0,0,0,0,0,2,0,0,0,0,0,1,0,1,0,1,0,0,0,0,1,0,0,0,0,1,1,1,0,0,1,0,0,0,0,1,1,1,0,0,1,0,1,0,0,0,1,1,0,1,1,1,0,1,0,0,1,0,1,1,0,0,1,0,0,1,0,0,2,0,0,2,0,1,1,1,2,1,0,0,0,0,0,0,0,0,0,0,1,0,0
3835,0,0,0,1,2,1,0,0,1,0,0,2,0,0,0,1,1,1,0,1,0,1,1,1,1,0,0,0,1,0,4,1,0,0,0,0,0,0,1,0,0,2,1,2,2,0,0,0,0,2,1,0,0,0,0,0,0,0,0,3,0,1,0,0,1,1,2,0,0,0,0,0,0,0,0,0,1,1,0,0,0,2,1,0,0,0,0,0,0,0,0,0,0,0,0,1,0,0,0,1,0,2,2,0,2,2,0,2,0,1,0,0,0,0,0,0,1,0,0,0,0,2,0,0,0,0,1,0,0,0,1,1,0,0,1,0,0,2,0,0,2,1,1,0,2,0,0,1,0,1,0,4,0,1,0,1,1,1,0,0
3840,17,23,12,16,19,29,9,23,28,7,11,15,3,7,14,20,36,48,18,32,45,10,18,21,12,20,14,16,17,19,17,5,11,4,14,10,5,11,9,11,26,6,19,9,12,13,4,3,11,9,9,8,11,11,5,5,8,13,4,5,3,2,3,8,10,2,8,10,4,10,9,10,7,3,15,7,13,11,11,13,7,12,16,17,9,17,11,8,7,18,13,8,10,13,11,20,6,15,11,18,12,6,7,7,11,19,14,13,7,9,22,17,4,9,15,10,18,14,14,16,14,21,16,23,20,15,12,16,11,16,15,17,6,13,17,14,13,23,14,14,15,19,9,26,12,14,17,12,13,18,13,19,10,13,20,13,6,19,11,1
3842,6,9,5,2,7,8,4,6,12,3,4,0,1,3,3,6,7,12,6,14,10,9,8,7,3,5,5,8,10,1,3,4,1,7,6,1,0,5,1,4,10,3,7,3,6,1,6,1,1,4,0,3,1,4,0,2,3,3,2,2,1,2,5,1,1,0,0,0,1,0,3,2,1,4,3,0,2,1,1,3,2,3,7,5,0,2,1,5,2,6,5,6,3,6,4,2,7,7,6,2,1,2,1,3,3,4,6,4,2,5,6,5,2,6,7,5,6,4,2,9,2,6,4,5,6,7,4,4,4,3,8,2,2,3,7,8,5,8,6,6,4,6,1,8,2,3,2,9,5,5,8,9,5,1,7,1,5,6,2,0
3844,33,30,29,36,50,76,55,42,53,16,21,12,9,9,24,23,63,67,22,35,90,13,16,45,17,18,16,21,16,26,11,10,16,14,15,15,9,10,28,20,20,19,32,22,24,19,18,12,9,14,9,15,5,10,9,9,16,21,13,8,7,10,5,14,13,23,11,21,21,18,9,7,7,19,15,13,24,15,16,18,13,23,25,19,20,21,13,16,23,19,22,22,28,18,22,19,21,39,34,27,29,19,19,27,28,25,31,33,17,23,44,31,32,29,35,32,21,38,32,24,25,37,38,28,30,34,26,38,32,28,36,32,16,18,42,16,23,39,21,32,28,29,27,40,22,33,28,39,38,20,22,17,24,34,23,31,12,38,19,5
3847,6,1,4,3,6,11,3,10,5,0,2,0,1,1,4,1,2,9,2,3,4,7,0,5,1,2,0,1,3,5,7,4,3,3,1,0,1,4,2,1,0,1,1,2,4,1,2,2,0,2,1,2,1,0,1,0,1,2,2,1,0,2,0,1,4,3,0,0,1,1,0,2,0,0,1,2,3,0,4,0,0,2,8,1,9,7,3,3,1,2,2,6,3,4,1,3,3,0,7,3,0,8,2,1,2,5,2,3,1,1,4,1,2,2,1,2,2,5,5,4,2,2,6,3,1,5,3,2,1,2,2,6,1,1,0,3,1,2,1,3,1,4,2,4,0,4,5,4,6,5,0,5,4,5,0,7,1,1,0,0
3850,23,18,25,20,26,58,23,32,63,8,15,7,6,11,12,8,22,53,13,24,36,6,14,11,5,8,7,11,18,2,7,6,8,6,7,8,6,7,9,0,4,6,9,4,6,25,5,9,3,11,4,7,5,14,3,7,7,7,1,9,4,5,7,5,4,4,3,6,6,10,2,3,12,14,2,9,10,7,5,10,7,10,16,12,6,11,7,11,9,10,6,15,6,11,16,13,11,10,8,11,17,6,10,12,8,6,15,10,7,13,14,12,14,11,12,18,17,16,9,18,10,10,13,13,11,7,9,16,14,14,18,12,9,10,11,7,11,10,24,27,11,16,9,11,7,17,17,16,15,15,11,14,12,14,11,19,7,14,8,2
3851,10,9,14,13,16,29,9,12,39,4,4,12,2,12,7,13,30,34,22,12,28,5,5,17,5,3,7,8,11,9,9,8,10,9,11,4,3,10,11,5,10,12,15,3,12,16,7,9,2,2,5,4,4,4,5,1,6,4,3,9,3,2,5,10,5,3,12,2,4,2,2,5,1,6,3,1,6,4,7,4,5,8,14,8,4,9,6,7,8,11,11,8,12,7,9,6,7,13,13,11,10,6,6,8,3,13,10,8,7,9,15,8,12,14,9,14,19,8,10,20,1,11,19,19,5,9,14,12,13,9,5,12,2,6,6,8,7,5,7,10,4,4,11,6,6,13,5,9,8,14,6,12,5,8,7,12,3,6,2,0
3852,0,0,0,0,0,0,0,0,0,0,0,0,0,0,0,0,0,0,0,0,0,0,0,0,0,0,0,0,0,0,0,0,0,0,0,0,0,0,0,0,0,0,1,0,0,0,0,0,0,0,0,0,0,0,0,0,0,0,0,0,0,0,0,0,0,0,0,0,0,0,0,0,0,0,0,0,0,0,0,1,1,0,0,0,0,0,0,0,0,0,0,0,0,0,0,0,0,0,0,0,0,0,0,0,0,0,0,0,0,0,0,0,0,0,0,0,0,0,0,0,0,0,0,0,0,0,0,0,0,0,0,0,0,0,0,0,1,0,0,0,0,0,0,0,0,0,0,0,0,0,0,0,0,0,0,0,0,0,0,0
3853,0,0,0,1,0,1,0,0,0,0,0,0,0,0,0,2,0,0,0,0,0,0,0,0,0,0,0,1,0,0,0,0,0,0,0,0,0,0,0,0,0,0,0,0,0,1,0,0,0,0,0,0,1,0,0,1,0,0,0,0,0,0,0,0,0,0,0,0,0,0,0,0,1,0,0,0,0,0,0,0,0,0,0,0,0,0,0,0,0,0,0,0,0,0,0,0,0,0,0,0,0,0,0,0,0,0,0,0,0,0,0,0,0,0,0,0,0,0,0,0,0,0,0,0,0,0,0,0,0,0,0,0,0,0,0,0,0,0,0,0,0,0,0,0,0,0,0,0,0,0,0,0,0,0,0,0,0,0,0,0
3854,2,3,0,1,0,7,1,6,5,1,0,0,0,0,1,1,0,3,2,1,5,5,1,4,0,0,0,0,0,3,0,1,2,3,0,2,0,2,0,0,4,3,1,1,0,3,1,0,1,1,1,1,0,1,1,2,2,3,1,0,1,1,1,0,0,1,0,1,0,1,0,2,0,2,4,0,2,4,0,1,1,2,0,1,0,1,1,0,0,4,1,0,0,0,1,5,2,0,2,0,1,1,1,1,1,5,2,1,2,2,1,0,0,3,1,2,2,3,4,1,1,5,1,2,4,3,2,3,1,4,2,2,4,3,2,1,0,2,1,3,2,2,2,1,2,2,3,0,1,4,0,2,2,4,2,3,2,0,0,0
3856,1,2,2,0,0,5,0,6,3,0,1,1,0,0,1,2,0,5,1,2,4,2,0,4,1,1,0,2,2,1,0,2,2,0,0,2,1,0,2,2,4,3,2,1,2,1,0,2,0,0,1,0,0,1,0,3,2,3,1,0,1,2,1,2,5,2,1,0,4,1,1,0,2,1,1,3,2,1,0,1,2,2,1,0,1,2,1,1,0,1,1,1,1,0,2,0,0,1,0,0,1,1,2,0,1,4,1,2,0,3,2,3,1,1,1,1,0,0,1,1,0,1,3,0,0,1,0,1,2,1,1,0,0,0,0,3,0,2,2,1,1,0,1,2,0,1,0,3,1,0,1,1,2,0,2,3,0,0,0,0
3857,0,0,0,0,1,4,1,1,4,0,0,0,1,0,0,0,0,3,0,0,2,0,0,2,1,0,0,0,0,1,0,2,0,0,0,0,0,1,0,0,0,1,0,0,2,0,0,0,0,0,1,1,0,0,0,0,0,0,0,1,0,0,1,0,0,0,0,0,0,0,1,0,0,0,0,1,0,1,0,0,0,1,0,0,0,0,0,1,0,1,0,1,0,0,0,0,2,0,1,1,0,0,1,0,1,1,0,1,1,4,0,0,1,0,1,0,1,1,0,1,0,0,0,1,0,3,0,0,0,0,1,0,0,1,0,1,0,0,2,0,0,2,0,0,0,2,1,0,0,0,0,0,0,3,0,1,0,0,0,0
3858,5,2,6,9,14,19,2,8,13,2,1,2,0,0,0,0,6,14,1,4,5,1,2,4,0,2,2,1,2,4,4,4,6,3,5,4,0,4,4,4,4,2,2,5,4,0,2,3,2,3,1,0,2,0,1,1,1,1,1,0,1,1,2,5,5,3,1,2,3,0,2,4,1,0,2,1,4,1,3,1,6,2,4,3,4,3,5,5,3,1,6,5,7,6,2,4,0,3,7,2,3,4,4,5,1,6,1,8,6,8,8,3,4,3,8,6,10,8,6,5,6,4,9,5,5,6,5,2,11,4,4,1,2,1,4,2,2,3,7,3,5,5,5,6,1,4,4,7,6,4,3,7,5,4,3,0,2,2,0,0
3859,0,1,0,0,0,7,0,0,4,1,0,0,0,2,3,1,1,2,1,1,2,0,1,0,0,3,2,1,1,0,1,2,2,1,1,2,0,1,0,1,2,1,0,2,0,4,0,1,0,1,1,0,0,0,0,1,3,1,1,4,0,1,0,0,1,0,2,0,1,1,1,2,1,3,0,0,2,0,0,1,0,0,0,1,1,2,0,1,2,4,1,2,2,0,1,2,2,0,0,0,2,1,4,0,4,0,2,1,0,0,2,1,1,2,0,0,2,1,0,0,3,2,0,0,1,0,2,1,0,0,0,2,1,0,3,0,2,3,0,3,5,2,1,2,2,0,4,0,1,3,3,2,2,1,1,2,0,0,0,0
3860,6,14,17,13,17,71,23,16,31,2,2,11,4,7,6,4,7,21,15,9,31,3,7,12,3,9,12,7,13,6,1,6,4,6,3,5,4,2,8,6,7,9,4,4,2,2,3,4,3,4,5,5,2,7,7,8,6,9,5,1,3,1,6,2,3,6,5,5,4,5,1,6,3,2,5,4,5,2,5,8,3,7,4,9,12,8,4,5,4,7,6,9,6,3,10,8,3,9,15,4,4,5,4,5,13,11,7,4,5,8,5,8,6,6,6,5,15,5,13,10,6,10,9,5,4,9,3,5,6,8,4,3,1,3,4,4,10,3,8,10,10,4,6,11,0,5,8,14,9,12,4,11,5,11,2,7,7,5,6,0
3862,3,5,4,7,7,16,6,3,12,3,3,5,2,5,3,6,10,9,12,4,16,3,6,5,2,2,7,6,1,3,4,5,2,6,4,1,3,3,1,3,0,4,5,6,8,7,3,3,2,3,4,2,3,5,4,5,3,6,2,2,3,1,1,2,1,3,3,4,0,3,12,6,1,4,3,3,4,2,1,0,3,4,3,7,1,0,5,4,7,7,3,5,4,1,2,5,1,7,3,4,9,0,3,6,4,4,2,6,7,2,0,3,3,3,4,6,12,10,5,4,6,6,4,7,4,9,4,4,2,3,8,5,2,3,2,1,3,0,6,12,2,4,5,6,0,4,7,4,4,2,4,4,13,4,6,7,4,9,3,1
3864,0,0,0,1,1,4,0,1,0,0,0,1,0,0,0,0,1,1,1,0,0,0,0,1,0,0,0,0,0,0,1,0,1,0,1,1,0,0,0,0,1,0,1,0,0,0,1,0,0,1,0,0,0,1,1,1,0,0,0,1,0,0,0,0,0,0,0,0,1,0,0,0,0,0,0,0,1,1,0,0,3,0,0,1,0,0,1,0,0,0,0,0,0,0,0,0,0,0,0,0,1,0,0,1,0,0,0,1,0,0,0,0,0,1,0,0,0,1,0,0,0,0,1,0,0,0,1,0,1,0,0,0,0,0,0,0,0,0,1,2,0,0,0,0,0,1,1,1,1,1,0,0,0,0,0,1,0,0,2,0
3865,0,0,0,1,7,4,1,0,0,0,1,0,0,1,2,0,1,3,2,1,3,0,0,0,0,0,0,1,0,0,1,2,0,0,0,2,0,2,2,0,3,1,0,1,0,2,0,0,1,1,0,0,0,2,0,0,0,0,0,0,0,0,1,0,0,2,0,0,1,0,0,0,0,1,0,0,0,0,1,0,3,1,1,2,0,2,1,2,1,0,0,2,0,2,3,0,0,0,1,0,2,0,0,0,0,1,1,1,1,2,2,0,2,1,3,1,1,1,1,0,1,1,0,1,2,0,2,1,1,0,1,1,0,2,2,0,1,0,0,0,2,0,0,1,0,0,1,0,0,1,1,0,0,1,0,1,1,0,0,0
3869,0,2,3,2,1,9,1,4,4,1,1,3,1,2,3,1,8,6,0,2,11,3,3,4,2,3,3,2,4,2,1,1,1,1,2,1,1,4,1,2,7,1,0,3,2,1,0,0,0,3,1,2,0,1,3,2,0,2,0,2,0,0,0,2,1,0,0,1,2,1,1,0,1,0,0,1,4,5,2,2,4,1,3,4,0,2,2,0,1,2,1,2,2,1,1,6,2,1,3,2,3,0,1,1,1,3,6,2,1,1,4,3,0,2,4,5,2,4,3,3,3,0,2,2,0,2,1,3,6,1,2,6,0,4,4,1,1,1,5,2,4,1,3,9,4,2,2,0,3,0,4,3,4,2,2,1,0,1,1,0
3870,1,2,5,2,6,7,11,0,6,1,4,4,0,0,0,2,1,1,4,0,5,1,0,2,1,0,1,2,0,3,2,2,1,1,3,0,2,2,1,0,2,4,4,2,1,0,1,1,1,3,2,1,0,1,0,1,0,0,2,2,1,0,0,0,1,0,2,2,0,0,0,0,0,1,4,1,2,0,1,0,1,1,0,0,0,1,0,3,0,0,0,2,2,2,1,2,0,1,0,0,1,3,2,4,1,3,4,0,0,3,2,2,0,2,1,0,2,1,1,0,3,4,0,2,1,4,2,1,1,2,0,1,3,0,4,1,0,1,2,1,4,2,1,2,2,0,0,1,0,1,0,3,2,1,2,3,1,0,1,0
3871,4,4,6,5,17,12,10,4,7,2,8,1,4,2,0,3,6,14,1,3,9,0,6,8,4,6,1,4,7,1,0,5,3,2,2,9,2,2,1,6,6,3,7,5,2,3,4,0,3,4,0,1,4,1,0,0,2,2,2,1,0,1,0,2,2,2,0,4,1,1,3,1,3,2,0,2,4,1,3,4,3,8,2,2,1,5,3,1,4,5,1,1,3,2,1,2,3,4,2,3,3,3,4,5,2,3,4,4,1,3,2,1,1,4,2,3,5,3,3,4,3,2,3,2,11,6,7,3,1,6,6,4,2,4,4,2,0,3,7,3,4,3,5,6,2,3,2,2,2,3,2,1,4,1,4,1,4,1,1,0
3873,0,1,0,1,0,2,1,2,0,0,0,0,0,0,0,0,1,2,0,1,0,2,0,1,1,1,0,3,0,0,2,1,0,0,1,0,0,1,1,0,1,1,0,0,0,0,0,1,1,0,0,0,0,2,0,0,3,0,3,0,0,1,0,0,0,0,0,0,0,0,0,0,0,0,2,0,1,0,0,1,0,0,0,0,0,1,0,0,1,1,0,2,0,0,0,0,1,2,0,0,0,0,1,1,0,1,0,0,1,0,1,1,0,0,0,0,1,0,2,0,0,0,2,1,0,1,1,0,0,2,0,0,0,0,0,0,0,1,2,0,1,0,0,0,1,0,1,1,0,0,1,1,0,0,0,0,1,0,0,0
3874,0,2,2,1,3,3,2,1,4,0,0,0,1,2,1,2,4,3,1,0,3,0,3,2,3,3,1,0,0,0,0,1,1,0,2,0,0,2,0,1,1,1,1,3,1,1,1,0,0,0,0,1,1,1,1,1,2,0,0,0,0,0,1,0,0,0,1,0,3,0,0,1,0,0,0,0,0,0,0,2,2,4,1,0,1,0,0,1,0,0,0,0,0,5,3,1,3,2,2,1,2,0,0,0,3,0,3,1,1,0,1,0,1,0,1,0,1,0,3,3,0,1,0,0,0,1,0,2,0,0,1,1,1,1,1,0,1,0,2,1,0,1,3,0,0,1,0,1,1,1,4,2,0,1,1,0,0,0,2,0
3875,18,26,31,33,41,75,13,25,51,13,18,13,6,7,9,15,51,87,27,26,69,4,17,25,11,22,14,13,22,15,20,15,14,15,26,19,12,19,13,21,26,30,20,20,17,14,21,18,16,22,28,19,18,13,11,6,4,4,7,14,2,6,8,4,11,7,6,7,8,7,15,18,12,13,14,17,25,16,15,9,10,10,14,17,13,26,23,13,15,20,24,18,29,40,20,21,13,25,16,28,18,10,17,26,28,24,23,21,8,28,24,14,34,29,31,34,26,35,30,27,23,32,23,27,21,31,39,26,30,30,29,22,8,27,20,17,18,19,22,26,41,39,38,27,15,19,24,13,22,26,16,30,29,22,28,16,11,17,11,2
3878,0,1,1,3,6,6,4,1,4,0,0,0,1,0,2,8,3,8,3,3,8,0,2,3,0,2,1,1,1,0,1,1,4,4,2,3,2,1,4,2,4,2,0,3,1,1,0,1,0,1,0,0,2,0,0,1,1,1,0,0,0,0,2,0,0,2,0,0,1,0,0,2,0,4,0,4,2,2,1,1,1,2,2,0,2,0,1,0,2,0,2,1,2,5,2,0,4,3,1,2,3,1,1,1,4,6,4,1,1,3,1,3,3,2,2,1,1,7,10,2,4,4,4,0,1,3,1,2,1,8,5,3,1,0,1,2,4,0,2,1,1,1,3,5,1,2,4,2,1,1,2,2,0,4,5,1,3,1,2,0
3880,5,7,6,7,17,18,5,4,10,2,5,6,6,8,4,5,14,10,12,12,19,0,12,15,2,2,5,3,7,2,6,0,5,12,5,6,4,6,3,7,4,4,5,5,5,5,4,4,1,3,3,2,1,3,3,3,1,3,7,4,0,1,0,2,1,1,5,8,2,4,5,2,2,0,4,3,8,4,3,4,6,5,1,4,1,8,7,7,6,1,2,3,4,7,6,5,5,10,6,8,5,4,6,3,3,6,13,1,2,6,4,6,12,5,10,10,22,16,10,8,11,11,3,9,10,1,10,3,6,5,9,12,12,2,5,3,5,3,12,10,6,6,3,13,6,8,3,11,4,7,11,12,4,3,4,4,3,3,2,2
3882,3,1,1,3,1,3,2,2,3,0,3,3,0,2,0,1,4,8,0,1,3,2,1,2,0,0,1,3,4,0,2,0,1,1,1,2,0,0,1,1,0,2,1,3,0,4,2,1,2,0,4,0,3,2,2,1,1,3,0,0,0,3,0,1,1,1,1,2,1,2,0,2,2,2,2,0,0,2,0,2,0,1,2,2,0,0,2,1,2,1,3,1,0,5,2,3,0,1,2,1,5,1,1,5,2,3,0,2,1,1,3,3,3,0,3,2,6,4,2,1,1,0,3,1,1,0,2,9,2,1,4,2,0,0,1,3,1,2,2,5,1,4,3,2,2,1,1,1,1,3,2,1,1,1,3,2,2,2,0,0
3885,2,1,11,3,7,3,2,2,6,0,1,1,1,1,5,2,5,11,3,1,4,0,1,6,2,1,1,1,2,2,4,3,4,4,1,3,2,0,1,6,0,3,3,3,2,3,4,3,1,3,1,3,6,5,2,4,1,1,8,1,4,2,5,0,0,1,2,0,4,4,2,3,0,4,5,1,7,1,1,1,0,1,3,0,0,2,0,1,1,2,4,1,1,1,2,2,4,4,1,3,4,0,1,4,0,5,3,3,3,1,1,5,1,1,2,3,1,3,0,3,1,9,1,5,0,2,5,2,3,4,3,0,0,0,1,3,3,3,1,3,2,2,4,3,2,4,3,3,2,2,3,2,2,4,2,2,1,1,0,1
3886,0,2,2,0,0,1,0,1,1,0,0,0,0,0,1,0,0,1,1,2,2,0,1,1,0,0,3,0,0,1,0,1,0,1,0,0,1,1,0,0,1,0,0,1,1,0,0,0,0,0,1,0,0,0,0,0,0,1,0,0,0,0,0,1,0,0,0,1,1,1,1,0,0,0,0,1,0,0,2,0,0,0,1,1,0,0,3,0,1,2,0,0,1,0,0,0,0,1,1,1,0,0,0,0,0,0,0,1,0,1,1,0,0,1,1,1,2,2,0,1,0,0,1,1,0,0,1,0,0,1,0,0,0,1,1,0,0,0,0,3,0,1,0,0,0,0,0,0,0,0,0,0,0,0,0,0,0,0,0,0
3887,0,1,0,2,2,0,0,0,1,0,0,0,0,0,0,1,0,3,0,2,0,0,0,1,0,0,0,0,0,1,1,0,0,0,1,0,0,2,2,0,1,0,1,2,0,1,0,0,0,1,0,0,0,0,0,1,0,0,0,0,0,0,0,0,0,0,0,0,0,1,1,1,0,1,1,0,2,0,1,0,0,0,0,0,0,0,0,0,1,0,0,1,0,1,1,0,0,1,0,0,1,0,0,0,1,0,0,0,0,0,0,0,1,0,0,0,1,1,0,0,0,0,0,2,0,0,1,0,2,0,0,1,0,0,2,0,0,2,0,0,22,20,0,1,0,1,2,0,1,0,0,1,2,0,0,2,0,0,0,0
3888,6,4,4,5,4,19,3,7,13,1,3,1,1,1,5,9,9,8,6,2,11,3,8,4,0,6,17,4,5,5,4,5,1,7,2,4,3,2,7,2,4,2,9,11,1,7,5,2,0,6,2,3,1,1,0,3,4,10,9,1,1,0,2,7,4,3,2,0,2,3,2,2,1,1,2,3,1,1,8,1,6,5,7,5,0,4,3,3,8,8,7,6,3,3,4,9,1,2,6,7,3,6,1,6,3,3,3,3,3,5,5,4,6,5,7,1,4,4,8,11,1,2,6,11,14,6,6,3,3,4,5,3,5,4,0,1,2,0,1,3,3,1,4,7,1,2,9,3,1,1,2,8,2,2,8,4,3,4,1,1
3889,0,1,1,0,0,1,0,0,0,0,0,0,0,0,1,0,0,1,1,0,1,0,0,0,0,0,0,0,1,0,0,0,0,0,0,0,0,0,0,0,0,0,0,0,1,0,0,0,0,0,0,0,0,0,0,0,0,0,0,0,0,5,0,1,2,0,0,0,0,0,0,0,0,0,0,0,0,0,0,0,0,0,0,0,0,0,0,0,0,0,0,3,1,0,1,0,0,0,0,0,0,0,0,0,2,0,0,0,0,0,0,0,0,0,0,0,0,0,0,3,0,0,1,1,1,2,0,1,0,0,0,1,0,0,2,0,0,1,0,0,0,0,1,1,0,1,1,0,0,0,0,0,0,0,0,1,0,0,0,0
3890,0,0,0,1,2,0,0,0,1,0,0,0,0,0,1,1,1,0,0,1,0,0,0,2,0,0,0,0,0,0,4,0,1,1,0,0,0,1,0,0,0,0,0,2,0,0,0,0,0,0,0,0,1,0,0,0,2,0,1,0,1,0,0,0,1,0,0,0,1,0,0,1,0,3,0,1,5,0,0,1,0,0,0,0,0,0,2,0,0,0,1,1,0,0,0,0,0,0,0,0,1,0,0,1,1,0,0,0,0,0,0,2,2,0,2,2,1,0,1,2,0,0,0,0,1,1,0,1,0,2,0,0,0,1,0,1,0,0,0,0,0,0,0,0,0,0,0,0,0,1,1,1,0,0,0,2,0,0,0,0
3891,0,0,0,0,1,0,0,1,0,0,0,0,0,0,0,0,0,0,0,0,1,0,0,0,0,1,0,0,0,0,0,1,2,0,1,3,1,0,1,0,0,0,1,0,0,0,0,0,0,0,0,0,0,1,0,0,0,0,0,0,0,0,0,0,0,0,2,0,0,0,0,0,0,0,0,0,0,0,0,0,0,0,0,0,0,0,0,0,0,0,0,0,0,0,0,0,0,0,1,0,0,1,1,0,0,1,1,0,0,0,0,0,0,0,0,0,0,1,0,0,1,0,1,0,0,1,0,0,0,0,2,0,0,0,0,0,1,0,0,0,0,0,0,0,0,0,1,0,1,0,0,0,0,0,0,0,0,1,0,0
3892,0,7,23,0,21,2,0,1,6,0,0,0,0,0,2,0,0,4,1,0,5,0,0,1,0,0,0,0,0,1,4,2,0,2,2,0,6,3,3,2,2,2,1,0,1,2,2,1,0,0,0,0,0,0,0,0,0,2,1,0,1,1,0,1,0,0,0,0,1,0,1,1,0,0,0,0,0,0,2,1,0,2,1,0,0,0,3,1,3,1,3,0,0,2,7,2,0,1,1,1,3,3,2,0,2,1,2,1,0,1,1,3,2,4,3,0,4,2,2,2,1,3,1,8,3,3,2,2,1,5,1,2,0,2,3,2,5,0,2,0,3,3,4,3,2,3,1,3,3,2,1,2,2,6,2,1,1,4,2,4
3893,0,0,0,0,0,0,0,0,0,0,0,0,0,0,0,0,0,0,0,0,0,0,0,0,0,0,0,0,0,0,0,0,0,0,0,0,0,0,0,0,0,0,0,0,0,0,0,0,0,0,0,0,0,0,2,0,0,0,0,0,0,0,0,0,0,0,0,0,0,0,0,0,0,0,0,0,0,0,0,0,0,0,0,1,0,0,0,0,0,0,1,0,0,0,0,0,0,0,0,0,0,0,0,0,0,0,0,0,0,0,0,0,0,0,0,0,0,0,0,0,0,0,0,0,0,0,0,0,0,0,0,0,0,1,0,0,0,0,0,0,0,0,0,0,0,0,0,0,0,0,0,0,0,0,0,0,0,0,0,0
3895,0,0,0,0,0,0,0,0,0,0,0,0,0,1,0,0,0,1,0,0,2,0,0,0,0,0,0,0,0,0,0,0,0,0,0,0,0,0,1,0,2,0,1,0,2,0,0,0,0,0,1,2,0,0,0,1,0,0,0,0,0,0,0,0,0,0,1,0,0,0,0,1,0,0,1,0,0,0,0,0,0,1,0,0,0,0,0,0,0,0,0,0,0,0,0,0,0,0,1,1,1,1,1,0,0,0,0,1,0,0,0,0,0,0,1,0,0,0,0,0,0,0,0,0,0,0,1,1,2,0,0,0,0,0,0,0,0,0,0,1,0,0,0,1,0,4,1,0,1,1,0,0,0,0,0,0,0,0,0,0
3896,0,0,0,0,3,1,0,0,0,0,0,0,0,0,0,0,1,0,0,1,0,0,0,0,0,0,0,0,1,0,0,1,1,1,0,1,0,3,1,0,0,0,2,2,1,1,1,0,0,1,0,0,0,0,0,0,0,0,0,1,0,0,0,0,2,0,0,1,0,0,0,1,0,4,2,0,0,0,0,0,0,2,0,1,1,0,0,0,0,1,3,0,1,0,0,1,0,1,1,0,0,0,0,0,1,0,1,0,0,0,0,0,0,1,0,0,1,0,1,2,0,0,1,0,2,0,0,1,0,0,0,2,0,0,0,0,0,0,0,0,1,0,1,0,2,1,0,0,5,1,1,0,0,0,0,0,0,0,0,0
3898,0,0,1,1,1,0,0,0,2,0,2,0,2,0,1,2,2,0,0,0,3,0,0,3,0,0,2,0,2,0,0,1,1,0,0,1,0,0,0,1,1,1,1,3,0,0,0,0,0,0,1,0,0,2,0,0,0,1,0,0,2,0,1,0,3,0,1,1,0,0,0,2,0,0,1,2,2,1,0,0,2,2,1,5,1,1,0,1,0,4,4,1,0,0,4,0,3,0,0,2,2,0,2,0,1,1,1,1,0,1,0,0,0,0,1,0,1,0,3,1,2,1,1,1,0,2,1,1,0,4,1,1,0,1,1,0,1,0,2,1,0,0,3,0,0,0,1,2,1,1,1,0,1,0,1,0,0,0,4,0
3900,0,0,0,0,0,1,0,1,0,0,0,0,0,0,0,0,0,2,0,0,1,0,0,0,0,0,0,0,1,0,0,0,0,0,0,0,0,0,0,0,2,0,0,0,2,0,0,0,0,1,0,0,0,0,0,0,0,0,0,1,0,0,0,0,0,1,0,0,0,0,0,0,0,0,1,1,2,0,0,0,0,0,0,0,0,0,0,0,0,0,0,0,1,0,0,0,0,0,1,1,0,0,0,1,0,0,0,0,0,0,0,0,0,0,0,1,0,0,1,0,0,0,1,0,0,0,0,0,0,0,0,1,0,0,2,0,0,1,0,0,0,0,0,1,0,0,0,0,0,2,0,1,0,0,0,0,0,0,0,0
3902,2,0,1,0,0,2,1,0,2,0,0,2,1,0,0,0,0,2,1,0,2,0,0,1,0,1,1,0,0,0,0,0,1,0,1,0,1,0,0,1,0,1,0,0,0,0,0,1,0,0,0,2,0,0,0,0,1,0,2,0,0,0,0,0,1,0,0,0,0,0,0,0,0,0,1,0,0,0,0,0,0,0,0,1,0,0,0,0,2,0,2,4,0,0,0,1,1,2,2,0,1,1,0,1,1,0,0,1,1,1,0,0,1,3,3,3,1,1,1,0,0,0,0,0,0,1,2,1,1,1,2,0,0,0,0,0,0,0,0,0,0,0,1,0,0,0,0,0,0,1,1,0,2,0,0,0,0,0,0,0
3903,0,0,3,2,1,2,0,3,5,0,1,3,0,3,2,1,4,2,2,2,6,4,0,2,0,1,0,0,2,2,1,0,0,5,1,3,2,1,1,0,0,0,0,1,0,4,1,0,0,1,0,0,0,2,0,1,0,1,0,1,0,0,1,0,0,0,0,3,0,0,2,1,0,0,0,0,1,1,0,2,0,1,0,0,0,1,1,1,0,0,1,2,1,0,1,1,1,1,1,1,1,0,2,0,0,0,2,0,1,0,2,0,1,0,2,1,1,0,0,0,0,3,0,0,1,1,2,0,2,1,0,1,1,2,1,1,2,0,1,1,1,2,2,2,2,0,2,2,3,3,2,4,0,0,3,0,0,0,2,0
3904,2,0,3,4,8,7,4,3,6,0,2,1,1,2,2,3,1,7,2,1,7,2,3,2,0,2,1,1,2,3,4,0,3,5,7,4,2,2,6,0,1,3,2,1,0,1,3,1,4,2,1,3,2,1,1,1,1,2,2,5,0,1,3,0,1,2,1,11,1,4,3,1,1,1,2,2,2,1,2,1,2,0,1,2,0,5,6,2,4,2,1,2,4,2,2,1,3,2,4,3,0,0,1,5,7,9,3,4,2,7,6,2,5,2,4,4,7,6,6,2,4,6,2,3,4,2,4,4,5,7,2,3,2,3,3,1,1,3,2,5,3,1,3,6,2,4,2,2,1,1,4,4,5,6,4,3,3,5,3,0
3909,11,12,24,8,16,33,10,25,28,5,6,10,6,7,12,9,29,53,14,18,44,9,16,20,7,11,5,6,14,13,16,14,9,12,10,11,2,9,1,13,11,13,17,11,9,11,8,13,5,8,10,5,4,9,10,4,10,8,14,9,2,3,1,2,4,8,2,3,4,2,4,7,3,4,6,6,7,3,8,3,1,4,6,5,5,6,9,10,7,8,7,15,9,7,11,12,6,17,9,6,6,5,5,5,6,6,12,5,5,10,12,11,14,11,14,9,14,18,12,8,13,17,19,15,8,8,10,24,14,12,14,5,2,4,10,5,14,10,9,11,11,15,14,12,3,8,14,10,13,8,15,12,18,11,10,9,6,6,3,1
3910,14,19,26,14,51,45,25,13,24,3,5,15,14,19,33,36,57,48,22,18,25,10,9,10,8,16,7,13,10,10,20,23,6,11,19,11,14,12,18,8,24,28,23,13,24,12,9,15,10,14,11,11,9,14,12,12,7,4,12,12,5,9,7,8,5,4,4,13,6,14,5,9,8,8,14,6,10,5,9,10,7,4,11,16,9,11,13,10,12,20,16,19,20,23,20,36,23,28,22,17,14,9,15,9,12,19,17,21,25,26,13,9,24,23,26,4,3,10,34,25,19,28,29,29,20,20,33,23,19,15,21,18,7,17,20,9,17,14,22,10,31,17,19,23,30,25,27,12,17,17,26,20,19,10,19,19,13,18,20,8
3911,2,2,0,2,5,6,2,7,4,1,0,2,1,2,3,3,7,9,4,2,6,0,3,6,0,2,6,1,1,3,1,2,2,1,8,2,2,3,5,6,8,2,1,5,3,2,3,0,1,2,5,1,1,3,4,1,4,1,1,1,3,3,2,2,5,3,3,1,2,3,3,0,1,2,1,4,3,4,1,2,1,6,1,3,2,5,4,5,2,3,6,5,5,3,3,5,3,7,3,9,2,2,3,2,2,5,6,3,2,6,5,6,5,4,4,0,1,4,6,5,2,3,3,2,2,5,8,2,2,2,5,0,1,5,4,0,5,2,8,2,2,2,3,3,1,2,1,3,2,7,2,3,6,4,5,1,3,1,2,0
3912,11,11,9,18,22,33,19,11,22,3,2,6,15,7,18,19,43,28,12,13,23,10,6,10,7,15,6,10,9,8,7,8,9,6,7,14,2,14,6,7,13,11,12,13,13,15,12,20,14,14,6,13,9,14,5,5,5,5,2,3,2,1,9,5,5,2,12,11,8,4,8,13,6,6,2,3,4,5,15,12,11,10,9,9,15,6,11,12,4,6,9,10,12,13,16,12,16,17,17,14,5,3,5,6,10,14,16,16,8,12,17,12,13,12,19,5,0,9,25,23,13,16,17,21,13,17,19,20,13,12,22,17,9,8,17,7,11,20,20,12,16,12,12,13,12,16,14,16,17,15,10,13,14,12,18,14,7,8,10,6
3913,2,8,1,5,11,12,3,2,8,0,5,1,1,5,7,6,7,6,5,7,5,2,1,2,2,5,3,2,1,1,3,4,4,1,6,3,3,2,4,1,4,3,3,4,1,8,0,2,2,1,0,1,2,0,4,0,3,2,2,0,2,1,3,3,2,1,1,2,1,4,8,0,3,2,0,0,2,1,0,2,3,4,1,5,0,2,1,0,0,1,3,4,3,2,1,2,5,4,5,3,0,5,1,6,2,5,3,4,1,9,6,2,3,3,6,0,0,3,5,3,2,3,5,6,6,3,1,6,4,4,5,5,1,2,4,5,3,3,1,8,9,5,0,8,2,3,5,3,4,8,8,3,0,3,0,2,2,1,6,0
3915,12,7,7,9,17,20,9,8,11,2,5,7,4,5,11,7,16,17,11,5,5,6,3,5,3,8,18,7,6,5,2,3,5,4,9,8,1,9,7,2,10,11,6,6,6,3,6,4,8,8,8,8,4,3,2,4,10,6,3,1,3,6,11,6,3,5,4,5,5,7,7,5,4,1,9,4,6,6,8,6,7,3,12,9,9,9,5,9,10,5,9,15,10,7,11,4,6,13,21,16,8,1,6,10,9,11,6,10,9,8,18,8,10,12,28,3,5,12,27,17,13,13,15,9,13,14,16,8,10,6,10,6,4,2,8,6,5,17,8,19,11,9,11,13,10,8,11,6,14,6,6,18,7,7,10,9,3,7,8,2
3916,2,0,1,0,1,7,1,0,1,1,4,1,1,0,0,3,6,3,1,1,2,1,1,1,0,2,1,0,1,0,3,0,1,3,1,0,1,0,2,1,3,2,3,2,0,3,3,5,0,0,0,3,2,1,0,1,3,1,1,1,1,1,0,0,0,1,2,0,0,1,1,0,1,1,3,0,1,2,2,1,2,0,0,1,1,2,2,4,3,0,1,1,2,3,0,2,0,1,1,0,2,4,2,1,0,2,2,1,2,2,3,2,1,2,2,1,2,2,5,4,4,4,3,4,0,3,1,3,4,1,2,1,2,2,3,3,2,1,1,2,1,1,1,7,1,3,5,1,4,1,2,4,3,4,3,1,4,4,1,0
3918,4,7,3,9,5,15,7,3,6,2,2,4,1,4,3,9,9,18,8,5,6,4,2,3,4,3,3,4,1,2,1,3,2,1,7,3,1,7,3,0,4,3,2,3,6,4,2,3,1,4,4,3,2,0,3,5,5,1,1,2,2,2,3,1,6,2,2,1,2,4,3,3,2,3,2,1,1,2,1,1,1,3,5,3,2,4,5,3,5,1,2,7,4,3,6,2,11,14,8,12,3,1,10,21,8,12,14,14,16,16,12,8,4,2,20,2,1,4,11,10,7,1,3,5,8,4,3,5,2,11,5,5,6,4,5,6,2,6,3,1,2,4,2,5,3,3,2,2,7,5,6,3,3,7,5,3,0,2,3,1
3919,3,1,2,2,5,10,0,3,2,0,0,0,1,2,3,3,5,8,3,4,6,2,2,0,4,2,2,4,4,2,3,0,0,0,2,2,3,3,4,6,2,3,6,0,1,3,3,7,2,3,2,4,1,9,1,2,3,1,4,0,0,0,1,1,1,1,1,2,5,1,1,0,0,1,2,1,1,1,2,3,3,2,2,3,0,4,1,3,1,2,3,2,5,4,4,2,2,4,6,2,2,1,3,4,3,2,4,1,6,1,3,1,3,3,10,0,0,3,7,1,2,3,5,2,2,5,5,1,2,2,2,3,0,2,1,2,2,4,4,3,3,4,4,2,4,4,5,2,4,6,4,6,2,3,3,3,0,1,3,2
3921,2,0,2,0,0,3,0,0,0,0,2,2,0,0,0,1,0,0,0,0,1,0,0,0,0,0,0,0,1,0,0,0,0,0,1,1,0,0,1,0,1,0,0,0,0,0,2,1,0,0,0,0,0,0,0,0,1,1,0,0,1,0,0,2,0,2,0,0,0,0,0,2,0,1,0,0,0,1,0,1,1,0,0,0,2,0,0,0,2,0,0,0,0,0,0,0,0,1,0,0,0,0,0,1,0,1,0,0,2,1,1,0,0,5,0,0,0,0,0,2,0,0,0,0,0,1,1,2,0,0,2,2,1,0,0,1,0,0,0,0,0,0,1,0,0,1,0,0,0,2,0,0,2,1,1,0,0,0,0,0
3922,9,14,14,16,19,32,6,13,22,5,8,5,4,5,13,12,16,25,12,10,29,8,7,12,8,3,8,17,13,11,12,14,14,19,9,17,7,5,11,11,13,8,11,14,12,16,4,2,9,8,5,4,5,13,8,2,6,2,4,8,6,6,8,5,6,5,7,9,3,3,20,15,4,12,4,5,14,10,6,15,14,14,11,8,16,17,11,14,17,14,17,16,26,30,18,14,12,18,27,16,15,7,8,15,9,27,20,18,16,15,20,23,11,23,21,21,40,29,26,30,20,24,22,34,33,24,20,21,17,16,12,20,10,18,15,16,11,25,18,23,21,18,18,24,18,13,18,4,19,17,15,22,21,19,17,17,11,19,11,1
3923,0,2,1,3,7,7,2,0,3,1,1,0,1,0,0,1,3,3,2,0,3,0,2,1,0,1,1,4,2,1,2,2,0,3,2,0,1,0,0,0,0,0,0,0,1,1,0,0,0,1,0,1,0,1,2,1,0,1,1,0,0,0,1,1,1,0,0,0,0,0,1,1,3,1,1,0,0,2,1,3,2,0,1,0,2,2,0,1,2,1,0,0,1,2,2,1,3,5,1,1,1,3,2,2,0,1,2,0,0,2,1,1,1,1,0,2,1,2,3,1,3,0,2,1,2,0,3,0,0,1,0,4,2,2,0,1,1,1,3,2,1,2,1,1,3,4,2,1,3,1,2,0,3,3,2,2,2,2,0,0
3925,3,3,3,5,13,18,2,3,8,4,7,2,2,5,3,11,8,14,6,6,11,2,4,2,6,3,1,3,3,3,4,5,5,6,2,1,8,4,2,3,1,3,3,5,3,2,4,6,1,2,5,4,3,0,2,6,3,5,3,2,0,3,1,1,2,1,1,1,2,4,6,4,4,5,4,1,8,4,3,4,3,9,5,8,1,6,5,6,6,8,4,8,5,9,9,10,5,10,11,5,7,6,9,3,6,6,4,4,5,11,3,4,13,10,14,11,9,10,12,9,10,5,10,9,7,12,11,14,13,13,12,9,7,9,9,8,4,7,9,8,12,9,8,9,9,11,11,9,13,8,6,8,4,10,11,7,11,6,4,2
3926,1,6,5,8,6,19,7,3,8,1,0,4,0,4,6,5,7,13,7,6,17,1,1,8,2,2,3,4,2,0,5,2,2,3,4,4,2,1,2,1,2,2,2,5,4,2,4,5,5,2,2,2,3,4,1,1,0,4,3,3,0,1,6,2,2,4,2,7,5,0,4,5,1,2,4,4,5,2,2,3,2,4,2,4,4,3,3,2,4,2,1,3,6,4,9,4,4,5,12,5,1,1,4,4,5,4,4,5,3,5,3,1,3,11,8,3,1,7,13,9,6,7,8,8,6,17,10,4,4,4,6,8,5,7,5,4,3,6,8,3,6,3,4,9,4,7,6,4,1,5,5,5,5,7,4,4,3,3,3,1
3927,3,1,0,1,2,8,4,1,3,0,0,0,0,0,1,2,4,8,2,4,3,1,0,0,0,0,0,2,1,0,1,0,3,0,2,1,1,0,0,2,2,7,2,1,3,3,4,5,2,2,1,2,1,2,1,4,1,1,2,2,2,1,2,3,1,2,0,2,1,4,0,0,0,1,2,2,1,0,2,1,0,2,0,1,5,4,3,3,1,3,1,2,3,2,6,9,1,0,4,5,4,2,2,4,3,2,3,8,2,2,1,7,4,1,4,0,0,3,11,1,6,6,4,3,6,3,5,1,6,5,5,6,0,2,3,1,7,4,4,1,2,2,6,1,3,6,2,5,1,1,3,7,4,2,4,1,2,4,6,3
3928,0,0,1,0,1,1,0,0,1,0,0,0,0,0,3,0,0,1,0,2,3,0,0,2,0,0,0,0,1,1,0,2,0,0,0,2,2,0,1,1,0,1,0,0,1,0,1,0,0,0,1,1,0,0,0,1,2,1,0,0,0,0,0,1,0,0,1,3,1,0,1,0,0,0,3,0,0,1,1,1,0,1,2,2,1,2,1,0,2,0,0,0,1,1,0,1,0,0,2,0,1,0,0,1,0,2,0,1,1,1,1,0,1,0,3,1,1,4,1,1,2,0,1,0,0,0,0,0,1,1,0,0,0,0,0,1,2,1,1,3,1,2,1,0,0,0,1,2,0,1,0,0,1,2,1,3,1,1,0,0
3929,1,0,4,7,1,6,1,1,5,1,0,0,1,1,0,0,2,0,3,0,4,2,2,2,2,1,1,0,1,0,1,1,0,1,0,6,1,4,1,1,0,1,0,5,2,2,1,4,0,1,7,2,2,2,2,1,1,1,2,0,1,2,3,2,1,1,0,0,0,2,0,2,0,2,1,0,2,1,1,1,1,0,1,3,0,2,1,3,1,2,4,1,2,3,5,4,0,2,4,3,1,1,0,1,5,3,1,4,1,4,5,4,3,3,1,3,0,4,4,6,3,2,6,3,1,1,6,7,1,5,6,4,2,4,8,1,4,1,5,3,2,2,4,2,2,0,3,2,2,2,1,5,8,9,3,2,6,1,1,2
3930,8,12,16,19,19,47,9,10,10,3,6,3,4,4,8,11,20,27,10,10,20,5,3,11,6,10,11,13,5,6,5,8,5,9,7,10,5,15,9,9,5,8,9,12,8,8,11,12,9,22,2,6,5,6,11,11,9,8,8,8,3,2,7,3,12,6,8,9,7,11,9,11,6,8,7,6,9,12,13,8,8,9,9,12,22,12,19,15,12,9,10,15,17,14,17,22,21,30,21,13,24,11,8,11,12,28,10,15,12,19,18,25,11,15,18,2,2,11,35,35,11,17,28,17,14,13,21,18,15,14,23,27,14,26,14,11,10,10,15,30,23,24,20,17,17,14,19,24,26,13,19,18,15,26,20,22,15,19,8,5
3931,16,26,25,29,45,70,18,16,28,4,6,14,9,26,34,30,38,52,12,20,33,15,7,18,7,11,15,18,7,9,5,12,15,15,21,11,13,15,12,19,17,15,16,5,16,19,20,14,21,13,11,8,9,12,10,10,12,7,8,6,6,9,9,19,12,10,6,13,9,6,6,6,3,18,14,8,13,5,11,6,7,12,18,18,23,9,14,10,15,7,13,10,11,21,25,21,20,31,16,27,12,6,16,24,18,23,24,26,18,30,27,29,22,17,21,4,5,21,43,30,27,29,27,26,25,24,26,18,22,27,25,27,15,21,25,22,25,22,24,30,37,24,27,31,16,21,27,18,26,24,17,18,16,21,22,23,12,25,14,3
3933,0,0,0,2,2,2,1,2,1,1,0,0,0,2,0,0,1,5,0,2,8,0,0,2,0,0,1,2,1,0,2,2,1,0,1,1,2,0,1,1,2,0,2,1,2,2,2,0,0,0,1,1,0,1,0,2,0,0,1,0,0,3,0,2,0,0,0,1,1,0,1,1,0,1,1,2,2,0,0,0,1,0,1,0,2,3,0,0,1,0,1,3,1,1,5,1,1,1,0,4,1,0,1,0,1,0,1,7,1,3,0,1,1,1,0,0,0,1,0,3,1,2,1,1,1,1,1,0,1,0,2,1,0,1,3,3,1,0,1,0,2,1,1,2,1,1,0,0,1,2,2,0,0,1,1,2,4,1,1,0
3934,9,10,15,29,34,51,17,12,25,2,5,20,5,17,18,21,34,33,14,17,25,16,12,14,13,7,12,18,9,6,11,17,6,20,17,10,5,9,12,7,8,7,11,9,19,16,19,14,13,12,14,3,8,18,4,8,12,9,5,11,6,7,8,5,4,12,3,9,5,7,15,10,8,9,15,9,11,8,8,7,10,17,12,16,13,12,12,14,11,7,13,10,17,21,27,20,27,23,15,17,11,10,16,27,10,13,16,22,17,21,22,25,21,18,28,3,3,22,35,28,19,30,26,19,23,14,23,18,15,17,29,29,13,15,24,22,15,14,22,33,24,15,32,26,15,25,17,17,19,20,18,20,23,16,19,14,10,19,17,7
3936,9,9,4,16,12,38,8,11,11,0,8,3,3,14,16,25,21,26,10,8,18,7,4,15,6,8,7,8,12,8,4,5,9,7,5,11,11,6,7,4,3,2,8,14,11,10,10,12,10,8,6,10,6,8,5,8,4,4,8,7,7,9,10,3,5,2,7,8,7,8,10,8,4,6,13,4,7,6,2,8,7,6,7,11,6,8,8,2,4,7,12,13,10,14,17,9,4,15,11,12,12,5,7,7,9,10,14,14,8,19,17,15,10,17,12,4,5,15,37,20,13,22,23,19,10,14,17,12,8,15,11,12,9,13,12,13,14,11,11,18,11,13,18,13,14,9,14,14,9,9,15,23,11,15,20,18,10,10,9,4
3937,2,1,0,2,5,5,1,1,7,1,0,1,2,0,2,0,6,6,4,1,3,3,2,2,1,1,1,1,1,1,1,0,1,0,2,2,3,1,2,3,2,0,2,0,1,1,4,3,0,1,2,1,0,3,1,1,1,1,0,2,0,1,0,0,1,2,1,3,1,0,3,5,1,0,4,0,2,0,3,3,0,1,2,2,3,0,4,2,0,0,0,2,2,2,1,1,1,1,3,1,1,3,0,3,2,3,3,3,2,1,2,4,1,7,4,1,2,6,5,1,0,3,1,3,2,3,4,2,3,4,3,5,1,1,2,1,6,6,1,7,2,5,4,4,1,5,4,4,3,4,3,2,3,2,4,3,1,5,2,0
3938,3,1,2,5,6,13,4,5,4,0,1,1,0,2,3,5,5,4,5,5,5,6,1,6,3,3,1,1,1,2,3,2,2,2,3,4,1,3,1,1,4,4,3,1,2,7,2,1,5,1,0,3,4,0,8,1,1,2,2,1,3,3,1,4,2,1,1,5,0,1,4,3,2,2,4,1,3,1,3,5,3,5,1,4,2,7,4,1,1,1,1,0,4,2,3,4,3,4,3,5,3,3,2,4,4,3,2,3,3,5,4,3,3,6,6,1,2,8,7,5,4,3,6,3,4,3,6,4,4,4,5,4,3,3,2,2,3,3,8,3,5,4,6,6,5,2,5,3,5,1,1,3,2,7,3,2,5,5,8,2
3939,8,12,14,26,31,45,11,14,15,5,12,12,7,26,13,20,28,29,13,18,15,18,7,35,13,11,15,6,17,5,8,9,12,6,10,23,13,11,2,10,17,11,8,6,13,14,15,9,20,7,14,8,11,10,8,6,8,9,7,6,8,15,4,8,7,7,9,10,7,11,6,8,12,6,27,10,4,6,11,8,9,9,10,14,17,11,14,4,3,3,11,9,12,9,7,20,13,22,26,14,14,9,6,8,13,12,12,18,16,13,14,15,17,13,32,14,3,15,35,33,10,26,16,25,20,20,16,18,9,15,20,20,13,13,12,17,33,16,17,17,22,21,26,24,19,17,14,10,19,25,22,19,15,7,22,20,13,14,18,5
3940,0,4,1,4,7,8,3,2,2,3,0,3,4,8,9,3,15,9,1,5,8,18,2,3,2,3,1,3,3,2,1,2,1,1,4,3,1,6,3,2,4,1,1,1,5,3,6,2,4,3,2,1,2,0,1,0,2,0,3,1,2,1,1,2,2,1,2,2,3,3,0,1,1,0,2,1,1,4,2,1,1,1,2,1,1,3,4,3,2,4,0,2,3,0,4,1,3,3,6,6,4,1,1,1,4,4,2,3,8,3,4,0,5,4,8,1,2,7,9,6,2,10,6,3,3,1,2,3,8,9,7,5,2,2,3,3,4,2,2,4,3,5,2,6,1,3,2,1,5,2,2,5,2,3,2,4,2,3,4,2
3941,13,8,15,16,20,52,15,11,13,4,6,4,3,11,18,14,32,33,10,16,19,13,15,15,13,4,4,8,12,7,3,6,12,7,5,8,6,10,15,6,5,6,13,7,11,15,16,15,9,12,8,8,6,8,11,9,10,6,4,5,1,9,3,5,5,4,4,13,9,11,5,7,4,8,13,10,6,7,4,10,7,7,3,11,13,12,13,13,14,7,14,11,16,20,24,10,20,20,12,14,10,13,5,12,12,13,19,14,9,15,25,16,19,23,17,7,5,11,36,24,21,21,24,26,19,13,22,16,15,24,19,21,5,27,21,19,20,17,19,32,21,11,20,29,17,17,9,12,21,17,13,26,24,19,9,23,15,19,6,7
3942,0,2,3,8,14,8,0,5,5,0,1,2,0,1,6,1,4,3,2,2,9,4,2,3,2,3,2,1,1,0,4,1,4,2,2,1,4,3,5,1,2,2,1,4,3,3,3,2,2,1,3,3,1,1,0,3,6,3,2,3,0,1,2,3,1,0,0,3,3,0,1,4,1,0,5,1,2,3,1,1,4,1,2,5,4,1,3,0,4,3,3,2,3,4,7,4,3,4,3,1,3,3,1,8,4,5,7,6,2,2,10,6,7,5,4,1,5,5,7,8,7,7,7,7,4,4,4,8,8,5,8,9,4,5,4,2,5,7,6,3,1,6,5,7,2,5,14,9,8,7,8,4,8,9,4,3,0,7,3,1
3943,4,2,2,5,6,18,5,1,3,0,1,1,0,0,1,3,2,5,2,1,7,1,0,3,0,3,1,1,1,1,0,0,0,3,3,2,4,3,4,1,4,1,1,0,3,5,5,1,2,4,3,2,2,0,0,2,2,1,2,1,1,2,2,1,0,0,0,1,3,1,4,0,2,3,3,5,1,1,1,4,4,3,3,6,2,5,1,2,4,2,4,3,5,3,3,2,4,3,7,3,4,5,4,5,2,2,8,5,1,1,4,4,8,8,6,2,1,2,4,9,1,2,2,3,5,7,12,6,3,8,4,6,0,7,4,3,3,3,1,2,9,7,8,5,2,4,9,4,5,6,4,4,5,9,7,5,4,3,1,1
3944,1,1,1,4,1,2,1,0,2,0,2,1,2,2,2,1,2,2,0,0,0,0,1,2,0,0,3,1,1,1,0,0,0,2,0,1,1,1,1,1,1,0,2,2,1,2,0,1,1,0,1,0,0,0,1,0,1,1,2,0,1,0,2,0,0,1,1,0,2,0,1,0,0,3,0,2,3,0,2,1,0,0,0,2,0,3,1,3,0,1,0,1,1,2,1,3,0,1,1,0,0,2,1,2,2,2,0,1,0,5,3,0,2,3,3,1,0,2,3,2,2,2,2,2,0,3,1,0,2,3,4,4,2,2,3,2,3,2,3,3,3,4,3,1,1,0,6,2,7,0,5,5,2,2,2,1,2,0,3,1
3945,0,2,0,4,2,4,4,2,1,2,1,0,0,1,1,3,4,4,1,1,6,0,1,2,1,1,4,1,2,3,1,1,2,0,1,2,1,1,1,2,0,1,3,0,0,3,3,2,0,1,1,0,0,2,2,1,1,2,0,2,3,0,1,1,2,2,1,0,1,1,1,1,1,2,0,2,2,2,0,1,0,1,2,1,2,0,0,1,3,2,2,2,2,1,5,3,2,4,12,1,3,2,0,1,1,2,0,2,0,6,4,1,1,0,2,2,0,3,1,0,0,1,1,1,2,3,1,3,1,1,2,4,1,0,3,3,1,2,2,0,1,6,2,3,0,1,2,0,1,0,0,1,1,0,3,1,0,0,2,0
3946,0,0,0,0,1,1,0,1,1,0,0,0,0,0,1,0,0,0,1,0,0,1,0,1,0,0,0,0,2,0,0,0,0,1,2,0,0,0,1,0,0,0,0,0,0,0,0,0,0,0,0,0,1,0,0,0,0,0,0,0,0,0,0,0,0,0,0,1,0,0,0,0,0,1,0,0,0,0,0,0,0,0,5,0,1,0,0,0,0,0,0,1,2,1,0,0,0,0,0,1,0,1,1,0,0,0,0,0,0,0,0,3,2,1,0,0,0,0,0,1,0,0,2,1,1,0,0,0,1,0,0,0,2,0,1,0,0,2,0,2,0,1,0,1,0,0,0,0,0,1,0,0,0,1,0,0,1,0,0,1
3950,4,4,6,9,8,20,11,7,19,11,3,1,4,4,1,6,15,17,4,3,8,1,7,7,0,2,11,1,6,8,2,3,1,5,5,2,2,3,4,6,3,5,6,2,8,6,1,1,6,0,2,8,8,3,3,2,1,4,5,3,3,5,3,16,2,2,5,2,2,5,4,1,2,5,13,2,4,7,7,3,6,9,9,5,3,4,10,5,8,4,7,3,5,7,11,3,2,5,2,4,10,3,1,1,2,3,6,4,0,5,9,5,4,5,1,10,5,7,4,3,0,5,3,3,0,11,10,7,2,1,3,8,1,7,7,2,7,4,6,8,13,5,8,8,4,5,4,5,6,5,7,6,6,3,5,6,4,8,5,1
3951,0,2,3,0,2,5,3,5,5,0,3,0,0,1,1,0,1,0,2,0,5,1,3,0,0,1,0,1,2,3,2,0,1,2,1,3,1,2,1,0,0,3,3,0,1,2,0,1,0,1,1,1,0,0,1,0,0,1,0,0,1,3,1,0,0,0,0,0,0,1,1,3,0,0,0,0,3,0,0,0,0,3,3,1,0,0,0,2,2,4,2,4,7,5,5,1,2,0,2,2,2,2,2,0,0,1,3,1,1,3,3,3,0,0,1,3,0,0,7,1,1,4,2,1,0,4,2,2,3,1,1,1,0,1,1,1,1,2,1,2,1,2,0,0,0,3,1,1,2,1,0,1,2,2,1,0,0,0,0,0
3953,10,10,25,13,16,31,23,30,27,9,9,3,1,10,7,10,9,24,14,8,19,6,7,17,1,6,2,6,15,13,3,10,5,5,7,1,1,3,6,6,10,5,4,2,6,8,8,5,5,3,2,7,5,2,4,2,3,4,3,3,1,4,3,8,6,6,5,3,3,2,8,13,3,3,6,8,9,4,9,9,10,6,13,10,3,8,11,10,10,9,11,7,8,8,16,7,10,13,11,11,6,7,4,10,4,6,8,12,3,6,6,2,7,8,9,9,11,9,8,15,3,12,7,10,4,13,14,11,9,4,5,7,2,3,6,8,5,7,7,14,1,7,15,11,4,9,4,6,17,8,6,10,6,10,6,7,7,8,6,3
3954,0,0,5,1,2,1,1,1,0,0,0,0,2,0,1,0,1,2,1,1,2,0,0,1,0,0,0,0,0,1,3,1,0,1,1,1,0,0,0,1,0,0,2,0,0,1,0,1,0,0,0,1,0,0,0,0,0,1,0,0,0,0,0,1,0,0,0,0,0,0,0,0,0,0,0,0,1,0,0,1,0,0,2,1,0,1,0,1,1,3,0,0,1,0,0,0,1,0,0,0,0,0,0,0,2,2,1,0,1,0,0,0,1,0,1,1,0,0,0,0,0,0,1,0,0,0,1,2,0,3,0,0,2,1,0,0,0,1,0,0,0,0,0,1,0,0,1,0,0,2,0,1,0,0,0,0,0,0,0,0
3956,9,3,4,2,7,23,11,6,10,3,1,3,2,3,3,13,9,19,5,7,11,5,9,9,2,3,10,7,10,8,3,3,2,3,5,5,9,4,2,3,5,11,8,6,6,3,1,2,3,10,7,4,3,1,1,4,0,4,6,3,1,2,5,1,4,0,6,3,1,5,2,4,4,4,4,1,5,4,0,4,3,6,8,6,1,5,2,6,6,10,4,3,5,4,10,6,8,10,5,2,8,2,6,2,8,4,5,3,1,5,3,7,6,1,3,3,7,7,11,2,6,6,12,3,9,5,4,10,12,4,7,5,5,5,15,7,6,2,5,6,10,6,5,9,5,8,4,5,8,1,4,1,4,5,6,5,4,6,3,2
3957,0,0,0,1,0,3,2,1,3,0,0,1,0,0,0,0,0,1,1,1,0,0,0,0,0,0,0,0,0,0,0,1,2,0,3,0,0,0,0,0,0,0,2,1,0,2,1,0,0,1,0,0,0,0,1,0,0,0,0,0,0,0,0,0,1,1,0,0,0,0,0,0,0,0,0,1,0,1,1,2,0,0,0,2,0,0,0,0,0,0,0,0,0,0,0,0,0,0,0,0,2,0,1,0,2,0,0,2,0,1,1,0,1,0,1,0,1,1,3,0,0,0,2,1,0,0,0,0,0,0,1,0,1,0,1,2,0,0,0,0,0,0,0,0,0,1,0,1,1,0,0,0,0,0,0,1,1,0,0,0
3958,0,0,0,0,1,2,1,0,1,0,0,0,0,0,0,0,0,2,2,0,0,0,0,0,0,0,0,0,0,0,0,0,0,0,0,0,0,1,0,0,0,0,0,1,0,0,0,0,0,0,0,0,0,0,0,0,0,0,0,0,0,0,0,0,0,0,0,0,0,0,1,0,0,0,0,1,0,1,0,0,0,2,2,1,0,1,0,0,0,0,1,0,0,0,0,2,0,0,0,0,1,1,0,0,0,0,0,1,1,0,0,0,0,0,0,0,1,0,0,0,0,2,0,0,0,0,0,0,0,1,1,0,0,0,0,0,1,0,2,0,1,0,0,0,0,0,1,0,1,0,0,0,0,0,0,0,0,0,1,0
3959,5,4,4,3,6,27,7,2,9,1,4,0,2,0,3,0,5,5,0,4,6,1,2,1,2,1,5,1,3,3,1,1,1,1,4,1,1,2,0,3,6,2,6,3,2,2,0,4,1,1,2,4,3,2,0,0,1,3,3,1,1,0,0,0,1,1,0,1,0,0,0,1,2,1,1,1,1,2,0,5,6,1,1,4,4,0,4,0,3,1,1,1,3,1,2,4,2,4,3,2,3,0,1,1,3,4,1,5,1,3,4,0,1,5,6,5,3,5,8,3,1,5,4,0,3,3,2,3,4,3,0,5,2,3,4,1,4,1,1,2,1,0,2,3,4,3,4,3,2,3,1,5,4,0,1,2,2,2,1,0
3960,3,4,6,9,12,34,11,7,15,0,5,2,2,1,3,3,11,9,3,8,15,2,1,1,2,2,5,2,4,3,3,5,8,3,0,0,1,5,6,4,3,5,9,8,7,2,5,3,0,4,4,2,2,6,4,3,4,5,3,2,1,2,4,3,4,2,1,2,2,3,3,1,2,1,5,6,3,6,3,4,0,1,0,5,0,5,6,2,6,2,4,1,3,2,1,1,5,2,5,1,3,3,1,2,2,5,5,7,6,10,1,4,5,2,4,4,8,2,4,7,0,4,6,4,1,4,6,3,5,4,6,4,1,1,3,3,6,1,1,7,4,4,5,2,5,4,5,4,6,6,4,0,7,1,5,3,2,3,1,0
3962,1,2,4,4,4,10,2,6,8,1,1,1,2,0,1,1,0,8,0,3,5,0,1,1,1,2,0,4,2,3,0,1,2,2,1,3,1,0,2,3,4,0,9,2,2,1,0,0,0,0,0,3,0,0,1,0,2,1,4,1,0,0,0,2,1,0,1,0,0,1,2,0,0,2,0,0,1,0,3,0,1,0,0,4,0,1,3,1,2,0,3,1,1,0,1,0,1,4,2,1,0,0,0,2,1,0,1,0,1,2,0,1,0,2,2,0,1,3,3,2,0,3,1,0,1,1,1,0,2,1,0,1,0,0,1,0,2,1,0,1,0,0,4,1,0,0,2,1,2,2,1,0,1,0,0,0,0,1,1,1
3964,1,0,0,0,0,2,1,1,2,1,0,0,0,0,0,1,1,0,0,0,0,0,0,0,0,0,0,0,0,0,0,0,0,0,1,0,1,0,0,0,0,0,1,2,1,0,1,0,0,0,1,0,0,0,0,0,0,0,0,1,0,0,0,0,0,0,0,0,0,0,0,0,0,0,0,0,1,1,0,1,0,0,0,0,0,0,0,0,0,0,0,1,0,0,1,0,0,0,0,1,0,0,0,0,0,0,0,0,0,0,1,0,0,0,0,0,0,0,0,0,0,1,0,0,0,0,0,0,0,0,0,1,0,0,0,0,0,0,0,0,0,0,0,0,1,0,1,0,1,1,0,0,0,0,0,0,0,0,0,0
3965,0,1,1,3,0,3,0,3,1,0,0,0,0,0,0,0,0,2,1,0,3,2,0,0,0,0,0,0,0,0,0,0,2,1,0,0,0,0,0,1,0,0,0,1,0,1,0,0,0,0,0,0,0,0,2,1,0,0,0,0,0,0,0,0,0,1,0,1,0,0,1,0,0,0,0,0,1,0,1,0,0,0,0,1,0,3,1,0,0,0,0,1,0,1,0,0,0,0,1,0,0,0,0,0,0,0,0,1,1,0,0,1,0,1,1,0,0,0,0,2,0,0,0,2,2,0,0,1,1,0,2,0,0,1,0,0,0,0,1,1,2,0,1,0,2,1,1,0,0,0,0,0,0,0,1,0,0,0,1,0
3966,0,1,2,2,0,2,0,2,0,1,1,1,0,0,0,1,1,2,0,1,0,0,1,0,3,1,0,0,3,2,4,1,0,0,0,1,0,0,2,0,2,0,0,0,0,0,1,0,0,0,3,0,0,0,0,0,0,1,2,0,1,0,1,1,0,0,0,0,0,0,2,0,0,0,1,0,0,0,0,0,2,0,0,1,0,3,3,0,0,2,0,5,2,2,0,0,1,0,0,0,1,0,2,0,1,1,2,1,2,1,0,0,1,0,0,1,0,0,0,0,0,2,1,0,1,0,1,1,1,0,0,1,0,0,1,1,1,0,1,1,0,0,2,0,1,0,0,0,0,1,1,0,2,0,1,0,0,0,0,0
3967,1,1,0,0,0,1,0,0,0,1,0,0,0,0,0,0,0,1,0,0,0,0,0,0,0,0,0,0,0,0,0,0,0,0,0,0,0,0,1,0,0,2,0,0,0,0,0,1,0,0,0,0,0,1,1,0,0,0,0,0,0,0,0,0,1,0,0,0,0,0,0,0,0,0,0,0,0,2,1,0,0,1,0,0,0,0,0,0,0,0,3,0,0,0,0,0,0,0,0,0,0,0,0,0,0,0,0,0,0,0,0,0,0,0,0,0,1,0,0,0,0,1,0,0,0,0,0,0,4,0,0,0,0,0,1,0,0,0,0,0,0,1,0,0,0,0,0,0,0,0,0,0,0,0,0,0,0,0,0,0
3971,3,7,8,12,7,28,5,24,37,0,3,7,2,2,7,2,10,20,7,4,13,3,2,7,4,4,5,11,10,9,2,7,3,2,9,2,0,6,8,5,8,7,4,1,8,8,0,4,4,2,9,3,4,0,3,0,4,5,1,1,0,0,3,5,3,2,4,1,2,3,4,2,1,2,3,0,3,5,3,2,3,4,5,4,1,5,4,3,1,5,9,5,6,3,1,1,2,12,7,4,6,2,8,0,13,4,3,1,2,4,3,2,7,7,5,4,1,5,5,7,4,2,4,4,6,10,7,5,6,4,4,3,2,7,3,2,4,7,2,7,3,7,5,6,6,8,5,4,5,7,5,5,10,1,7,3,4,5,4,0
3975,9,17,19,19,41,34,12,10,25,4,5,10,14,18,31,30,40,44,22,18,35,17,17,10,13,6,11,11,9,14,16,13,10,21,14,13,15,13,15,10,14,11,14,12,17,15,18,18,17,13,15,10,8,8,17,9,16,8,12,14,16,14,20,6,4,9,5,8,8,9,11,7,8,8,8,5,8,9,5,13,14,7,6,11,6,7,9,13,19,10,8,13,28,36,43,30,33,26,33,15,14,10,13,24,31,37,57,36,36,43,34,42,27,29,42,24,13,30,57,61,30,41,39,25,32,30,43,25,14,37,29,35,8,26,15,15,16,8,18,18,16,23,20,32,8,15,16,11,20,10,8,20,25,28,18,20,13,30,8,14
3976,20,17,33,26,30,43,14,18,24,3,14,18,14,30,35,41,54,70,35,25,32,21,20,22,23,15,9,14,11,17,16,10,12,20,29,11,18,23,19,25,19,18,12,23,20,20,20,17,18,12,17,10,8,15,19,8,12,15,4,15,11,16,10,15,6,7,8,10,10,10,5,15,7,8,6,7,12,4,5,11,6,15,6,10,9,13,18,7,13,11,19,11,20,32,34,20,23,27,23,31,10,5,9,15,20,22,41,40,22,30,21,22,29,27,52,7,1,23,57,65,33,34,42,35,40,33,42,30,22,20,25,17,13,16,14,14,10,15,19,19,14,16,27,20,11,16,12,16,20,17,27,23,18,12,23,25,12,15,22,7
3977,61,62,105,83,147,161,64,54,109,26,41,46,64,91,153,145,210,174,101,95,121,49,56,70,46,50,41,43,41,47,50,39,38,78,81,48,54,64,71,60,82,74,94,115,102,81,89,73,88,59,80,46,61,63,75,65,50,58,82,112,69,84,69,68,62,53,62,78,73,68,61,66,82,72,60,43,66,49,59,100,61,56,78,72,61,93,84,80,84,85,76,85,150,193,221,141,169,142,176,156,94,32,67,120,165,226,247,229,190,217,180,106,148,175,232,43,9,193,324,265,182,177,219,193,150,165,220,174,147,167,169,109,55,91,104,75,100,109,111,119,142,120,112,126,109,106,102,91,145,122,111,121,104,109,128,127,95,139,118,33
3978,1,0,0,0,0,2,1,0,2,0,1,1,0,4,4,3,3,4,1,2,7,6,2,1,2,0,4,5,3,3,1,1,2,3,12,5,6,6,5,7,13,5,8,11,11,10,7,12,3,3,12,7,11,7,8,13,15,26,10,23,10,11,17,8,11,13,15,17,18,11,19,24,18,18,24,16,24,12,22,18,21,19,24,34,30,27,32,32,46,33,46,53,89,133,123,98,101,113,118,79,62,28,37,116,113,174,187,161,171,145,118,81,105,126,165,34,10,113,231,184,111,132,152,109,103,129,129,128,87,133,128,103,50,79,55,54,55,68,77,75,96,72,74,108,90,79,56,68,78,74,76,82,94,76,115,122,75,109,91,30
3979,0,0,0,0,2,1,1,1,2,0,0,0,1,1,0,0,0,2,0,0,1,2,1,0,0,0,0,1,0,2,0,0,0,0,1,0,0,2,0,0,0,1,1,1,1,0,1,0,0,0,2,1,0,0,0,1,2,0,0,0,0,0,1,0,0,1,0,0,1,1,0,0,0,0,0,0,2,1,0,0,0,2,0,0,0,0,0,0,0,2,0,0,0,0,1,1,0,2,1,0,0,0,2,2,1,0,0,0,0,1,0,0,1,0,0,1,0,0,1,3,0,1,0,1,0,1,2,0,2,0,0,1,0,0,0,0,1,0,0,0,0,2,0,0,0,0,0,2,0,3,0,0,2,0,0,1,0,1,1,0
3980,1,3,6,5,5,4,5,0,9,1,1,3,1,2,5,8,6,9,3,5,9,4,3,2,2,4,2,5,6,2,5,2,1,4,3,1,2,4,5,2,2,1,4,5,10,12,4,2,5,6,3,2,2,4,3,3,3,4,3,0,1,2,0,17,4,0,5,1,4,2,3,5,2,1,4,2,2,2,1,4,4,3,4,8,2,1,3,4,4,1,5,5,4,14,5,2,5,5,5,2,6,1,3,4,2,3,2,2,3,4,2,3,7,3,6,2,1,5,3,7,2,1,8,2,5,7,3,6,5,3,3,3,2,5,6,2,3,9,3,7,6,0,5,2,3,4,6,2,12,4,4,2,4,4,3,2,1,2,6,0
3981,7,2,7,5,8,11,11,7,10,1,6,0,2,5,9,12,13,16,8,7,7,4,1,3,1,0,3,1,2,3,3,3,4,3,4,2,3,9,6,4,5,6,3,4,3,2,3,3,4,1,4,3,1,4,6,3,2,0,2,2,2,8,4,6,4,4,4,3,6,3,1,4,2,8,3,3,2,4,2,6,6,6,3,5,5,4,14,1,6,5,10,5,10,7,5,3,7,6,8,3,3,9,3,3,5,5,5,3,5,6,6,5,6,6,6,2,1,12,13,9,5,6,13,9,4,11,12,8,7,4,8,6,8,4,2,2,4,8,5,8,6,6,8,6,7,7,4,4,12,8,5,7,6,5,5,3,3,4,7,4
3984,6,7,3,8,14,18,5,19,8,2,4,4,0,4,9,8,7,14,4,8,19,12,4,9,2,7,6,8,12,7,8,5,4,6,13,14,5,8,11,4,8,6,7,8,7,3,7,14,17,18,5,7,3,5,8,5,5,5,4,5,5,8,12,6,1,5,6,5,4,2,9,7,3,6,8,9,5,7,7,15,6,16,7,7,0,7,8,8,6,1,6,7,5,9,14,11,7,9,11,7,10,4,4,13,9,17,11,8,5,16,23,15,21,13,22,3,17,10,10,18,12,14,24,13,16,11,11,26,8,19,13,12,9,14,15,10,16,8,12,9,14,13,19,16,10,9,9,7,12,14,16,13,13,10,2,8,9,11,17,2
3987,1,4,1,1,7,4,1,2,1,0,1,0,0,2,2,1,3,6,2,0,3,1,2,8,1,1,0,1,1,2,1,1,2,2,0,4,3,1,3,2,2,1,3,2,1,1,2,1,1,1,2,1,1,1,1,1,0,0,0,0,0,3,2,2,0,3,2,1,1,0,0,3,0,1,7,3,3,2,0,3,2,3,3,1,2,2,2,1,2,0,2,3,1,3,0,2,4,4,4,1,2,0,1,2,0,2,2,2,4,1,1,1,3,1,2,0,2,1,3,6,2,1,1,0,2,0,2,1,0,2,1,0,3,4,5,3,0,0,1,0,1,1,0,1,2,0,3,0,2,2,2,2,3,1,1,0,1,0,1,0
3988,4,2,2,1,2,7,4,1,3,0,1,1,1,1,0,1,1,2,0,0,3,2,2,4,0,0,1,0,1,0,2,0,0,0,4,1,0,4,1,1,0,2,9,1,2,4,0,2,0,1,0,0,3,1,1,1,3,1,0,1,2,1,0,1,0,1,0,3,2,0,0,0,0,0,0,0,1,0,0,0,1,3,1,0,2,1,3,0,3,3,8,3,1,0,0,3,3,2,2,1,2,0,0,1,1,3,1,0,0,0,0,0,1,2,0,2,3,3,1,1,0,4,1,1,0,1,2,1,0,2,1,0,1,0,1,1,0,1,1,1,0,0,1,2,2,2,1,0,1,1,1,2,3,0,0,1,2,1,0,0
3990,2,0,1,0,1,0,0,0,1,0,0,0,1,0,1,0,1,0,2,1,0,0,0,0,0,0,0,0,0,0,0,0,1,0,0,0,0,0,0,0,0,0,0,2,0,0,1,0,0,1,0,1,0,0,0,0,0,1,2,0,0,0,1,0,0,0,0,0,0,0,0,0,0,0,0,0,0,0,0,0,0,1,0,0,0,1,0,0,1,0,0,0,1,0,0,0,0,0,0,0,0,0,0,0,0,0,0,0,0,0,0,1,0,0,0,0,0,2,0,0,0,0,0,0,0,0,0,0,0,0,0,0,0,0,0,0,0,1,0,0,0,0,0,0,0,0,0,0,0,0,0,1,0,0,0,0,0,0,0,0
3991,0,0,0,1,4,1,1,2,2,0,0,0,0,0,0,2,2,1,0,0,2,0,0,2,0,0,2,0,0,3,1,1,2,0,1,0,3,3,0,0,1,0,1,0,0,1,1,0,0,0,0,1,0,0,1,0,0,0,4,5,1,0,0,1,1,0,0,1,3,0,0,0,0,0,1,1,0,0,2,0,0,1,1,0,1,1,0,1,1,0,1,1,0,1,0,2,1,0,0,1,2,1,0,0,2,0,1,1,0,0,2,0,0,1,0,1,1,1,0,1,0,0,1,1,0,0,0,1,0,1,1,1,0,2,3,1,1,0,0,1,1,0,2,0,0,1,3,0,0,1,1,1,0,0,1,1,0,1,0,0
3992,1,0,4,3,3,2,2,2,3,2,1,1,0,0,1,2,3,2,1,2,6,1,1,1,1,0,0,1,4,2,1,1,1,1,1,1,1,3,2,1,0,6,1,0,0,1,1,1,0,2,0,0,0,2,0,0,0,1,3,1,1,1,0,0,0,0,2,1,0,0,3,1,0,0,2,0,0,1,4,2,2,2,2,1,1,0,3,0,1,4,0,2,6,2,1,0,2,0,0,0,0,3,2,0,3,3,1,0,1,1,0,3,0,1,1,2,4,1,2,0,0,5,3,6,2,4,4,5,2,2,1,4,0,2,3,2,3,1,2,1,3,2,1,4,3,4,3,1,2,2,4,3,2,7,4,2,1,1,1,0
3995,3,8,23,16,27,39,16,16,25,10,12,19,3,12,9,21,19,43,17,12,27,14,14,17,6,8,9,16,22,20,13,7,9,12,10,16,3,7,4,11,15,10,7,9,10,7,12,12,2,11,8,9,7,3,3,6,5,18,10,13,8,6,8,22,8,6,11,10,6,8,13,10,8,7,9,7,12,8,9,9,7,16,21,13,10,19,9,15,9,19,14,9,15,21,17,14,15,26,20,12,22,8,8,11,18,17,13,17,15,17,17,15,10,10,14,16,29,31,15,18,11,21,20,19,23,15,20,23,25,15,28,26,16,24,22,12,18,11,33,13,19,16,26,27,16,29,12,9,15,14,19,20,19,23,17,28,12,14,10,0
3996,8,6,10,13,16,32,14,8,28,2,6,6,4,3,4,21,23,29,10,13,17,7,5,8,2,1,4,4,9,9,8,7,10,11,6,5,3,6,5,7,15,4,5,8,5,3,9,7,7,3,6,3,2,4,4,3,4,3,6,5,2,5,4,14,8,2,2,4,6,4,6,10,7,5,5,8,5,7,3,6,10,10,8,6,7,5,10,10,10,7,14,2,8,15,30,11,8,13,11,8,11,7,7,0,10,9,14,12,6,7,9,13,15,15,12,7,20,17,8,15,8,8,16,14,9,14,10,15,3,4,8,9,5,6,6,4,8,7,15,14,19,10,11,9,13,11,10,15,9,8,13,11,9,9,7,11,6,10,6,3
8576,0,0,1,0,0,0,0,0,0,0,0,0,0,0,0,0,0,1,0,0,0,0,0,0,0,0,0,0,0,0,0,0,0,0,0,0,0,0,0,0,0,0,0,0,0,0,0,0,0,0,0,0,0,0,0,0,0,0,0,0,0,0,0,0,0,0,0,0,0,0,0,0,0,0,0,0,0,0,0,0,0,0,0,0,0,0,0,0,0,0,0,0,0,0,0,0,0,0,0,0,0,0,0,0,0,0,0,0,0,0,0,0,0,0,0,0,0,0,0,0,0,0,0,0,0,0,0,0,0,0,0,0,0,0,0,0,0,0,0,0,0,0,0,0,0,0,0,0,0,0,0,0,0,0,0,0,0,0,0,0
