Small Unit Installation Postcode,Jan 2011 - SGU Rated Output In kW,Feb 2011 - SGU Rated Output In kW,Mar 2011 - SGU Rated Output In kW,Apr 2011 - SGU Rated Output In kW,May 2011 - SGU Rated Output In kW,Jun 2011 - SGU Rated Output In kW,Jul 2011 - SGU Rated Output In kW,Aug 2011 - SGU Rated Output In kW,Sep 2011 - SGU Rated Output In kW,Oct 2011 - SGU Rated Output In kW,Nov 2011 - SGU Rated Output In kW,Dec 2011 - SGU Rated Output In kW,Jan 2012 - SGU Rated Output In kW,Feb 2012 - SGU Rated Output In kW,Mar 2012 - SGU Rated Output In kW,Apr 2012 - SGU Rated Output In kW,May 2012 - SGU Rated Output In kW,Jun 2012 - SGU Rated Output In kW,Jul 2012 - SGU Rated Output In kW,Aug 2012 - SGU Rated Output In kW,Sep 2012 - SGU Rated Output In kW,Oct 2012 - SGU Rated Output In kW,Nov 2012 - SGU Rated Output In kW,Dec 2012 - SGU Rated Output In kW,Jan 2013 - SGU Rated Output In kW,Feb 2013 - SGU Rated Output In kW,Mar 2013 - SGU Rated Output In kW,Apr 2013 - SGU Rated Output In kW,May 2013 - SGU Rated Output In kW,Jun 2013 - SGU Rated Output In kW,Jul 2013 - SGU Rated Output In kW,Aug 2013 - SGU Rated Output In kW,Sep 2013 - SGU Rated Output In kW,Oct 2013 - SGU Rated Output In kW,Nov 2013 - SGU Rated Output In kW,Dec 2013 - SGU Rated Output In kW,Jan 2014 - SGU Rated Output In kW,Feb 2014 - SGU Rated Output In kW,Mar 2014 - SGU Rated Output In kW,Apr 2014 - SGU Rated Output In kW,May 2014 - SGU Rated Output In kW,Jun 2014 - SGU Rated Output In kW,Jul 2014 - SGU Rated Output In kW,Aug 2014 - SGU Rated Output In kW,Sep 2014 - SGU Rated Output In kW,Oct 2014 - SGU Rated Output In kW,Nov 2014 - SGU Rated Output In kW,Dec 2014 - SGU Rated Output In kW,Jan 2015 - SGU Rated Output In kW,Feb 2015 - SGU Rated Output In kW,Mar 2015 - SGU Rated Output In kW,Apr 2015 - SGU Rated Output In kW,May 2015 - SGU Rated Output In kW,Jun 2015 - SGU Rated Output In kW,Jul 2015 - SGU Rated Output In kW,Aug 2015 - SGU Rated Output In kW,Sep 2015 - SGU Rated Output In kW,Oct 2015 - SGU Rated Output In kW,Nov 2015 - SGU Rated Output In kW,Dec 2015 - SGU Rated Output In kW,Jan 2016 - SGU Rated Output In kW,Feb 2016 - SGU Rated Output In kW,Mar 2016 - SGU Rated Output In kW,Apr 2016 - SGU Rated Output In kW,May 2016 - SGU Rated Output In kW,Jun 2016 - SGU Rated Output In kW,Jul 2016 - SGU Rated Output In kW,Aug 2016 - SGU Rated Output In kW,Sep 2016 - SGU Rated Output In kW,Oct 2016 - SGU Rated Output In kW,Nov 2016 - SGU Rated Output In kW,Dec 2016 - SGU Rated Output In kW,Jan 2017 - SGU Rated Output In kW,Feb 2017 - SGU Rated Output In kW,Mar 2017 - SGU Rated Output In kW,Apr 2017 - SGU Rated Output In kW,May 2017 - SGU Rated Output In kW,Jun 2017 - SGU Rated Output In kW,Jul 2017 - SGU Rated Output In kW,Aug 2017 - SGU Rated Output In kW,Sep 2017 - SGU Rated Output In kW,Oct 2017 - SGU Rated Output In kW,Nov 2017 - SGU Rated Output In kW,Dec 2017 - SGU Rated Output In kW,Jan 2018 - SGU Rated Output In kW,Feb 2018 - SGU Rated Output In kW,Mar 2018 - SGU Rated Output In kW,Apr 2018 - SGU Rated Output In kW,May 2018 - SGU Rated Output In kW,Jun 2018 - SGU Rated Output In kW,Jul 2018 - SGU Rated Output In kW,Aug 2018 - SGU Rated Output In kW,Sep 2018 - SGU Rated Output In kW,Oct 2018 - SGU Rated Output In kW,Nov 2018 - SGU Rated Output In kW,Dec 2018 - SGU Rated Output In kW,Jan 2019 - SGU Rated Output In kW,Feb 2019 - SGU Rated Output In kW,Mar 2019 - SGU Rated Output In kW,Apr 2019 - SGU Rated Output In kW,May 2019 - SGU Rated Output In kW,Jun 2019 - SGU Rated Output In kW,Jul 2019 - SGU Rated Output In kW,Aug 2019 - SGU Rated Output In kW,Sep 2019 - SGU Rated Output In kW,Oct 2019 - SGU Rated Output In kW,Nov 2019 - SGU Rated Output In kW,Dec 2019 - SGU Rated Output In kW,Jan 2020 - SGU Rated Output In kW,Feb 2020 - SGU Rated Output In kW,Mar 2020 - SGU Rated Output In kW,Apr 2020 - SGU Rated Output In kW,May 2020 - SGU Rated Output In kW,Jun 2020 - SGU Rated Output In kW,Jul 2020 - SGU Rated Output In kW,Aug 2020 - SGU Rated Output In kW,Sep 2020 - SGU Rated Output In kW,Oct 2020 - SGU Rated Output In kW,Nov 2020 - SGU Rated Output In kW,Dec 2020 - SGU Rated Output In kW,Jan 2021 - SGU Rated Output In kW,Feb 2021 - SGU Rated Output In kW,Mar 2021 - SGU Rated Output In kW,Apr 2021 - SGU Rated Output In kW,May 2021 - SGU Rated Output In kW,Jun 2021 - SGU Rated Output In kW,Jul 2021 - SGU Rated Output In kW,Aug 2021 - SGU Rated Output In kW,Sep 2021 - SGU Rated Output In kW,Oct 2021 - SGU Rated Output In kW,Nov 2021 - SGU Rated Output In kW,Dec 2021 - SGU Rated Output In kW,Jan 2022 - SGU Rated Output In kW,Feb 2022 - SGU Rated Output In kW,Mar 2022 - SGU Rated Output In kW,Apr 2022 - SGU Rated Output In kW,May 2022 - SGU Rated Output In kW,Jun 2022 - SGU Rated Output In kW,Jul 2022 - SGU Rated Output In kW,Aug 2022 - SGU Rated Output In kW,Sep 2022 - SGU Rated Output In kW,Oct 2022 - SGU Rated Output In kW,Nov 2022 - SGU Rated Output In kW,Dec 2022 - SGU Rated Output In kW,Jan 2023 - SGU Rated Output In kW,Feb 2023 - SGU Rated Output In kW,Mar 2023 - SGU Rated Output In kW,Apr 2023 - SGU Rated Output In kW,May 2023 - SGU Rated Output In kW,Jun 2023 - SGU Rated Output In kW,Jul 2023 - SGU Rated Output In kW,Aug 2023 - SGU Rated Output In kW,Sep 2023 - SGU Rated Output In kW,Oct 2023 - SGU Rated Output In kW,Nov 2023 - SGU Rated Output In kW,Dec 2023 - SGU Rated Output In kW,Jan 2024 - SGU Rated Output In kW,Feb 2024 - SGU Rated Output In kW,Mar 2024 - SGU Rated Output In kW,Apr 2024 - SGU Rated Output In kW
3000,0.0,0.0,0.0,0.0,1.52,5.27,0.0,0.0,0.0,0.0,1.48,0.0,0.0,1.9,0.0,0.0,29.675,0.0,0.0,0.0,5.06,0.0,0.0,7.521,0.0,0.0,0.0,5.07,0.0,0.0,0.0,0.0,0.0,0.0,0.0,7.5,0.0,0.0,5.0,0.0,0.0,0.0,9.0,0.0,21.5,0.0,0.0,0.0,0.0,0.0,0.0,0.0,0.0,0.0,13.0,0.0,45.945,59.4,50.0,5.0,0.0,10.4,0.0,0.0,0.0,0.0,100.8,10.4,0.0,0.0,0.0,9.0,0.0,31.27,0.0,0.0,10.07,66.995,0.0,24.94,0.0,21.52,0.0,75.6,0.0,0.0,10.26,0.0,0.0,0.0,0.0,0.0,4.745,96.3,4.55,32.86,35.34,0.0,0.0,0.0,0.0,0.0,60.9,0.0,0.0,0.0,0.0,5.225,0.0,0.0,16.83,69.42,69.52,30.03,0.0,0.0,2.8,0.0,0.0,63.64,8.25,12.48,30.55,0.0,62.67,30.36,71.87,144.58,0.0,13.41,18.9,108.48,0.0,0.0,31.24,4.07,0.0,0.0,0.0,0.0,0.0,0.0,60.0,128.37,0.0,193.14,0.0,39.6,0.0,101.25,84.41,86.86,65.0,19.8,30.25,96.36,0.0,0.0,0.0,0.0
3002,0.0,0.0,0.0,0.0,1.9,3.0,3.04,0.0,0.0,1.48,0.0,0.0,1.5,0.0,0.0,0.0,0.0,2.66,1.56,0.0,0.0,0.0,0.0,0.0,0.0,0.0,4.0,0.0,0.0,0.0,0.0,5.0,0.0,2.75,2.0,0.0,0.0,0.0,99.77,0.0,0.0,0.0,0.0,3.0,3.24,0.0,1.5,0.0,0.0,1.5,7.25,0.0,0.0,0.0,3.75,9.51,0.0,0.0,3.0,4.0,0.0,0.0,0.0,3.0,0.0,0.0,0.0,9.28,0.0,7.28,0.0,0.0,1.06,0.0,0.0,0.0,0.0,4.72,6.325,0.0,7.28,12.04,0.0,0.0,0.0,30.81,7.02,0.0,7.92,0.0,0.0,2.08,0.0,12.0,0.0,12.265,22.2,0.0,6.38,0.0,0.0,0.0,10.0,5.865,12.0,11.36,5.4,5.61,0.0,0.0,0.0,4.55,18.525,22.28,6.29,39.6,0.0,25.16,0.0,5.76,5.67,0.0,107.4,0.0,10.17,0.0,0.0,0.0,5.18,16.38,0.0,0.0,12.58,0.0,0.0,5.18,0.0,0.0,0.0,10.66,5.74,4.565,4.68,0.0,0.0,0.0,19.21,0.0,14.9,10.64,7.65,19.55,0.0,0.0,6.16,0.0,0.0,4.8,0.0,0.0
3003,0.0,0.0,1.48,0.0,2.09,9.54,0.0,0.0,8.36,0.0,0.0,0.0,0.0,0.0,0.0,2.0,7.26,0.0,0.0,1.52,0.0,0.0,6.55,3.0,0.0,7.25,0.0,0.0,9.6,0.0,0.0,0.0,27.495,4.5,3.0,0.0,0.0,0.0,0.0,0.0,0.0,0.0,2.5,3.0,0.0,15.1,3.1,0.0,5.27,2.0,0.0,0.0,0.0,1.56,10.0,3.1,4.48,0.0,4.94,19.12,0.0,0.0,0.0,2.12,0.0,0.0,15.1,31.72,0.0,0.0,5.1,0.0,0.0,72.06,0.0,23.2,0.0,0.0,0.0,8.1,99.0,0.0,199.26,0.0,0.0,0.0,3.5,147.57,0.0,0.0,3.4,0.0,6.03,19.98,0.0,10.2,6.325,0.0,3.7,6.27,10.89,0.0,3.72,4.95,0.0,0.0,5.31,6.0,9.57,0.0,3.48,99.2,64.39,0.0,0.0,6.48,11.4,0.0,21.36,0.0,0.0,17.16,0.0,99.9,2.96,0.0,29.67,0.0,29.88,0.0,59.63,45.97,0.0,0.0,0.0,0.0,7.26,18.92,0.0,74.88,0.0,33.15,4.98,41.995,0.0,0.0,11.635,0.0,106.4,0.0,64.4,58.1,0.0,0.0,6.72,38.72,0.0,0.0,0.0,0.0
3004,0.0,0.0,0.0,0.0,0.0,0.0,0.0,0.0,0.0,0.0,0.0,0.0,0.0,0.0,0.0,0.0,0.0,0.0,0.0,0.0,0.0,0.0,0.0,2.0,0.0,0.0,0.0,22.5,0.0,0.0,0.0,0.0,17.92,0.0,0.0,0.0,0.0,0.0,0.0,0.0,0.0,0.0,0.0,0.0,0.0,0.0,0.0,0.0,0.0,0.0,0.0,0.0,0.0,0.0,0.0,16.12,0.0,0.0,0.0,0.0,0.0,1.53,0.0,0.0,0.0,0.0,99.84,0.0,0.0,0.0,0.0,0.0,0.0,12.0,0.0,0.0,0.0,0.0,20.3,0.0,0.0,0.0,0.0,0.0,0.0,0.0,0.0,11.34,0.0,0.0,28.08,0.0,0.0,0.0,0.0,13.12,0.0,0.0,0.0,0.0,0.0,0.0,0.0,0.0,0.0,0.0,0.0,0.0,0.0,23.76,0.0,56.0,9.45,0.0,0.0,0.0,0.0,0.0,0.0,0.0,0.0,0.0,0.0,0.0,0.0,1.6,0.0,0.0,0.0,0.0,0.0,0.0,0.0,0.0,0.0,0.0,0.0,0.0,0.0,0.0,0.0,0.0,0.0,0.0,0.0,0.0,24.75,0.0,0.0,35.15,0.0,0.0,0.0,0.0,29.88,17.1,0.0,0.0,0.0,0.0
3006,0.0,0.0,0.0,0.0,0.0,0.0,0.0,0.0,0.0,0.0,0.0,0.0,0.0,0.0,0.0,0.0,19.975,0.0,0.0,0.0,3.12,0.0,0.0,0.0,0.0,0.0,5.0,0.0,0.0,8.25,0.0,0.0,0.0,0.0,0.0,0.0,0.0,0.0,0.0,0.0,5.0,0.0,0.0,0.0,0.0,0.0,0.0,0.0,0.0,0.0,18.0,0.0,0.0,0.0,0.0,0.0,0.0,0.0,0.0,0.0,0.0,0.0,0.0,0.0,0.0,2.08,0.0,0.0,0.0,9.1,0.0,19.89,0.0,0.0,0.0,0.0,0.0,0.0,0.0,0.0,0.0,0.0,0.0,18.37,0.0,0.0,11.02,0.0,42.16,0.0,0.0,0.0,0.0,0.0,0.0,0.0,0.0,64.38,0.0,56.16,0.0,0.0,0.0,0.0,0.0,44.85,0.0,34.0,0.0,30.4,28.35,0.0,0.0,91.455,0.0,17.6,0.0,29.7,0.0,138.84,0.0,0.0,0.0,0.0,8.0,0.0,0.0,0.0,0.0,0.0,221.8,0.0,0.0,0.0,0.0,0.0,3.0,139.49,0.0,0.0,0.0,0.0,0.0,74.925,0.0,0.0,11.495,15.355,0.0,95.45,0.0,0.0,15.54,0.0,0.0,0.0,0.0,39.0,0.0,0.0
3008,0.0,0.0,0.0,0.0,0.0,0.0,0.0,0.0,22.015,0.0,0.0,0.0,0.0,0.0,0.0,0.0,0.0,0.0,0.0,0.0,0.0,0.0,0.0,0.0,0.0,0.0,0.0,0.0,0.0,130.5,0.0,0.0,0.0,0.0,0.0,0.0,0.0,0.0,85.02,0.0,40.0,2.62,0.0,0.0,0.0,0.0,0.0,51.35,0.0,5.0,15.0,0.0,0.0,2.34,0.0,120.0,0.0,0.0,0.0,0.0,0.0,0.0,0.0,0.0,0.0,124.47,0.0,18.29,34.65,0.0,0.0,0.0,0.0,0.0,37.99,0.0,0.0,0.0,0.0,0.0,67.8,0.0,0.0,0.0,0.0,0.0,0.0,0.0,0.0,0.0,0.0,0.0,0.0,0.0,29.145,0.0,0.0,0.0,0.0,90.83,0.0,0.0,0.0,0.0,0.0,0.0,0.0,107.115,0.0,39.9,25.23,0.0,0.0,0.0,6.525,0.0,0.0,0.0,0.0,0.0,0.0,6.6,19.8,0.0,7.65,0.0,0.0,111.37,0.0,12.76,0.0,222.75,0.0,0.0,14.46,0.0,10.56,0.0,37.72,7.02,0.0,0.0,0.0,10.25,6.63,63.22,6.65,0.0,0.0,99.735,0.0,0.0,0.0,0.0,0.0,99.96,0.0,0.0,0.0,0.0
3011,5.984,5.28,11.035,29.72,38.815,48.955,13.295,17.15,38.454,11.42,12.345,6.88,11.75,8.02,13.855,12.9,24.3,41.74,23.08,23.01,35.52,2.28,11.07,32.51,15.605,10.73,18.61,4.875,24.03,4.0,8.54,8.5,100.75,22.8,22.58,2.28,14.395,38.29,8.0,6.5,12.73,29.44,12.0,20.27,31.94,44.82,16.8,33.8,29.83,49.45,112.275,10.0,111.87,18.08,49.87,15.99,19.51,21.7,18.35,5.75,7.15,5.0,11.0,60.545,3.1,45.24,29.0,30.88,51.255,33.09,11.925,36.55,15.27,43.59,3.924,0.0,21.14,49.22,60.745,85.105,5.14,20.25,66.77,8.18,7.03,6.09,21.01,9.3,34.11,13.61,16.74,47.675,23.965,26.005,62.905,38.435,17.11,57.005,58.39,39.48,15.68,89.85,16.61,48.85,67.53,130.395,56.73,187.25,19.615,21.57,147.26,151.36,49.46,167.38,33.0,21.83,9.7,22.8,43.85,62.91,35.8,60.62,48.95,42.07,102.29,180.04,144.57,44.59,56.02,48.59,149.56,198.0,37.33,24.37,73.385,54.84,34.105,33.94,52.495,94.465,70.435,58.555,54.27,357.7,51.125,95.68,203.95,48.375,57.535,41.425,117.92,52.355,215.255,48.835,61.26,109.58,38.73,59.72,108.745,6.6
3012,22.585,24.16,27.5,26.945,45.84,58.57,39.1,13.2,43.275,10.52,7.64,15.98,9.61,30.84,21.01,33.78,81.945,91.27,33.22,16.42,56.355,14.25,17.0,25.8,14.7,18.44,25.45,7.5,27.82,3.0,30.5,25.4,3.0,128.34,46.98,33.14,24.055,24.9,31.77,28.63,26.7,21.73,23.75,25.93,39.0,22.6,130.15,213.52,32.25,41.18,0.0,19.25,18.5,67.52,52.84,64.88,54.0,99.96,1.5,20.1,9.95,13.2,15.03,55.55,15.44,39.72,34.045,27.02,14.62,54.09,5.94,26.52,11.73,24.56,74.595,50.89,70.93,61.283,35.61,33.045,15.9,85.32,10.11,59.4,20.125,0.0,20.315,12.72,21.36,127.095,27.925,28.52,134.885,54.885,86.92,352.33,62.43,183.17,141.51,99.466,33.705,83.64,72.245,65.185,40.365,150.01,155.99,77.64,24.525,202.87,162.24,62.775,99.37,69.1,50.1,61.19,48.56,137.965,175.09,207.585,76.07,107.82,100.42,125.53,101.47,124.15,181.355,76.87,60.86,108.98,181.36,295.91,82.59,176.26,167.615,109.98,155.26,146.505,82.65,134.71,151.8,149.435,278.38,125.705,88.26,82.51,142.955,81.41,84.77,89.64,73.63,176.93,110.715,170.845,105.355,321.535,83.465,120.7,87.175,47.12
3013,17.625,11.96,20.895,23.625,34.505,52.371,11.92,11.38,32.6,2.16,2.27,13.7,5.41,3.5,25.87,22.6,43.305,40.315,16.62,30.34,74.415,4.4,14.15,15.1,3.91,35.35,4.0,23.6,5.0,9.31,50.9,5.74,10.68,20.94,3.6,3.0,13.5,23.8,21.18,4.0,23.24,17.0,22.098,38.55,40.945,42.13,18.0,18.44,29.5,3.5,25.0,27.12,25.5,19.49,12.14,5.0,0.0,20.84,20.0,33.16,20.56,20.19,16.82,41.08,5.2,2.0,8.15,8.035,2.65,6.535,19.16,18.345,0.0,8.222,12.12,5.9,21.07,21.76,30.6,24.215,22.2,22.18,18.425,142.88,18.005,38.445,22.915,43.056,147.085,26.081,35.35,24.105,28.855,53.085,58.525,36.181,130.395,68.31,96.66,72.395,34.195,3.05,64.895,11.64,30.5,26.325,16.765,49.215,9.425,35.195,55.765,27.555,62.395,112.46,38.2,104.95,9.825,76.11,90.07,54.555,9.99,41.72,78.825,59.645,94.96,44.525,184.115,57.64,44.18,74.35,104.045,106.765,18.82,79.83,50.86,81.3,72.225,68.43,59.035,80.575,52.305,48.95,128.24,142.285,12.985,55.19,67.73,47.335,120.335,81.705,58.195,34.85,75.37,84.11,71.05,102.705,29.76,36.945,54.8,42.72
3015,6.85,17.064,9.08,19.37,14.384,48.63,13.43,10.45,30.77,0.0,5.182,9.92,11.03,9.81,31.965,9.02,30.265,56.75,23.8,9.86,62.16,13.1,5.0,24.65,19.31,20.89,8.64,18.2,11.0,14.14,24.75,19.15,7.0,16.964,11.22,11.5,24.645,31.0,23.12,25.75,33.5,8.0,30.68,33.874,45.674,28.57,29.62,20.92,20.28,35.46,14.6,16.08,11.18,119.3,18.72,12.12,26.18,3.0,8.07,56.72,43.75,55.07,32.885,37.745,9.725,12.36,15.416,11.9,10.79,21.46,21.37,44.82,9.82,11.98,26.7,18.3,16.035,7.7,0.0,16.16,5.32,18.17,83.9,67.07,32.34,37.55,93.68,27.89,72.02,29.095,48.94,55.21,27.32,44.825,55.53,21.9,60.92,45.19,46.29,78.27,54.58,15.31,11.865,47.53,26.705,42.48,160.455,37.65,33.34,71.615,69.935,33.595,70.755,63.105,149.23,38.385,0.0,30.83,154.25,105.59,66.8,55.94,94.275,108.99,67.21,78.195,111.96,26.42,28.58,88.955,83.25,120.27,19.14,69.525,71.915,17.6,65.875,37.94,92.3,71.41,158.69,59.92,182.715,104.035,90.115,54.93,81.185,48.21,62.685,172.1,118.37,87.26,132.475,111.995,161.735,168.88,44.775,109.27,105.25,32.38
3016,7.2,15.464,4.56,8.552,13.745,37.07,11.94,22.84,24.034,3.04,8.035,4.6,1.52,7.9,17.96,25.39,85.515,43.855,24.73,15.58,44.71,8.12,7.42,28.215,10.2,8.64,11.915,15.1,12.42,9.02,15.5,34.88,19.0,12.42,21.86,31.225,16.14,12.5,8.35,18.38,32.46,11.05,24.0,24.19,38.16,68.84,18.5,42.48,26.75,9.87,23.0,7.92,20.828,18.0,14.22,4.5,23.9,44.34,8.215,10.4,15.57,52.155,31.995,9.155,13.84,36.955,22.635,48.04,25.36,2.08,16.18,5.2,55.06,19.24,19.9,7.36,48.285,124.13,31.915,23.07,13.48,42.495,50.445,56.57,41.247,58.56,32.02,17.91,50.135,91.64,26.47,13.86,29.375,74.485,47.62,61.395,26.03,90.68,74.52,93.42,33.015,21.52,50.095,45.85,150.68,85.19,107.825,47.9,14.73,66.33,25.9,34.645,56.96,130.06,65.75,19.8,95.36,10.25,53.995,60.56,72.89,64.25,95.815,12.33,62.83,131.54,103.59,30.65,51.045,52.175,98.435,39.555,61.805,68.94,100.645,79.21,135.63,104.24,104.4,67.37,145.305,83.005,64.675,129.835,68.96,57.08,144.45,70.365,103.92,91.2,147.105,103.55,157.255,144.19,85.56,133.1,29.48,51.145,67.65,35.24
3018,7.16,20.08,25.568,28.699,24.5,36.77,25.015,31.28,27.284,3.08,6.18,8.08,15.03,33.92,31.18,28.135,29.45,56.975,29.958,28.515,71.82,26.29,7.38,23.07,9.95,23.9,5.5,13.5,18.06,22.31,33.3,22.924,14.6,18.9,27.94,14.5,3.5,68.0,32.4,20.5,5.135,11.0,124.42,4.0,82.0,91.0,23.14,10.0,13.5,18.75,15.0,10.5,11.25,45.5,31.0,6.0,19.19,17.12,10.12,13.2,42.875,176.16,31.485,66.4,28.115,10.23,6.24,32.36,6.12,21.94,23.63,16.12,21.1,35.84,89.795,5.04,74.27,85.765,10.43,110.09,6.5,16.56,36.105,72.04,45.29,20.67,43.73,20.65,29.775,78.63,25.09,33.2,119.21,100.04,91.445,67.195,42.515,13.66,74.345,40.37,64.385,40.975,30.345,68.03,70.18,34.82,224.71,36.545,61.05,45.32,49.815,49.505,143.44,58.985,54.51,10.09,137.88,39.465,255.46,129.4,64.53,99.105,179.1,150.92,85.19,127.31,77.065,66.455,86.16,87.015,77.485,234.69,3.12,59.595,165.135,95.055,112.55,49.095,37.885,118.0,91.44,72.81,115.48,237.53,54.26,167.045,197.15,102.855,69.38,122.795,142.575,46.02,87.615,45.48,114.215,358.095,33.41,99.57,50.6,30.64
3019,9.54,5.85,16.68,14.97,21.73,37.205,7.58,9.46,10.98,5.7,8.74,1.9,7.98,8.24,14.64,6.46,25.685,30.93,20.95,12.71,18.635,11.74,8.12,16.55,25.92,14.0,14.5,16.2,30.1,14.5,12.22,21.15,5.0,11.0,0.0,10.0,9.0,9.5,18.0,5.0,14.5,2.0,11.45,4.5,15.5,9.0,18.5,26.0,9.0,102.84,6.75,43.0,10.0,0.0,8.0,13.96,6.5,5.12,0.0,7.25,4.96,0.0,0.0,5.0,3.12,47.0,0.0,8.12,18.975,2.6,3.06,12.865,0.0,5.2,60.72,81.88,7.8,59.275,0.0,10.8,9.35,16.0,29.9,114.53,0.0,22.96,10.08,5.6,0.0,0.0,29.7,15.76,19.505,70.8,55.125,16.28,23.31,34.8,129.935,48.525,19.745,20.74,33.09,64.08,16.395,6.6,18.825,16.5,11.44,11.01,14.6,14.85,0.0,24.34,32.67,13.2,19.11,49.81,52.22,70.47,50.17,52.42,160.9,74.09,72.33,45.81,38.21,49.47,69.48,24.42,58.92,39.47,0.0,39.96,70.86,23.97,14.83,32.75,0.0,50.18,6.64,35.485,138.33,44.96,13.28,13.29,26.61,25.6,43.505,36.61,33.12,120.48,46.29,10.56,54.625,11.865,61.58,129.86,16.72,6.6
3020,35.61,45.455,60.42,76.694,118.895,146.757,55.185,73.295,49.97,27.41,33.785,29.44,45.43,68.11,74.84,179.65,112.71,198.29,89.1,75.535,184.415,86.195,49.35,87.65,52.92,65.0,71.719,78.63,60.79,153.53,51.73,50.57,57.1,72.8,60.94,92.275,80.15,37.94,67.25,30.75,62.0,81.65,136.74,75.75,47.855,62.86,31.0,50.5,103.41,73.69,81.75,30.49,40.05,76.2,48.46,43.75,34.7,171.05,90.125,52.0,125.26,72.523,16.32,30.56,64.5,57.34,64.8,37.365,44.98,60.57,35.975,79.71,29.7,27.09,212.635,88.035,192.395,218.33,99.85,60.45,33.295,41.93,140.96,111.055,72.96,80.54,239.665,103.875,125.805,206.68,243.925,225.725,138.465,110.465,337.055,384.25,278.66,311.18,213.63,232.53,137.286,60.725,157.865,70.475,207.305,164.28,168.11,301.92,241.8,157.325,228.455,191.075,125.435,286.08,365.495,45.09,136.82,217.56,198.56,448.11,234.82,256.56,287.125,216.43,288.29,447.435,439.005,360.105,168.3,326.115,298.05,264.795,86.48,211.77,253.12,147.8,212.775,168.28,281.49,246.39,367.345,450.58,249.43,314.835,175.285,301.99,134.5,365.03,303.42,436.015,234.15,289.44,407.775,250.375,134.655,236.265,219.285,241.26,199.15,60.14
3021,48.23,53.755,81.934,86.5,129.458,158.27,47.975,63.259,73.953,39.97,53.74,58.13,70.68,65.505,115.535,83.67,201.2,221.91,105.09,90.695,174.58,73.945,69.11,127.12,104.065,98.01,115.815,165.365,69.19,76.975,127.0,34.0,55.81,70.3,62.0,66.29,81.5,86.87,94.6,73.68,75.88,61.75,76.85,89.04,67.25,76.25,79.75,50.0,76.5,66.24,57.87,87.52,32.75,58.485,44.38,41.26,90.44,75.45,45.08,47.758,46.785,44.52,77.84,38.51,65.28,57.46,99.92,67.7,32.29,46.74,64.06,65.74,28.095,43.01,78.215,69.54,121.62,59.19,147.18,57.39,30.38,157.87,71.615,72.47,58.075,49.205,41.67,54.81,35.94,54.16,166.94,75.695,206.995,185.42,294.31,238.925,192.0,249.675,279.25,170.705,124.97,58.95,60.44,65.42,234.335,241.555,229.97,270.885,205.71,233.22,244.065,203.86,135.97,286.44,279.92,137.67,0.0,147.765,458.315,306.33,268.39,280.63,362.38,246.47,285.27,296.13,395.95,416.77,222.01,284.56,285.29,264.4,125.63,161.07,161.815,89.24,197.07,164.845,105.33,194.93,141.28,254.71,124.425,698.665,93.13,151.295,193.825,185.955,198.58,240.945,191.215,190.995,172.605,205.55,215.615,333.815,117.49,232.475,94.8,61.6
3022,10.22,5.28,7.98,9.1,6.1,13.88,4.83,8.36,4.62,1.9,0.0,2.22,8.02,6.46,5.0,6.55,20.11,14.94,8.888,14.14,4.52,8.13,0.0,11.5,1.52,7.04,25.005,8.2,0.0,3.0,3.0,8.0,0.0,0.0,0.0,0.0,4.5,10.0,8.5,13.5,5.1,2.0,1.5,2.0,0.0,0.0,0.0,0.0,0.0,0.0,0.0,0.0,5.0,0.0,0.0,0.0,10.5,0.0,5.2,0.0,0.0,0.0,10.98,0.0,108.94,0.0,0.0,0.0,4.68,1.56,0.0,0.0,0.0,0.0,0.0,0.0,0.0,3.12,0.0,0.0,0.0,3.18,2.9,0.0,0.0,2.065,8.175,0.0,0.0,0.0,2.2,4.95,4.875,31.155,34.59,0.0,2.2,6.51,0.0,5.1,6.6,24.0,9.92,0.0,0.0,9.69,83.22,12.27,16.995,0.0,16.665,9.9,0.0,4.95,11.88,0.0,0.0,9.25,6.72,8.91,5.94,18.54,6.29,6.66,2.96,35.46,28.06,14.43,17.73,6.4,0.0,26.13,6.64,0.0,16.55,65.88,0.0,6.6,13.26,6.16,39.36,6.64,11.555,2.87,10.79,9.545,0.0,4.565,26.58,0.0,22.48,0.0,0.0,6.6,26.33,0.0,10.4,6.6,24.025,0.0
3023,76.589,149.485,167.387,111.245,208.638,323.146,116.335,135.5,166.235,72.38,96.09,82.45,49.67,128.855,153.38,227.54,309.648,400.348,197.545,265.8,318.176,120.73,178.52,249.41,130.65,147.91,136.5,117.52,132.136,137.725,113.88,53.22,72.585,126.632,158.85,133.015,135.69,112.65,120.8,122.355,159.315,146.73,153.45,133.0,109.28,132.95,117.22,154.8,133.46,154.975,144.71,107.13,102.77,64.08,152.68,84.0,137.725,166.92,75.115,80.58,75.975,106.9,80.645,97.735,53.815,61.58,76.5,71.81,103.81,98.93,66.885,82.8,33.98,116.7,129.96,29.355,110.925,79.98,139.66,92.362,45.25,185.601,134.775,153.19,85.955,266.125,235.525,79.87,143.14,107.605,72.28,86.75,292.72,515.74,286.275,642.355,242.04,377.055,422.975,386.225,171.385,308.22,177.935,375.12,200.705,386.14,433.125,410.075,208.36,577.15,375.56,268.345,271.16,889.49,730.98,223.73,159.53,364.785,1039.365,859.57,448.53,715.03,678.615,622.805,409.505,534.92,704.035,552.25,323.0,614.88,515.385,493.655,216.63,270.48,366.94,239.36,394.87,349.17,569.315,300.715,387.935,449.315,416.785,422.055,264.925,345.355,316.265,330.895,264.475,316.255,458.185,485.995,389.435,540.275,630.545,477.475,288.475,249.055,193.645,184.08
3024,20.98,53.443,54.929,36.745,71.25,96.824,44.485,45.465,73.46,24.23,31.135,40.475,60.06,93.425,132.905,112.635,176.895,160.985,98.04,75.37,81.585,48.84,45.45,73.79,45.54,28.5,37.69,23.84,22.69,39.0,48.097,40.8,18.745,43.495,44.98,72.365,63.1,61.88,73.25,57.305,87.675,35.215,45.345,31.0,39.25,87.92,114.25,109.35,34.0,45.0,24.75,38.25,45.93,40.55,58.94,47.03,42.0,76.56,92.655,47.005,38.54,82.38,46.615,27.72,44.92,28.105,13.32,74.0,25.68,22.845,74.28,48.56,35.59,35.46,39.46,44.932,62.31,53.16,106.662,35.09,43.185,27.75,66.755,118.725,41.43,120.16,66.715,19.86,48.66,64.1,41.4,106.575,177.655,353.905,358.59,253.55,183.315,268.455,284.07,232.531,152.86,73.74,120.875,281.865,375.39,623.815,556.225,520.295,421.195,485.815,503.435,220.975,349.36,480.58,545.905,105.115,46.53,325.085,996.365,725.71,412.895,519.63,540.77,618.61,563.835,367.0,748.005,582.895,404.8,511.035,556.37,454.385,267.035,306.23,381.61,292.665,182.455,271.5,357.88,321.865,356.115,275.865,405.675,540.495,268.435,303.165,307.215,310.0,311.965,402.735,392.78,308.945,465.27,434.635,469.46,650.9,401.66,514.425,539.22,134.735
3025,12.84,20.24,15.145,5.78,16.32,19.38,13.805,8.02,18.54,1.52,6.46,14.7,10.47,5.04,19.89,16.47,9.46,47.82,21.02,24.77,37.44,16.82,15.63,12.27,16.7,34.4,10.4,3.91,0.0,11.76,10.25,9.5,4.0,8.0,16.95,10.0,9.0,8.75,19.06,12.5,3.0,9.14,8.335,4.0,9.5,3.5,4.0,13.5,12.65,18.0,6.75,11.95,16.9,14.5,18.02,0.0,3.12,11.5,9.04,46.755,11.48,51.67,6.945,44.5,6.82,14.9,0.0,119.3,5.2,24.82,10.2,39.97,2.12,8.28,2.275,7.96,33.56,62.38,53.72,4.425,92.95,88.7,10.464,7.9,15.0,106.59,0.0,12.86,204.41,24.365,22.72,14.175,45.7,127.625,46.03,53.085,4.295,100.335,189.96,31.23,110.97,61.365,67.22,52.02,15.52,53.25,122.505,143.15,60.87,124.48,41.8,42.74,213.63,185.93,60.725,8.02,10.8,52.35,234.23,90.83,31.14,58.54,147.04,47.14,70.42,14.06,178.48,38.85,74.97,190.67,111.55,135.16,55.54,36.1,25.55,36.485,169.555,91.57,79.96,27.75,129.64,87.92,347.98,377.005,58.16,48.035,173.56,40.12,123.66,258.19,156.585,137.835,69.155,86.265,187.47,190.26,98.945,37.44,54.46,34.74
3026,0.0,0.0,0.0,0.0,0.0,3.0,0.0,0.0,0.0,0.0,0.0,18.0,0.0,0.0,0.0,1.5,0.0,0.0,0.0,0.0,0.0,0.0,0.0,0.0,0.0,12.5,0.0,0.0,0.0,30.0,0.0,0.0,0.0,26.0,27.0,0.0,25.0,117.5,0.0,0.0,10.0,0.0,15.0,0.0,0.0,0.0,0.0,0.0,25.0,0.0,101.28,10.0,0.0,74.88,87.88,13.0,0.0,0.0,0.0,5.0,0.0,0.0,0.0,0.0,0.0,0.0,12.48,0.0,99.84,0.0,0.0,0.0,0.0,0.0,0.0,124.735,99.64,0.0,102.575,0.0,22.68,61.52,75.9,0.0,189.87,0.0,144.96,4.77,75.9,145.31,0.0,15.225,39.235,522.27,123.29,373.9,67.41,49.81,281.11,25.705,83.825,200.685,175.23,50.025,189.12,144.27,427.955,125.33,132.555,292.21,156.56,233.445,61.395,542.49,193.065,301.775,14.96,164.98,329.77,887.635,137.81,77.26,160.63,170.89,296.38,388.18,238.78,335.8,171.4,387.69,285.245,369.245,39.89,81.07,52.885,212.61,22.52,272.57,61.745,59.36,230.595,94.32,142.76,513.08,78.64,216.605,303.205,36.115,255.9,174.72,175.235,153.33,251.71,52.29,156.765,400.215,26.49,93.05,58.89,6.6
3027,3.044,6.585,9.475,15.45,19.7,50.339,4.94,20.38,21.63,3.04,10.595,10.64,14.74,6.12,17.29,14.87,34.81,63.19,27.37,22.8,24.95,7.55,9.61,38.62,10.52,16.24,9.0,6.0,3.85,19.0,13.29,6.5,6.0,26.5,10.6,31.645,13.32,12.04,35.07,3.0,20.58,13.0,15.0,25.0,22.25,15.0,19.0,15.91,5.0,18.5,27.5,8.32,9.5,9.0,15.0,0.0,3.0,14.5,14.96,12.08,27.62,14.96,10.12,18.46,12.69,22.505,15.08,19.52,10.7,10.0,15.98,16.53,5.2,26.47,13.995,16.825,22.905,14.17,23.45,21.64,5.4,14.725,28.11,16.705,6.05,12.16,4.59,19.27,16.6,15.265,26.28,12.76,86.58,95.655,61.24,66.61,81.965,105.74,72.37,86.44,33.01,38.19,19.815,39.075,57.28,103.17,121.22,104.06,66.13,115.025,78.9,33.22,78.93,70.765,86.92,26.52,0.0,115.76,230.25,86.4,107.25,94.2,153.375,103.345,19.98,96.88,83.63,103.34,77.64,77.61,105.06,68.82,36.66,73.4,66.045,88.2,42.75,23.595,39.75,50.67,42.265,32.02,94.03,100.21,21.175,62.57,12.875,26.53,65.67,61.405,79.525,62.04,65.775,49.215,127.39,35.73,23.81,97.575,39.65,39.12
3028,48.53,40.415,64.15,57.733,55.75,118.948,64.245,69.155,53.214,25.76,39.34,27.6,31.5,50.41,96.025,97.405,145.875,162.244,78.047,89.385,96.56,38.48,56.06,79.21,47.82,74.99,76.605,63.065,67.25,25.05,48.42,16.0,47.39,24.1,47.775,30.0,56.35,49.75,50.5,25.08,22.25,38.15,59.385,38.75,60.32,45.22,112.5,69.0,45.45,49.285,15.0,61.87,46.5,26.16,33.32,54.47,29.0,21.32,17.26,41.76,48.615,56.86,41.695,25.56,22.875,19.56,26.82,29.34,13.28,27.2,70.313,26.24,16.91,18.64,47.79,30.555,40.53,176.04,28.87,12.2,23.09,205.745,51.747,67.8,51.075,65.63,48.6,56.225,23.03,95.34,42.465,35.23,54.895,100.27,122.432,113.105,132.275,117.44,126.235,108.89,68.82,48.025,84.995,64.165,156.75,220.36,98.58,177.29,50.535,103.06,205.15,67.24,92.425,118.7,138.58,20.63,0.0,63.51,290.145,213.27,213.55,255.855,217.45,111.57,155.35,163.26,358.29,236.88,192.63,175.725,237.915,140.315,71.52,89.345,102.66,114.59,74.06,128.08,126.99,127.07,161.69,95.93,120.465,170.295,73.365,182.65,115.655,130.96,155.96,97.335,163.795,132.985,121.27,69.47,108.285,241.57,107.24,141.325,110.44,58.17
3029,99.244,175.36,265.36,188.64,276.853,484.124,181.87,185.471,244.205,109.675,120.725,117.33,163.415,341.015,381.0,405.255,566.455,620.729,317.473,317.56,527.19,244.27,207.26,295.25,192.01,190.225,154.8,209.6,139.17,155.655,147.97,101.38,138.66,176.565,231.843,295.095,250.97,259.545,202.235,178.65,128.065,235.185,250.67,202.405,298.3,454.42,204.6,217.13,248.76,275.485,180.425,146.85,215.61,246.83,448.99,212.84,233.97,396.56,244.985,195.555,139.49,276.89,180.68,193.43,320.245,209.015,221.735,209.42,275.665,239.83,176.605,161.86,326.505,183.78,342.415,203.075,347.335,348.53,342.87,224.005,257.485,330.595,361.825,567.248,376.915,447.775,384.485,308.69,633.907,392.62,399.705,620.3,1089.185,1580.043,1527.127,1314.9,958.005,1320.08,1578.135,1070.562,777.085,577.82,637.855,1103.055,1528.425,2130.905,2476.9,2217.645,1804.485,1822.2,1487.28,1026.295,1732.3,1588.095,1635.945,489.82,288.74,1338.745,2989.545,2285.64,1839.165,1479.605,2818.1,1893.075,1690.185,2192.665,2688.63,2211.955,1816.915,2440.63,2320.95,2510.485,836.43,1367.385,1248.235,1441.32,1192.655,1343.5,1572.8,1415.21,1505.895,1626.915,1377.18,2267.48,1014.915,1225.98,1105.89,942.805,1458.635,1689.17,1531.25,1865.16,2045.495,1726.305,2432.855,2429.555,1133.96,1444.845,1221.69,618.77
3030,154.953,149.544,218.916,200.427,294.489,382.025,179.493,182.92,300.567,112.825,96.91,99.25,121.905,254.624,201.17,349.0,426.084,530.73,255.2,285.73,477.545,154.23,184.84,257.92,204.175,220.18,167.405,189.52,204.97,121.9,179.395,200.34,102.14,154.265,238.451,245.66,268.55,221.245,195.71,181.53,253.9,235.35,270.96,302.22,238.135,428.61,198.35,338.655,214.04,236.86,200.415,182.64,149.19,115.62,321.28,213.025,217.81,389.73,276.67,238.2,167.3,179.615,219.245,137.91,298.345,120.45,108.97,203.5,227.46,160.595,247.64,292.311,166.216,301.086,185.293,154.33,419.347,160.812,558.429,225.18,378.24,226.205,241.32,385.67,237.909,270.875,297.97,520.445,534.42,337.335,304.785,301.537,541.085,726.585,1017.697,930.145,653.105,852.52,832.14,761.8,526.6,563.72,485.38,503.885,783.59,1252.61,1481.245,1436.445,1212.32,1197.42,1007.145,848.5,912.805,1221.54,1397.105,300.395,45.06,825.16,2115.68,1853.51,1232.13,1238.975,1575.88,1364.935,1258.155,1511.075,1658.69,1286.125,730.77,1225.815,1026.26,989.57,446.66,775.34,665.175,611.625,583.865,802.06,924.115,998.975,957.145,898.89,952.255,1189.325,578.36,695.64,831.17,673.965,844.43,1061.24,915.085,1111.545,1052.02,1016.135,1246.98,1091.82,796.575,884.06,698.445,354.19
3031,4.56,6.49,3.044,11.04,28.415,33.45,9.87,4.92,8.08,3.02,2.62,2.28,0.0,7.6,5.96,11.02,34.45,60.519,9.59,20.465,50.955,1.6,14.838,13.78,9.75,15.24,8.0,4.75,11.58,7.5,5.0,11.97,5.54,31.48,16.15,11.5,6.985,3.75,30.2,11.5,12.7,9.56,15.65,118.16,14.94,15.3,13.16,33.32,23.11,30.13,12.0,24.66,23.46,13.46,0.0,9.45,31.55,13.26,7.54,3.64,9.17,21.3,11.07,5.41,5.14,14.34,6.5,12.19,1.82,0.0,3.85,6.43,8.626,12.68,5.74,7.14,150.47,9.71,10.41,49.78,8.3,3.24,0.0,49.79,3.77,11.71,6.39,7.37,2.2,24.29,30.54,3.54,38.44,33.63,20.39,18.62,22.405,54.53,37.41,48.0,40.69,22.54,24.83,7.21,8.31,64.315,43.13,51.25,6.66,18.1,34.02,52.9,38.16,4.2,42.42,0.0,4.32,28.09,65.68,168.69,38.91,29.9,37.23,27.78,17.81,25.47,93.495,24.78,10.09,22.5,70.235,263.76,34.63,76.5,58.515,39.245,38.06,55.21,16.02,31.92,36.8,71.315,35.955,20.345,38.3,51.38,70.915,114.05,55.6,30.64,35.525,59.01,37.385,108.425,35.08,65.63,55.785,54.81,37.08,13.64
3032,32.14,34.61,36.245,20.365,74.71,78.045,17.625,23.74,50.37,4.56,19.59,9.465,20.21,8.78,37.295,47.35,38.61,87.275,50.77,38.2,83.125,30.805,23.73,15.02,33.47,17.41,14.0,33.25,52.5,28.5,16.28,19.5,15.0,47.26,29.0,24.25,24.0,29.61,16.0,19.0,19.5,24.75,55.92,30.14,27.594,36.0,17.0,33.95,21.0,38.425,48.085,13.5,36.73,16.38,8.0,62.22,20.88,5.5,55.68,12.24,10.0,38.36,26.56,12.01,14.24,37.98,57.03,32.32,67.72,35.57,32.355,22.1,28.945,81.9,17.61,29.41,23.345,38.46,85.95,34.03,24.6,42.435,26.96,29.91,34.46,22.975,38.08,25.17,9.05,26.63,25.1,18.0,113.657,47.585,218.007,135.975,52.665,118.865,86.955,47.752,54.065,37.4,87.19,146.61,73.29,32.885,75.715,64.32,41.825,83.045,103.43,93.4,89.79,99.86,71.94,13.32,27.4,28.1,78.915,72.1,92.66,83.85,122.69,92.525,196.23,136.53,100.5,82.665,62.585,121.205,144.48,91.76,32.87,113.54,83.04,72.675,35.13,45.695,84.025,95.235,36.465,138.305,180.29,60.91,118.71,110.4,229.52,66.74,63.43,135.895,111.33,225.345,74.05,89.95,52.245,165.335,77.54,87.53,87.875,11.0
3033,9.7,14.14,19.214,18.575,31.98,42.34,8.555,13.66,14.03,12.9,10.65,4.9,10.9,14.5,23.66,26.56,27.985,62.3,32.56,34.6,39.875,33.39,22.1,13.55,18.195,20.1,29.5,17.95,25.17,2.5,15.0,41.0,7.9,45.28,14.0,13.1,30.75,74.775,41.06,16.5,18.5,31.29,27.5,14.0,14.5,39.63,19.9,20.5,4.5,15.71,41.0,32.75,22.975,38.16,20.5,25.5,19.52,13.68,19.01,9.0,18.0,11.1,13.97,2.08,25.2,47.92,36.49,25.41,3.12,19.64,26.83,49.74,6.64,16.51,40.71,31.26,55.41,13.88,12.335,26.037,10.71,24.76,22.32,12.645,16.54,20.22,4.68,110.99,5.16,10.67,18.21,50.95,29.53,27.925,68.47,16.82,81.885,10.76,73.945,30.364,38.4,18.9,24.78,30.87,22.125,48.445,22.35,57.685,25.74,80.79,40.85,45.085,22.53,125.415,184.29,21.45,30.8,66.28,62.35,168.77,36.54,53.09,45.02,67.62,67.96,248.26,70.11,53.03,55.505,74.31,66.19,105.75,18.66,70.58,52.69,50.28,38.725,6.6,123.405,94.36,58.93,98.2,102.01,22.725,44.835,101.57,19.95,77.19,80.835,50.315,118.265,134.06,105.505,55.065,138.23,69.585,38.175,21.84,29.87,32.64
3034,15.78,6.445,12.87,19.83,13.43,32.915,10.68,3.42,26.11,5.32,4.02,11.06,5.62,16.64,16.685,23.28,37.2,35.25,7.6,36.415,48.225,14.8,33.59,14.98,19.65,7.6,1.52,16.0,15.56,24.0,5.0,14.0,11.5,8.64,11.34,5.0,55.0,26.5,40.18,28.25,14.5,23.25,23.84,42.5,7.0,8.0,18.5,19.5,0.0,10.25,25.49,5.0,10.5,24.5,24.7,18.0,5.0,25.78,30.735,46.725,9.16,0.0,51.82,5.25,8.04,6.62,6.76,14.71,5.2,9.1,13.32,80.52,9.18,17.0,51.32,28.895,0.0,6.56,10.02,6.36,0.0,8.32,14.05,2.7,7.02,7.11,0.0,6.6,0.0,27.205,8.35,19.635,7.44,11.275,28.82,35.06,32.68,37.99,71.34,17.61,30.315,19.35,26.635,6.615,17.28,41.185,46.845,22.775,15.46,20.56,48.395,5.94,14.52,23.56,70.59,23.2,0.0,6.3,59.16,133.23,88.445,43.29,60.41,64.31,23.26,46.53,29.75,82.14,50.26,31.45,41.99,84.54,31.49,85.28,44.275,26.17,31.31,56.79,27.98,22.95,63.835,36.635,54.27,29.355,19.0,70.115,39.79,54.04,55.31,13.165,30.175,81.795,68.86,43.15,55.92,40.84,30.0,26.77,75.79,4.565
3036,6.18,9.08,3.04,7.3,1.9,21.83,12.444,19.655,8.73,4.94,2.255,0.0,8.62,25.715,13.38,2.0,17.56,49.665,11.0,21.548,39.65,5.7,13.42,5.0,9.32,13.2,18.36,7.55,2.0,39.13,17.75,8.0,0.0,9.0,21.0,4.5,1.5,5.4,18.12,21.5,20.0,4.0,11.25,5.0,9.0,20.5,0.0,13.65,14.1,41.08,3.0,12.0,5.58,8.0,13.0,10.0,0.0,3.5,9.92,0.0,9.96,35.535,32.52,3.12,15.16,9.1,13.97,0.0,17.4,12.36,16.78,8.01,13.8,20.01,0.0,14.34,14.24,5.22,6.48,18.99,12.86,0.0,17.17,32.765,14.74,0.0,14.94,9.3,18.1,43.355,16.68,24.365,33.195,28.015,41.51,47.04,13.8,8.25,27.845,10.37,38.0,7.5,20.535,24.225,17.3,23.94,18.44,38.73,19.68,25.09,17.27,6.615,16.215,46.41,36.675,25.3,0.0,23.31,60.78,40.1,31.71,16.65,40.76,57.11,38.48,15.54,21.565,81.41,19.86,46.71,26.81,25.41,18.45,36.25,50.46,26.95,13.16,65.76,27.37,57.07,49.04,24.325,43.93,46.165,7.885,18.165,30.42,53.13,15.0,31.6,33.16,26.185,51.43,36.05,23.7,56.76,26.44,29.92,40.91,0.0
3037,74.41,100.4,107.89,107.864,162.698,199.355,77.465,115.439,177.209,27.69,63.15,64.34,58.83,68.515,142.34,158.395,291.88,379.321,210.395,135.94,321.046,99.62,84.75,87.7,53.22,69.76,118.065,79.34,111.195,81.0,89.4,81.885,97.3,123.78,144.79,81.6,91.16,141.79,149.87,112.0,158.18,114.54,106.93,70.76,122.24,136.885,142.1,72.0,80.7,105.59,137.515,72.81,70.0,106.699,137.23,108.22,97.77,131.475,97.535,65.1,45.372,72.56,78.82,68.01,84.83,50.16,115.41,79.41,61.76,71.92,69.26,82.11,91.85,68.89,70.91,54.71,137.025,58.335,85.525,78.075,34.915,86.78,92.29,70.415,34.44,107.475,59.74,84.675,79.53,81.605,81.17,108.885,101.27,204.77,233.315,201.045,217.66,531.865,327.44,188.455,119.6,48.26,82.98,141.24,147.11,211.63,275.5,295.27,269.915,300.25,224.29,199.535,264.595,301.08,619.31,112.03,47.41,258.375,537.12,544.215,355.25,451.365,560.54,488.36,284.58,351.6,451.0,435.72,406.37,277.37,442.705,386.09,139.19,231.32,325.1,200.945,237.9,198.475,258.275,313.015,224.36,193.36,214.885,299.055,130.28,359.445,232.91,186.085,265.445,256.275,252.475,294.095,228.65,329.975,293.84,288.155,197.3,236.61,228.875,92.985
3038,33.0,25.89,88.038,57.293,94.953,131.53,53.227,45.28,69.905,22.91,36.105,24.56,36.87,58.859,47.65,111.495,176.53,254.925,100.39,64.475,167.015,47.04,75.9,77.72,40.4,30.14,60.84,28.95,59.15,76.27,48.27,82.578,40.67,46.41,93.635,36.3,28.5,73.225,64.68,86.73,82.5,85.945,63.995,44.2,68.424,54.75,55.7,55.62,92.455,61.5,53.0,59.93,30.43,52.0,65.04,27.04,46.69,20.0,35.02,47.09,25.06,26.0,45.48,24.18,8.46,7.08,69.265,30.58,25.615,25.575,61.04,96.66,24.275,37.9,36.51,18.73,18.09,123.045,29.992,30.325,33.76,53.06,32.1,36.675,29.46,55.975,31.92,53.1,33.54,50.42,38.72,81.555,82.075,175.11,270.82,94.045,123.5,143.66,159.565,137.76,79.505,41.91,22.455,73.59,85.62,149.11,134.5,222.885,106.965,184.925,196.72,102.535,142.685,88.455,118.595,45.66,0.0,109.48,272.245,219.43,153.51,170.055,443.4,196.005,168.36,188.09,210.62,201.755,103.775,171.585,258.0,386.775,86.91,79.15,96.435,130.14,103.73,74.77,160.68,150.36,117.155,147.295,109.245,163.815,65.765,140.495,187.77,113.3,152.415,128.755,225.17,101.465,214.815,166.005,191.095,186.035,91.595,167.13,99.38,70.0
3039,2.96,13.62,26.05,28.66,30.34,19.45,8.27,22.78,11.23,2.66,8.18,4.18,8.045,16.926,10.76,10.985,11.87,44.9,19.58,13.27,18.42,14.0,22.83,4.38,4.75,10.5,14.04,10.5,35.0,8.95,19.61,13.81,10.0,8.55,13.8,4.0,27.5,5.0,19.16,9.84,19.5,6.82,9.0,10.0,16.84,25.25,30.0,35.4,18.25,26.02,19.49,10.86,1.05,0.0,98.16,32.62,29.35,9.84,20.88,15.105,3.1,21.27,12.36,23.44,2.6,23.84,15.18,20.02,13.14,28.32,4.94,19.325,64.69,0.0,33.9,20.28,23.17,8.52,17.32,34.245,6.38,52.673,25.73,13.26,17.875,13.44,13.58,15.75,15.365,7.86,16.89,29.1,39.925,15.04,0.0,13.05,69.81,11.99,122.345,31.6,17.855,43.045,6.3,7.8,6.6,35.62,23.9,10.35,21.23,35.48,32.75,34.275,54.55,43.785,31.6,25.67,0.0,44.17,39.905,49.72,56.44,27.57,66.3,4.95,40.7,46.5,23.3,22.455,14.485,24.02,23.05,127.77,5.6,31.26,59.79,9.36,22.44,60.65,60.545,36.825,22.18,233.975,65.675,145.6,52.45,48.805,33.82,35.45,41.655,31.98,38.29,19.84,69.395,128.98,28.0,80.695,33.78,23.71,66.14,35.015
3040,24.73,11.49,33.41,27.66,37.485,47.29,15.078,31.154,36.2,5.33,16.3,15.95,13.92,24.145,12.6,9.56,47.295,62.23,52.655,60.825,93.62,17.85,11.89,46.68,9.62,25.68,19.0,20.47,42.5,23.54,33.63,18.1,10.0,15.0,10.56,18.424,16.75,47.39,19.04,22.0,24.02,23.87,29.0,14.805,63.75,29.0,23.476,19.1,63.435,16.76,21.85,21.82,17.04,46.13,27.3,34.163,30.25,77.5,29.72,47.22,17.28,68.475,33.3,29.5,29.125,53.06,183.5,21.4,85.96,47.12,47.52,49.75,16.54,13.71,15.254,10.08,34.62,48.87,27.39,39.96,6.31,21.765,33.825,50.796,15.29,48.4,53.105,47.26,35.7,37.125,49.43,57.3,20.01,63.45,77.16,44.975,47.75,75.16,113.73,90.38,54.255,27.99,130.725,26.03,41.365,60.15,45.22,29.32,41.78,61.365,76.085,105.54,46.215,59.01,69.74,24.81,38.28,91.81,176.835,115.78,77.385,56.18,124.59,86.955,84.98,57.815,72.67,73.89,30.22,55.98,74.715,223.73,110.62,94.39,89.73,68.07,91.875,119.495,130.78,70.845,114.205,95.595,112.245,73.85,81.595,163.67,148.245,170.515,130.275,118.99,131.365,49.705,123.095,116.835,82.035,120.45,73.64,114.605,74.8,57.32
3041,10.9,12.759,11.33,17.75,23.19,47.07,5.04,6.64,11.0,11.015,14.2,4.94,4.6,1.52,14.77,15.52,31.71,45.78,25.42,10.38,46.5,16.51,12.1,16.28,4.0,6.64,22.09,11.05,19.5,18.598,9.704,0.0,6.4,27.835,9.5,12.0,12.75,22.4,21.5,28.752,8.225,11.56,15.97,7.0,19.19,39.75,13.0,24.0,10.4,8.13,24.5,11.08,9.0,20.96,26.7,27.48,21.06,19.36,0.0,39.645,0.0,11.31,27.535,5.195,29.565,24.75,21.96,6.5,15.28,18.32,34.54,3.6,13.365,21.132,16.754,0.0,14.06,5.4,17.38,16.96,16.74,12.76,10.155,14.76,29.11,34.27,40.83,19.92,36.255,6.3,22.08,12.15,20.35,27.535,31.51,36.595,41.67,41.185,49.465,54.2,16.5,8.195,120.785,200.46,31.885,41.585,60.91,61.65,45.05,31.725,28.63,32.15,52.345,14.52,17.07,0.0,13.17,35.43,62.77,346.955,29.625,50.41,99.92,69.04,90.56,25.9,130.4,69.36,25.44,74.335,76.825,87.35,17.02,30.71,0.0,22.905,13.27,44.3,23.42,50.38,37.97,64.705,61.61,46.975,55.34,35.9,130.99,28.22,56.385,40.23,71.825,78.115,110.035,47.09,133.695,66.575,17.75,51.48,24.2,13.2
3042,15.88,22.29,32.27,23.665,27.92,37.27,15.525,15.27,19.415,8.74,4.94,4.19,10.26,25.84,21.99,32.11,31.39,63.67,16.18,36.245,83.25,13.29,25.98,23.87,18.8,13.1,15.26,18.51,21.75,24.0,7.75,10.0,11.0,31.73,36.66,13.75,21.75,20.0,62.2,14.145,52.5,50.5,15.0,15.0,49.5,40.5,40.13,15.75,20.25,21.825,48.27,103.924,25.86,36.52,114.34,8.025,11.7,41.12,15.78,34.0,13.0,5.2,21.1,20.8,20.8,53.54,21.595,27.92,33.02,58.69,9.17,11.19,7.32,0.0,132.62,50.89,39.135,15.94,127.16,19.38,40.645,53.625,22.57,98.8,20.18,24.305,50.95,64.07,70.37,55.51,32.38,170.265,78.69,56.345,48.175,45.55,40.325,36.025,124.435,0.0,120.09,51.8,0.0,118.865,54.76,39.305,173.5,43.11,65.72,18.17,50.77,49.165,83.785,49.205,68.415,11.84,6.8,17.95,127.68,119.81,68.03,92.48,121.78,153.72,83.46,144.315,101.84,72.09,19.95,87.095,93.34,140.71,79.995,55.425,71.42,98.16,67.85,53.52,63.28,76.75,77.26,29.9,70.255,224.065,67.29,91.82,164.935,99.135,75.635,78.51,76.405,105.255,98.14,124.045,62.92,189.93,29.04,73.01,76.895,44.92
3043,15.66,17.664,18.89,19.82,33.25,79.015,24.11,31.86,25.62,23.76,9.5,26.46,22.375,22.316,29.24,69.5,78.846,84.565,50.615,13.23,89.68,20.48,17.76,47.26,16.6,4.3,57.48,11.25,70.8,45.4,53.94,6.0,23.9,10.1,37.3,25.78,37.21,81.5,67.83,46.0,102.325,28.5,43.04,52.5,55.66,48.78,67.18,34.9,17.35,30.45,50.7,51.7,13.62,98.66,57.035,43.12,13.74,14.0,62.18,32.0,69.24,81.75,6.25,18.11,196.77,44.95,45.43,36.35,6.565,38.22,36.77,39.0,24.605,173.65,53.65,43.49,57.482,117.63,59.31,231.295,82.82,53.43,43.245,70.13,51.55,18.715,138.345,131.63,136.63,163.345,0.0,131.4,38.965,140.665,193.315,31.9,30.325,112.705,155.695,45.95,67.085,58.585,99.555,87.015,74.31,118.25,118.51,123.145,44.88,58.815,114.78,55.375,132.72,232.62,154.37,6.6,144.74,61.315,114.7,213.07,110.22,77.35,61.67,88.84,85.63,215.57,168.385,88.51,165.08,134.14,122.74,372.02,26.28,32.38,69.82,166.03,107.5,59.03,130.91,61.325,130.8,181.495,139.575,297.695,120.625,96.6,126.46,33.2,186.725,133.31,106.11,97.28,81.965,54.395,51.58,174.55,56.86,109.21,35.43,45.45
3044,0.0,11.46,24.6,31.595,42.734,62.857,17.26,26.54,44.225,13.68,4.9,13.54,17.06,18.36,44.72,30.495,71.29,82.768,44.77,23.684,56.97,40.95,19.25,35.4,7.0,12.75,25.25,9.25,43.64,17.42,23.345,43.74,31.02,28.06,27.875,30.0,34.75,24.28,27.12,35.97,22.46,17.905,37.31,31.75,13.5,33.35,15.5,24.0,20.5,30.56,27.8,11.45,15.62,9.5,10.7,34.64,15.37,71.63,39.88,32.9,17.89,25.34,21.395,29.285,5.16,10.0,25.262,9.77,62.13,11.76,9.12,78.66,14.03,8.88,21.62,5.83,38.525,32.98,14.44,39.92,31.43,29.43,128.595,46.852,47.152,21.68,29.41,65.91,102.285,42.86,75.165,88.46,69.45,35.815,55.235,74.045,31.62,69.195,64.035,45.67,69.755,32.9,32.52,82.665,28.435,112.905,96.575,43.735,72.865,181.88,96.44,88.47,97.975,89.965,78.425,22.89,13.86,58.59,195.385,166.185,60.76,118.145,111.45,89.39,73.6,114.415,81.11,44.46,43.63,77.275,148.07,120.155,72.175,89.69,58.61,57.05,91.045,96.6,62.395,176.545,93.775,112.795,89.415,190.64,28.625,18.42,128.795,166.565,176.335,116.48,111.885,141.73,129.985,94.385,118.42,95.41,85.385,58.01,105.85,53.68
3045,0.0,0.0,0.0,0.0,0.0,2.88,0.0,0.0,0.0,0.0,0.0,0.0,0.0,0.0,0.0,0.0,0.0,0.0,0.0,0.0,0.0,0.0,0.0,0.0,0.0,0.0,0.0,0.0,0.0,0.0,0.0,0.0,0.0,0.0,0.0,0.0,0.0,0.0,0.0,0.0,0.0,0.0,0.0,0.0,0.0,0.0,0.0,0.0,0.0,0.0,0.0,0.0,0.0,50.0,40.0,0.0,0.0,0.0,0.0,0.0,0.0,0.0,0.0,0.0,0.0,0.0,0.0,0.0,0.0,0.0,0.0,0.0,0.0,0.0,0.0,0.0,0.0,0.0,0.0,0.0,0.0,0.0,0.0,0.0,0.0,0.0,0.0,0.0,0.0,0.0,0.0,0.0,0.0,0.0,0.0,0.0,0.0,0.0,0.0,0.0,0.0,0.0,0.0,0.0,0.0,0.0,0.0,0.0,0.0,0.0,0.0,99.36,0.0,99.5,99.68,0.0,0.0,0.0,0.0,0.0,0.0,0.0,0.0,0.0,0.0,0.0,0.0,29.7,0.0,0.0,0.0,197.9,0.0,0.0,0.0,0.0,0.0,0.0,0.0,99.9,0.0,0.0,0.0,0.0,0.0,0.0,0.0,0.0,99.165,0.0,0.0,0.0,0.0,99.45,85.0,0.0,0.0,0.0,0.0,0.0
3046,29.685,16.74,45.569,44.98,46.69,100.505,36.725,18.49,31.79,11.47,3.04,33.15,12.515,63.24,36.085,46.295,83.83,61.34,26.83,31.37,56.25,47.275,40.59,32.97,18.07,35.005,20.63,35.44,32.28,25.79,35.01,31.53,35.24,132.825,30.0,16.75,31.25,63.3,44.25,27.3,57.91,25.0,63.69,47.85,57.61,27.25,37.33,42.36,17.75,49.5,27.5,23.25,35.25,47.97,30.58,24.2,43.28,60.79,85.94,60.84,41.37,43.26,27.37,46.78,39.595,21.68,33.12,15.67,8.58,14.015,8.2,31.795,10.54,16.085,48.685,36.185,43.795,30.475,8.64,17.4,27.8,37.495,31.23,43.31,31.83,39.485,56.06,68.809,33.67,41.0,54.732,55.14,42.695,185.245,77.33,75.635,37.53,80.005,115.44,97.17,71.26,26.405,43.255,34.125,78.85,94.455,82.3,191.1,84.48,72.655,194.77,97.16,154.495,74.985,96.405,15.48,17.25,75.535,144.46,239.11,112.935,153.275,107.555,114.405,107.12,140.36,105.17,147.08,78.87,133.2,167.22,54.465,57.04,104.235,134.38,133.515,149.685,71.355,82.16,96.385,120.61,102.82,115.955,152.72,45.39,92.585,120.12,169.505,155.325,85.99,103.43,104.69,132.285,181.37,91.615,127.45,89.165,94.11,213.605,59.4
3047,9.0,12.0,8.29,27.13,28.665,42.5,17.32,13.665,8.75,1.54,12.41,17.17,18.24,12.84,23.25,32.63,94.93,70.56,38.39,34.69,48.01,26.55,12.58,13.7,15.99,12.52,9.5,26.7,39.56,19.36,78.0,34.0,25.04,39.5,13.75,12.5,29.5,49.2,22.5,52.02,136.68,37.6,17.25,60.15,16.0,46.1,53.5,17.55,31.0,31.69,20.5,10.25,47.96,48.62,14.0,33.62,13.23,19.42,14.16,14.28,11.0,28.46,15.25,12.1,19.46,0.0,27.815,10.05,12.32,21.41,3.5,24.792,2.04,7.12,136.58,45.085,8.24,44.65,18.6,0.0,18.27,18.026,11.22,21.86,1.74,15.59,34.53,27.16,22.87,30.31,33.18,19.98,80.275,123.255,269.745,231.13,110.74,82.93,79.04,68.88,118.82,126.54,17.21,102.21,62.93,211.48,100.465,62.43,96.08,47.6,144.16,73.035,100.635,222.195,119.905,35.97,134.2,72.07,224.095,172.82,132.16,107.26,134.96,243.24,99.19,113.84,257.33,148.75,44.76,26.55,187.03,184.57,72.7,93.97,92.355,263.37,143.06,77.73,185.66,90.96,135.665,106.545,75.39,262.575,64.845,74.79,62.125,37.895,125.23,230.86,108.63,119.88,110.38,78.305,52.73,234.71,48.595,39.74,47.3,32.12
3048,16.285,18.904,32.67,26.82,42.39,67.385,14.55,32.04,27.32,9.5,12.38,17.62,24.88,47.64,27.51,63.62,67.0,82.45,32.625,28.845,50.31,31.11,26.62,31.93,28.55,23.2,11.9,27.24,24.875,34.24,15.495,3.5,21.35,30.5,30.89,14.01,30.0,44.2,31.87,28.0,18.25,33.44,11.5,19.0,37.0,48.5,26.25,30.0,25.5,53.68,35.0,10.0,45.54,53.2,109.22,20.0,56.0,17.02,19.5,25.52,13.0,37.05,14.25,20.51,13.04,16.24,0.0,30.76,20.61,4.16,5.2,10.22,6.13,13.2,38.53,52.2,13.78,8.25,11.07,0.0,21.26,28.22,12.82,51.945,15.48,22.34,50.73,52.885,57.995,44.51,5.1,47.64,34.305,66.54,85.16,159.805,40.125,100.48,156.795,36.275,40.25,24.255,6.615,21.87,162.815,93.465,89.735,90.005,130.215,192.315,95.09,57.435,111.315,148.485,167.135,24.06,10.56,113.93,481.14,216.29,128.02,124.68,206.3,253.81,130.34,142.36,198.06,243.865,78.01,169.135,98.37,210.195,40.47,89.73,163.54,37.83,84.05,49.81,146.49,68.65,104.155,212.525,83.405,210.275,51.885,43.94,53.375,101.105,92.475,137.0,54.325,181.38,54.855,145.6,103.73,113.735,46.4,13.28,39.24,13.24
3049,17.665,13.38,19.251,15.37,21.33,23.99,23.78,24.28,18.975,3.008,4.48,7.0,8.98,13.0,18.515,34.586,38.57,70.38,50.78,12.58,43.58,28.22,16.825,9.2,14.5,4.0,23.849,23.92,32.04,12.0,11.308,9.17,10.035,22.51,4.5,8.0,17.0,14.0,9.0,23.0,12.5,6.0,20.5,21.75,35.25,44.25,30.25,23.2,12.0,15.0,22.0,6.75,26.0,15.08,12.12,17.915,3.0,5.0,22.39,0.0,0.0,0.0,14.88,11.62,0.0,0.0,8.12,14.16,0.0,19.38,3.5,4.08,2.65,11.96,13.43,17.12,12.58,6.16,0.0,21.13,0.0,24.1,7.15,35.29,28.33,49.975,5.13,20.305,8.54,17.08,5.5,23.525,9.84,44.875,66.3,42.525,28.6,55.795,53.245,73.333,46.1,13.11,16.65,15.0,41.565,36.015,27.075,40.97,62.64,114.18,48.21,81.45,12.27,32.225,63.045,69.75,0.0,59.19,99.335,83.2,96.21,61.37,106.37,49.09,22.03,101.66,43.8,68.365,24.4,70.64,72.53,78.25,20.885,42.85,85.82,41.155,65.87,29.265,66.185,25.57,52.025,43.365,50.64,69.04,14.11,144.035,36.165,42.08,29.88,81.44,135.92,75.975,26.44,41.32,73.21,57.44,55.58,20.28,13.2,0.0
3051,1.51,0.96,3.555,0.0,4.12,8.3,5.128,4.27,0.0,0.0,0.0,1.56,1.52,4.44,1.61,2.34,0.0,2.0,3.0,4.55,7.47,1.92,3.04,7.46,0.0,7.57,3.21,0.0,3.0,5.75,6.0,0.0,0.0,14.0,9.48,2.08,2.0,0.0,2.12,0.0,3.0,5.0,0.0,10.0,5.75,9.25,37.0,31.75,2.0,12.56,14.0,2.08,0.0,0.0,5.75,30.0,0.0,8.4,0.0,32.0,5.1,0.0,26.0,4.24,3.19,20.0,7.0,4.16,3.06,9.5,0.0,3.0,0.0,23.49,0.0,6.0,0.0,25.21,0.0,15.11,0.0,2.8,2.943,54.105,11.37,7.53,4.69,5.13,0.0,0.0,42.075,30.525,0.0,48.46,0.0,16.81,11.335,120.27,29.25,4.5,0.0,5.89,6.38,5.58,12.495,0.0,15.92,59.535,6.3,0.0,9.915,8.31,0.0,49.06,0.0,0.0,0.0,0.0,15.95,0.0,10.89,52.18,14.06,0.0,10.8,5.18,11.33,3.52,3.2,14.01,22.86,75.59,0.0,12.775,19.06,63.64,6.66,9.95,100.34,0.0,24.099,4.27,0.0,23.82,9.05,17.72,7.055,48.635,6.64,29.315,4.0,4.51,0.0,6.6,35.46,23.525,9.73,7.79,16.405,5.28
3052,0.0,0.0,3.29,0.0,1.9,7.075,3.055,3.12,2.28,0.0,0.0,0.0,0.0,0.0,0.0,0.0,0.0,6.715,0.0,0.0,11.36,0.0,0.0,3.0,2.34,0.0,0.0,1.5,0.0,1.6,0.0,1.5,0.0,0.0,1.5,2.0,0.0,5.0,3.18,0.0,0.0,0.0,0.0,5.0,0.0,5.5,4.0,2.0,0.0,1.75,3.5,14.0,5.2,0.0,1.5,0.0,2.97,0.0,0.0,0.0,0.0,63.69,0.0,41.25,0.0,0.0,0.0,0.0,0.0,0.0,0.0,79.3,0.0,1.35,0.0,0.0,38.055,0.0,12.36,0.0,0.0,2.9,0.0,60.76,0.0,0.0,0.0,10.8,0.0,11.34,5.1,6.49,3.6,21.59,6.6,5.1,3.025,0.0,14.935,0.0,0.0,0.0,7.5,24.78,18.05,0.0,47.28,98.8,75.33,0.0,30.77,0.0,84.63,0.0,3.96,0.0,0.0,101.4,5.61,92.53,0.0,26.1,0.0,10.36,25.32,0.0,0.0,0.0,0.0,0.0,34.68,42.72,11.03,21.44,14.63,40.0,86.82,0.0,6.58,5.18,19.505,6.58,0.0,0.0,6.4,0.0,0.0,4.675,0.0,0.0,80.095,24.225,103.08,0.0,0.0,16.77,37.26,6.16,0.0,0.0
3053,0.0,0.0,1.52,0.0,1.9,8.92,4.89,1.645,0.0,0.0,0.0,0.0,0.0,11.83,0.0,1.52,0.0,0.0,0.0,0.0,0.0,0.0,0.0,9.0,0.0,0.0,0.0,0.0,0.0,1.53,3.5,0.0,0.0,0.0,0.0,9.5,6.0,0.0,3.12,0.0,3.0,1.5,16.75,0.0,4.77,4.0,0.0,0.0,0.0,1.75,2.5,0.0,10.215,0.0,73.4,0.0,0.0,6.82,2.5,0.0,0.0,0.0,3.0,9.12,0.0,10.0,0.0,0.0,0.0,0.0,12.0,8.7,0.0,3.64,0.0,0.0,0.0,0.0,0.0,83.16,0.0,15.4,8.58,0.0,0.0,0.0,0.0,1.77,5.82,0.0,7.035,0.0,4.2,32.78,35.03,228.0,2.88,6.16,5.27,32.17,5.89,0.0,19.8,54.02,51.98,0.0,6.24,3.6,3.25,46.998,32.83,0.0,32.8,0.0,11.52,0.0,2.96,0.0,0.0,2.4,0.0,38.595,26.1,0.0,3.7,0.0,0.0,0.0,11.1,6.875,0.0,36.0,0.0,68.97,0.0,12.65,7.02,0.0,54.69,0.0,2.8,23.27,0.0,69.49,6.64,0.0,34.07,6.09,0.0,0.0,0.0,4.98,11.97,0.0,0.0,0.0,19.0,110.31,44.44,0.0
3054,2.76,3.87,5.36,0.0,9.92,9.68,8.55,3.33,6.995,3.56,0.0,2.07,1.9,1.52,6.44,0.0,1.95,2.0,2.09,0.0,17.8,0.0,16.07,2.75,0.0,1.71,3.15,1.56,0.0,1.96,10.5,4.0,2.0,5.0,0.0,4.0,8.91,3.0,6.005,2.43,23.25,5.22,2.0,3.5,15.9,12.975,5.9,9.03,7.0,19.16,0.0,13.77,2.08,7.5,3.0,0.0,0.0,4.0,9.36,3.25,0.0,46.12,6.82,0.0,0.0,2.4,5.95,0.0,28.81,0.0,3.2,8.255,0.0,4.435,9.72,0.0,5.12,2.616,3.24,13.3,4.95,23.75,4.34,18.42,2.6,0.0,12.34,11.065,14.885,0.0,3.35,14.94,5.7,17.24,8.51,5.52,15.57,29.0,7.9,12.47,19.01,0.0,18.445,17.76,10.62,25.675,7.52,23.52,9.79,11.24,27.965,110.19,4.8,28.98,14.58,0.0,16.5,6.6,60.67,15.86,7.59,0.0,2.67,15.8,23.2,22.709,42.003,10.5,22.72,10.66,42.771,21.22,2.22,28.003,7.23,13.03,9.9,16.62,24.64,39.13,29.99,16.36,68.605,12.285,43.175,16.92,21.945,22.445,4.15,12.345,0.0,13.915,33.72,5.72,33.595,19.39,20.97,12.81,13.74,16.965
3055,3.07,6.835,19.459,10.96,2.09,46.695,12.775,17.44,22.442,4.76,4.48,3.04,5.0,16.47,6.88,14.24,45.285,19.48,12.605,6.5,47.955,0.0,15.25,21.98,4.4,0.0,17.6,15.52,0.0,9.52,4.68,2.0,5.25,0.0,7.8,13.63,12.085,8.83,2.12,3.0,3.0,17.5,14.0,3.38,13.0,25.605,18.0,25.0,11.0,22.1,25.5,15.23,17.62,17.65,34.63,10.5,7.12,43.54,35.23,17.24,14.66,10.035,15.08,13.12,0.0,16.38,0.0,20.06,12.52,0.0,54.65,8.553,9.75,4.18,17.385,16.06,11.14,8.06,0.0,10.26,23.65,30.34,4.62,4.32,16.395,27.825,35.36,52.765,31.13,17.505,21.945,12.2,26.135,20.78,16.2,19.855,21.94,45.55,43.019,17.19,28.345,31.07,17.215,3.79,8.505,31.925,24.63,82.595,8.525,28.81,27.79,57.82,34.71,29.82,22.54,9.8,23.36,22.865,45.1,30.805,39.455,35.68,59.38,32.455,48.6,11.47,51.85,21.685,20.7,34.905,75.045,24.67,20.46,36.47,15.96,25.58,7.98,37.42,87.88,37.56,51.01,29.3,36.46,73.095,45.235,59.58,56.925,40.795,26.945,27.52,13.125,73.755,53.475,50.255,58.59,28.46,57.72,19.4,0.0,15.72
3056,10.62,12.55,4.56,34.08,41.074,71.455,13.63,12.855,41.845,5.12,4.37,1.48,7.44,24.54,26.48,28.01,17.42,53.158,23.864,19.73,52.415,13.65,6.12,17.12,5.0,1.75,10.14,10.66,31.83,5.0,30.61,5.98,18.02,9.81,14.06,11.16,56.09,8.32,23.73,7.0,10.16,10.635,36.66,48.11,43.75,24.1,27.5,28.0,15.24,24.75,10.37,26.04,35.03,45.72,70.98,49.44,13.12,5.1,11.32,12.66,12.8,23.955,13.7,0.0,114.32,12.03,34.49,44.64,48.31,5.2,0.0,34.245,22.1,21.568,44.98,23.2,43.62,27.85,16.48,74.23,17.35,55.135,20.185,35.67,20.773,191.96,53.215,20.755,14.195,20.69,124.23,63.18,346.215,52.055,88.6,80.925,41.96,129.8,43.99,55.885,38.17,61.05,46.75,69.24,70.605,76.885,91.035,39.875,73.55,49.065,105.38,139.68,93.765,57.99,47.84,50.12,34.2,18.06,63.76,70.805,53.075,46.15,68.705,237.21,80.415,59.27,59.725,93.685,14.03,108.56,94.725,106.895,61.29,195.38,79.17,71.13,51.73,91.32,254.585,186.31,164.76,92.865,214.85,200.735,50.445,64.565,91.21,132.04,59.7,41.39,164.61,162.12,82.895,59.925,96.42,121.025,45.195,112.365,67.58,24.4
3057,2.22,0.0,3.04,5.32,8.24,23.69,14.09,6.96,7.54,5.51,0.0,7.3,0.0,3.78,7.09,4.94,15.155,16.23,14.02,6.89,39.84,6.6,0.0,5.93,0.0,13.64,24.5,7.0,3.06,3.56,4.505,13.25,11.0,16.77,0.0,8.805,7.14,0.0,12.694,12.74,21.25,5.38,8.75,9.0,7.22,12.0,8.5,74.25,8.0,12.305,8.97,6.0,44.42,17.615,10.74,9.0,16.96,12.0,14.855,2.0,0.0,3.18,9.65,0.0,3.5,5.58,6.14,11.89,0.0,2.04,0.0,24.81,12.93,2.6,1.59,0.0,25.29,22.72,30.185,3.6,19.82,29.76,0.0,28.38,55.79,30.45,7.715,5.07,28.28,4.425,37.28,17.62,10.8,60.365,30.67,17.22,9.55,33.385,29.15,19.215,18.61,0.0,5.18,16.74,4.2,31.35,55.065,7.235,13.1,66.15,56.785,21.615,32.22,36.305,17.855,0.0,10.875,4.8,44.58,39.61,25.065,5.92,17.76,24.15,32.19,0.0,12.2,18.26,6.66,18.495,66.22,33.37,25.83,39.02,50.175,14.68,59.1,28.17,11.95,47.45,20.355,9.57,44.46,62.895,17.855,26.95,84.015,39.445,70.595,23.74,179.56,44.11,35.74,41.92,90.945,58.25,6.6,50.65,31.5,3.52
3058,15.61,36.46,25.769,37.218,83.373,145.749,30.988,50.218,75.825,1.52,13.686,17.43,21.5,36.15,56.78,39.51,109.47,105.7,88.055,48.99,125.0,54.34,37.5,55.165,15.0,48.8,90.36,41.62,32.16,2.28,41.8,47.72,56.25,40.825,74.12,31.49,57.75,46.75,176.182,60.79,29.25,74.75,58.72,45.93,56.8,130.71,70.75,51.345,88.88,86.27,78.85,33.0,153.06,75.625,69.725,176.32,101.87,39.47,54.64,60.14,7.9,52.465,46.485,39.0,38.59,58.07,29.02,56.24,18.1,68.97,39.92,70.24,17.4,44.57,85.28,22.4,86.255,29.945,34.35,84.72,53.053,65.27,127.73,97.6,59.94,144.195,112.02,135.885,56.22,61.17,71.91,94.46,67.855,179.733,190.72,288.66,131.16,87.225,156.125,141.34,231.025,84.865,75.22,103.655,90.675,84.385,115.775,174.195,155.165,100.495,139.5,169.03,168.305,293.68,120.885,52.37,152.78,70.975,142.025,331.405,144.565,175.235,178.79,135.71,222.58,348.825,320.83,206.86,129.435,293.85,280.81,144.49,66.54,143.12,225.54,100.01,168.62,117.365,169.285,283.755,202.385,181.55,352.675,321.94,114.732,180.965,209.205,103.84,246.125,115.47,209.29,219.765,142.125,181.975,137.4,202.43,43.555,176.035,126.155,92.86
3059,19.834,24.68,31.644,28.42,38.0,62.382,8.68,24.77,38.665,7.975,13.29,33.79,16.828,43.16,24.19,41.09,71.695,157.965,53.126,44.02,96.56,33.565,18.9,66.87,5.4,22.4,35.51,24.0,37.75,42.504,46.37,37.17,20.29,64.0,48.5,23.6,44.0,89.22,60.45,106.75,42.75,44.2,87.25,69.7,57.395,55.0,48.0,62.2,51.47,48.0,42.48,33.75,27.0,29.5,55.98,75.09,64.23,41.9,21.415,40.935,29.35,28.67,31.16,59.66,24.36,53.38,24.88,40.055,23.78,43.56,44.76,47.245,18.04,39.74,63.55,36.38,61.13,10.68,13.3,98.415,64.365,56.41,76.76,39.915,43.62,38.345,75.56,85.92,76.575,105.92,57.105,38.99,42.575,103.16,111.39,87.24,98.7,132.24,153.995,96.95,62.65,78.89,28.065,59.49,72.98,108.82,88.805,158.245,116.33,193.075,183.25,79.495,158.38,185.58,365.095,83.55,60.55,302.74,432.905,413.315,270.76,414.955,325.89,328.11,388.93,400.86,338.63,222.25,414.05,281.085,439.245,389.59,193.0,170.87,132.155,167.16,214.13,170.65,157.305,250.945,314.965,165.28,287.99,165.55,186.8,216.035,259.195,167.955,230.95,285.88,206.93,249.675,174.0,220.135,374.41,359.365,172.495,217.475,184.025,124.73
3060,7.015,3.405,13.17,12.04,12.52,37.23,6.5,14.605,22.4,4.56,1.52,8.525,8.26,23.14,19.56,13.36,21.85,39.75,24.346,32.59,30.54,16.69,3.12,20.4,9.6,4.5,10.9,21.49,8.04,2.0,16.01,13.0,7.5,14.7,12.25,25.0,21.25,9.849,23.0,24.5,86.5,7.5,20.0,25.5,15.0,23.75,4.0,20.0,26.96,10.0,18.5,5.0,23.72,5.0,0.0,23.08,10.0,34.0,30.24,23.7,9.96,33.76,18.42,6.59,1.5,0.0,2.08,0.0,0.0,17.46,4.16,29.12,7.375,8.92,3.06,93.35,14.83,10.75,3.72,5.13,22.76,7.155,22.825,5.04,14.2,8.55,9.72,4.4,10.4,2.16,1.62,32.865,41.05,26.495,74.185,97.29,41.38,35.18,26.8,25.65,22.37,53.315,0.0,21.855,41.49,10.94,131.01,75.02,35.46,107.275,57.675,32.34,20.07,40.72,26.4,33.54,0.0,10.73,93.96,62.03,117.61,125.79,71.95,79.01,48.56,74.355,24.09,77.195,48.205,51.37,80.37,40.33,25.77,9.12,88.16,34.36,82.21,45.59,68.235,29.71,36.38,32.94,49.73,101.275,30.305,51.5,88.09,74.32,59.615,15.765,114.535,103.985,52.18,65.37,67.35,111.345,51.48,31.78,31.24,50.13
3061,1.52,0.0,5.1,1.48,6.14,5.32,0.0,10.555,19.215,5.78,2.66,0.0,11.02,4.56,18.1,19.29,10.65,20.07,18.51,6.65,10.81,0.0,3.2,29.6,53.0,8.32,17.79,36.25,1.6,45.27,24.62,7.5,24.6,5.0,12.0,0.0,9.0,46.2,0.0,40.0,24.21,148.0,19.0,31.5,30.25,115.0,20.5,56.4,131.73,58.45,37.32,29.9,22.88,22.46,67.28,35.0,10.0,47.0,206.46,55.5,170.1,61.14,72.265,13.32,24.98,84.12,13.475,162.655,32.16,32.24,0.0,158.74,66.74,17.28,21.06,140.9,510.075,109.44,192.92,137.47,142.7,16.5,287.24,174.995,0.0,60.42,80.72,16.795,166.0,102.24,121.325,83.51,58.68,164.445,118.92,47.93,23.31,42.18,141.24,41.05,92.44,66.695,186.65,289.475,143.63,126.42,234.96,242.45,116.7,39.155,156.19,131.7,19.83,469.11,214.62,46.2,119.275,174.61,137.82,359.97,113.53,184.785,370.46,194.52,432.63,240.055,237.67,188.905,172.535,318.66,401.435,200.41,83.955,293.1,501.32,94.7,97.47,206.015,191.1,153.42,196.875,264.495,142.985,221.375,121.62,306.69,270.085,101.355,160.87,227.115,97.34,211.28,6.64,471.32,77.1,300.795,13.24,161.58,54.16,85.88
3062,0.0,0.0,0.0,0.0,0.0,0.0,0.0,0.0,0.0,0.0,0.0,0.0,0.0,0.0,0.0,0.0,0.0,0.0,0.0,0.0,0.0,0.0,0.0,0.0,0.0,0.0,0.0,0.0,0.0,0.0,0.0,0.0,0.0,0.0,0.0,0.0,0.0,0.0,0.0,0.0,0.0,0.0,0.0,0.0,0.0,114.75,0.0,0.0,0.0,0.0,0.0,0.0,0.0,0.0,0.0,0.0,0.0,5.0,0.0,0.0,0.0,0.0,0.0,10.0,0.0,15.0,0.0,0.0,0.0,0.0,0.0,0.0,0.0,0.0,13.26,0.0,0.0,0.0,0.0,0.0,27.0,67.7,0.0,27.24,0.0,0.0,0.0,99.9,26.4,0.0,0.0,0.0,0.0,0.0,45.65,10.56,90.06,0.0,50.32,0.0,42.35,42.125,63.36,20.1,0.0,6.615,98.67,198.94,0.0,0.0,0.0,0.0,0.0,6.27,0.0,0.0,28.38,79.48,0.0,132.39,0.0,0.0,119.57,142.2,0.0,138.6,0.0,6.4,163.15,99.36,0.0,242.91,0.0,17.94,0.0,15.055,20.335,130.68,0.0,240.525,0.0,99.84,0.0,29.5,0.0,0.0,0.0,0.0,0.0,0.0,225.03,0.0,19.92,19.95,18.26,99.76,0.0,0.0,31.68,0.0
3063,0.0,4.7,7.73,3.04,3.8,5.0,0.0,4.18,4.94,0.0,0.0,0.0,0.0,0.0,0.0,3.12,0.0,1.95,3.8,5.0,5.0,4.09,0.0,0.0,10.0,5.06,0.0,0.0,0.0,0.0,5.2,0.0,0.0,0.0,0.0,0.0,0.0,0.0,5.0,6.0,0.0,3.04,15.17,0.0,0.0,1.5,1.0,0.0,0.0,0.0,0.0,5.0,14.16,10.07,4.0,0.0,5.72,0.0,3.18,0.0,0.0,5.1,0.0,5.1,0.0,0.0,0.0,8.48,5.16,20.2,0.0,5.2,0.0,0.0,0.0,0.0,0.0,0.0,0.0,0.0,0.0,5.4,0.0,0.0,0.0,0.0,17.17,0.0,11.0,6.6,5.985,0.0,10.05,0.0,0.0,0.0,6.21,10.83,0.0,0.0,0.0,0.0,9.92,6.6,11.88,0.0,9.9,15.28,0.0,6.6,19.8,0.0,0.0,20.95,10.08,0.0,0.0,0.0,16.17,19.8,0.0,22.44,61.63,9.99,0.0,0.0,0.0,29.97,0.0,20.02,10.56,0.0,0.0,0.0,0.0,0.0,0.0,17.6,0.0,6.64,0.0,0.0,0.0,26.4,0.0,7.47,0.0,10.12,15.35,0.0,0.0,0.0,0.0,0.0,0.0,0.0,0.0,0.0,0.0,0.0
3064,84.533,66.024,111.525,108.548,139.475,228.353,108.66,126.54,162.794,25.65,96.04,116.83,80.555,125.09,179.23,238.34,356.26,430.056,205.84,190.904,198.205,143.82,132.81,213.524,121.91,92.45,89.63,166.48,90.15,120.215,140.37,130.21,124.19,183.714,201.305,196.38,164.313,248.845,226.86,179.79,214.35,176.3,222.81,222.82,285.62,207.0,176.65,147.75,218.45,158.0,172.85,179.7,120.75,197.38,241.34,205.415,203.85,221.4,116.895,109.42,183.155,217.255,222.5,160.395,131.16,152.24,156.355,169.26,62.28,105.575,157.775,102.955,156.345,130.495,93.555,165.515,221.04,280.63,134.61,220.575,289.115,217.535,276.865,190.88,301.67,285.405,193.865,192.975,237.035,314.595,280.57,316.685,587.04,1076.64,900.84,749.815,707.43,869.39,876.45,515.345,319.61,257.46,396.47,882.725,961.0,1330.875,1468.44,1359.39,1346.25,1494.675,1320.885,894.48,1327.825,1689.32,2385.725,395.34,84.18,1336.095,3079.5,2666.985,1660.55,1778.57,1835.9,1862.175,1764.675,2183.205,2396.605,2215.25,1432.315,1918.205,1813.48,1962.465,492.75,867.655,1115.54,875.91,889.85,1111.55,1223.26,1485.99,1271.855,1098.325,964.93,1637.46,781.9,915.125,808.745,875.235,940.0,967.005,1150.61,1342.99,1188.29,1196.725,1286.14,1612.94,1003.93,990.775,891.82,394.265
3065,4.67,12.384,5.26,0.0,0.0,6.84,2.22,3.69,6.42,1.665,4.75,0.0,0.0,3.82,1.52,0.0,1.52,9.45,0.0,2.25,7.8,0.0,2.0,4.32,3.0,0.0,4.275,0.0,0.0,0.0,0.0,0.0,0.0,2.0,0.0,3.5,0.78,6.62,4.0,3.0,6.984,0.0,21.78,12.76,12.65,3.5,18.0,6.37,0.0,0.0,5.0,5.0,5.08,2.08,12.58,4.16,13.0,0.0,18.28,15.9,5.0,4.42,0.0,1.5,0.0,0.0,10.595,15.3,0.0,0.0,4.0,4.42,3.48,0.0,100.8,3.12,4.9,10.66,7.72,10.14,13.61,3.19,0.0,3.96,0.0,3.51,0.0,6.66,13.47,5.025,0.0,31.905,20.81,4.69,44.895,103.59,16.315,4.56,9.63,26.61,17.55,12.04,0.0,15.32,17.01,8.9,49.51,48.02,7.975,7.55,3.96,14.715,4.7,15.99,42.22,0.0,16.735,11.5,0.0,11.04,1.48,6.615,28.97,5.92,11.04,11.92,26.7,2.46,7.91,3.28,6.66,0.0,6.6,11.55,18.5,5.6,21.22,12.035,20.015,118.725,6.24,12.685,63.44,86.66,8.29,22.605,15.25,19.985,39.655,13.07,35.925,14.12,52.655,0.0,50.225,37.445,6.6,16.76,18.95,5.2
3066,3.42,1.48,3.04,4.58,6.75,7.51,0.0,2.35,3.42,4.56,0.875,0.0,0.0,0.0,2.09,0.0,0.0,1.9,0.0,3.68,3.12,0.0,0.0,9.8,2.07,0.0,3.0,12.0,1.5,0.0,7.0,0.0,0.0,5.795,14.0,0.0,12.0,6.08,0.0,8.0,0.0,8.32,10.0,5.78,8.75,0.0,9.34,0.0,9.01,3.0,0.0,0.0,3.78,26.0,0.0,11.635,3.0,5.66,2.0,5.2,0.0,2.75,11.33,28.38,6.5,23.25,0.0,3.45,6.657,2.5,26.35,3.24,0.0,0.0,0.0,0.0,10.54,5.13,10.8,0.0,0.0,11.3,40.6,0.0,4.95,99.675,0.0,0.0,40.975,0.0,48.39,6.635,13.3,23.29,9.91,14.25,18.64,33.405,6.78,10.035,42.905,59.96,9.675,18.27,34.83,0.0,16.64,0.0,28.38,18.69,19.57,6.27,11.88,8.295,18.8,0.0,6.27,46.15,0.0,5.18,0.0,7.4,9.99,3.7,123.38,51.15,0.0,0.0,30.075,0.0,26.34,11.49,0.0,62.605,28.1,80.915,90.99,11.73,5.625,10.845,6.66,109.36,38.04,77.07,6.225,13.28,6.64,10.585,21.165,0.0,33.94,36.835,57.24,22.88,112.43,78.05,0.0,10.98,0.0,6.16
3067,0.0,3.044,0.0,3.04,1.52,2.04,1.88,3.42,4.56,3.04,3.8,0.0,5.13,14.935,0.0,20.24,7.79,8.04,0.0,2.34,11.88,6.63,0.0,1.5,1.38,2.64,5.0,1.71,3.0,6.0,0.0,0.0,0.0,0.0,3.0,0.0,40.0,17.08,8.0,15.0,0.0,3.0,5.0,0.0,11.755,45.0,6.12,31.25,0.0,0.0,8.88,3.0,31.28,3.5,3.5,7.0,0.0,0.0,0.0,0.0,0.0,0.0,4.0,5.0,0.0,0.0,122.785,9.36,0.0,4.59,6.21,0.0,3.12,0.0,0.0,0.0,8.14,108.285,14.88,4.16,4.32,0.0,8.76,0.0,10.37,6.48,0.0,0.0,19.8,3.64,0.0,5.13,0.0,0.0,0.0,30.04,0.0,40.51,12.52,34.7,83.99,29.76,50.8,6.63,11.762,3.2,15.94,44.85,21.315,18.69,54.42,17.52,3.3,5.61,28.23,0.0,5.92,10.395,24.69,15.76,10.175,0.0,105.48,15.62,5.54,14.42,15.45,12.945,0.0,11.1,22.2,23.53,4.8,14.255,8.74,3.51,6.66,97.53,8.715,15.3,15.91,0.0,20.2,16.025,0.0,0.0,11.205,10.22,44.005,22.07,28.045,17.73,4.84,47.195,11.07,11.58,68.28,18.92,14.48,0.0
3068,5.114,11.454,16.404,13.46,23.55,41.11,4.56,17.622,40.275,16.06,9.79,0.0,5.32,8.08,18.32,13.15,4.65,38.99,15.18,36.77,46.04,5.79,9.88,17.73,12.92,19.98,16.39,7.1,13.16,15.15,27.0,5.08,20.055,12.62,21.17,15.68,21.32,11.75,9.09,3.0,5.12,0.0,14.18,14.07,28.381,27.96,13.25,23.32,7.96,9.24,30.36,5.5,18.61,39.8,78.47,22.41,59.535,9.885,15.72,12.15,30.43,36.72,17.94,12.58,8.45,7.31,4.76,15.475,6.095,21.575,26.215,10.305,0.0,19.712,6.14,16.78,23.54,18.745,14.85,53.705,9.09,87.37,6.74,47.662,20.16,35.64,34.95,35.495,14.84,10.79,18.004,29.198,12.1,45.494,41.445,25.73,35.715,34.045,69.58,58.89,53.916,19.02,18.86,35.715,26.795,50.01,50.26,104.77,26.03,29.97,40.665,46.4,89.545,61.24,28.125,153.155,12.13,24.44,88.85,46.9,46.095,41.235,78.68,75.255,146.085,60.56,41.905,32.45,22.97,34.815,76.965,50.591,19.32,48.415,55.124,62.865,47.03,58.755,93.215,97.29,50.595,60.91,93.855,89.34,29.655,36.13,62.415,41.94,31.975,65.76,82.735,96.01,31.85,52.895,85.245,66.305,28.12,62.845,47.18,6.65
3070,21.605,21.325,44.71,42.654,65.0,132.576,20.24,9.044,48.75,7.005,24.64,9.535,4.52,16.17,14.275,26.805,48.94,86.18,16.005,30.4,54.8,14.0,40.94,36.82,17.2,7.4,21.95,18.86,19.78,23.37,17.55,25.39,30.0,28.75,31.51,22.15,20.5,38.6,29.165,32.17,36.51,63.47,57.13,46.25,106.1,58.5,52.078,19.85,39.25,56.5,14.83,9.0,31.69,37.72,22.544,20.86,77.7,38.815,26.646,26.505,22.68,36.815,16.29,8.65,45.71,10.28,15.87,16.12,27.645,62.11,36.61,78.225,18.44,38.62,5.73,17.106,39.195,18.22,27.87,27.029,22.48,35.93,52.225,33.855,23.808,5.56,47.555,29.81,25.13,17.668,30.205,59.73,31.205,131.95,151.525,43.27,59.53,37.855,121.181,84.885,177.605,226.675,282.02,183.005,74.175,40.205,53.045,185.522,14.81,63.4,89.77,39.865,82.935,124.63,97.75,75.1,18.0,49.55,131.51,125.975,138.53,128.32,137.36,150.375,122.595,103.815,87.37,80.36,41.98,142.755,147.09,181.535,38.7,93.99,108.395,43.02,74.11,72.16,143.405,153.72,93.39,151.67,182.56,130.985,75.205,140.36,149.08,141.885,200.47,137.23,122.625,204.275,226.25,118.125,186.365,141.46,54.79,101.06,25.04,0.0
3071,22.71,19.634,19.26,12.585,40.385,45.175,7.51,15.31,26.915,1.9,12.79,6.44,4.195,11.08,13.56,11.68,22.33,37.63,12.12,23.7,57.695,13.44,18.5,25.44,7.18,26.48,8.615,20.09,12.76,6.0,8.0,113.35,10.0,12.62,21.21,15.11,12.0,16.47,15.06,16.0,25.75,17.0,26.5,69.46,40.525,59.35,31.5,19.0,15.04,16.0,28.56,11.0,23.6,4.6,9.26,17.82,7.12,8.98,27.79,10.73,9.94,18.84,5.83,4.16,12.12,8.58,5.2,8.51,117.93,26.14,21.91,39.08,28.14,25.615,55.96,130.085,113.105,16.55,13.34,11.615,7.14,23.84,31.932,2.7,3.51,11.88,35.48,16.17,8.88,7.52,9.84,39.215,117.275,146.655,69.68,50.605,48.915,38.87,47.825,39.995,115.595,224.34,149.22,105.795,130.37,31.24,31.805,125.12,15.44,45.43,60.705,47.285,156.465,123.98,68.87,36.3,22.8,54.96,70.485,129.68,36.15,104.09,130.08,103.86,97.93,119.9,86.025,125.21,49.28,57.83,86.54,81.59,147.065,35.38,133.885,55.88,26.06,49.84,24.39,45.175,88.99,79.77,95.285,79.35,73.61,88.73,53.765,53.145,75.015,59.57,111.485,53.28,98.975,72.02,81.895,80.675,74.47,57.28,32.56,19.73
3072,23.63,25.29,43.484,39.38,44.17,125.525,18.54,31.085,63.555,6.56,15.68,40.055,4.94,36.17,35.508,54.47,63.6,137.485,60.35,36.586,133.71,27.84,11.37,37.95,40.085,49.035,21.495,19.8,18.43,35.53,15.18,18.95,22.315,41.18,8.5,37.305,35.75,40.535,74.25,26.06,38.59,36.25,51.81,56.73,124.75,70.5,122.51,49.51,50.87,111.55,49.65,27.22,4.5,19.38,27.12,11.62,29.7,16.2,41.31,22.06,15.715,26.81,39.615,5.12,65.19,53.32,59.155,46.58,36.405,34.935,48.94,48.87,47.585,49.953,88.36,56.485,105.505,28.26,51.01,28.432,52.79,13.56,32.27,118.635,24.14,56.795,16.12,22.14,25.21,35.495,81.475,97.8,193.39,236.88,131.465,101.91,42.56,99.563,121.285,170.955,298.25,169.866,156.42,232.175,167.605,32.05,207.375,191.67,41.85,258.955,57.13,188.855,90.25,122.245,120.965,97.28,45.99,48.41,221.015,218.425,81.245,148.68,142.61,214.39,187.03,203.04,216.53,119.89,94.4,135.82,169.075,250.98,104.33,189.215,300.89,32.48,242.86,266.185,93.87,286.545,193.285,203.1,154.485,304.435,158.93,205.85,120.425,254.63,250.485,427.35,80.47,294.465,140.09,244.785,111.32,201.53,55.19,73.88,119.72,50.16
3073,28.4,26.625,50.24,51.685,99.3,133.33,26.98,24.63,101.994,4.56,18.86,13.9,28.115,25.06,96.36,102.73,107.065,103.83,58.83,75.86,130.44,39.87,26.36,48.91,50.305,74.82,42.5,32.94,36.935,49.43,97.035,56.72,52.46,35.25,38.7,29.61,64.0,46.08,38.88,45.41,45.54,76.25,80.66,90.19,155.83,151.28,113.525,66.0,33.3,69.55,54.47,44.5,34.5,20.81,20.62,36.08,31.07,28.75,47.9,33.0,29.715,28.4,68.57,41.79,62.45,23.54,7.16,51.52,44.78,61.56,135.68,71.25,23.45,104.197,32.998,25.008,40.265,118.195,47.0,110.44,22.225,30.2,95.835,37.79,31.005,53.76,77.705,51.28,84.795,39.975,35.645,395.54,225.955,211.417,158.235,136.015,143.63,212.62,151.665,221.385,362.15,249.125,258.885,182.61,105.79,77.38,161.27,121.12,110.215,149.245,239.53,108.355,212.375,190.255,270.875,21.02,0.0,75.93,274.57,456.9,108.49,208.15,203.54,232.37,211.55,147.31,154.435,214.75,133.865,315.575,214.225,415.525,118.1,126.14,91.515,165.615,260.63,149.075,118.605,180.45,263.945,241.92,375.83,201.24,207.12,212.645,237.725,178.445,170.005,223.765,211.065,191.77,180.715,128.835,154.12,144.405,130.625,207.165,145.905,64.615
3074,18.64,10.39,26.93,24.42,33.89,41.97,26.445,15.135,25.39,4.56,22.86,9.64,16.88,50.25,38.01,44.16,88.87,114.678,45.29,41.94,87.89,32.16,22.78,53.71,24.5,18.37,31.3,50.1,32.96,20.5,33.1,32.0,16.0,74.55,22.75,22.35,42.3,39.75,36.89,38.6,40.0,28.94,93.0,135.03,69.95,40.5,179.0,74.0,24.25,106.5,30.6,51.5,76.0,82.765,72.7,70.0,133.0,41.0,48.92,79.04,73.79,56.885,62.17,219.385,21.91,132.3,154.34,75.8,29.855,33.045,45.85,77.095,69.96,11.96,108.89,198.565,104.1,116.525,99.45,98.255,30.03,73.85,77.73,239.815,44.065,93.55,28.305,37.165,34.83,219.39,58.805,117.97,39.16,162.775,10.53,114.225,205.005,251.48,146.025,39.99,175.18,88.44,65.58,161.05,296.495,110.78,342.845,81.215,42.845,79.745,232.61,142.955,179.225,191.42,257.18,105.66,39.96,255.62,165.355,218.21,162.275,98.16,242.87,127.7,274.86,338.915,193.49,273.47,139.41,127.135,225.98,137.88,50.7,99.54,71.17,110.845,151.43,39.855,109.35,217.805,140.975,79.505,255.475,357.565,112.29,69.935,44.91,125.54,127.32,159.5,232.165,79.21,85.765,131.045,116.025,134.48,34.8,90.975,87.12,33.0
3075,15.14,11.404,11.31,21.93,22.314,55.21,37.01,23.9,16.14,13.26,10.22,6.04,18.22,18.23,47.01,59.715,55.0,146.295,59.195,87.95,74.28,43.83,52.72,44.51,27.44,27.4,36.65,16.75,21.0,39.76,24.395,41.7,45.895,27.1,29.01,27.55,27.3,30.3,59.5,45.25,25.5,43.5,57.5,39.32,36.75,44.75,39.5,45.0,29.22,15.5,24.5,71.5,39.75,27.5,23.1,39.89,21.75,20.63,45.74,25.885,21.12,11.92,23.25,35.15,23.42,4.77,11.11,5.1,8.1,14.68,15.85,22.6,16.68,12.44,27.895,41.755,23.32,18.5,29.665,24.86,24.1,3.12,25.46,51.095,31.92,31.77,30.595,34.985,63.46,25.79,47.035,40.545,56.58,78.345,134.53,65.285,120.155,72.89,51.035,77.65,122.79,19.02,35.635,64.045,111.96,50.89,68.145,79.935,123.72,111.17,150.835,83.065,143.585,134.12,170.505,59.46,0.0,103.66,187.39,214.175,146.69,163.11,213.42,158.99,166.07,127.8,158.82,229.645,103.72,131.65,124.34,145.9,68.56,78.85,105.5,49.46,102.555,76.47,93.47,137.435,99.69,84.96,82.08,124.245,42.95,97.535,103.155,39.415,148.9,149.24,38.13,122.82,140.575,148.77,79.75,114.05,56.175,109.83,78.675,33.05
3076,19.894,13.834,29.29,37.929,87.845,120.053,25.42,43.91,45.205,25.404,29.52,32.23,17.06,51.45,51.5,82.52,150.89,154.54,92.165,74.89,97.59,46.995,56.19,69.88,49.63,35.28,56.3,60.59,40.73,50.26,30.74,49.28,29.8,42.75,68.99,19.34,99.75,83.0,62.04,66.48,52.0,61.5,90.5,90.25,100.05,55.52,71.54,47.6,50.5,52.52,176.25,102.0,63.6,70.82,66.57,69.415,47.0,73.79,30.46,34.52,17.62,55.35,177.105,64.59,47.48,22.92,34.96,45.1,46.305,36.31,47.22,93.078,60.36,74.185,44.64,57.41,113.57,59.43,12.84,39.515,35.485,80.695,84.82,112.0,141.365,98.8,73.17,148.01,99.05,23.1,97.565,74.98,108.65,232.265,107.63,308.28,140.68,109.11,187.515,224.985,252.255,30.2,60.64,137.255,196.37,353.0,206.935,346.69,298.18,238.825,308.265,141.14,326.95,363.81,420.405,70.665,0.0,215.64,567.295,625.23,261.59,512.82,373.005,400.53,286.39,392.55,319.92,428.495,161.19,343.755,333.585,395.435,318.65,116.59,223.705,134.595,334.95,231.835,300.945,426.56,217.965,408.83,208.285,321.15,147.105,141.8,133.255,274.345,202.535,227.525,325.415,265.72,320.7,429.675,271.08,298.855,217.71,136.725,90.25,33.13
3078,13.845,9.025,11.89,7.86,36.304,41.695,6.84,19.335,23.408,6.08,8.3,1.11,1.52,1.52,23.29,19.81,18.34,27.5,17.06,30.84,35.5,4.0,5.0,17.0,7.0,6.0,11.605,10.02,10.64,0.0,15.5,4.5,8.0,9.0,4.0,7.5,14.25,6.17,15.56,13.035,28.24,21.45,25.982,23.17,51.125,46.792,17.0,55.867,7.59,4.54,13.96,5.5,10.24,94.605,53.933,26.2,19.18,23.81,18.98,8.94,49.115,14.13,24.87,3.12,6.12,3.0,20.22,27.87,76.24,55.6,22.3,72.81,6.54,41.38,104.03,4.81,4.74,22.54,5.34,18.2,0.0,16.29,23.03,30.52,10.53,38.225,49.255,139.83,12.315,16.655,10.45,39.975,27.835,110.09,78.445,43.195,94.445,57.13,66.365,87.415,96.64,27.125,67.635,73.165,65.85,90.08,35.89,87.44,25.84,76.25,37.06,30.92,11.58,16.56,42.39,5.95,67.6,87.74,152.725,38.245,96.46,61.99,113.57,61.35,65.645,29.0,42.31,67.89,31.99,72.69,165.04,190.33,27.67,65.335,39.07,43.76,89.525,120.18,56.27,102.91,128.135,53.94,65.67,75.825,80.62,156.025,29.49,84.59,57.155,46.735,114.865,61.96,86.48,38.89,68.825,82.19,54.645,36.74,32.18,31.77
3079,11.22,26.13,14.33,23.26,42.915,58.41,23.085,18.524,30.703,1.54,6.22,2.28,11.39,9.72,7.98,20.02,44.09,37.15,16.61,10.573,57.935,10.4,16.34,38.186,18.14,19.77,22.99,6.52,13.002,14.5,9.94,8.552,11.53,21.922,9.0,10.4,24.41,19.969,18.74,19.73,30.13,15.1,26.925,16.0,12.5,26.0,24.41,36.02,15.424,29.81,16.5,26.37,16.0,37.98,11.06,8.0,43.94,17.232,36.97,10.09,5.64,20.04,21.35,14.81,23.175,0.0,45.645,24.5,20.42,84.76,14.3,16.695,17.58,93.887,33.87,17.81,34.83,20.72,21.21,28.495,21.1,26.19,15.69,22.915,4.64,25.25,31.97,50.082,10.35,12.255,32.105,46.84,5.185,22.16,59.115,40.855,217.61,80.915,48.605,29.225,74.495,10.5,32.97,50.155,29.945,52.285,79.21,131.03,27.49,45.95,64.315,51.83,50.832,78.675,89.288,130.86,34.62,99.37,93.71,118.94,59.43,115.39,70.03,86.395,48.46,113.545,119.7,57.76,79.32,80.71,149.429,83.86,49.72,70.42,108.675,43.12,54.67,80.55,65.575,130.025,103.76,119.635,138.13,104.62,74.35,124.25,144.355,58.63,88.49,88.965,113.39,102.83,109.42,69.13,79.78,86.68,53.82,91.41,79.45,39.74
3081,13.98,7.18,19.42,16.79,19.32,26.414,4.82,11.005,21.675,3.04,1.52,1.52,5.24,3.04,20.23,19.96,17.55,36.55,6.4,10.0,21.075,10.06,6.2,38.22,8.44,9.005,8.2,8.5,19.32,8.5,5.5,4.0,6.76,11.25,7.0,18.8,8.12,3.0,3.5,6.0,10.86,16.94,37.125,2.0,29.0,29.11,15.0,14.5,3.25,0.0,42.58,49.0,53.5,15.25,16.34,9.2,11.75,9.7,66.0,37.96,4.6,21.08,28.985,30.47,8.66,3.0,21.59,17.93,0.0,36.2,20.04,7.02,29.64,13.65,17.32,11.04,161.7,81.285,36.04,5.4,8.25,8.37,44.53,87.505,12.78,18.05,67.81,121.855,71.845,112.285,18.32,36.18,5.5,55.6,21.825,124.38,23.205,160.762,49.71,37.08,118.41,14.27,156.745,82.485,82.31,82.58,149.15,30.75,51.675,39.1,64.42,61.465,95.495,52.555,63.72,23.26,41.55,21.945,64.74,72.55,86.39,89.95,110.995,54.57,82.14,51.98,90.04,97.615,60.165,56.93,181.32,57.29,29.52,66.61,72.89,32.815,107.31,6.63,53.345,39.165,79.14,38.11,153.695,118.395,58.94,100.18,133.57,32.835,58.155,49.965,125.675,182.725,86.87,68.115,52.135,44.605,109.75,76.715,16.72,4.05
3082,26.575,16.7,36.07,41.72,94.52,110.926,21.91,37.145,65.82,15.45,30.396,17.02,16.32,30.92,54.2,67.645,111.91,167.715,84.4,97.0,169.14,60.056,54.0,59.95,54.48,46.46,28.98,75.52,42.8,59.85,20.0,33.875,47.05,50.5,43.84,23.0,56.5,34.405,49.0,49.53,67.0,59.08,99.25,44.95,27.328,68.5,62.09,54.25,21.85,39.545,44.75,42.0,75.5,23.42,61.01,47.83,41.285,66.07,35.125,34.02,30.58,27.38,28.04,39.405,14.73,46.325,91.06,27.82,49.81,18.23,34.14,124.715,27.41,30.49,61.69,22.95,36.235,39.79,2.24,24.955,23.54,51.23,45.55,33.88,18.49,30.535,72.315,44.67,79.195,42.79,265.1,34.97,63.755,113.062,129.215,102.21,162.595,139.21,233.19,157.625,88.225,22.68,86.33,88.175,129.38,141.785,183.11,160.465,89.66,170.615,238.6,136.64,65.055,158.63,248.28,21.12,19.45,110.25,182.7,238.26,187.61,186.07,180.31,217.57,141.77,179.52,174.34,126.74,147.45,174.36,216.99,111.48,51.16,92.635,120.93,90.26,64.135,142.52,145.88,160.28,126.935,94.335,193.36,154.515,132.325,83.195,65.185,137.69,129.93,214.43,156.955,155.77,93.83,93.09,153.435,275.835,117.98,94.79,102.135,64.6
3083,29.9,36.33,50.825,54.245,80.489,116.635,31.09,57.435,49.188,24.16,18.024,48.51,8.84,45.66,62.91,62.83,113.56,180.71,55.7,80.59,82.12,34.19,30.7,58.57,37.58,27.17,39.9,37.26,76.23,53.85,41.654,40.26,153.17,16.45,35.88,15.56,45.55,45.955,47.495,35.25,31.15,34.5,114.89,41.078,73.5,66.95,54.25,31.42,25.19,73.0,31.9,23.5,12.0,40.26,33.06,69.19,29.65,21.16,18.39,135.05,35.62,9.27,57.86,13.505,39.13,13.32,106.48,17.53,41.314,24.4,39.79,45.78,17.22,130.96,36.745,40.416,44.76,92.83,87.56,33.745,52.88,69.825,100.16,142.62,37.51,25.23,54.975,20.045,39.68,139.4,22.565,131.805,107.18,128.52,115.705,148.47,122.125,231.465,161.025,93.506,205.967,110.57,80.79,65.805,100.375,125.815,164.095,137.745,117.89,163.75,140.525,109.06,106.43,195.67,156.55,46.395,0.0,87.81,339.51,281.53,248.12,163.46,195.14,291.155,230.86,204.685,216.95,197.88,131.05,216.335,196.54,271.335,57.88,128.115,139.215,76.8,80.695,190.685,183.42,139.01,193.635,58.68,118.77,165.125,302.845,174.455,107.015,70.835,134.465,131.315,159.22,201.675,117.945,189.06,159.455,166.345,144.92,88.37,135.89,33.12
3084,22.99,28.225,46.723,29.378,49.205,107.832,23.75,32.18,35.29,11.034,4.79,17.5,26.89,29.81,36.41,53.06,58.11,94.16,26.79,34.89,79.795,29.56,15.42,57.72,21.33,13.0,20.1,38.25,60.36,0.0,11.045,13.0,37.56,29.825,34.09,15.0,31.25,66.94,40.58,45.795,49.125,12.0,67.02,27.56,60.875,51.22,24.0,54.33,21.5,34.0,38.685,36.08,47.5,57.75,50.975,42.9,29.56,11.06,16.27,58.33,19.165,33.94,43.9,28.45,48.47,14.39,33.2,14.56,25.08,16.54,27.89,16.96,13.1,29.02,19.9,133.92,51.606,11.58,21.504,55.198,49.12,90.79,78.08,79.59,106.96,64.6,33.27,93.535,37.45,23.115,71.185,41.005,46.55,110.23,63.662,110.88,97.075,164.04,76.035,66.65,57.32,75.715,55.415,48.32,81.055,121.84,113.72,117.195,40.26,102.25,70.865,54.4,217.075,100.08,189.16,36.37,33.12,71.5,95.985,159.435,146.86,168.97,141.52,105.855,91.515,183.135,129.06,173.385,66.46,95.845,85.74,185.29,68.69,121.32,135.93,91.805,102.065,148.36,119.44,134.225,125.33,108.29,128.22,116.785,122.085,95.23,109.82,104.345,207.81,132.825,113.565,173.465,159.13,150.26,110.175,161.1,111.545,120.575,77.735,28.12
3085,8.75,19.98,28.7,21.83,21.522,53.425,14.378,10.86,29.175,0.0,9.51,3.04,5.32,10.185,4.94,17.71,32.395,58.91,27.608,27.74,44.61,6.0,22.35,16.835,9.12,7.92,0.0,3.0,2.0,12.9,16.22,9.48,11.045,22.3,15.5,6.75,3.5,20.5,20.0,15.75,30.91,29.5,24.15,13.3,41.5,45.5,26.25,18.09,21.14,14.0,14.5,12.505,15.2,31.84,13.4,13.5,10.25,17.16,13.5,1.5,0.0,17.5,18.0,21.84,9.76,18.79,7.5,7.04,8.8,6.3,0.0,77.045,8.23,28.875,8.34,140.795,27.965,13.88,16.625,17.675,36.87,4.32,24.99,22.418,29.86,16.38,18.34,40.725,28.955,11.26,19.57,22.25,27.93,66.505,23.425,39.98,37.825,39.73,108.67,54.62,32.91,6.325,35.06,47.725,32.505,88.985,33.72,47.66,44.01,47.21,63.215,121.02,23.68,46.875,39.55,0.0,0.0,11.1,97.24,138.2,53.395,128.945,57.91,68.65,71.555,69.18,78.86,41.14,34.955,50.225,101.55,74.76,20.23,44.46,34.33,19.25,25.1,84.82,34.605,105.065,75.45,76.3,70.635,63.03,45.55,33.745,89.875,53.745,87.83,73.74,74.78,79.14,120.185,114.71,75.58,46.32,22.445,41.85,36.635,31.24
3087,6.404,11.74,18.62,25.77,12.834,18.97,11.472,26.0,12.12,0.0,5.1,6.5,0.0,10.64,20.32,4.8,28.99,31.61,20.21,15.55,19.0,9.72,7.17,27.05,6.8,8.1,7.54,11.875,0.0,4.0,3.33,5.0,7.5,4.75,0.0,7.03,12.09,19.06,14.5,6.68,12.75,27.46,15.5,13.75,18.5,7.0,10.59,22.5,13.45,22.5,3.5,22.59,10.5,4.5,5.0,5.0,8.435,4.68,8.16,4.5,0.0,22.0,15.83,11.5,28.52,4.0,6.405,8.66,4.578,9.23,9.01,11.09,7.62,8.72,14.08,27.54,10.0,6.81,6.48,6.72,15.055,13.18,17.47,4.86,10.64,0.0,36.86,15.26,30.13,0.0,9.0,4.5,8.325,43.8,17.2,21.415,14.57,26.79,18.977,51.265,12.865,0.0,16.7,27.925,24.74,58.375,28.62,35.355,38.98,44.875,49.715,12.915,52.58,40.59,26.94,9.31,93.6,0.0,32.04,88.04,55.16,41.94,46.36,47.135,56.0,51.06,84.68,44.71,37.81,40.46,106.355,48.84,9.86,118.97,57.665,39.01,57.67,27.54,57.625,32.07,77.46,36.45,42.965,32.88,38.08,41.915,36.55,51.375,62.51,59.37,23.12,120.515,62.69,63.565,14.96,111.355,50.5,73.615,49.5,8.8
3088,50.454,22.32,36.785,28.35,55.565,75.15,30.966,29.805,37.707,2.893,21.725,15.77,14.3,19.03,39.5,60.63,71.97,137.215,39.475,40.02,77.545,26.52,26.71,46.645,22.33,18.36,30.42,43.23,46.46,8.5,25.5,21.0,46.1,15.55,37.01,22.0,45.39,39.51,79.0,50.77,66.5,56.0,53.35,15.0,41.5,63.975,86.732,24.75,46.45,41.2,29.75,52.24,81.3,31.74,49.05,13.96,17.62,16.36,22.065,37.805,12.16,35.94,54.7,31.79,36.475,4.42,2.04,11.78,34.225,37.698,43.93,74.51,33.06,15.09,13.48,28.94,39.785,28.38,21.3,30.6,49.49,43.945,56.35,30.75,26.19,95.725,66.595,86.725,69.975,43.675,47.925,35.68,51.295,68.475,103.985,178.94,135.875,152.77,126.755,108.035,108.075,45.365,64.985,49.375,62.715,80.225,75.12,187.445,82.245,118.985,137.5,293.18,93.4,115.735,143.44,29.23,6.66,64.23,207.995,194.175,145.41,186.99,225.68,262.29,174.61,189.75,206.98,173.15,71.565,166.79,175.53,171.71,100.305,81.665,135.45,77.92,87.52,141.56,176.48,202.57,158.175,126.19,244.655,212.715,182.96,230.485,167.74,107.585,217.895,285.08,123.57,168.0,279.375,147.36,165.935,189.95,103.71,134.77,71.52,24.64
3089,17.4,20.985,43.43,13.51,28.709,84.108,6.21,13.77,22.77,6.41,2.28,7.26,14.03,40.23,57.76,23.46,53.5,79.24,16.07,26.58,48.22,16.52,30.65,20.5,11.4,27.14,4.94,4.24,43.72,8.35,9.645,14.6,24.04,22.12,7.56,5.35,0.0,16.0,17.85,15.25,41.13,26.06,31.71,18.6,33.0,37.59,17.13,23.05,17.09,21.75,24.955,34.78,5.72,24.43,20.0,27.36,9.0,24.03,7.42,18.84,4.24,21.55,92.32,11.925,21.78,19.46,33.82,17.42,8.64,31.73,27.09,26.58,14.1,30.13,18.605,19.448,45.015,11.27,32.43,25.345,23.41,27.91,30.18,18.985,17.1,5.6,25.765,20.66,36.885,35.625,48.88,66.245,25.08,48.08,49.81,181.8,38.895,92.83,106.345,37.025,34.045,10.4,0.0,171.44,43.725,40.555,58.4,46.5,50.055,70.39,74.39,70.28,100.715,52.73,163.255,9.625,13.32,90.4,183.295,94.36,61.3,94.28,148.08,108.33,124.36,92.76,79.2,107.86,67.76,72.83,99.78,94.13,44.49,101.99,89.14,32.89,88.505,152.93,60.06,140.08,76.92,58.895,110.455,165.485,105.35,114.675,86.105,46.88,72.665,75.72,85.695,68.54,106.535,116.77,75.015,137.94,60.68,91.35,52.745,18.04
3090,9.46,0.0,3.0,0.0,1.52,26.745,9.98,3.04,17.4,7.79,0.0,0.0,0.0,0.0,4.18,2.33,6.51,9.53,6.84,9.27,8.8,0.0,4.5,19.52,0.0,0.0,4.32,0.0,5.28,0.0,23.75,10.41,4.0,0.0,0.0,9.0,3.0,10.0,21.5,4.5,9.0,4.8,10.0,0.0,0.0,18.0,3.5,8.0,4.6,3.0,0.0,0.0,11.76,0.0,0.0,8.22,11.0,4.578,5.72,10.83,0.0,4.68,0.0,0.0,0.0,0.0,0.0,18.44,3.77,14.385,20.21,0.0,9.4,6.75,0.0,0.0,11.04,4.59,4.86,15.72,5.4,10.44,12.76,20.53,33.175,11.61,15.32,34.23,21.29,9.9,4.34,0.0,16.42,39.82,11.7,14.545,12.15,37.27,35.565,6.6,38.48,18.8,0.0,0.0,62.25,28.51,0.0,6.51,6.6,21.915,15.18,0.0,10.725,6.6,40.715,0.0,15.84,21.315,69.69,19.25,13.26,37.02,41.44,6.6,0.0,29.62,24.0,18.385,44.88,17.76,28.27,86.83,0.0,50.82,9.13,26.11,65.04,36.11,21.45,76.485,20.68,32.115,13.3,14.03,37.73,19.94,28.635,23.74,63.39,72.585,28.36,26.72,39.87,8.91,51.485,80.82,57.22,0.0,28.6,6.6
3091,1.52,0.0,5.14,0.0,8.32,5.51,0.0,10.125,27.35,0.0,3.04,0.0,0.0,5.7,14.02,3.04,1.52,23.17,0.0,0.0,11.47,0.0,6.5,4.9,6.0,0.0,2.0,0.0,0.0,2.0,0.0,4.5,8.5,0.0,10.0,0.0,0.0,10.0,9.09,13.0,24.0,7.5,10.0,0.0,4.5,10.0,9.5,0.0,7.14,13.5,10.0,3.64,0.0,6.0,12.75,8.75,14.34,24.36,0.0,15.105,10.2,2.0,3.0,15.01,0.0,0.0,9.18,4.59,3.38,11.625,6.24,0.0,12.28,3.18,4.59,0.0,34.18,11.23,10.26,48.83,4.95,4.86,25.94,6.21,9.275,17.05,15.05,60.845,0.0,10.2,13.2,64.355,16.26,14.64,18.015,23.765,6.325,26.48,10.45,25.3,16.2,12.6,0.0,0.0,28.69,21.48,52.71,6.6,21.78,0.0,16.02,0.0,61.65,17.08,24.2,0.0,0.0,0.0,0.0,13.29,3.3,62.41,56.85,33.61,9.99,16.62,22.51,19.79,23.12,16.94,0.0,0.0,16.25,0.0,24.2,0.0,39.38,51.93,13.26,12.92,13.28,35.5,13.655,49.6,6.63,10.45,26.59,0.0,12.32,37.35,82.74,0.0,27.5,44.855,10.56,13.2,50.6,33.94,8.8,0.0
3093,7.78,3.5,1.52,1.505,10.02,19.48,0.0,5.32,11.51,0.0,0.0,1.52,1.52,1.52,3.04,6.5,18.235,30.4,8.04,14.44,15.5,9.26,0.0,13.3,0.0,2.6,8.0,1.6,10.0,0.0,17.905,12.5,5.0,5.0,10.0,2.0,1.75,0.0,3.0,17.5,5.0,5.0,9.5,9.5,9.07,13.5,22.25,7.0,0.0,0.0,9.2,0.0,11.0,1.0,19.2,22.25,2.0,3.0,10.4,7.46,0.0,0.0,4.16,17.12,6.62,0.0,0.0,0.0,0.0,4.505,0.0,3.12,2.55,6.25,0.0,10.06,10.335,9.38,47.755,0.0,0.0,0.0,0.0,0.0,10.112,12.69,0.0,78.255,15.985,45.875,6.03,20.53,0.0,14.345,12.99,42.7,7.7,28.08,38.86,20.02,3.24,118.845,6.16,16.5,24.21,12.6,33.75,0.0,5.94,17.185,12.59,35.8,29.23,26.7,21.59,19.8,103.2,0.0,36.4,54.865,6.6,81.93,12.155,25.84,0.0,16.66,72.03,19.5,20.55,46.115,28.08,41.78,17.58,6.66,41.01,13.63,75.36,62.62,7.98,28.08,6.63,8.715,46.45,40.135,5.18,26.58,73.595,8.19,33.015,28.4,17.2,49.315,17.78,20.57,33.975,15.84,12.7,0.0,29.92,15.62
3094,4.1,14.1,9.16,9.955,8.3,14.24,11.39,6.9,21.58,3.04,8.36,11.04,1.52,20.71,1.52,18.536,16.9,24.64,17.07,7.94,25.275,7.72,7.61,21.86,5.8,0.0,11.89,2.64,5.145,15.08,5.0,7.23,14.0,12.0,7.0,9.0,21.355,11.0,6.5,18.06,18.06,7.0,27.68,16.0,5.62,13.42,17.09,14.0,21.27,12.0,12.0,3.25,18.5,5.1,31.17,28.13,8.16,4.505,5.0,0.0,8.16,9.18,9.0,2.08,3.56,5.7,5.2,4.5,14.56,11.22,21.48,125.06,11.72,4.5,16.445,17.31,17.38,5.12,6.4,0.0,7.485,32.96,12.99,29.59,2.03,11.18,17.12,21.38,11.165,9.18,3.24,15.685,8.335,30.09,21.0,24.7,31.235,24.58,12.18,10.915,25.17,34.33,33.03,25.0,22.415,12.475,46.73,60.93,34.87,43.41,37.86,29.055,45.635,27.36,28.765,11.88,0.0,32.52,76.37,51.49,46.13,40.0,51.38,72.23,42.79,48.84,63.29,89.28,36.37,50.95,45.68,88.315,7.4,32.53,42.0,69.72,64.18,57.26,30.13,55.88,39.685,69.09,172.285,74.875,16.6,89.455,76.46,71.99,63.785,65.66,33.93,53.66,49.67,123.5,75.815,22.975,19.68,51.88,15.21,20.415
3095,24.395,23.25,32.05,32.03,74.224,112.601,27.505,42.14,100.4,12.72,9.95,13.52,16.33,32.59,51.12,44.992,86.745,117.414,60.9,60.07,105.245,48.07,26.71,44.48,21.5,28.2,23.48,52.94,37.23,6.5,22.64,20.0,33.39,29.5,26.5,37.6,28.88,22.475,44.245,40.095,76.512,49.64,29.71,47.05,66.26,75.83,46.09,48.52,27.5,25.0,67.605,52.365,71.15,49.21,57.19,51.865,40.63,12.83,32.305,33.998,27.94,35.07,33.92,47.775,26.01,23.485,52.965,18.84,50.19,52.68,37.73,64.446,58.33,42.57,32.07,41.24,114.049,109.44,93.493,49.71,29.71,110.89,81.252,100.625,91.585,65.68,187.711,55.51,80.025,90.545,76.465,81.8,38.55,139.595,106.42,236.18,142.175,153.39,110.72,92.65,76.27,133.165,51.56,76.735,111.57,193.195,118.53,173.07,62.46,146.62,177.995,244.16,142.815,162.765,128.355,53.48,0.0,199.18,238.03,231.755,142.935,170.695,221.055,211.04,234.23,155.195,197.275,144.3,132.16,122.485,179.39,188.895,86.31,115.13,253.45,118.855,187.4,147.685,255.48,154.73,140.1,259.69,248.33,247.31,191.615,253.045,291.69,195.205,282.815,143.48,117.215,268.825,304.695,203.67,216.79,190.51,156.91,171.105,188.69,17.6
3096,0.0,2.82,7.58,1.54,10.7,9.125,0.0,7.0,6.99,1.5,4.18,1.56,6.49,2.28,5.71,3.28,1.52,18.45,4.56,2.4,5.52,0.0,9.0,0.0,0.0,0.0,0.0,0.0,1.75,1.965,0.0,0.0,4.5,5.0,8.0,1.75,2.25,0.0,0.0,13.5,12.185,8.1,12.0,7.0,2.0,0.0,4.5,0.0,10.5,7.5,0.0,0.0,4.5,0.5,2.0,2.0,4.0,7.68,1.5,0.0,4.5,5.18,6.09,6.15,2.12,0.0,0.0,0.0,0.0,10.15,0.0,4.5,6.09,0.0,0.0,0.0,0.0,2.7,0.0,0.0,0.0,9.9,0.0,5.04,0.0,0.0,11.85,18.7,7.62,13.2,6.16,12.47,17.985,8.91,11.72,9.9,0.0,12.7,13.11,0.0,6.6,6.6,22.5,0.0,1.24,6.08,5.985,12.54,0.0,17.245,19.8,6.38,18.48,6.6,14.67,0.0,0.0,6.6,13.26,15.91,0.0,13.26,13.32,49.37,10.36,24.62,17.02,6.66,13.32,6.66,14.8,35.86,0.0,7.77,17.19,14.96,6.66,12.52,22.37,58.16,0.0,10.375,6.64,31.955,15.1,9.43,0.0,15.4,30.855,0.0,0.0,17.39,5.81,10.375,23.575,27.74,17.015,15.73,6.6,0.0
3097,0.0,4.44,8.24,1.5,1.54,25.18,1.1,0.0,2.09,4.23,5.01,5.25,7.02,7.7,9.34,0.0,1.52,6.8,5.185,0.0,13.96,1.6,4.5,0.0,0.0,4.5,4.5,0.0,10.64,0.0,4.5,6.5,3.78,0.0,21.96,0.0,0.0,4.5,22.225,16.37,3.0,4.5,7.0,0.0,9.5,0.0,13.42,3.5,29.5,4.0,0.0,7.0,8.58,4.0,0.0,0.0,0.0,2.915,3.0,5.0,0.0,4.48,0.0,0.0,4.505,9.1,0.0,0.0,0.0,0.0,4.59,4.5,4.56,0.0,8.98,0.0,0.0,12.96,0.0,10.44,5.1,0.0,27.39,9.45,0.0,13.95,10.45,0.0,8.32,0.0,9.69,15.8,21.06,16.09,7.84,25.77,3.2,18.371,4.125,10.505,34.215,1.925,20.985,11.655,0.0,9.9,14.85,28.02,0.0,28.21,6.6,12.8,12.78,38.64,0.0,21.84,0.0,0.0,35.28,17.39,13.32,0.0,24.86,36.85,8.2,11.22,34.59,63.895,10.33,16.65,26.58,27.648,13.32,6.66,13.28,35.52,7.8,48.68,29.67,2.905,6.6,18.26,17.43,55.61,13.05,11.62,19.13,6.66,18.3,21.92,0.0,23.29,2.4,0.0,0.0,46.94,48.64,36.61,0.0,21.645
3099,15.99,17.42,5.06,4.7,23.39,28.84,4.56,18.1,23.59,7.21,4.09,6.46,7.6,3.42,3.04,14.92,29.767,17.245,17.835,29.08,15.268,0.0,29.22,16.24,9.75,8.55,9.5,6.54,14.5,5.1,4.0,5.79,14.94,23.18,13.67,16.6,12.25,4.5,6.06,0.0,12.0,14.125,6.0,21.0,21.25,20.5,14.5,11.0,5.0,8.0,1.5,12.66,19.62,13.6,6.0,11.25,14.005,18.56,11.0,4.0,11.86,13.5,4.5,0.0,3.06,0.0,0.0,4.5,43.32,13.61,27.37,8.0,19.14,7.6,26.67,11.25,20.91,24.49,0.0,29.385,6.74,12.095,92.89,8.73,5.4,50.88,4.95,5.22,6.21,4.05,14.71,6.365,6.48,50.81,13.2,66.395,6.6,34.07,73.945,2.97,10.725,6.6,17.925,0.0,6.6,18.435,35.12,17.75,30.96,32.73,45.615,28.04,21.21,17.4,36.86,0.0,0.0,36.66,127.455,99.38,64.0,37.01,41.69,59.45,61.69,34.81,50.9,39.51,41.8,49.74,14.74,18.57,22.91,39.73,53.87,82.33,19.77,42.42,22.0,54.81,42.55,34.61,65.92,41.935,0.0,75.23,50.88,37.01,19.41,19.505,34.16,38.07,43.755,60.83,21.54,27.43,0.0,13.24,17.135,6.6
3101,6.61,23.974,31.995,21.32,29.485,62.761,24.37,27.98,20.43,12.76,0.72,3.04,6.06,25.8,21.371,11.63,52.272,51.105,31.06,6.56,33.035,21.69,12.415,34.01,8.26,20.765,16.42,11.545,16.8,8.1,26.5,30.66,18.75,14.475,34.96,29.285,21.27,14.12,17.5,5.0,17.578,13.66,27.55,27.125,23.75,36.52,46.32,37.95,15.27,25.264,25.0,56.47,27.78,112.8,11.75,2.5,16.88,9.2,9.78,16.16,18.72,33.77,5.2,35.66,33.58,21.14,28.67,34.84,13.905,6.0,62.875,10.14,12.92,69.282,141.997,30.975,5.2,16.28,42.105,35.465,58.34,43.357,66.21,48.225,29.75,76.242,27.29,27.18,24.845,33.07,30.04,29.705,23.405,65.15,78.135,171.335,99.925,180.445,125.365,83.125,86.09,158.735,66.63,52.866,246.4,42.365,75.875,58.135,31.08,110.69,128.53,51.095,76.97,83.785,56.175,27.15,0.0,59.555,96.41,107.055,71.34,109.32,128.28,120.08,96.53,120.94,103.34,51.69,58.5,89.69,150.56,225.53,57.22,170.0,101.375,49.88,91.68,42.49,76.555,140.495,166.83,99.08,171.965,88.07,46.82,163.265,153.535,100.685,83.3,72.79,103.6,152.935,93.56,70.4,201.285,217.055,26.84,132.335,129.745,13.2
3102,1.52,6.954,18.125,4.56,3.06,25.736,5.13,7.62,25.074,0.0,1.52,4.18,0.0,2.0,6.46,3.9,8.33,41.05,3.0,7.95,21.98,0.0,0.0,20.74,3.2,1.5,7.07,0.0,4.5,6.0,0.0,0.0,1.5,5.0,0.0,4.0,0.0,2.0,7.615,3.0,10.5,6.48,11.5,14.5,0.0,2.48,0.0,1.5,3.0,17.96,12.0,1.56,4.16,2.55,17.92,10.7,5.0,3.12,0.0,1.5,5.5,0.0,18.725,17.09,9.2,2.55,8.0,0.0,10.22,11.44,2.12,3.12,0.0,7.475,5.79,3.18,0.0,5.3,3.24,18.66,9.324,0.0,40.69,11.28,0.0,6.315,5.13,9.075,10.31,0.0,9.27,16.53,5.25,16.125,10.91,5.5,0.0,29.655,57.85,28.31,10.94,6.325,14.265,9.8,6.6,19.2,24.69,22.365,6.9,26.41,35.52,19.8,28.005,62.1,11.88,9.9,3.96,13.32,36.12,37.56,13.26,66.82,59.44,142.24,33.84,0.0,8.36,0.0,39.505,65.765,23.04,34.88,21.24,21.46,53.805,13.18,18.54,46.605,73.725,47.585,41.39,39.465,25.205,27.675,19.225,46.535,70.24,39.485,48.595,34.25,6.24,54.475,52.965,53.135,31.65,20.935,19.8,68.64,21.56,5.225
3103,9.99,6.92,23.26,19.27,30.014,38.62,9.885,11.554,25.66,4.58,6.06,1.11,2.28,10.64,17.405,20.49,42.555,17.24,18.12,21.33,44.355,5.0,22.055,16.85,12.92,2.0,0.0,0.0,0.0,19.6,9.75,41.0,31.0,21.75,5.4,41.165,6.0,13.8,5.0,3.0,12.5,21.0,8.08,14.5,23.49,40.0,14.04,16.4,6.57,12.9,13.69,22.5,32.87,10.0,9.5,10.66,9.75,20.544,10.7,6.16,5.2,9.36,44.637,8.32,3.12,17.39,3.0,8.42,17.973,29.1,26.78,14.48,9.17,1.68,20.465,13.38,18.57,6.54,146.2,15.48,13.98,30.255,94.008,45.11,0.0,17.1,25.15,67.47,42.38,11.82,7.2,16.29,19.03,60.85,33.92,20.08,17.1,55.61,42.335,51.265,73.665,19.975,34.435,31.47,57.45,45.165,49.855,80.985,32.7,41.835,78.02,71.155,28.47,47.37,68.26,16.605,19.715,38.84,158.75,79.855,112.87,55.04,95.68,117.7,42.375,74.25,72.91,38.59,16.56,58.255,99.235,114.25,48.3,107.82,83.57,55.67,48.53,22.57,73.965,86.665,40.735,112.385,84.15,43.135,22.375,128.69,113.9,11.4,36.08,38.525,25.44,50.85,145.215,122.81,138.56,79.15,78.895,52.4,44.315,26.01
3104,24.52,15.275,16.68,32.749,43.185,46.65,11.34,28.71,34.865,0.0,8.71,3.5,4.94,20.715,4.6,26.05,25.79,59.615,8.59,19.04,66.15,0.0,23.43,49.53,1.61,12.57,10.0,24.23,34.5,16.0,10.14,9.5,30.85,47.156,23.395,8.375,19.75,4.0,30.0,8.0,17.0,38.38,39.41,29.75,35.44,42.0,20.5,20.04,13.4,31.45,6.0,0.0,18.2,5.5,23.82,49.66,14.5,11.0,52.25,17.52,18.295,28.96,7.36,18.12,46.0,5.55,11.48,8.06,108.97,6.54,18.27,33.01,16.445,33.57,25.41,26.625,42.12,36.44,0.0,34.05,44.15,36.71,50.57,44.38,22.925,35.388,32.17,40.3,73.3,59.505,28.61,47.215,27.952,70.725,52.565,109.32,73.24,47.245,85.085,136.4,36.4,10.84,59.04,69.78,39.3,107.195,74.595,147.145,43.92,63.115,92.27,71.415,62.085,46.32,116.695,150.875,22.34,95.64,194.495,167.81,119.84,126.29,206.59,158.54,105.62,116.38,199.585,138.56,80.11,140.909,187.72,150.305,73.7,147.09,97.555,140.52,68.5,69.185,171.3,176.97,121.235,141.99,255.48,96.575,83.45,94.37,93.48,74.75,103.26,159.29,119.505,137.785,111.47,87.485,157.05,151.615,66.795,138.175,79.4,41.06
3105,6.42,10.03,25.86,22.235,27.89,64.675,17.03,16.54,5.335,1.14,7.725,4.94,5.25,7.02,10.26,17.155,21.06,30.08,18.005,7.62,45.625,13.2,10.6,19.03,0.0,8.29,11.0,8.07,26.14,9.0,12.07,12.5,7.4,12.98,1.75,0.0,0.0,6.25,26.21,6.0,31.7,16.5,8.0,5.0,19.5,42.25,12.7,40.5,17.0,26.25,10.6,23.5,26.5,27.5,9.5,11.52,15.25,7.0,2.0,31.98,7.1,2.0,10.675,2.55,2.04,0.0,6.94,5.18,8.29,6.26,15.8,14.22,16.56,8.32,0.0,29.925,2.08,0.0,13.34,125.48,0.0,4.16,3.78,44.885,14.525,12.05,16.65,31.92,31.315,15.335,12.71,6.88,21.69,40.555,39.295,34.915,59.765,37.185,30.21,18.215,59.1,15.13,39.06,47.03,6.555,64.92,61.17,51.45,29.03,30.305,76.455,29.4,30.62,52.91,91.62,0.0,6.66,36.78,100.45,71.85,50.2,55.74,99.42,53.135,52.19,32.19,63.895,25.47,68.6,50.21,101.11,69.3,0.0,75.68,53.52,33.19,52.33,39.29,66.05,108.765,53.095,21.185,50.475,38.165,41.52,49.92,40.005,42.805,32.63,37.615,71.12,61.435,34.995,46.33,40.14,98.675,58.03,19.85,14.96,13.2
3106,17.705,26.4,38.56,22.815,45.673,82.505,24.86,8.4,31.31,11.04,7.43,6.86,10.7,20.645,19.7,6.22,29.82,47.644,36.73,23.9,109.2,37.32,22.2,32.38,13.88,14.07,6.0,37.46,21.5,15.0,21.088,57.0,29.724,31.0,23.8,17.4,10.5,17.0,28.0,12.75,30.7,34.31,27.505,26.75,24.625,64.0,17.5,51.9,13.0,16.475,32.535,40.2,44.99,10.14,38.08,23.46,14.82,17.0,31.6,47.3,36.14,31.66,16.604,4.08,14.16,22.45,14.27,40.445,21.81,12.64,48.495,31.39,29.77,25.8,31.725,41.71,32.995,25.43,54.14,24.98,13.4,34.52,45.765,60.305,64.68,38.19,82.96,46.07,23.21,34.81,16.78,32.575,76.01,24.92,37.105,90.435,76.93,63.615,44.725,147.505,39.985,139.34,75.665,36.24,85.05,94.62,65.07,117.145,126.465,137.24,69.435,116.775,132.305,103.57,115.64,47.8,0.0,33.05,215.71,182.38,123.24,100.77,148.41,158.27,128.94,113.23,167.23,116.68,150.99,105.205,114.49,172.51,78.22,141.57,68.2,86.875,52.735,141.795,70.585,108.92,84.69,76.73,183.76,156.27,100.745,111.41,87.49,54.065,194.235,82.76,88.755,165.85,39.81,101.91,239.675,117.62,89.715,99.88,93.32,29.09
3107,4.56,14.67,17.079,13.47,25.48,42.86,9.08,14.9,28.823,3.06,15.28,7.74,3.42,13.39,19.63,5.02,27.21,42.13,22.64,17.07,39.18,18.96,18.48,18.35,8.81,12.52,8.65,1.5,8.0,10.0,8.12,16.0,14.0,10.9,15.25,7.0,0.0,13.3,6.0,17.0,33.06,20.0,30.175,21.5,27.5,34.75,22.85,8.525,21.0,20.88,28.75,34.96,4.0,3.0,40.023,15.235,4.0,7.12,4.5,33.1,5.16,21.44,8.72,15.075,6.36,6.2,3.64,33.98,16.0,36.1,24.26,29.3,15.498,21.855,3.36,14.035,14.015,9.21,7.87,12.06,9.655,12.62,26.865,29.13,4.94,14.43,36.99,30.235,9.815,24.895,39.13,41.465,50.37,42.875,71.605,18.11,33.5,41.45,56.905,153.306,39.04,11.26,49.21,40.01,53.31,134.92,64.665,46.125,91.955,49.975,87.58,62.325,41.875,43.575,79.235,0.0,0.0,47.13,102.08,75.79,26.46,47.39,104.67,105.84,34.35,61.01,121.54,27.18,67.79,63.51,169.24,86.32,21.67,33.055,85.08,49.02,57.4,40.435,43.81,102.92,79.39,94.515,61.68,132.46,60.61,25.935,98.76,50.585,101.19,179.465,59.585,57.39,44.485,171.995,100.725,108.695,48.84,55.0,48.95,29.51
3108,19.24,16.63,34.089,35.99,64.18,72.29,27.64,20.2,23.16,4.56,4.32,11.2,8.06,16.7,9.31,29.025,49.02,66.52,39.75,43.694,87.275,6.62,19.94,29.76,10.8,7.7,27.82,7.37,16.06,4.0,19.75,17.5,10.04,5.0,15.25,22.25,17.0,14.0,9.5,16.055,16.0,31.578,19.55,16.25,19.01,29.1,11.0,13.07,23.75,28.0,11.75,27.22,15.0,16.5,2.5,12.1,12.82,5.0,15.12,22.28,3.64,38.74,18.04,18.065,5.2,10.84,9.58,12.535,0.0,56.375,24.46,36.45,14.11,92.75,12.2,35.805,0.0,6.36,10.28,29.015,50.32,4.29,31.35,103.14,27.98,47.295,14.77,28.76,103.74,32.2,34.545,10.88,44.335,107.35,59.75,56.325,79.22,111.43,125.47,89.655,123.16,57.48,11.55,73.245,99.61,69.005,125.47,143.035,132.155,142.99,189.54,61.135,88.75,88.435,164.11,69.555,18.21,80.555,217.045,146.65,111.9,135.31,186.74,129.06,167.49,133.225,172.985,102.2,188.49,128.55,225.01,215.9,69.395,135.19,103.8,88.16,83.49,110.26,85.765,90.845,133.135,106.53,88.305,165.035,73.155,96.68,105.465,56.715,169.915,103.71,107.055,207.915,169.805,59.845,94.245,109.27,58.44,143.855,88.675,36.25
3109,13.63,29.82,50.39,50.234,59.99,71.169,20.56,26.38,48.985,4.56,11.5,14.875,12.12,29.65,17.4,49.8,47.48,69.6,10.04,39.93,65.67,39.98,30.31,46.19,20.0,23.72,20.84,24.12,25.5,22.54,18.12,44.105,23.62,23.5,24.259,28.4,6.055,15.115,43.66,3.0,30.75,57.94,64.0,27.48,43.95,53.342,25.0,25.5,60.0,23.37,29.37,23.5,24.5,111.07,26.92,36.98,31.58,39.5,33.395,11.74,19.36,12.71,7.08,32.59,21.08,4.6,29.04,34.8,18.88,20.3,55.56,31.795,46.96,11.87,19.7,13.19,11.64,6.3,15.27,60.54,51.83,42.57,33.74,21.095,36.255,35.065,34.56,49.375,9.99,30.54,18.89,34.185,89.19,113.575,133.4,109.52,141.69,129.835,132.85,138.98,147.52,48.005,130.695,44.99,93.61,161.99,198.445,157.865,109.665,198.695,137.035,80.625,157.54,167.85,97.4,116.175,13.2,176.865,276.73,330.125,149.445,185.105,244.695,170.26,107.14,180.26,235.575,97.27,36.0,232.765,214.89,157.205,109.535,112.99,168.58,82.29,58.265,107.31,203.44,167.23,202.655,140.375,132.695,256.55,128.9,153.95,238.255,150.62,121.22,71.615,136.61,146.985,150.28,130.42,184.06,145.44,131.01,182.53,101.93,25.485
3111,13.005,13.88,20.635,29.04,14.12,28.57,19.14,16.78,36.175,4.62,8.46,7.27,14.72,13.84,15.52,27.02,27.95,48.965,15.07,37.135,31.54,10.8,17.55,14.0,7.44,13.94,24.0,12.28,13.0,13.5,26.5,17.5,22.015,24.25,13.935,15.1,23.0,12.0,8.5,19.0,13.0,32.795,9.5,82.24,18.0,19.0,26.5,19.41,24.75,21.0,23.0,27.88,20.46,9.0,30.62,11.0,23.16,14.86,9.0,20.3,14.805,21.72,5.83,8.0,19.6,3.0,9.778,8.84,23.03,17.28,20.92,26.48,29.935,10.0,19.66,10.86,35.13,19.54,15.83,39.15,4.86,21.43,32.58,79.763,28.92,72.415,81.105,19.12,34.04,107.79,51.47,59.515,22.655,64.225,70.165,60.485,27.045,84.525,43.28,64.1,54.015,26.7,45.705,19.055,64.715,52.435,94.043,96.83,63.65,76.575,93.315,60.64,85.73,142.63,105.295,6.6,13.26,69.23,109.865,148.06,141.595,162.06,94.88,81.37,53.34,38.71,168.32,65.26,38.11,149.1,103.57,170.86,46.89,37.765,116.78,90.65,33.98,52.05,212.925,76.37,86.31,92.785,70.42,151.325,50.02,156.615,112.75,111.94,136.11,96.405,72.055,83.36,93.39,101.71,99.945,123.24,60.8,104.32,64.33,31.68
3113,12.355,5.13,11.39,21.63,30.514,52.612,26.5,14.38,31.325,2.83,15.075,19.396,4.48,15.66,23.48,11.17,49.98,49.25,52.43,26.1,37.11,15.56,14.6,31.07,8.66,14.8,9.0,12.58,12.07,22.34,21.982,19.25,2.0,25.0,22.19,17.18,13.5,29.24,26.44,17.0,50.5,23.935,36.0,16.5,19.0,21.5,3.0,22.68,8.0,32.09,16.0,27.29,19.2,26.0,23.83,14.04,30.735,27.71,18.24,16.34,14.44,18.0,7.5,34.99,4.53,29.45,21.62,4.5,8.84,18.44,25.09,40.87,12.39,41.261,21.91,3.92,7.14,25.82,9.63,18.05,60.92,20.07,54.03,63.43,34.68,23.98,67.048,10.94,23.905,8.55,5.13,21.167,112.02,46.91,32.275,54.96,8.4,55.935,45.18,10.8,13.2,33.715,0.0,11.475,24.48,58.79,31.78,35.095,38.61,36.7,63.275,112.365,51.75,80.05,45.205,6.6,39.29,8.0,117.48,108.295,37.41,79.77,156.39,104.65,59.8,69.31,59.43,77.16,22.94,64.53,95.28,79.14,56.68,75.06,94.32,71.18,52.345,98.215,67.27,92.595,90.15,84.655,78.815,55.08,73.425,97.825,36.415,62.09,44.31,86.145,113.68,111.335,164.42,104.355,117.895,96.725,6.65,20.68,31.235,9.24
3114,7.77,4.73,3.08,3.43,12.864,49.21,1.71,13.15,0.0,0.0,1.52,3.08,1.44,3.99,12.8,1.64,7.34,14.31,5.0,4.68,18.95,12.735,0.0,28.9,0.0,0.0,8.0,4.5,0.0,19.52,2.73,19.49,4.0,0.0,0.0,9.83,9.5,9.34,0.0,2.12,4.5,11.5,8.75,12.25,0.0,25.98,11.6,0.0,0.0,0.0,14.1,14.5,9.0,12.66,28.19,10.14,13.25,5.0,9.87,13.6,9.57,9.96,4.5,0.0,13.12,27.925,17.975,4.24,16.62,2.6,17.59,14.99,19.27,7.96,7.745,3.92,7.495,24.15,5.72,29.84,29.7,25.474,5.22,16.24,11.34,13.04,0.0,13.83,6.44,11.37,15.3,17.04,6.05,31.94,16.83,15.175,9.9,5.225,31.01,53.375,14.185,0.0,6.3,40.385,6.6,27.14,29.38,0.0,0.0,30.68,40.43,28.17,14.52,19.8,56.025,0.0,19.49,26.96,26.58,23.5,75.608,6.6,70.23,66.78,34.96,64.93,32.45,41.92,19.61,13.32,41.94,53.96,29.05,73.8,50.23,36.56,36.53,9.96,6.64,19.68,44.24,17.015,24.9,56.535,27.805,30.2,37.74,45.64,68.645,8.8,32.56,62.01,53.74,29.37,75.16,37.6,10.375,42.45,26.4,11.0
3115,9.04,1.5,12.16,2.96,15.69,7.765,10.18,0.0,14.27,0.0,4.44,0.0,0.0,4.56,5.7,12.175,27.14,26.31,13.01,5.9,29.945,9.0,10.95,10.5,4.0,7.12,2.0,0.0,6.0,14.0,6.1,0.0,7.5,21.46,4.5,0.0,13.94,15.5,13.95,25.5,12.07,4.5,14.0,0.0,7.5,6.0,9.0,13.5,19.0,3.0,14.7,6.0,8.505,8.75,9.0,23.505,11.505,0.0,18.54,0.0,21.12,26.39,2.12,0.0,5.0,9.0,8.37,26.66,0.0,7.48,15.25,4.505,18.41,11.42,0.0,29.174,13.26,9.095,3.18,30.9,9.68,8.4,28.721,23.285,3.36,26.615,0.0,17.82,29.56,18.33,5.4,31.3,19.645,27.665,75.075,35.65,34.98,26.4,25.7,43.57,23.44,6.82,39.1,24.425,50.725,28.405,10.08,36.155,41.01,32.53,0.0,0.0,28.08,6.6,19.8,0.0,0.0,18.3,52.95,66.83,22.56,0.0,23.25,36.895,38.55,81.85,26.82,33.55,6.63,59.615,26.39,14.02,16.0,55.35,107.03,21.83,12.48,16.65,90.082,28.3,37.96,43.49,105.27,55.805,38.3,47.715,14.94,32.97,16.56,32.82,6.6,59.2,57.955,87.35,75.19,49.47,12.45,73.09,13.2,0.0
3116,12.518,12.53,23.49,25.96,24.04,38.265,12.06,12.92,27.66,7.6,9.245,14.72,17.18,12.16,20.19,11.88,48.955,79.94,23.015,21.03,37.64,21.25,2.0,16.95,17.8,4.68,14.44,0.0,20.51,20.89,12.45,14.78,19.09,34.79,9.6,24.49,16.07,36.015,18.0,8.5,28.82,21.6,12.0,17.055,27.75,27.69,19.0,8.5,17.215,18.5,33.578,37.25,10.5,27.86,11.66,6.025,39.6,9.5,24.6,27.96,0.0,7.42,4.575,13.42,34.95,3.5,21.88,32.52,25.81,24.78,3.06,28.41,12.705,13.305,23.56,19.9,34.525,21.35,28.09,32.225,37.6,30.525,47.11,76.575,3.78,35.845,21.23,27.62,51.365,56.5,30.775,59.105,63.615,79.255,86.435,81.065,181.775,72.215,63.38,65.425,124.03,37.105,47.915,52.4,9.915,134.065,34.215,73.145,41.87,70.3,39.69,47.415,64.39,61.83,93.58,13.26,0.0,65.46,100.89,121.055,64.81,46.5,90.64,111.735,63.52,53.75,98.55,46.86,42.52,84.97,120.105,73.093,36.03,97.245,32.48,158.72,50.5,42.88,71.555,87.665,123.755,113.69,154.75,290.69,109.57,138.24,271.85,85.995,173.365,69.185,92.675,113.535,49.145,64.965,117.18,88.51,55.91,80.925,28.015,45.36
3121,1.52,3.024,8.36,12.48,14.32,53.94,6.42,30.445,29.43,5.907,16.46,0.0,1.52,6.41,9.67,7.74,19.09,32.646,12.52,6.5,24.673,1.5,21.91,24.535,7.5,21.56,5.04,10.79,13.23,13.93,18.352,13.2,15.42,15.8,6.72,0.0,3.0,17.75,34.0,50.649,40.443,11.0,10.25,9.5,44.325,82.66,16.089,13.7,47.0,69.805,72.23,11.92,5.1,23.5,55.75,42.54,14.97,94.23,22.1,24.44,8.0,3.18,8.25,16.48,7.25,87.44,8.52,0.0,5.515,50.11,47.01,43.63,23.05,23.91,16.66,5.96,37.695,55.14,22.15,9.22,52.71,29.91,18.86,43.8,12.13,134.04,75.94,0.0,40.45,15.24,10.44,66.82,0.0,33.215,41.95,75.055,17.79,14.29,41.895,26.775,114.115,15.65,24.03,108.305,5.5,34.47,47.85,116.93,22.99,88.11,89.11,62.105,22.11,65.74,94.52,54.875,9.21,64.745,90.715,90.78,9.24,33.88,58.9,44.52,42.6,194.58,20.23,31.49,49.38,151.2,62.17,163.78,27.93,73.065,68.01,30.53,151.7,34.555,131.22,38.25,55.755,108.38,57.35,160.995,32.0,115.14,58.225,29.07,110.785,132.89,93.285,48.16,10.62,36.09,184.195,105.385,36.235,73.955,16.58,9.03
3122,4.81,3.56,11.89,5.98,12.34,18.748,9.12,7.33,20.605,6.34,0.0,0.0,3.12,3.04,10.75,11.91,5.46,24.69,0.0,25.96,22.715,8.4,9.544,14.565,9.21,0.0,4.0,11.2,13.2,15.924,11.83,11.178,7.764,0.0,15.31,20.745,4.94,0.0,30.09,4.5,34.452,20.0,44.25,18.69,10.0,21.3,6.99,14.96,0.0,16.0,16.218,4.0,0.0,25.03,23.975,11.08,24.065,0.0,30.89,13.455,6.575,5.34,6.24,0.0,0.0,14.69,10.38,14.7,22.84,28.595,5.2,22.51,41.84,4.68,13.7,20.18,23.335,4.55,18.38,19.385,60.753,31.884,38.31,33.51,11.44,17.68,40.53,50.43,12.885,15.66,46.2,34.965,26.89,23.23,11.66,29.48,14.535,67.98,48.789,14.52,59.025,38.535,53.175,40.625,23.505,16.485,62.345,24.615,14.96,43.26,113.275,63.385,43.27,23.2,136.535,5.98,0.0,8.25,65.88,64.895,39.06,34.235,79.235,71.005,38.28,21.8,60.275,81.56,43.68,115.75,78.45,176.073,40.98,42.62,54.29,49.56,35.31,50.0,23.48,69.33,119.87,133.59,93.79,33.16,39.19,68.88,50.17,70.64,31.8,109.71,123.49,52.305,41.23,63.49,40.705,212.12,67.13,66.41,50.92,10.02
3123,1.62,4.434,7.62,11.75,9.03,16.79,1.9,8.09,12.71,1.14,2.2,1.52,0.0,3.0,5.32,3.8,10.82,10.4,17.56,15.79,7.7,3.0,7.4,9.0,0.0,6.07,7.2,1.6,14.0,27.12,5.0,0.0,14.74,8.25,10.44,13.3,7.75,7.855,11.0,8.5,17.5,10.97,28.44,8.92,13.0,9.0,10.5,5.0,0.0,9.0,5.0,3.0,2.0,17.3,16.475,8.88,14.84,35.68,0.0,1.56,5.0,2.5,4.95,6.08,17.855,46.16,6.0,0.0,17.795,0.0,3.52,8.05,9.2,23.19,20.96,26.34,20.22,0.0,6.0,14.94,0.0,3.0,16.29,35.757,14.14,14.952,5.94,18.33,12.755,15.275,10.26,6.24,27.19,29.865,116.115,14.505,10.5,43.775,41.295,47.42,42.975,19.25,10.275,9.68,19.8,115.75,13.375,23.415,11.85,71.975,45.93,55.195,41.88,52.9,74.76,11.31,7.2,17.98,28.875,50.17,35.13,30.84,83.04,114.86,109.67,0.0,53.69,27.52,82.385,27.385,61.865,53.115,5.92,75.09,65.77,46.12,49.03,59.8,12.865,51.975,116.26,31.36,57.38,20.455,35.505,17.65,132.38,41.64,35.57,57.18,40.43,99.64,71.05,35.6,57.74,46.03,6.6,49.76,49.08,30.945
3124,12.08,2.92,9.23,24.939,40.295,51.731,8.36,12.845,39.014,5.13,8.56,14.38,3.52,15.2,10.68,18.36,33.05,51.55,23.342,15.545,63.46,12.99,13.905,28.85,12.76,6.695,2.0,38.179,12.86,26.73,18.42,14.5,3.48,14.25,11.0,11.0,10.945,11.0,7.5,18.5,13.5,25.7,15.775,24.6,20.1,35.94,27.124,32.64,43.635,23.1,11.06,18.32,34.42,31.26,28.71,16.5,29.185,28.92,21.24,5.985,8.2,30.96,9.14,9.85,13.41,40.13,15.92,18.14,20.28,23.495,17.155,26.73,5.3,5.2,30.07,7.62,36.965,107.58,19.65,27.38,27.95,66.06,18.25,67.72,48.86,35.595,34.65,40.44,29.66,20.08,20.67,16.61,42.42,55.39,60.24,24.85,43.215,60.5,102.01,20.05,70.495,75.485,75.735,47.415,80.63,80.43,169.955,59.055,25.675,168.79,94.11,98.735,103.665,90.785,100.43,21.93,6.4,66.65,205.035,74.77,73.965,103.68,141.765,142.445,79.05,57.99,102.765,79.75,33.48,78.485,82.02,118.895,56.96,125.585,92.12,36.89,111.13,43.1,107.725,130.36,220.06,116.265,174.955,89.42,109.925,128.295,131.915,150.565,153.765,133.225,92.9,145.805,108.95,130.415,97.15,56.64,85.72,107.18,116.275,6.6
3125,14.43,3.62,19.387,12.244,61.108,43.896,8.95,19.31,14.71,3.04,11.06,1.5,6.18,21.63,13.146,9.41,21.095,50.1,21.95,9.52,28.18,8.03,16.28,25.0,2.4,12.0,9.93,9.27,2.0,6.9,18.78,13.535,2.0,18.13,21.12,17.5,11.5,21.25,13.82,15.5,21.42,0.0,9.81,19.0,7.75,11.0,38.5,16.0,0.0,32.08,15.0,10.58,13.25,24.805,22.98,20.855,5.5,0.0,10.8,30.67,7.12,3.06,9.12,8.63,0.0,4.94,2.0,13.69,13.04,8.98,8.07,19.165,19.08,2.7,33.375,4.08,10.54,27.15,13.14,13.53,0.0,39.96,11.07,55.415,0.0,14.88,20.01,14.06,11.69,26.485,7.89,32.26,73.211,33.345,27.96,53.895,11.925,49.555,53.81,99.07,35.335,12.3,85.965,28.67,22.65,90.3,128.365,142.22,47.92,86.51,61.005,34.35,40.845,56.865,66.715,10.23,5.28,42.24,94.525,109.905,50.23,101.77,57.51,54.77,76.96,42.49,92.535,60.64,34.04,54.83,68.73,73.34,29.37,7.89,130.125,47.39,236.805,32.7,54.05,54.25,33.08,55.7,35.96,85.69,40.46,88.995,115.13,90.545,36.015,240.635,53.77,23.4,75.96,61.67,87.58,95.185,87.18,74.19,25.08,23.76
3126,9.72,4.51,17.59,10.32,12.58,12.505,11.89,14.5,6.01,1.52,2.5,6.68,8.08,2.09,6.245,5.7,12.465,9.58,2.66,5.28,5.5,9.75,4.0,17.102,2.0,0.0,0.0,3.12,1.4,3.0,9.57,5.0,14.25,3.97,0.0,0.0,0.0,2.0,2.0,5.0,14.65,5.0,7.0,3.0,8.0,0.0,7.95,7.04,4.5,16.8,0.0,11.77,10.75,3.0,22.03,0.0,8.18,0.0,16.14,10.2,0.0,19.7,4.68,9.42,4.94,3.18,7.0,11.96,11.075,2.915,5.12,29.775,3.2,0.0,8.6,8.57,16.045,14.78,0.0,8.26,12.67,11.7,14.85,28.27,8.86,13.48,6.06,25.97,16.125,14.7,12.33,2.9,11.34,22.93,0.0,33.05,22.2,26.19,24.7,12.585,5.52,0.0,12.24,7.595,55.49,0.0,11.22,48.71,59.945,10.28,8.95,110.49,48.225,33.62,37.375,12.6,0.0,32.01,168.7,32.89,26.63,50.12,123.47,13.32,132.89,30.365,12.93,17.34,19.705,19.97,22.11,58.39,9.99,21.69,17.16,6.66,38.21,33.64,20.24,21.48,43.92,44.27,42.835,68.73,30.145,50.81,61.66,18.97,56.16,43.89,13.28,45.2,30.62,151.665,39.26,68.68,16.625,18.305,56.2,25.96
3127,17.42,14.799,27.114,21.35,17.739,48.2,13.34,18.06,36.625,2.5,23.645,4.18,5.11,2.28,8.11,14.075,37.855,42.255,23.38,11.0,42.66,12.5,15.32,38.465,14.1,6.0,2.88,13.195,14.748,5.88,12.65,22.8,6.5,13.75,22.0,17.68,10.25,5.5,25.58,9.58,31.0,5.365,22.43,23.0,27.13,35.4,14.5,35.525,24.25,38.605,8.96,7.2,18.5,28.44,6.12,9.54,7.0,9.41,5.0,21.89,3.975,21.04,26.08,7.83,17.24,6.0,0.0,25.72,9.08,7.54,51.303,30.705,14.54,16.8,27.395,6.24,16.52,17.255,19.61,27.765,36.56,48.043,45.9,55.07,25.035,29.16,62.792,26.01,105.155,43.185,81.75,6.6,11.24,19.045,71.425,51.66,77.505,62.005,73.185,100.835,56.105,51.11,40.86,29.245,63.115,69.39,68.225,115.715,45.8,83.7,55.465,50.64,80.86,38.15,47.42,0.0,11.565,28.43,129.105,83.91,60.21,77.85,97.105,126.02,55.19,57.79,91.21,31.08,33.04,92.54,92.145,89.705,116.41,122.875,69.08,14.4,134.23,66.75,62.075,112.74,67.52,84.49,93.16,75.665,93.805,58.54,105.54,28.525,108.14,100.675,91.215,142.0,186.765,102.92,159.39,86.2,51.51,102.065,66.9,24.24
3128,24.36,20.475,21.35,40.579,39.41,47.738,17.45,6.84,13.1,3.8,3.61,4.52,6.41,11.87,19.39,21.34,23.95,51.29,11.01,10.39,34.59,0.0,10.07,46.45,18.58,8.48,4.0,3.2,74.5,10.5,14.42,2.0,4.2,8.0,23.16,8.0,4.5,10.0,11.0,23.98,27.705,17.578,32.04,16.5,14.06,39.62,25.25,0.0,33.52,17.2,27.865,4.05,85.2,9.0,8.47,20.87,14.21,9.16,28.516,39.16,9.5,14.06,12.22,24.02,5.035,4.0,41.595,9.94,4.04,3.12,12.75,15.7,5.2,18.5,15.13,17.88,22.76,14.72,12.54,27.39,8.32,21.25,30.425,23.065,13.455,75.075,27.965,27.35,24.957,16.025,13.8,31.505,28.445,35.965,25.935,21.9,85.27,75.09,75.185,127.07,93.685,37.68,28.05,68.695,43.125,107.165,60.32,172.405,36.905,66.925,63.98,94.935,178.395,48.99,67.965,17.84,6.66,8.025,81.395,126.03,108.41,158.56,84.89,71.42,45.18,89.58,101.21,25.09,31.71,61.62,97.895,427.89,70.94,119.2,172.01,61.53,79.88,12.74,131.99,63.74,81.2,191.355,52.9,49.475,69.685,91.05,88.805,73.82,93.145,114.38,259.56,28.56,91.33,109.285,54.25,90.6,16.72,60.185,103.98,19.8
3129,12.25,16.16,17.608,14.404,38.265,49.71,23.76,15.35,29.084,3.42,4.005,22.42,1.52,10.86,6.67,12.18,24.19,23.765,34.18,22.275,74.48,1.8,17.67,30.405,19.6,16.25,18.56,7.905,0.0,7.55,17.25,14.58,11.04,6.0,10.87,4.0,6.0,5.25,15.77,7.0,17.16,14.25,19.64,20.14,9.0,18.25,18.0,16.78,17.75,29.25,15.4,8.0,20.2,7.0,1.0,5.0,20.72,10.5,20.02,11.5,6.5,42.895,11.1,12.22,7.24,3.12,5.2,13.42,21.4,5.035,6.28,8.38,4.08,8.47,20.013,13.94,12.52,7.995,4.25,30.32,5.13,20.7,28.94,28.73,40.44,20.43,21.05,8.765,99.275,60.59,47.355,21.735,28.28,56.95,63.535,175.76,76.705,103.115,100.915,76.095,43.0,32.725,47.43,38.035,27.745,29.82,85.0,26.43,62.61,47.94,64.79,48.13,41.265,41.6,55.24,34.37,0.0,63.33,149.295,116.54,112.555,105.42,138.175,119.85,84.155,65.86,146.05,40.93,98.485,53.965,96.43,57.61,19.86,42.88,93.59,32.21,118.58,89.63,59.16,117.16,55.635,54.25,111.085,101.37,96.24,126.35,104.275,94.545,58.29,60.635,113.99,84.265,95.165,37.48,69.465,144.36,70.6,28.1,52.05,23.76
3130,14.13,39.265,51.655,48.224,51.39,107.305,27.209,22.564,56.822,3.8,21.48,14.45,20.485,25.34,33.025,43.7,91.818,65.23,42.832,48.645,59.88,31.16,21.21,71.39,23.86,14.87,33.94,18.8,10.06,19.84,27.465,32.43,47.7,38.226,95.81,30.9,22.48,41.11,56.51,57.051,32.78,37.25,45.585,40.215,99.08,47.975,78.17,31.39,57.58,60.82,58.425,30.18,28.33,34.47,17.17,6.25,25.71,51.17,26.18,30.14,41.44,28.25,28.785,22.23,84.26,16.955,35.3,28.065,9.16,34.42,35.155,61.92,36.14,18.48,56.39,47.665,74.005,86.31,34.85,43.875,73.595,56.59,25.985,46.73,40.83,54.87,62.53,31.68,23.465,38.325,36.685,117.726,96.235,90.78,83.65,136.15,100.925,117.837,240.21,143.875,83.63,80.964,84.93,86.725,116.8,124.365,190.86,139.49,145.255,164.01,215.645,128.975,178.97,129.52,136.99,67.05,151.37,108.185,352.6,202.71,201.55,156.12,214.55,233.44,101.71,128.13,152.2,299.15,175.375,238.35,282.295,274.36,156.2,275.23,87.83,139.49,165.155,192.72,196.875,219.705,165.395,98.49,201.115,258.285,193.105,173.88,204.215,214.29,143.34,192.7,251.725,154.96,297.075,170.64,362.92,203.68,112.675,180.025,168.725,76.25
3131,19.66,17.31,30.949,38.114,60.65,98.098,14.32,21.495,31.87,9.04,11.975,4.56,14.78,17.1,34.315,18.48,39.67,75.015,28.79,25.56,101.705,28.0,18.95,19.0,19.82,14.9,29.8,13.4,26.08,34.5,18.11,19.56,9.14,12.45,23.48,24.6,10.25,33.0,25.05,24.56,12.905,26.754,67.92,27.75,50.5,131.693,57.5,38.31,81.75,14.0,67.59,39.0,50.0,69.42,27.575,28.25,48.175,22.84,9.73,48.53,13.0,0.0,12.48,9.94,16.54,17.495,6.76,35.1,16.67,3.18,29.52,25.44,37.44,34.42,46.225,12.75,69.095,21.06,24.525,20.56,29.54,66.715,21.915,46.835,41.52,54.39,46.62,38.35,19.017,78.95,57.265,23.49,66.765,113.56,108.52,201.175,84.72,92.08,98.65,75.335,90.87,62.545,106.43,85.545,111.205,159.46,202.81,174.26,125.595,206.765,138.16,158.105,264.09,110.82,234.565,4.29,20.91,103.32,154.25,190.92,149.585,121.55,169.97,91.72,76.94,152.72,281.18,192.455,106.17,217.155,249.935,179.46,74.7,40.59,193.875,66.16,81.47,158.355,155.655,147.28,321.795,80.73,121.865,400.575,56.63,112.7,75.04,115.125,152.6,99.255,117.395,133.825,121.245,310.195,218.985,203.305,176.495,87.04,102.16,42.24
3132,12.08,20.77,32.739,25.625,40.815,38.53,3.54,7.52,25.93,11.06,6.42,9.03,6.44,12.49,12.4,15.59,51.62,66.805,30.78,13.0,28.655,9.6,9.27,17.4,4.07,8.88,6.6,11.24,45.0,22.16,8.0,17.09,11.0,11.0,10.0,0.0,27.25,15.0,16.75,10.37,54.5,31.24,18.0,29.88,19.0,32.0,31.94,42.21,23.72,2.5,20.88,14.0,15.02,12.0,6.12,8.0,26.78,30.095,12.36,5.5,10.84,13.98,3.12,19.3,15.39,11.68,18.62,9.41,17.1,10.935,14.89,23.31,23.092,4.8,5.0,40.6,24.55,15.72,1.56,8.53,25.62,9.63,7.41,17.36,13.71,29.732,39.565,29.435,6.03,29.83,22.11,15.65,29.225,79.985,16.945,70.395,63.835,51.785,116.28,72.315,102.36,48.19,57.96,59.605,51.535,139.675,59.48,118.68,92.495,48.32,72.155,52.33,42.015,81.725,112.905,49.2,41.25,83.89,114.53,140.74,59.02,40.23,50.87,109.65,138.99,84.48,68.605,164.225,85.54,145.245,119.195,104.09,22.94,126.635,74.445,36.63,69.835,74.655,110.8,69.86,169.64,109.44,159.79,116.84,49.185,73.665,95.965,93.535,138.545,87.415,125.905,134.62,101.205,131.93,119.47,204.235,53.34,107.715,19.05,14.52
3133,30.25,43.694,30.2,44.24,86.209,75.9,22.76,25.11,34.904,8.07,7.445,10.68,22.58,24.73,44.5,60.06,56.915,80.315,43.16,44.37,133.595,11.76,22.52,42.4,26.09,32.94,31.805,13.0,34.67,14.84,43.35,20.5,26.832,31.77,14.95,38.63,30.75,40.44,54.48,20.44,40.25,54.0,41.22,37.83,58.7,41.24,46.04,13.2,45.25,28.81,31.0,22.58,5.789,34.2,10.96,13.57,28.74,22.935,35.28,27.58,24.29,25.0,20.87,11.37,39.87,31.575,37.43,21.185,16.71,23.65,26.14,126.978,10.63,33.86,22.155,26.207,48.492,129.595,27.605,30.54,14.685,150.59,24.14,45.3,81.105,120.095,49.335,56.39,77.16,27.54,10.35,59.66,84.98,104.325,176.23,186.335,80.03,166.92,148.14,124.515,84.11,52.72,39.66,91.695,130.02,166.775,149.765,158.165,134.565,214.495,212.225,55.02,96.805,169.48,159.385,42.9,6.6,58.84,275.75,268.605,143.73,257.8,173.43,161.83,156.57,162.9,129.0,211.925,91.55,194.03,187.245,288.12,112.26,120.11,159.42,86.73,133.095,75.73,158.5,108.3,120.595,107.94,171.045,229.315,78.12,117.36,249.645,83.2,67.29,151.945,117.85,157.315,157.0,196.44,188.245,171.165,215.025,114.29,130.255,63.86
3134,34.454,26.924,50.78,40.542,68.108,113.959,36.355,46.389,57.824,10.7,16.23,7.275,19.26,21.57,34.95,72.925,87.92,141.462,25.795,65.57,126.035,36.065,19.97,117.46,13.6,21.74,15.44,21.4,42.0,76.19,37.814,10.015,33.57,35.745,28.41,32.5,52.5,47.12,52.75,71.25,120.5,27.6,59.12,31.28,84.9,52.74,62.65,97.93,35.5,59.75,21.95,77.92,29.85,53.95,61.785,35.23,42.09,87.27,17.6,62.6,24.52,52.56,34.0,42.49,50.95,55.54,59.669,23.48,104.8,57.27,49.115,94.385,35.93,26.625,86.715,33.52,28.1,84.51,111.84,50.93,41.59,206.3,85.62,216.56,63.22,78.92,85.465,65.58,219.145,53.705,91.73,58.68,111.915,205.075,188.91,163.03,72.235,157.005,147.815,150.22,134.575,86.815,369.265,111.025,225.33,278.055,116.435,281.295,119.245,115.19,170.185,101.64,127.325,271.57,214.535,45.56,72.555,127.025,359.705,313.74,153.64,286.14,257.71,213.11,197.97,208.375,294.699,163.55,203.035,381.945,256.035,179.23,173.5,203.56,183.39,176.29,292.365,171.39,166.08,300.27,209.665,259.3,388.25,380.265,132.405,241.405,237.015,99.67,221.12,230.84,203.615,245.96,308.14,192.015,255.215,220.29,149.785,198.85,165.41,49.61
3135,15.07,27.53,41.73,41.614,58.101,72.93,38.26,20.76,39.537,4.98,18.5,11.57,19.82,13.53,19.265,33.77,30.74,82.94,19.9,21.5,86.77,4.41,29.2,40.78,16.0,13.0,32.18,23.89,22.53,14.895,21.81,9.5,20.5,15.79,27.5,3.33,35.58,16.5,56.415,27.96,36.69,24.94,21.58,25.0,36.25,5.5,11.0,75.49,38.16,4.5,33.1,27.18,7.0,16.9,13.62,28.48,22.5,18.22,19.83,32.47,12.62,17.5,7.5,19.94,19.78,15.1,23.0,16.62,9.01,3.12,11.29,23.3,29.58,6.43,25.38,21.28,42.34,27.138,28.018,44.45,29.77,87.995,39.125,68.82,37.06,28.62,14.585,39.225,45.46,132.245,52.282,146.354,133.345,149.93,101.18,87.714,173.265,167.24,147.85,102.765,173.905,24.538,15.015,70.46,64.39,74.645,184.615,100.51,111.88,116.915,68.81,82.11,65.4,88.572,98.71,26.37,18.9,99.92,106.745,186.945,112.285,188.56,126.31,100.08,69.07,108.9,69.995,210.425,74.76,212.265,216.851,241.145,62.0,86.58,77.13,46.89,80.815,99.57,87.165,99.355,145.935,191.575,111.5,137.25,125.42,146.9,164.69,88.085,127.535,87.455,99.41,100.45,123.8,223.335,85.355,118.115,149.765,112.465,125.78,7.935
3136,54.73,40.31,78.33,72.803,112.219,166.235,67.175,47.93,71.735,29.45,22.18,29.795,34.64,34.49,55.13,70.76,138.925,163.38,57.915,57.565,125.225,46.06,58.32,81.47,28.66,52.69,53.15,37.72,59.06,71.899,25.06,72.43,59.21,34.87,53.4,51.92,101.395,56.84,94.69,87.29,109.31,65.96,48.895,68.85,57.8,64.15,105.44,53.63,80.75,45.95,71.85,54.02,30.41,100.405,60.46,47.68,92.725,50.58,33.1,42.7,46.865,64.435,53.275,72.79,83.57,68.125,25.89,72.395,61.295,70.62,78.475,50.03,55.67,61.355,60.76,70.335,65.085,103.06,88.845,38.41,64.04,39.515,140.885,152.505,94.889,150.125,71.715,49.775,89.225,86.205,76.95,64.44,91.175,202.745,191.011,298.865,238.615,320.755,294.59,228.395,99.593,122.665,161.975,105.145,331.07,306.23,151.08,343.7,199.33,220.835,459.24,276.625,236.56,190.855,207.24,34.705,16.81,178.12,374.245,359.405,267.52,292.135,324.995,285.17,313.54,270.915,362.53,332.095,198.275,272.445,344.555,295.005,245.33,324.165,254.235,194.705,155.53,216.475,188.235,168.945,248.845,308.71,358.385,319.445,168.45,356.195,250.29,310.01,345.67,221.74,353.11,237.285,364.495,407.775,383.555,350.32,165.7,310.195,275.32,92.46
3137,16.87,31.1,22.85,26.74,39.972,67.854,24.93,16.02,32.67,10.14,12.66,22.77,23.59,25.03,28.93,43.46,49.38,108.17,189.02,54.725,242.95,35.47,36.365,40.71,11.78,86.27,27.64,20.14,20.7,21.46,26.17,14.475,28.5,58.54,20.6,32.9,17.0,48.65,31.005,11.58,21.0,19.5,62.68,8.0,45.0,122.43,39.48,49.905,37.25,44.35,29.0,23.625,17.34,12.0,8.12,28.0,33.36,30.14,27.94,22.88,7.5,12.2,137.34,34.19,41.81,28.62,28.63,18.995,12.24,16.34,36.705,19.775,52.72,49.82,125.045,111.54,27.27,22.335,37.8,72.09,10.44,29.97,56.07,103.4,47.47,19.44,86.515,40.055,29.935,157.495,83.51,13.77,34.03,57.61,97.21,47.065,56.9,80.515,160.805,55.665,184.315,42.49,42.635,140.7,36.3,69.965,47.425,70.155,125.67,74.175,88.73,194.15,137.3,84.385,128.2,32.21,0.0,76.02,179.66,106.47,127.42,82.71,107.825,143.415,111.08,72.13,211.63,65.12,99.12,180.64,118.945,71.225,40.55,68.85,70.625,73.28,73.27,74.995,76.755,135.59,233.155,111.68,171.25,229.865,81.85,117.625,149.95,79.73,138.595,80.43,46.01,105.47,112.51,179.2,172.02,128.625,48.745,86.2,126.9,39.29
3138,36.48,29.5,37.465,51.415,65.285,68.62,32.14,38.23,75.509,12.01,26.765,12.3,24.35,42.785,95.66,90.85,110.355,148.29,80.38,57.78,113.0,42.5,20.58,46.4,27.62,32.3,19.02,19.68,35.28,40.97,33.6,30.48,46.43,37.985,43.75,31.9,13.05,18.5,40.31,34.0,39.0,19.25,39.425,40.82,43.725,81.25,45.0,26.5,36.75,19.45,39.81,60.74,24.5,17.35,40.185,41.285,45.61,21.555,49.12,30.3,14.18,51.195,39.6,44.72,25.61,50.13,23.45,11.36,21.85,30.615,13.86,47.79,41.4,45.29,12.45,10.92,30.83,25.64,170.65,40.02,53.855,31.17,103.9,59.28,38.8,33.63,40.16,43.26,36.455,54.44,38.585,39.56,109.49,110.22,119.98,132.165,124.56,146.25,100.99,133.91,75.485,25.12,24.275,101.01,38.905,126.325,73.685,149.335,56.62,100.055,177.44,131.61,90.97,117.96,133.43,19.2,12.21,104.52,145.145,133.875,109.565,193.595,157.06,137.93,84.06,231.59,194.09,103.14,119.49,122.67,177.77,113.62,98.275,93.48,70.83,62.285,55.5,33.21,167.23,150.3,185.856,163.105,140.07,170.375,148.375,129.345,104.44,163.105,148.735,123.33,184.86,148.355,197.72,120.9,116.98,96.925,85.0,77.56,75.77,92.97
3139,13.86,24.09,14.24,7.58,28.695,90.87,29.01,27.38,52.485,8.09,11.83,17.9,20.58,46.21,50.28,59.29,73.96,100.51,70.98,72.43,103.715,32.32,37.03,38.9,18.25,28.95,39.65,43.07,45.42,70.925,33.35,59.6,38.79,63.06,72.44,51.04,42.25,78.84,79.8,31.0,74.77,23.72,48.58,29.35,61.5,31.0,51.94,25.25,31.5,34.3,60.5,68.25,39.88,23.48,66.44,32.48,41.24,155.29,23.46,28.72,16.12,69.18,26.8,64.35,29.86,44.37,36.38,32.365,36.797,26.35,33.61,98.47,31.268,15.615,41.24,3.06,64.035,229.76,40.715,37.48,39.59,66.41,121.27,93.63,34.98,36.21,61.99,38.69,95.25,69.2,69.48,38.65,78.47,182.815,132.865,183.945,59.865,260.12,218.205,47.07,132.23,121.175,99.53,32.58,37.885,111.09,71.705,164.86,118.885,65.2,183.08,91.07,93.935,277.78,199.17,35.25,0.0,125.04,200.3,162.855,81.385,103.08,341.31,237.03,113.595,129.99,35.63,71.85,103.165,79.65,134.35,103.85,19.08,74.08,67.54,83.88,87.48,88.87,64.83,193.62,139.63,161.285,220.89,313.712,110.905,159.33,128.31,55.31,89.14,72.04,136.88,140.63,140.6,77.465,107.21,186.49,95.91,66.0,75.0,60.36
3140,18.29,21.75,31.634,29.185,63.55,48.99,30.11,44.07,52.575,25.625,18.17,10.82,10.64,27.7,20.11,52.99,114.925,123.33,70.17,40.915,77.645,33.49,24.02,39.16,7.03,25.5,28.325,38.16,43.44,42.465,24.9,23.62,11.4,14.5,66.4,28.43,9.8,44.44,59.67,42.45,34.145,36.93,45.58,14.0,30.25,34.5,26.0,77.5,60.42,41.82,20.915,10.0,36.6,36.44,85.06,61.44,42.37,53.89,23.42,23.44,11.09,38.06,23.48,61.63,68.925,5.75,163.845,20.675,10.38,30.35,79.765,66.49,11.74,19.75,21.865,9.39,32.305,60.72,39.125,106.54,20.9,47.01,63.675,202.547,148.495,39.69,24.612,91.705,27.175,148.485,68.1,74.07,61.59,96.78,58.785,135.755,34.905,95.54,83.615,45.05,138.53,63.415,44.91,64.205,16.98,95.34,98.36,117.96,99.16,72.79,101.715,63.215,108.15,152.755,91.78,10.8,22.425,62.27,87.615,125.28,103.8,123.04,138.33,83.27,197.57,158.79,240.69,81.23,76.4,192.12,322.83,158.85,39.17,154.48,168.29,86.26,226.23,52.09,113.445,102.22,75.72,165.455,141.78,246.66,85.435,198.87,233.02,85.8,151.275,147.31,143.27,221.165,124.805,195.74,115.565,256.0,80.36,126.465,50.42,118.44
3141,1.48,3.8,4.02,0.0,7.56,13.04,6.88,2.08,3.12,2.115,0.35,3.08,0.0,0.0,11.4,3.04,3.9,3.56,14.532,4.5,8.07,0.0,0.0,8.84,0.0,0.0,0.0,9.0,0.0,10.0,77.0,0.0,0.0,5.3,9.88,6.14,0.0,0.0,6.0,11.0,38.19,4.77,7.3,21.15,4.0,0.0,17.5,6.5,4.5,3.785,4.85,4.08,0.0,9.5,3.5,10.0,16.5,0.0,7.5,3.5,4.96,6.24,8.1,0.0,0.0,0.0,0.0,4.29,12.48,6.735,13.2,4.725,4.86,4.68,13.31,13.205,7.29,41.877,19.69,36.63,9.48,23.12,13.068,33.62,5.36,18.825,9.625,26.585,18.19,30.89,8.33,6.6,15.265,21.68,8.04,25.235,6.51,15.855,30.585,3.3,31.6,17.42,0.0,10.43,0.0,33.918,10.8,26.5,0.0,32.15,17.48,42.72,42.71,15.75,38.42,0.0,0.0,10.23,29.89,15.36,0.0,10.89,4.44,21.68,29.77,49.5,30.99,19.215,5.72,13.32,47.92,36.06,61.65,11.345,5.85,3.33,16.255,14.49,43.986,33.1,16.89,27.955,38.005,107.55,50.57,2.905,46.29,19.07,12.96,15.14,26.48,49.8,6.9,0.0,25.66,25.92,0.0,29.98,18.04,10.645
3142,4.1,3.19,1.52,1.54,17.1,6.81,1.56,3.18,5.08,5.0,0.0,0.0,0.0,3.53,0.0,0.0,0.0,21.475,5.78,0.0,13.52,0.0,4.9,11.21,0.0,0.0,2.5,0.0,3.0,10.29,9.69,6.525,2.0,5.7,20.76,3.0,0.0,10.0,0.0,0.0,0.0,5.5,15.0,8.9,10.56,33.2,18.13,4.68,4.0,2.75,9.5,11.98,32.4,8.85,10.98,22.84,0.0,8.95,22.19,5.035,0.0,0.0,0.0,0.0,8.58,3.0,0.0,4.25,0.0,6.21,14.7,29.3,0.0,27.04,0.0,0.0,7.29,21.9,42.67,7.04,13.41,41.49,20.75,0.0,135.63,36.27,0.0,0.0,31.735,35.805,17.85,7.83,16.45,7.56,56.78,46.62,7.64,168.115,5.4,44.065,55.6,20.4,54.295,33.49,55.365,42.84,27.11,24.42,123.57,12.975,29.82,33.945,22.92,9.9,24.94,0.0,21.28,30.0,30.08,34.7,23.95,15.035,18.29,33.79,40.65,9.96,37.09,48.1,13.6,49.07,29.07,67.22,0.0,6.66,63.137,18.685,11.2,22.355,40.875,42.34,61.475,25.92,8.2,66.45,0.0,60.47,39.98,42.54,31.865,8.925,9.0,54.295,44.4,41.155,32.37,64.85,10.56,0.0,46.265,0.0
3143,2.28,1.5,1.54,12.47,6.98,16.145,0.0,0.0,10.608,1.54,11.88,0.0,4.0,1.52,3.04,0.0,2.4,4.5,0.0,5.7,4.8,5.0,0.0,8.4,0.0,2.0,28.12,0.0,4.57,8.27,0.0,3.0,5.0,9.22,3.0,2.0,8.5,8.62,2.29,2.0,3.51,9.16,0.0,2.0,0.0,10.7,0.0,3.0,10.0,0.0,0.0,0.0,7.8,10.0,5.0,0.0,18.135,4.65,0.0,3.1,3.12,3.1,3.18,17.96,0.0,5.0,13.75,3.12,14.34,0.0,0.0,19.06,0.0,0.0,15.05,10.325,5.28,3.0,0.0,0.0,11.49,44.02,27.126,16.37,0.0,5.94,22.26,17.935,11.01,8.25,11.34,7.96,28.72,16.65,12.385,25.97,10.78,11.13,16.355,16.12,3.72,6.165,0.0,92.46,120.67,17.845,25.14,30.01,12.125,4.95,13.25,13.23,20.6,36.675,0.0,39.0,6.4,5.28,35.55,16.84,3.65,29.675,15.425,12.95,0.0,19.32,25.105,15.48,53.41,21.87,25.16,34.75,6.24,42.37,0.0,14.31,25.216,0.0,6.56,24.775,0.0,62.685,31.365,14.955,6.64,32.19,18.275,10.75,55.425,0.0,15.38,26.77,34.57,58.585,22.41,47.5,10.12,23.805,36.46,0.0
3144,11.39,9.04,51.12,7.224,9.92,24.545,6.51,0.0,20.96,0.0,0.0,0.0,0.0,3.0,4.02,6.56,13.24,17.535,18.0,14.5,15.2,0.0,7.63,16.56,4.995,12.76,6.0,8.07,9.0,0.0,0.0,12.56,8.0,5.0,27.5,4.75,10.05,4.16,2.9,5.5,20.53,4.0,4.05,3.0,16.25,13.025,14.96,4.34,0.0,2.8,5.48,8.5,3.5,4.5,0.0,5.5,6.76,13.38,25.9,0.0,3.0,11.0,6.12,0.0,8.32,3.06,57.46,58.46,49.17,3.99,16.25,13.22,36.526,7.76,4.76,15.8,3.19,4.2,14.2,8.213,83.68,97.39,9.4,13.7,35.64,12.545,16.135,9.39,20.95,147.835,24.255,34.69,20.27,6.27,10.72,62.35,16.26,22.52,44.48,9.72,20.375,15.7,17.01,27.975,11.03,28.81,25.62,19.78,6.5,16.84,47.445,18.09,88.66,65.78,37.7,39.3,36.92,32.75,33.19,42.93,6.66,42.05,44.11,34.725,21.51,7.665,95.88,31.67,28.24,53.55,41.05,19.11,6.63,17.95,6.66,39.55,134.75,14.89,6.16,25.33,45.36,161.545,62.24,87.565,29.755,156.905,50.11,39.575,39.44,41.22,20.005,6.64,52.2,91.41,27.795,79.545,34.925,49.795,22.0,31.04
3145,7.44,13.804,16.83,29.675,29.79,47.279,16.36,15.71,45.805,2.28,3.8,9.48,6.27,23.45,5.96,16.71,42.545,41.265,15.085,15.82,46.535,8.98,20.35,33.06,9.0,12.65,9.879,33.75,22.74,61.83,14.615,18.1,14.5,19.75,41.595,6.775,28.66,31.305,7.12,14.62,31.25,24.2,19.96,36.63,23.24,18.95,50.24,39.0,32.84,11.0,8.0,36.9,13.77,40.9,16.44,18.4,16.74,12.36,17.78,4.16,14.3,14.36,17.91,13.11,10.62,26.6,23.41,2.08,45.68,3.2,19.634,48.76,14.56,11.44,15.575,8.88,21.0,25.8,54.39,60.42,56.275,115.838,73.1,57.87,36.515,23.2,41.16,22.38,42.93,13.86,29.61,32.94,24.975,54.38,92.01,80.99,42.375,55.99,56.23,100.715,51.01,67.31,56.92,28.68,26.085,82.895,27.2,98.22,53.715,102.915,81.2,45.91,46.9,35.96,83.5,10.0,0.0,44.59,60.475,111.8,123.825,80.625,126.63,100.74,63.71,36.175,91.165,77.92,62.905,162.87,133.12,149.295,14.0,44.85,75.24,68.73,73.23,53.695,97.345,160.315,80.155,89.505,119.155,138.52,69.195,99.225,176.02,97.275,109.885,34.355,97.65,89.685,191.12,152.165,141.095,199.56,18.52,133.46,103.13,44.93
3146,20.025,26.29,31.39,17.925,32.155,112.889,20.285,34.76,63.712,1.52,3.61,6.655,4.56,15.94,14.42,17.2,40.28,59.955,21.29,22.34,56.41,28.57,19.31,61.53,0.0,21.5,11.5,4.0,7.0,8.0,12.8,10.75,5.0,31.0,17.75,19.415,24.44,32.645,35.14,33.0,26.92,26.95,42.8,16.5,28.29,39.05,22.36,57.32,60.0,49.065,19.756,27.6,27.5,77.14,13.0,54.205,3.5,10.0,6.47,3.9,16.3,8.975,25.6,8.91,20.5,20.335,20.45,17.0,33.14,40.275,13.52,10.5,24.492,32.28,31.872,15.92,47.34,60.945,49.29,30.36,65.96,72.024,32.51,96.54,24.64,61.64,24.42,24.0,40.9,31.05,41.335,27.675,24.94,38.17,51.455,125.905,66.46,71.875,80.705,88.345,84.04,44.985,32.835,63.285,85.365,84.695,86.055,67.07,51.762,63.545,91.81,41.22,67.01,125.445,78.44,37.68,78.885,108.645,185.02,140.63,115.09,87.03,115.8,75.55,76.39,94.92,86.381,60.81,61.045,139.03,142.03,186.41,41.375,156.7,233.87,43.31,170.905,115.89,117.965,192.215,159.34,115.67,101.61,176.285,192.07,105.75,119.095,79.645,134.055,98.9,94.58,119.37,204.385,96.27,180.53,166.26,58.96,105.62,123.98,58.79
3147,11.14,16.394,31.93,18.905,51.65,45.445,9.32,14.125,37.155,7.58,6.68,8.55,6.04,6.34,20.01,24.605,29.34,21.02,21.62,38.485,40.25,11.2,12.75,32.78,11.0,5.0,10.87,12.42,25.46,19.5,12.29,21.11,9.23,24.0,4.505,8.68,11.16,13.5,31.1,6.504,5.0,12.5,6.75,17.55,22.0,15.2,43.06,34.6,19.15,31.07,26.5,28.5,8.92,12.02,25.2,18.36,26.2,34.94,15.0,3.12,4.8,12.185,22.585,16.64,21.53,37.82,28.545,3.12,8.1,16.06,3.12,24.616,11.56,27.545,11.805,28.31,44.215,33.788,23.79,21.375,8.975,28.745,45.25,11.51,19.795,47.088,26.14,11.61,27.336,44.215,37.24,13.1,50.045,71.515,66.385,33.495,71.375,77.54,75.455,56.195,93.015,34.14,33.705,96.405,18.8,20.02,59.825,61.915,36.39,76.685,91.005,155.45,61.74,82.11,51.9,31.2,0.0,88.395,110.945,109.45,67.895,90.6,173.955,70.385,72.41,68.825,71.67,55.27,93.27,39.37,82.97,134.365,27.38,39.645,71.95,28.84,70.425,76.67,69.17,42.68,68.08,133.755,148.195,102.485,22.31,58.11,57.78,30.62,228.535,21.66,60.675,154.675,62.1,162.805,108.79,106.11,76.59,124.91,117.8,0.0
3148,7.5,6.56,22.15,12.66,17.73,27.18,13.16,7.86,0.0,3.08,3.96,6.46,9.5,3.52,6.92,21.795,22.63,20.84,13.4,4.62,36.64,2.28,6.32,20.86,11.25,4.0,0.0,3.0,0.0,10.35,10.92,5.01,6.5,12.1,5.4,4.0,10.5,7.0,27.34,4.25,10.0,3.5,21.5,16.5,7.5,14.72,6.5,10.475,3.0,0.0,17.0,12.25,3.0,4.285,5.5,16.3,3.12,6.5,23.22,6.64,0.0,7.5,8.91,5.76,21.445,2.34,10.785,0.0,4.08,0.0,0.0,5.035,0.0,7.98,0.0,3.92,3.08,2.5,0.0,15.9,0.0,10.35,10.625,0.0,0.0,10.32,5.4,16.71,5.98,0.0,13.255,12.1,12.02,16.14,31.62,22.005,118.595,49.965,11.55,27.45,19.595,23.66,22.65,24.2,36.795,26.855,10.94,21.64,19.25,23.43,36.47,38.31,32.51,40.62,48.005,0.0,0.0,51.48,39.03,37.93,58.99,42.49,57.71,58.25,71.75,126.06,29.72,13.22,21.09,51.8,85.335,27.22,16.8,26.98,48.515,41.03,10.695,58.125,16.08,56.02,26.645,34.86,33.27,18.26,50.775,32.08,17.015,30.23,50.545,32.98,31.125,40.735,6.64,65.23,42.48,37.8,50.745,48.745,72.05,10.12
3149,34.575,40.238,37.614,57.685,82.03,171.468,19.14,28.86,71.92,18.68,21.04,17.83,10.55,27.93,74.93,52.115,87.216,85.075,98.305,53.475,117.705,26.6,24.32,62.38,38.17,29.375,56.0,25.81,27.5,49.925,35.708,73.88,36.58,52.33,20.43,42.62,22.24,36.0,42.93,43.415,43.995,10.5,55.79,40.42,111.2,39.99,73.59,32.814,35.1,42.82,81.795,28.96,70.92,55.695,66.56,79.125,60.6,26.0,29.84,18.44,27.13,92.1,38.19,62.875,20.74,19.53,21.33,27.68,41.994,42.715,40.48,41.47,47.72,43.955,25.51,50.555,45.075,63.645,54.89,34.595,64.92,33.06,66.12,62.32,92.67,72.61,63.459,31.99,48.395,29.97,135.452,94.105,142.545,122.56,152.19,171.35,165.675,296.64,123.615,130.06,117.05,86.335,109.185,125.53,164.07,187.84,327.74,239.541,176.65,168.78,294.735,140.96,147.2,146.605,255.745,56.37,22.6,154.94,303.665,390.04,183.07,271.74,303.065,217.39,291.81,209.01,253.45,265.095,171.655,216.705,275.885,244.525,137.8,220.84,184.72,86.475,141.015,136.875,173.825,202.09,277.39,257.045,645.985,279.24,137.315,201.57,183.99,120.87,227.575,138.715,212.785,176.355,243.785,194.81,265.53,228.58,221.415,140.89,90.99,86.09
3150,69.414,123.61,150.778,115.682,232.305,277.55,76.195,80.05,178.591,29.73,38.485,52.32,41.44,80.42,131.266,126.21,201.486,307.701,131.26,112.495,278.745,77.92,65.46,173.16,55.94,47.84,96.91,69.58,72.2,54.79,71.354,73.615,36.5,62.38,95.415,55.12,72.65,34.1,150.69,64.75,150.19,46.9,66.57,108.08,74.06,110.8,150.12,92.71,75.56,119.05,120.4,107.29,74.76,92.93,113.25,82.77,69.515,92.19,59.3,24.54,32.0,77.3,71.945,11.97,44.47,70.16,125.435,45.1,63.955,53.745,195.87,121.48,24.28,55.92,59.105,67.916,69.435,40.44,40.46,98.09,149.121,152.57,98.69,136.457,70.49,122.485,110.43,166.34,98.28,88.57,122.27,131.0,203.085,349.45,326.65,264.665,289.044,492.095,401.12,341.485,324.61,190.1,133.495,316.615,264.39,354.365,485.46,450.685,321.72,391.325,448.595,337.675,325.085,375.985,443.55,81.495,173.3,417.04,711.76,705.24,439.37,479.19,547.58,427.99,400.36,400.735,461.425,448.71,372.435,476.655,336.11,578.7,184.62,255.96,301.715,199.48,264.22,249.375,504.785,460.15,472.735,289.815,638.445,380.795,285.45,281.27,412.67,265.155,406.13,315.38,313.22,640.425,446.36,489.12,749.49,414.075,275.145,334.04,370.415,143.25
3151,13.12,16.71,20.92,21.1,16.69,40.34,6.004,6.4,22.68,4.94,1.37,5.8,3.04,7.765,17.45,30.654,14.98,27.15,22.66,14.775,33.25,2.4,13.0,23.38,9.7,6.8,7.14,9.35,12.0,26.21,5.06,11.475,13.0,5.0,8.0,5.5,6.5,13.4,7.75,15.0,12.5,12.5,8.5,5.5,13.0,55.25,9.25,18.86,17.0,15.25,19.3,10.0,5.0,9.5,3.5,5.0,3.0,7.91,8.16,7.57,0.0,5.48,0.0,4.59,3.9,4.5,5.2,12.64,4.0,0.0,7.025,13.58,5.13,5.76,10.105,0.0,0.0,0.0,10.56,12.85,20.195,8.75,18.65,23.865,14.03,7.125,8.785,0.0,8.17,4.93,2.7,11.275,57.79,40.82,28.51,41.665,24.74,79.9,88.91,34.075,19.135,18.37,36.09,28.745,0.0,57.315,50.39,37.74,60.03,24.58,35.18,27.795,46.115,59.745,59.58,19.785,0.0,386.865,122.55,194.02,91.7,147.68,63.8,74.68,25.53,94.65,224.08,50.97,64.62,30.38,48.97,105.67,27.95,65.4,97.65,42.2,81.26,12.615,56.85,33.55,36.225,24.265,141.37,100.475,64.73,47.685,258.23,27.11,138.64,37.58,45.595,56.26,88.23,96.71,80.36,66.915,12.32,40.92,27.32,6.6
3152,38.545,66.615,59.06,88.407,90.814,151.624,40.035,49.72,95.967,16.25,17.24,11.36,32.36,45.69,65.698,95.585,133.965,182.975,76.85,57.91,120.06,42.59,19.4,88.88,32.38,44.84,16.36,19.04,37.08,37.9,26.54,43.254,60.63,53.34,49.44,37.294,13.5,71.435,68.72,50.64,63.48,71.75,52.36,63.9,96.78,73.46,97.73,102.81,102.53,62.1,85.63,36.615,50.13,27.62,58.605,61.47,92.8,50.92,38.02,89.92,28.67,40.82,26.86,39.72,25.61,85.99,71.525,23.805,48.43,34.4,61.86,36.785,18.375,19.75,8.9,18.98,50.07,63.125,87.193,43.305,5.05,39.665,87.625,51.597,68.32,60.975,149.39,53.805,72.245,51.83,67.61,117.675,64.31,214.311,162.78,202.125,230.365,221.635,348.64,309.87,180.315,152.61,139.02,145.525,213.13,299.44,214.93,266.47,353.52,219.86,322.515,173.39,229.985,344.91,313.975,51.235,68.76,258.14,371.78,404.565,372.32,218.23,336.02,342.055,264.415,327.89,254.595,248.84,126.71,254.37,289.7,431.71,114.11,161.14,192.58,259.265,249.81,211.265,284.29,288.95,188.42,246.46,343.49,336.335,178.755,259.15,198.005,185.545,183.92,171.08,265.99,155.485,270.7,156.715,306.94,306.065,124.72,153.345,214.015,69.52
3153,18.888,23.98,69.484,53.728,74.34,53.096,26.13,15.945,45.53,10.26,9.08,13.46,19.08,45.8,42.81,51.19,118.565,118.31,45.15,62.718,176.42,32.28,55.17,200.32,94.14,36.73,67.14,19.66,22.59,49.78,48.96,36.5,76.016,87.15,52.48,20.74,28.9,76.285,23.12,89.645,53.66,62.52,86.67,71.14,39.96,59.74,67.25,69.5,28.54,89.5,146.275,87.0,42.35,42.98,23.46,44.66,82.48,41.7,62.66,44.5,52.89,45.58,49.625,53.46,88.49,38.97,61.838,71.41,104.393,10.13,12.125,79.86,142.54,58.62,45.59,297.755,142.525,44.275,143.395,129.635,164.56,72.97,57.225,254.8,19.71,59.02,254.2,63.785,81.085,263.26,195.445,150.065,171.215,127.01,267.49,183.435,145.695,134.21,238.33,168.52,138.49,118.94,68.655,253.21,251.46,175.805,271.53,335.37,69.58,82.635,194.595,130.49,61.14,315.885,267.28,27.51,39.27,210.02,492.33,376.66,283.26,141.385,176.405,159.42,157.59,265.78,261.41,293.967,287.22,251.2,308.46,326.05,72.38,145.475,194.53,75.045,192.985,179.305,85.37,290.43,143.97,266.685,215.84,218.98,175.15,246.405,124.94,177.565,250.58,184.115,263.055,334.06,107.44,151.09,223.29,230.65,168.18,91.97,265.275,78.76
3154,6.34,1.52,3.06,8.26,7.22,5.74,9.18,6.84,20.84,0.0,2.47,0.0,4.56,22.76,1.56,19.04,26.485,13.68,13.48,12.3,38.18,0.0,2.4,11.92,6.64,2.4,4.5,15.0,17.34,5.0,15.0,7.87,9.0,0.0,0.0,20.25,5.0,0.0,3.0,11.6,11.0,9.5,7.5,0.0,15.5,21.5,7.5,7.75,4.0,14.5,6.59,0.0,4.52,0.0,13.36,4.0,0.0,3.12,0.0,4.94,2.0,27.16,2.0,9.5,13.1,11.5,4.16,3.12,0.0,4.94,3.0,3.12,0.5,21.62,6.92,7.72,8.71,4.42,26.44,11.26,4.93,34.78,4.95,10.5,8.32,25.53,15.76,0.0,3.36,0.0,8.34,8.76,9.3,10.31,12.925,18.01,20.34,46.59,3.6,16.75,0.0,5.22,20.05,18.4,21.78,6.3,23.595,24.615,38.165,22.86,32.1,0.0,31.64,6.6,47.605,0.0,0.0,23.95,46.065,27.63,19.91,37.23,41.8,13.25,23.16,50.125,19.83,16.275,13.32,38.578,13.3,19.11,0.0,13.1,8.88,40.805,42.47,30.39,21.715,28.4,94.885,26.765,18.675,18.02,71.93,14.59,36.04,32.275,12.47,6.64,66.405,21.03,29.74,34.955,35.08,14.07,19.8,6.6,17.05,25.08
3155,29.315,28.82,46.845,35.964,71.114,85.389,18.05,39.285,52.82,10.39,14.04,30.0,12.1,39.2,44.01,68.63,88.49,96.86,49.19,38.385,87.21,18.88,20.93,46.185,15.8,20.4,24.869,79.74,13.84,15.48,18.83,15.904,18.39,34.37,6.1,26.8,31.3,48.25,15.75,20.5,44.74,29.0,54.0,37.46,52.45,44.16,77.3,53.5,36.655,36.0,30.775,14.0,25.0,33.82,34.0,121.0,40.27,30.24,27.425,20.28,20.63,46.49,47.85,36.13,25.81,156.285,24.595,25.815,46.56,32.14,7.26,40.27,35.83,6.24,22.06,10.01,28.86,21.3,59.025,10.85,56.855,60.215,100.315,44.33,41.8,47.34,38.813,26.705,55.3,56.09,43.29,79.384,61.995,105.795,81.24,119.945,76.175,154.48,85.445,100.18,49.375,82.99,32.23,98.755,47.825,211.85,120.965,79.855,122.32,173.23,240.92,70.22,95.35,80.215,173.225,6.6,97.67,86.75,216.16,246.92,114.44,97.32,166.71,137.745,167.985,241.4,165.5,131.09,54.985,100.3,200.77,104.09,41.29,220.44,120.15,85.88,57.0,124.855,121.59,137.925,97.965,112.71,232.33,226.39,73.605,98.905,108.175,132.265,140.565,56.69,102.62,157.7,105.865,117.7,159.745,191.955,160.08,156.42,139.72,66.56
3156,56.315,54.6,104.345,100.855,149.475,175.735,75.76,70.78,118.062,27.596,38.54,56.59,63.345,71.24,142.25,87.08,180.93,261.845,110.23,112.63,189.655,69.68,57.1,92.65,54.91,61.41,72.04,57.56,56.488,61.55,94.295,81.54,81.48,56.6,53.98,66.03,62.9,86.8,60.155,67.19,112.86,44.855,108.36,78.48,55.64,89.34,99.84,84.26,35.41,82.59,77.5,75.33,54.35,60.52,64.47,45.67,83.12,158.5,46.59,58.045,54.73,68.395,59.04,76.155,59.305,88.24,24.665,58.485,35.758,56.08,84.33,62.31,31.66,47.92,65.535,64.645,54.86,41.09,112.2,83.767,93.86,155.96,201.79,173.02,84.085,99.39,178.175,98.54,79.365,85.675,41.19,135.33,175.73,206.165,253.881,301.545,217.355,216.575,313.07,254.3,137.805,93.17,88.32,242.625,107.855,260.54,293.84,197.71,152.705,256.975,240.045,289.165,177.62,199.16,444.715,86.6,6.6,184.635,304.06,456.64,274.425,341.42,319.1,446.94,228.965,354.245,303.815,299.1,257.475,365.8,331.79,304.55,121.42,262.705,202.85,216.435,193.665,216.97,182.385,344.82,318.325,204.14,311.43,341.46,261.23,222.79,311.26,306.615,250.125,197.375,256.77,266.24,206.04,238.22,265.955,423.13,237.335,209.6,176.38,118.015
3158,8.985,11.02,6.2,0.0,11.18,10.07,6.97,1.52,10.96,1.52,6.52,1.56,14.61,16.14,9.88,10.74,15.03,33.01,23.125,8.16,19.68,5.0,12.14,8.94,8.94,13.46,1.6,1.71,8.19,23.25,5.0,4.0,10.0,5.4,4.5,4.52,14.4,7.0,10.0,9.0,19.0,7.94,10.0,4.5,4.5,9.94,4.125,17.176,6.0,21.0,14.0,21.94,4.93,10.0,3.64,27.56,4.6,0.0,0.0,11.1,0.0,12.06,12.245,7.88,11.1,4.6,7.5,11.65,9.0,7.52,4.68,17.698,7.28,9.885,4.578,0.0,4.56,11.01,21.6,98.84,21.78,8.91,0.0,16.74,14.7,14.05,10.955,12.03,0.0,11.16,75.1,9.1,11.89,16.76,45.26,22.7,40.63,40.97,17.675,27.315,19.89,19.3,3.015,10.5,36.99,14.08,33.01,43.645,13.2,29.42,51.71,40.845,64.94,23.4,23.42,6.615,0.0,16.28,66.18,33.18,28.79,30.16,79.25,23.67,49.32,46.36,40.14,49.29,15.26,50.13,58.62,43.975,35.77,42.802,34.36,25.56,27.585,30.55,55.16,24.61,6.64,35.59,12.9,49.685,75.41,62.245,66.71,63.525,10.625,18.71,30.48,55.945,49.99,38.34,71.515,50.23,28.49,25.52,6.16,4.565
3159,1.52,4.905,15.42,0.0,9.41,6.34,0.0,0.0,7.22,0.0,3.055,3.12,1.52,4.64,5.766,7.236,10.62,18.0,13.19,0.0,0.0,0.0,0.0,9.5,2.88,0.0,1.6,3.12,5.0,0.0,0.0,7.5,1.4,10.0,5.0,0.0,3.5,3.0,5.0,4.34,0.0,3.0,0.0,7.62,4.0,9.0,7.5,0.0,0.0,2.5,3.0,0.0,9.0,0.0,4.34,4.5,15.5,8.92,0.0,4.505,0.0,4.505,0.0,0.0,0.0,11.06,3.12,8.32,0.0,0.0,4.59,0.0,3.18,10.773,4.59,3.36,15.4,8.32,8.32,6.67,12.98,0.0,6.21,4.05,0.0,2.9,15.245,0.0,9.18,16.025,22.36,15.93,0.0,10.225,10.2,0.0,5.795,6.0,34.035,12.5,0.0,5.7,5.8,24.36,12.9,0.0,5.61,4.095,0.0,11.88,19.815,30.26,4.8,19.8,14.74,1.86,4.5,16.98,31.12,0.0,10.59,0.0,21.12,16.64,40.64,11.94,25.99,13.32,22.86,20.09,23.65,19.93,16.65,0.0,0.0,0.0,27.01,0.0,13.69,7.395,0.0,16.63,26.6,14.31,6.64,20.335,0.0,16.775,6.6,10.79,22.735,20.24,16.935,13.29,6.64,0.0,6.64,15.45,0.0,0.0
3160,8.12,8.72,10.89,9.88,25.39,26.36,8.645,11.66,16.085,0.0,0.38,1.56,5.13,1.9,3.02,21.55,31.835,28.592,27.65,10.74,59.27,4.84,4.5,3.0,1.6,3.2,5.2,12.38,0.0,16.29,8.25,12.0,0.0,19.6,9.0,11.75,9.25,32.35,11.5,9.5,7.0,13.5,11.25,21.21,24.75,13.5,28.3,6.9,9.5,19.5,34.12,12.5,24.795,6.5,11.25,4.75,7.05,14.66,17.34,16.62,0.0,20.84,26.575,9.46,3.06,28.61,4.0,3.0,6.055,13.455,4.5,54.645,3.12,20.88,4.77,0.0,27.38,85.68,20.89,11.82,24.247,4.65,6.54,24.815,19.8,19.56,37.38,9.975,49.97,0.0,118.71,17.01,22.96,12.445,70.42,34.115,46.08,94.175,38.33,56.86,34.46,4.2,40.0,38.08,28.235,20.6,24.305,24.215,49.555,52.65,35.88,42.46,60.86,34.01,38.01,32.56,0.0,43.74,71.59,91.03,47.17,41.22,104.25,61.575,64.65,43.26,48.84,41.68,70.12,38.48,55.1,45.88,16.54,26.27,56.045,34.555,20.03,39.995,47.595,72.205,74.98,126.61,57.88,94.7,6.4,91.52,61.535,27.86,58.0,57.195,61.05,105.58,36.67,35.775,59.205,48.45,29.385,36.22,46.81,24.64
3161,9.2,7.715,1.56,3.08,10.48,19.08,4.955,1.52,23.165,2.28,1.485,0.0,3.04,3.04,5.0,6.995,8.69,9.94,6.78,17.85,18.935,3.0,0.0,18.0,5.0,0.0,10.64,1.715,17.5,0.0,7.08,8.92,2.115,1.4,6.0,0.0,0.0,5.5,14.962,28.5,0.0,0.0,8.75,21.68,42.2,5.0,14.0,17.58,1.0,13.1,4.0,5.0,10.0,24.68,0.0,16.74,0.0,9.0,4.5,24.375,40.04,10.96,3.64,15.34,5.035,0.0,10.2,24.145,79.42,12.0,30.79,28.36,9.76,9.28,5.2,13.515,19.01,3.18,0.0,18.945,12.015,19.9,29.76,44.66,10.68,18.105,20.39,36.87,36.585,6.49,29.52,24.95,40.94,19.385,26.39,38.46,17.58,52.41,39.397,22.01,25.395,42.765,22.895,19.92,58.915,16.36,65.23,30.805,16.89,74.005,53.5,75.11,40.53,43.08,127.65,6.6,27.5,78.5,53.7,140.51,29.91,109.695,58.07,38.94,34.44,74.745,19.59,27.45,32.93,58.02,36.29,67.955,18.0,48.855,94.105,30.34,54.66,81.865,106.52,70.985,59.66,60.93,90.785,49.4,29.88,31.43,117.045,57.97,23.225,19.92,98.835,92.61,79.94,59.68,103.325,133.355,30.0,49.97,13.2,6.64
3162,10.25,10.86,8.24,14.48,15.18,39.58,8.93,11.46,22.44,3.42,6.46,5.56,4.56,8.87,15.7,6.31,51.305,42.38,15.45,13.31,49.1,3.31,12.82,33.87,4.962,12.1,11.0,1.44,6.0,3.2,28.1,4.25,7.4,15.05,4.0,20.9,12.0,9.0,23.83,33.3,10.4,26.83,27.5,11.0,23.9,29.55,24.575,34.0,4.25,25.16,38.58,5.0,20.27,24.8,18.58,27.15,31.2,0.0,25.08,18.58,14.2,16.195,5.2,0.0,49.46,10.9,72.015,10.2,2.08,0.0,0.0,20.786,5.98,18.28,15.24,22.585,21.555,27.04,49.96,29.74,13.32,28.67,15.33,20.52,11.25,65.175,10.92,18.96,14.79,23.31,58.885,8.04,41.66,25.195,50.325,37.685,54.475,58.27,90.49,49.2,123.05,72.125,33.43,18.24,35.815,51.275,31.945,55.07,45.36,72.65,39.74,36.11,42.015,36.92,75.75,12.71,0.0,20.565,93.92,63.66,56.275,104.47,90.29,81.69,112.2,56.63,69.94,67.011,36.69,110.4,90.53,71.42,58.16,88.23,56.77,70.67,42.835,57.915,40.72,56.045,231.755,79.64,244.605,118.725,93.525,79.64,36.0,102.165,117.65,170.145,69.19,80.845,139.7,47.42,182.91,135.95,19.8,106.33,105.525,44.63
3163,15.52,19.44,46.34,19.364,31.57,42.715,26.675,20.42,37.89,7.72,3.49,7.29,15.85,34.425,25.03,40.72,48.44,74.14,34.725,28.09,43.78,8.6,11.81,31.59,15.13,9.5,13.36,47.24,31.07,16.29,21.97,8.74,22.82,29.535,28.515,22.85,9.0,13.15,16.99,11.5,35.98,32.212,9.25,15.505,33.5,25.86,17.0,22.33,29.19,47.685,30.61,17.5,8.75,14.75,2.5,28.98,10.2,6.08,24.33,25.3,26.82,17.06,19.985,20.3,8.26,89.425,16.47,2.08,21.25,21.974,33.806,27.45,13.8,14.72,31.03,19.01,23.43,31.14,76.25,54.055,47.27,28.22,21.64,11.96,27.61,18.39,50.505,85.495,100.89,30.54,23.61,35.875,14.87,49.98,75.635,60.92,91.855,66.13,82.725,103.02,59.865,35.685,27.835,54.7,4.0,81.24,100.96,78.7,96.605,61.5,156.06,64.46,51.7,85.63,89.305,34.83,16.04,47.54,91.64,89.97,136.34,95.14,83.37,108.05,81.59,54.975,89.365,108.035,69.825,152.655,222.035,132.5,20.72,103.92,79.22,42.85,132.485,85.91,198.31,93.29,146.73,92.805,151.53,170.1,87.0,109.915,161.77,182.13,179.345,61.23,132.9,104.94,141.16,49.49,72.605,110.15,134.1,132.5,81.66,53.31
3164,0.0,3.04,0.0,0.0,0.0,0.0,0.0,0.0,0.0,0.0,0.0,0.0,0.0,0.0,0.0,0.0,0.0,0.0,0.0,0.0,5.0,0.0,0.0,0.0,0.0,0.0,0.0,14.0,0.0,0.0,0.0,0.0,0.0,98.6,0.0,0.0,5.49,40.0,0.0,0.0,0.0,0.0,25.0,0.0,50.0,19.0,0.0,0.0,0.0,72.0,0.0,0.0,0.0,0.0,0.0,0.0,0.0,0.0,0.0,29.64,0.0,0.0,0.0,0.0,0.0,0.0,0.0,0.0,60.32,0.0,15.08,0.0,0.0,0.0,0.0,0.0,0.0,0.0,0.0,0.0,0.0,0.0,0.0,0.0,60.06,0.0,0.0,0.0,0.0,0.0,0.0,0.0,0.0,4.96,19.6,0.0,0.0,0.0,0.0,0.0,0.0,0.0,0.0,0.0,0.0,20.25,0.0,0.0,0.0,0.0,0.0,0.0,0.0,0.0,0.0,0.0,0.0,0.0,0.0,0.0,0.0,0.0,0.0,0.0,0.0,0.0,0.0,0.0,0.0,0.0,0.0,0.0,0.0,0.0,0.0,0.0,0.0,0.0,0.0,0.0,0.0,0.0,0.0,6.64,0.0,0.0,0.0,0.0,0.0,0.0,0.0,0.0,0.0,0.0,0.0,0.0,0.0,0.0,0.0,0.0
3165,20.64,34.415,30.94,24.78,37.938,76.319,16.64,18.34,43.48,7.96,22.74,9.52,20.2,19.95,23.48,59.165,77.64,100.27,22.42,18.765,58.34,40.202,27.555,44.68,11.13,26.4,22.53,16.23,12.0,15.995,18.12,32.0,12.8,26.75,51.205,38.55,34.25,46.49,36.5,21.5,38.635,19.45,23.175,30.07,60.5,78.0,25.5,54.14,18.0,33.5,44.83,44.58,25.5,36.3,32.12,43.82,31.78,35.335,8.84,6.21,23.48,18.4,18.165,4.62,28.36,112.905,5.16,23.9,16.665,25.22,10.74,13.1,11.72,7.27,34.2,10.61,15.53,17.36,22.64,21.215,60.385,43.8,21.04,76.73,25.11,33.955,31.93,21.54,33.895,65.96,45.005,39.765,32.565,106.27,108.37,145.685,94.925,96.78,107.715,65.38,60.745,82.3,68.855,78.395,35.835,102.495,72.965,85.03,130.73,105.945,140.29,63.67,110.71,103.61,117.92,21.9,6.6,88.65,141.66,121.33,189.51,166.01,170.15,176.42,137.52,141.4,160.08,236.77,129.01,156.955,159.355,208.63,104.83,123.925,255.325,98.16,172.15,64.585,118.925,118.465,149.3,139.74,183.06,305.385,164.355,164.165,144.61,120.6,87.38,57.425,110.955,183.065,194.01,250.92,198.695,212.86,133.505,186.575,69.16,57.49
3166,17.519,22.595,22.88,26.595,52.717,89.177,26.77,20.57,59.722,8.7,14.71,12.59,2.4,20.56,15.75,23.76,31.53,57.615,22.22,34.84,68.78,31.03,30.995,82.92,22.9,24.0,38.7,48.5,18.75,7.83,25.305,13.0,24.52,29.51,13.9,13.39,33.29,27.68,27.32,44.58,14.24,22.78,91.75,55.64,33.49,36.15,33.25,41.63,22.97,32.23,58.945,6.0,42.3,51.35,26.14,33.09,31.14,0.0,23.22,16.2,17.22,20.78,34.975,65.55,46.0,28.52,0.0,11.38,29.64,7.86,31.035,15.81,26.13,45.22,20.525,32.0,41.75,4.505,32.2,67.02,33.85,21.99,21.12,15.64,29.8,31.56,58.963,27.86,6.75,105.95,59.09,40.69,52.091,43.79,67.755,111.81,88.085,150.955,109.88,115.89,147.715,58.25,42.615,82.26,64.46,79.07,95.195,107.925,86.94,96.08,71.03,74.06,41.325,105.755,99.89,32.48,0.0,117.89,98.065,211.48,141.505,80.36,100.46,94.195,115.595,309.55,131.7,117.975,88.42,155.94,128.29,127.305,54.11,153.32,113.12,79.17,61.26,74.02,128.1,110.2,139.625,78.975,65.575,100.32,85.51,120.42,77.935,50.29,114.505,86.285,102.62,114.52,142.17,93.555,219.155,266.495,102.165,62.785,68.43,37.62
3167,9.56,12.27,19.74,16.76,6.11,28.94,14.815,21.205,12.16,4.15,4.56,13.92,3.04,12.375,19.14,15.77,19.46,33.86,6.02,32.99,35.12,7.4,9.78,42.59,3.1,6.0,15.0,21.75,16.918,9.5,14.025,11.5,18.13,11.0,7.8,15.0,25.0,5.0,18.0,19.94,11.0,12.74,11.2,25.09,23.6,15.0,7.5,12.0,23.0,22.5,19.45,13.95,15.12,5.5,18.9,5.035,3.5,13.37,3.12,7.9,5.0,38.77,49.73,13.56,20.21,18.57,2.5,0.0,8.42,0.0,22.56,5.0,0.0,5.2,16.005,0.0,2.08,10.375,7.4,29.97,20.475,21.84,40.9,14.405,15.205,9.28,3.24,0.0,8.705,58.94,4.125,18.78,29.27,17.24,137.26,55.25,31.02,101.59,29.05,121.725,47.77,20.53,48.21,19.255,31.255,52.725,78.17,38.37,65.94,127.93,18.825,52.29,20.82,69.86,81.985,23.88,0.0,37.51,89.51,132.99,45.23,52.79,223.53,50.35,38.61,26.28,74.9,124.55,42.74,33.79,134.57,144.63,32.96,27.57,158.7,54.27,26.25,46.855,78.0,42.545,232.225,24.36,59.65,19.92,39.19,52.58,54.07,170.12,48.02,30.255,63.9,64.22,53.265,60.94,56.35,61.665,76.25,68.64,9.28,19.01
3168,12.19,4.3,9.9,17.23,34.65,44.985,3.15,6.82,18.515,7.98,15.1,30.79,0.0,11.5,3.08,23.735,39.645,41.2,17.25,11.95,41.3,8.56,24.57,13.38,13.42,10.0,37.28,6.84,6.0,8.0,0.0,9.57,14.504,16.89,15.93,5.0,4.75,44.94,32.02,21.18,21.67,1.5,80.6,10.0,22.5,32.596,0.0,11.0,17.1,40.5,44.25,16.89,51.94,9.2,0.0,31.0,2.75,5.36,25.0,3.12,2.0,9.56,125.38,41.15,5.2,2.0,92.06,2.04,0.0,0.0,13.44,0.0,0.0,2.17,53.24,0.0,6.32,12.64,5.2,9.18,12.93,0.0,23.8,4.76,7.59,15.12,42.815,12.32,15.09,69.9,79.62,5.13,95.56,73.955,103.95,31.885,64.12,54.27,71.295,175.915,231.765,6.05,75.51,36.43,31.26,21.69,71.29,118.545,27.395,70.12,246.505,45.03,125.26,94.6,274.935,14.6,0.0,249.9,84.61,186.36,49.4,101.87,53.61,79.72,76.47,50.82,172.42,82.69,43.97,52.175,167.48,57.61,48.38,16.74,59.25,90.855,74.995,216.56,64.935,69.435,183.885,140.57,262.37,82.69,12.46,79.435,107.305,112.955,35.175,291.73,88.93,70.5,28.64,38.34,194.21,56.16,58.9,66.19,69.36,11.44
3169,14.104,22.025,23.3,32.665,18.93,73.361,17.968,16.926,29.355,6.84,24.035,28.1,14.21,18.05,33.935,42.86,81.855,54.63,10.72,38.49,64.935,34.42,21.34,41.03,22.1,32.065,8.38,20.439,21.0,19.145,56.59,29.0,28.56,19.53,17.23,25.155,19.5,32.66,34.99,5.0,15.06,15.9,37.25,22.232,32.5,28.0,17.5,25.0,19.0,31.25,28.125,22.0,27.403,28.24,30.4,23.2,29.82,22.2,0.0,3.75,12.16,14.19,15.2,7.04,30.18,19.475,10.2,9.6,73.7,9.44,31.695,98.9,7.21,16.84,57.87,13.0,6.31,44.19,53.14,48.065,20.755,91.685,5.4,26.34,17.14,56.115,30.81,19.51,64.045,54.155,35.145,29.31,100.27,142.215,127.935,122.615,116.63,125.615,195.2,96.17,81.205,52.435,140.78,43.615,108.1,202.53,98.075,85.31,91.615,143.44,92.22,48.975,68.605,75.775,205.55,72.47,41.07,81.14,209.02,234.525,121.11,157.96,157.65,90.365,92.345,171.91,92.32,160.99,93.95,109.1,245.98,248.845,70.275,31.84,46.125,71.415,93.825,49.345,53.98,111.125,96.87,201.255,176.375,162.245,51.73,70.94,114.055,85.185,122.685,148.765,84.085,210.465,92.925,106.5,105.98,146.935,131.845,89.65,96.99,28.6
3170,15.84,37.64,31.16,45.675,58.48,78.939,19.855,32.808,30.3,15.09,18.92,14.86,13.52,23.72,37.49,49.363,64.81,71.02,44.75,51.64,68.08,26.75,19.94,46.46,83.28,2.5,21.7,13.4,5.0,15.32,31.63,23.54,24.5,48.2,27.25,3.0,30.56,27.52,31.5,20.5,69.775,10.0,45.64,23.5,29.625,23.0,170.1,32.1,37.3,61.13,19.6,73.5,15.5,32.5,54.91,33.46,25.15,41.43,71.82,20.12,10.12,47.04,10.11,72.23,15.65,12.02,14.24,19.54,51.76,16.12,42.08,64.11,11.05,28.9,33.02,19.11,28.31,57.393,51.635,91.96,40.15,30.97,44.5,28.375,10.41,30.715,47.92,42.43,49.32,92.72,48.89,45.08,64.575,204.8,116.87,79.375,218.57,296.94,147.15,107.36,133.595,160.075,56.585,85.16,63.07,165.105,156.325,102.69,123.78,141.38,192.73,92.59,171.485,129.475,262.5,74.81,52.18,86.25,268.63,573.01,201.89,163.13,165.87,169.65,224.12,168.585,244.71,234.37,86.835,130.42,234.26,213.765,62.65,126.94,65.765,89.785,55.715,159.095,134.21,152.185,90.415,63.525,89.405,239.76,88.96,190.44,131.405,166.085,138.465,233.295,107.165,219.92,482.66,92.33,136.34,226.92,52.035,81.63,90.435,46.64
3171,6.8,14.72,45.609,39.76,65.51,77.5,15.44,24.036,42.47,20.19,18.26,11.12,22.8,28.38,80.055,74.49,64.16,98.79,41.05,36.75,74.505,14.29,43.53,124.45,77.89,47.21,47.44,25.88,20.0,12.56,65.42,34.5,36.065,39.0,23.62,21.8,30.75,13.0,70.96,60.0,67.26,41.232,18.88,40.1,31.25,120.5,26.7,18.75,29.174,47.07,33.0,17.5,19.44,39.06,18.25,3.5,20.9,26.5,28.64,23.96,5.0,13.54,8.25,28.06,18.34,24.87,15.4,7.25,20.08,6.2,0.0,45.22,102.84,14.39,47.09,0.0,6.64,20.015,44.95,5.21,27.045,8.22,16.76,22.192,77.335,132.56,28.08,17.832,53.37,22.89,58.24,66.21,75.8,85.245,124.34,79.24,109.14,126.355,100.385,156.415,64.315,54.77,37.755,59.085,80.15,112.86,140.58,156.54,81.445,122.755,144.86,66.215,81.175,77.205,169.775,93.12,45.87,153.34,248.89,167.1,156.68,161.905,388.9,98.72,575.36,168.305,126.59,210.0,89.5,386.235,228.78,280.65,51.93,90.18,113.25,147.155,84.795,85.08,53.2,131.085,123.705,86.32,180.475,108.925,82.115,61.585,26.115,104.835,130.3,83.205,114.42,165.17,60.685,157.01,102.215,162.69,80.28,85.89,78.785,40.8
3172,28.5,45.5,52.614,20.31,38.261,87.974,20.73,37.4,20.88,3.04,35.41,19.65,21.69,31.73,46.045,71.71,115.775,90.525,47.18,42.36,99.13,27.85,42.59,70.98,44.0,32.7,36.4,41.75,41.3,29.2,49.02,19.85,28.5,107.724,49.0,27.2,33.5,67.25,56.37,38.3,42.34,22.5,28.0,70.8,57.74,34.3,73.94,36.75,59.5,26.04,50.7,23.5,14.25,32.94,57.65,35.78,16.0,67.58,120.62,11.32,26.34,46.03,20.22,3.0,23.18,5.1,13.625,69.53,33.14,7.8,28.837,36.09,13.5,71.175,15.2,4.905,19.44,30.435,28.25,51.44,24.82,141.88,132.31,29.36,8.1,33.25,25.69,70.64,38.205,25.34,54.355,27.895,120.84,193.095,186.255,145.93,133.745,155.125,131.73,79.275,83.99,30.6,50.505,92.71,83.35,201.62,121.885,151.64,116.835,286.8,212.93,111.865,137.135,132.225,180.71,33.075,46.5,81.21,232.19,213.725,167.54,171.72,251.48,236.005,182.85,299.985,263.25,114.825,159.79,149.4,173.01,157.665,113.625,126.345,101.19,118.62,134.725,60.14,187.88,81.165,119.615,65.005,157.275,246.355,97.575,125.42,81.71,111.505,93.04,132.64,133.725,126.415,132.63,154.385,148.78,66.08,112.265,75.305,86.865,40.48
3173,31.692,43.48,80.135,63.85,76.9,135.51,37.82,26.505,55.26,13.68,33.81,42.28,55.28,40.82,85.5,70.885,106.02,165.024,85.305,78.86,167.675,56.23,40.94,77.57,63.87,47.25,44.54,46.704,88.15,55.215,184.3,28.57,62.6,99.5,75.245,42.95,40.0,25.75,31.25,84.99,96.905,80.25,116.75,46.58,84.73,89.25,65.5,73.5,97.25,100.5,101.27,70.29,43.0,60.55,110.12,108.82,89.64,23.275,40.07,45.94,47.785,60.32,105.025,132.1,65.925,56.74,68.83,37.87,63.24,64.61,53.34,238.715,13.78,50.05,39.3,39.43,52.205,61.58,117.005,48.605,59.675,80.972,109.185,167.915,53.35,64.1,147.77,92.545,164.12,119.03,124.875,74.265,214.26,381.085,306.11,299.86,338.975,338.94,319.5,207.725,160.735,118.1,190.2,154.815,360.29,171.075,297.13,446.26,242.835,346.865,246.935,324.655,328.765,304.1,588.475,87.85,4.95,314.475,533.795,487.32,273.435,506.26,372.44,433.13,232.855,286.5,417.045,340.99,206.045,259.165,238.23,346.435,80.53,167.9,298.47,164.12,267.16,111.55,215.28,196.76,450.9,104.145,135.685,192.52,121.03,350.61,603.575,307.28,173.325,174.545,199.81,189.115,162.755,306.92,144.055,224.28,145.88,148.4,165.1,69.24
3174,25.56,38.24,33.31,39.583,54.838,83.53,26.18,31.98,57.85,26.64,35.56,12.84,12.22,37.9,70.62,76.1,105.355,164.195,68.17,61.5,102.75,33.56,71.43,54.61,52.53,44.2,54.48,28.55,97.9,52.0,59.14,45.38,26.0,44.0,58.27,18.2,63.81,46.27,37.11,47.5,75.2,68.02,89.89,45.41,67.66,65.65,60.5,40.0,45.75,25.0,62.75,41.25,38.0,36.5,51.25,52.33,21.62,29.8,29.25,28.2,26.48,27.86,10.695,53.54,27.75,22.17,0.0,17.16,20.78,12.3,21.155,24.975,55.3,29.775,53.54,36.85,20.115,30.215,45.29,28.58,62.2,53.31,44.04,135.725,36.82,25.94,32.82,39.075,35.255,251.72,96.155,30.605,65.08,164.36,169.78,200.81,170.215,151.335,190.63,114.82,188.275,52.23,53.125,120.96,164.08,357.185,176.415,202.425,168.985,199.45,226.695,174.765,178.4,199.73,371.495,61.56,57.62,115.75,389.625,477.84,206.33,273.13,286.6,227.57,160.01,241.495,368.775,231.245,191.44,153.89,207.135,161.605,56.34,201.05,90.745,108.25,116.49,146.345,146.02,206.805,152.08,53.795,177.625,304.115,144.215,150.09,86.665,44.625,246.4,98.035,126.55,274.585,189.43,150.59,170.46,218.515,113.6,134.1,124.07,31.415
3175,29.795,59.18,94.305,49.288,100.83,103.92,40.55,32.72,85.266,15.62,32.05,35.19,46.09,77.8,106.95,112.955,182.63,180.705,55.04,59.203,96.64,48.64,60.76,114.22,63.9,59.44,75.06,109.285,129.44,63.8,62.38,121.008,93.145,60.915,143.5,213.05,46.15,87.95,88.66,207.08,221.755,112.88,92.33,89.9,205.75,177.85,150.77,262.49,146.0,144.49,229.04,63.48,192.68,55.0,43.74,243.575,157.6,218.328,34.08,95.09,102.9,158.47,203.31,43.47,98.06,36.7,47.185,79.86,100.0,129.145,162.06,318.345,89.14,109.53,47.7,173.805,218.385,198.06,116.485,108.8,233.415,136.34,266.96,242.155,152.345,249.235,218.15,335.1,325.185,1011.865,562.665,807.845,386.735,396.585,248.38,748.82,236.285,500.06,488.235,564.47,387.185,410.63,409.055,545.895,188.94,691.47,459.92,1107.4,420.92,627.18,505.5,388.71,566.18,823.525,1242.146,484.15,72.91,487.22,519.325,709.405,328.46,471.31,451.43,336.01,1118.895,639.655,552.695,950.845,407.135,705.39,949.005,778.17,250.5,323.92,590.675,497.085,555.61,451.5,454.335,599.05,522.455,522.245,940.495,1062.54,199.37,513.145,366.215,407.54,481.3,1487.095,218.195,412.06,524.095,926.995,654.75,1078.795,139.92,419.205,237.985,167.375
3176,0.0,0.0,0.0,0.0,0.0,0.0,0.0,0.0,0.0,0.0,0.0,0.0,0.0,0.0,0.0,0.0,0.0,0.0,0.0,0.0,0.0,0.0,0.0,0.0,0.0,0.0,0.0,0.0,0.0,0.0,0.0,0.0,0.0,0.0,0.0,0.0,0.0,0.0,0.0,0.0,0.0,0.0,0.0,0.0,0.0,0.0,0.0,0.0,0.0,0.0,0.0,0.0,0.0,0.0,0.0,0.0,0.0,0.0,0.0,0.0,0.0,0.0,0.0,0.0,5.1,0.0,0.0,0.0,0.0,0.0,0.0,0.0,0.0,0.0,0.0,0.0,0.0,0.0,0.0,0.0,0.0,0.0,0.0,0.0,0.0,0.0,0.0,0.0,0.0,0.0,0.0,0.0,0.0,0.0,0.0,0.0,0.0,0.0,0.0,0.0,0.0,0.0,0.0,0.0,0.0,0.0,0.0,0.0,0.0,0.0,0.0,0.0,0.0,0.0,0.0,0.0,0.0,0.0,0.0,0.0,0.0,0.0,0.0,0.0,0.0,0.0,0.0,0.0,0.0,0.0,0.0,0.0,0.0,0.0,0.0,0.0,0.0,0.0,0.0,0.0,0.0,0.0,0.0,0.0,0.0,0.0,0.0,0.0,0.0,0.0,0.0,0.0,0.0,0.0,0.0,0.0,0.0,0.0,0.0,0.0
3177,15.86,7.56,19.5,6.79,15.849,17.68,6.79,12.675,6.1,3.04,10.97,8.82,13.3,8.74,22.83,24.675,45.185,43.59,11.02,23.35,29.9,16.43,2.5,21.44,28.28,10.5,11.21,19.56,14.83,3.7,12.8,8.84,8.0,10.0,13.25,11.5,24.0,23.96,12.5,10.0,12.06,10.2,11.25,9.25,18.5,17.94,12.0,20.0,11.0,9.84,6.0,17.5,11.5,17.0,0.0,9.5,23.5,8.42,3.12,11.76,5.0,10.0,6.0,26.62,21.44,3.5,6.59,11.32,25.328,14.82,10.2,1.53,5.26,0.0,21.135,4.505,26.19,0.0,9.36,44.13,35.37,12.26,14.16,7.02,23.84,9.83,10.13,15.5,28.13,17.13,9.405,13.5,31.395,38.295,37.155,52.19,8.88,71.53,33.53,43.22,35.7,6.67,35.04,17.4,28.875,54.785,59.6,109.615,21.84,66.15,38.06,32.38,51.015,101.68,88.79,35.64,6.6,47.12,120.195,73.755,48.79,72.9,55.51,72.71,45.58,207.37,61.73,32.93,50.29,87.56,72.37,59.78,13.82,31.42,80.09,43.02,52.525,44.64,32.35,45.095,58.22,33.2,68.93,90.375,59.995,64.31,58.115,16.6,86.095,102.005,35.54,67.16,94.09,143.895,94.53,108.11,67.795,17.58,50.335,0.0
3178,36.145,71.12,55.825,67.395,156.789,204.464,64.267,91.025,119.218,25.349,24.99,22.88,53.89,63.02,116.39,99.975,176.065,233.74,121.13,99.68,191.025,50.91,74.11,120.11,49.55,40.04,57.95,48.415,27.875,66.93,56.98,73.37,54.32,60.05,35.345,82.97,64.7,44.77,122.0,87.18,117.97,81.25,85.74,77.6,116.4,98.28,81.59,71.0,33.5,73.7,79.5,60.59,44.2,45.25,78.95,35.94,73.065,43.23,29.04,77.155,73.055,58.07,39.415,42.29,133.57,82.625,32.635,56.865,40.32,35.395,67.87,47.6,44.85,64.375,137.87,25.99,24.455,55.05,54.682,51.2,70.88,66.94,100.17,187.25,75.825,69.94,107.345,104.43,164.115,100.965,121.23,94.885,95.86,137.495,180.55,409.465,215.165,317.43,210.415,168.65,157.98,214.59,68.815,185.154,191.885,279.19,298.88,380.3,300.93,447.8,258.955,207.945,225.98,182.03,273.265,93.3,27.9,96.12,525.545,464.24,234.14,290.84,352.47,268.9,242.975,265.14,298.795,327.905,219.655,192.55,491.125,287.03,209.55,206.195,224.775,118.39,226.0,144.51,221.225,193.995,223.68,162.245,381.265,310.975,256.795,286.855,243.305,213.81,234.64,140.14,250.42,403.02,254.1,367.855,414.395,337.735,191.81,270.915,151.095,122.24
3179,4.64,9.475,5.76,8.155,15.65,32.13,18.685,13.844,12.67,3.42,0.0,12.64,7.6,15.52,8.59,12.88,24.68,34.974,25.025,10.19,17.32,13.3,8.0,21.37,2.7,5.5,0.0,4.5,30.43,10.35,42.09,46.14,8.0,10.25,19.0,12.5,3.75,12.5,17.05,21.0,34.0,8.0,25.25,10.5,17.5,18.0,23.5,85.0,5.0,13.25,10.0,0.0,11.25,7.42,5.0,8.71,0.0,45.24,14.58,20.5,1.5,5.14,2.5,73.635,0.0,3.0,9.18,2.55,85.88,60.345,14.2,36.08,10.785,10.29,4.24,6.34,7.56,13.36,19.1,29.97,0.0,0.0,108.36,105.04,14.66,27.16,82.92,9.4,15.075,116.74,18.1,43.16,5.4,35.48,32.325,34.835,27.03,44.545,50.535,36.535,124.77,57.415,118.84,14.595,11.28,49.255,90.38,129.92,25.83,16.545,56.34,27.525,13.11,9.89,70.37,0.0,0.0,21.57,105.19,66.98,59.6,26.12,166.41,38.08,81.795,70.6,71.495,71.01,32.5,48.47,43.725,158.055,58.53,14.28,32.81,16.92,32.8,65.77,126.875,30.32,30.92,95.31,59.275,269.27,55.57,30.195,70.27,96.28,43.08,41.355,39.305,28.29,22.92,212.96,40.685,166.4,79.56,49.75,35.16,15.36
3180,7.9,11.78,9.95,15.69,51.52,80.693,19.84,12.515,31.75,0.0,0.0,6.5,18.71,12.16,8.05,13.44,109.525,49.92,15.12,23.29,19.87,19.02,6.0,8.6,9.7,8.6,8.21,8.1,7.5,30.58,3.0,9.06,39.0,39.16,13.79,9.22,8.9,7.0,13.0,9.51,28.0,0.0,21.5,11.5,11.75,4.0,28.5,23.09,7.0,12.5,0.0,21.0,16.5,10.5,9.5,9.0,56.74,8.06,26.31,13.42,4.5,7.0,19.88,18.8,30.92,4.42,13.66,5.2,2.915,5.06,23.33,18.93,8.06,25.155,51.88,29.9,22.3,17.945,64.12,4.8,6.03,37.56,4.59,20.31,20.94,24.57,121.5,16.83,3.27,11.34,14.73,26.55,11.97,17.475,46.275,73.93,69.48,70.61,36.755,173.555,119.46,15.505,28.97,35.135,95.72,122.83,203.645,38.95,39.615,63.59,61.875,32.12,66.135,9.57,112.485,32.47,36.64,80.84,174.055,107.56,54.69,78.54,81.83,34.89,36.45,48.5,162.75,44.03,83.86,176.48,73.13,107.61,30.28,28.06,70.93,114.89,16.975,70.35,48.02,73.71,86.265,11.59,59.38,146.655,60.525,65.41,49.96,108.81,68.77,156.925,60.975,78.64,213.69,41.74,52.74,84.315,14.14,80.56,13.24,19.01
3181,2.0,6.02,10.26,3.87,5.17,9.01,2.09,9.94,5.04,0.0,3.34,0.0,0.0,3.04,3.12,1.52,6.97,17.95,0.0,3.5,12.16,0.0,0.0,5.25,5.0,4.0,0.0,4.62,8.0,12.315,0.0,7.61,9.58,1.5,4.5,4.5,5.0,2.0,0.0,1.96,26.5,5.3,0.0,18.45,6.0,9.5,5.3,0.0,0.0,13.0,11.0,2.1,0.0,5.1,40.96,8.0,4.2,12.4,0.0,10.62,9.0,19.31,2.04,4.95,5.44,6.16,6.08,5.0,0.0,11.855,13.83,32.745,0.0,4.86,5.2,10.72,3.975,12.26,5.58,10.08,20.56,21.885,50.69,20.61,8.32,6.865,9.185,19.795,3.85,37.33,11.615,11.52,11.4,26.86,45.311,64.605,17.51,61.77,15.46,15.075,149.028,30.24,10.2,22.375,4.96,26.045,40.09,6.4,6.3,45.555,29.14,18.9,12.54,55.92,23.3,2.64,29.64,22.11,10.32,25.62,20.675,20.18,23.57,7.29,13.475,15.575,9.85,46.04,27.32,22.87,20.8,0.0,35.52,15.795,33.845,23.86,66.445,25.58,45.21,12.71,31.68,32.0,37.185,41.04,16.6,51.155,100.785,12.2,10.15,37.9,95.13,58.855,6.56,39.54,50.245,119.875,0.0,13.2,21.12,0.0
3182,2.0,2.93,3.04,8.965,4.77,7.47,4.095,0.0,3.87,4.4,0.0,1.52,5.89,0.0,0.0,5.0,0.0,19.58,1.5,6.18,25.72,2.645,4.0,5.0,25.0,0.0,0.0,13.34,11.0,2.0,8.5,7.289,1.0,16.914,0.0,6.0,3.55,5.0,3.0,0.0,3.18,15.0,9.5,15.91,15.0,7.0,9.25,3.75,4.5,19.0,3.0,13.15,20.8,9.62,13.0,23.42,11.44,12.5,27.22,18.2,6.16,15.965,0.0,2.943,26.765,15.6,0.0,28.94,3.12,13.72,3.15,0.0,0.0,6.5,32.76,10.235,28.84,18.36,21.215,5.04,12.16,40.95,48.13,33.33,29.051,12.35,7.61,12.878,8.91,82.37,0.0,3.4,40.951,76.77,15.474,3.9,0.0,18.32,0.0,2.925,45.985,13.89,20.4,14.17,19.535,36.85,16.11,6.6,9.66,14.88,19.23,16.95,26.61,8.91,25.42,38.7,0.0,0.0,57.59,16.12,18.765,18.13,8.68,13.24,0.0,6.65,53.28,77.65,0.0,40.25,12.06,108.41,0.0,23.48,32.4,25.575,122.955,46.29,6.64,44.12,35.48,18.51,22.715,31.31,0.0,20.135,123.03,3.8,34.71,29.76,31.87,35.93,12.66,33.0,29.13,56.32,5.72,26.37,22.68,0.0
3183,10.25,4.52,2.82,12.96,7.34,9.9,5.11,4.52,5.625,1.52,0.0,4.535,0.0,0.0,3.04,0.0,5.1,22.28,6.495,10.74,15.0,7.25,7.93,15.69,0.0,11.315,7.5,5.0,5.04,5.75,3.975,3.5,0.0,0.0,20.29,0.0,10.0,5.0,0.0,0.0,10.25,11.0,7.0,3.0,8.29,11.5,12.56,18.1,11.41,8.95,7.5,21.0,0.0,2.75,0.0,3.64,6.58,0.0,11.6,2.08,14.96,9.46,0.0,7.825,4.16,0.0,2.12,2.65,10.16,10.49,3.12,21.14,5.12,7.6,10.92,39.465,14.861,8.1,0.0,4.56,24.66,6.71,20.3,37.245,19.759,34.555,9.63,2.36,3.78,12.18,12.97,9.67,12.58,88.78,39.38,39.74,21.98,31.79,29.63,0.0,20.505,14.385,102.22,10.935,20.125,14.745,12.87,19.8,27.34,18.92,33.3,5.28,7.77,18.89,19.89,16.9,18.81,20.97,26.18,64.98,5.61,23.535,45.13,39.54,27.24,19.19,40.13,12.52,29.39,69.975,68.79,58.565,34.42,64.2,12.87,29.8,11.42,112.34,32.81,5.46,21.84,48.825,148.66,21.69,11.62,23.21,14.75,23.825,20.7,14.025,13.28,17.265,36.9,45.81,21.665,11.96,16.5,13.24,50.525,18.8
3184,0.0,2.09,13.0,7.895,20.05,14.39,3.645,5.44,21.318,0.0,0.0,2.5,20.11,8.88,9.08,1.71,2.5,12.53,0.0,0.0,0.0,1.56,0.0,20.9,9.0,3.0,0.0,6.462,0.0,0.0,3.06,0.0,6.5,5.0,3.895,3.12,0.0,17.25,0.0,11.1,7.02,0.0,26.0,13.3,5.0,15.5,8.2,10.1,4.5,23.0,9.0,3.5,6.0,23.41,0.0,5.0,17.74,15.64,9.08,28.98,21.25,5.78,12.38,0.0,5.5,12.42,10.92,16.58,15.57,3.92,9.705,33.09,3.12,10.92,0.0,11.33,11.903,18.97,3.975,3.77,14.82,47.816,47.291,48.168,23.46,13.35,22.78,0.0,8.67,15.24,5.58,29.79,25.165,0.0,9.362,25.375,19.14,19.42,28.515,16.995,0.0,12.99,30.675,12.84,12.85,20.94,0.0,9.9,21.035,13.3,27.8,15.735,12.72,29.29,10.89,12.06,0.0,4.95,29.96,21.5,15.28,14.82,40.99,32.48,31.54,1.75,6.57,26.58,22.8,25.84,63.32,76.36,12.14,29.97,14.8,13.21,17.55,22.185,41.32,41.72,23.31,32.39,83.315,37.195,16.185,18.645,29.5,34.045,24.9,49.83,13.3,13.94,28.01,20.81,56.83,58.585,17.83,10.56,28.4,0.0
3185,9.84,9.38,10.09,8.22,4.6,41.48,1.54,4.54,5.928,2.28,3.76,4.16,3.0,3.44,17.76,7.02,13.7,16.15,20.165,7.62,34.79,8.0,0.0,6.0,5.25,8.0,13.78,5.175,8.79,1.5,7.88,5.96,2.616,1.95,11.85,10.82,3.0,1.5,3.12,10.0,16.12,5.775,3.0,25.545,11.65,13.5,40.385,12.63,5.75,9.0,17.25,3.675,10.0,24.8,5.2,0.0,6.5,18.5,5.0,22.395,10.93,0.0,11.34,3.12,0.0,0.0,5.13,16.41,18.26,10.275,13.84,8.325,5.3,4.16,29.8,0.0,10.14,0.0,104.0,5.232,3.3,10.62,18.79,29.28,5.232,21.18,17.545,10.2,8.04,46.235,18.264,25.275,24.59,10.26,13.17,24.695,14.6,0.0,17.85,41.885,20.38,22.47,23.775,31.215,13.16,41.495,3.41,38.37,26.37,35.505,29.16,31.73,53.105,40.69,32.985,18.125,12.3,13.97,21.48,48.23,49.93,22.06,71.33,67.33,39.065,21.46,55.5,27.99,85.39,41.155,34.05,62.38,24.11,77.09,40.865,15.81,57.15,11.46,13.24,55.34,57.43,18.6,173.7,65.195,80.13,52.165,52.065,11.205,57.09,39.34,22.13,60.79,80.67,26.85,86.47,121.88,48.87,36.52,19.4,14.01
3186,6.57,10.15,9.685,30.24,38.77,63.164,21.93,23.49,73.57,0.0,2.98,21.54,3.0,8.81,3.02,12.505,36.53,26.04,21.865,21.965,67.035,11.32,10.51,28.0,15.04,61.77,7.8,26.6,15.41,0.0,11.2,24.75,24.79,32.6,16.0,23.73,4.0,20.22,36.289,47.42,35.0,6.5,30.09,23.43,51.5,30.455,26.5,47.5,38.29,19.0,38.95,8.96,20.65,34.12,23.0,38.13,21.18,9.5,28.32,26.652,11.095,2.0,15.52,43.1,75.745,28.275,15.215,5.525,15.0,47.57,97.23,69.935,10.13,27.94,23.49,13.88,41.9,51.77,56.79,63.454,16.3,56.155,27.14,84.405,34.185,41.76,25.06,45.21,69.21,32.482,144.56,73.585,88.96,66.475,68.485,78.675,40.245,66.668,119.11,63.045,108.62,44.425,71.545,88.995,37.635,39.905,73.36,74.09,81.515,44.29,225.19,77.55,79.515,77.57,76.515,40.22,84.6,112.825,79.525,173.885,60.05,75.285,73.03,124.25,170.315,93.46,106.245,104.5,118.7,127.78,69.703,123.6,64.08,137.515,229.525,75.865,126.26,99.09,93.725,94.815,187.865,145.4,114.715,232.195,68.67,69.405,159.57,97.995,130.025,119.03,151.415,194.99,176.03,304.375,136.045,178.7,48.0,117.245,82.295,12.76
3187,9.28,17.63,16.99,7.08,22.25,62.665,6.0,24.985,20.675,1.52,7.5,1.65,4.22,7.85,15.995,18.96,22.59,37.79,22.75,21.48,15.03,5.9,7.6,26.12,11.0,4.5,7.94,9.72,4.25,3.36,12.539,29.725,7.578,15.5,12.5,8.975,7.5,31.29,29.0,19.35,40.25,9.5,14.005,31.5,30.25,17.25,9.0,28.5,10.62,19.0,35.15,28.72,23.5,22.58,26.76,35.53,8.91,18.17,13.36,11.5,17.93,19.26,26.53,12.91,12.69,12.44,9.88,30.58,14.57,30.26,17.09,122.18,4.16,16.42,20.45,32.59,33.77,16.028,3.9,38.325,65.34,11.49,22.94,25.64,29.05,16.83,17.115,31.015,30.24,29.685,15.03,5.035,19.14,33.865,48.55,65.59,29.565,67.675,36.855,60.385,38.02,28.99,22.97,5.5,37.13,45.26,87.855,89.8,132.9,65.18,120.53,53.52,39.735,48.895,146.495,28.44,55.87,11.84,129.27,79.565,119.945,49.34,162.75,58.16,59.4,164.44,62.0,73.07,86.72,48.67,157.31,295.51,71.615,110.15,90.115,86.165,46.08,101.795,75.44,77.605,115.21,104.495,99.45,101.225,53.465,148.66,157.37,106.66,170.345,79.32,63.0,152.47,80.24,78.46,148.225,83.995,83.75,24.2,73.005,9.96
3188,17.72,26.315,21.65,10.09,28.764,52.35,11.01,33.7,28.366,2.88,10.75,13.08,3.4,14.66,8.06,11.27,18.67,34.43,14.45,35.925,52.145,12.676,6.29,17.78,15.7,14.84,8.64,13.54,26.23,10.28,16.72,14.5,14.35,34.075,13.8,7.08,15.0,16.5,25.19,13.4,19.55,42.24,31.74,30.5,20.5,28.9,20.23,35.25,7.5,32.285,10.97,17.52,14.117,18.73,30.64,12.6,3.0,17.5,26.48,12.065,22.26,14.69,12.72,10.21,12.06,20.92,17.94,18.66,11.04,20.995,0.0,15.03,9.93,22.519,17.68,22.995,21.14,28.495,25.675,26.1,70.712,21.687,42.99,53.455,56.46,40.565,58.704,36.62,49.23,30.98,19.605,55.17,34.035,29.345,100.825,8.4,29.65,41.95,61.005,40.935,83.87,38.24,40.23,55.39,31.95,53.34,86.55,41.84,66.6,97.18,87.78,75.465,66.24,68.11,31.4,0.0,6.16,45.65,46.75,93.35,74.2,117.87,138.77,128.5,43.345,79.89,42.48,68.79,74.11,84.425,91.53,61.59,30.59,70.805,149.19,77.52,144.81,105.545,65.09,103.995,91.195,129.445,152.57,128.04,34.875,157.795,129.275,64.545,189.445,70.375,46.825,52.955,117.88,221.27,201.165,177.31,78.87,135.38,72.81,59.08
3189,5.144,9.02,3.04,5.07,6.93,14.42,7.52,3.025,5.32,0.0,3.36,0.0,1.56,1.52,5.52,21.29,16.385,7.66,32.84,4.0,8.0,2.4,11.56,11.44,9.0,8.77,4.2,2.52,18.0,0.0,2.29,7.08,0.0,3.0,15.0,5.0,2.5,7.93,8.0,3.0,0.0,6.0,4.75,12.0,14.5,23.48,69.34,42.7,10.0,34.0,12.5,9.19,15.48,4.5,17.75,0.0,65.1,29.0,41.95,0.0,11.6,0.0,1.0,43.015,49.04,48.505,11.105,29.38,4.16,57.4,0.0,60.54,27.1,14.38,5.2,29.4,111.96,61.895,54.995,105.16,30.145,132.79,75.53,71.355,28.822,10.26,104.49,97.86,86.85,71.96,101.315,3.19,51.135,33.36,23.77,150.455,5.49,21.9,19.295,18.135,22.665,16.165,150.14,62.445,35.85,20.64,110.795,9.89,15.18,53.27,28.46,143.06,37.595,37.175,74.63,0.0,86.98,63.41,132.13,174.43,16.22,74.82,71.93,64.4,72.78,66.945,35.49,164.96,12.58,130.1,33.99,103.06,8.19,57.75,16.5,0.0,62.88,19.93,57.545,53.9,26.6,6.56,52.005,54.165,51.71,40.16,84.48,82.58,30.19,82.745,158.77,34.265,57.82,130.015,28.0,49.15,5.72,23.385,28.6,12.385
3190,2.07,7.31,6.63,20.414,12.155,25.616,3.87,7.45,3.99,1.52,4.12,4.94,1.52,3.04,11.1,13.04,31.6,23.56,19.83,9.64,25.64,1.5,0.0,12.5,3.0,3.0,9.92,0.0,17.27,7.14,9.12,6.0,12.57,12.475,5.0,21.11,13.0,3.0,3.03,3.0,5.0,3.32,10.0,15.0,10.25,12.0,8.1,5.5,11.5,20.06,42.11,0.0,11.5,4.0,13.25,12.96,24.18,15.275,14.0,14.05,0.0,11.99,5.3,6.1,0.0,9.58,4.42,3.0,3.71,19.838,0.0,29.78,11.15,5.31,4.24,37.505,5.9,7.14,15.08,6.49,16.47,10.94,29.7,4.32,15.18,40.4,27.0,28.735,26.03,107.445,15.255,8.0,10.2,58.185,19.97,22.54,40.605,16.26,37.27,39.77,5.225,37.32,6.555,22.795,43.445,25.21,85.45,24.69,22.67,16.65,62.22,27.315,32.31,33.415,68.34,4.81,0.0,31.455,55.72,81.74,31.77,60.11,62.21,18.215,24.22,64.23,32.15,26.2,47.77,80.63,70.28,135.39,11.42,36.07,40.71,64.235,52.7,58.35,65.35,53.63,50.145,65.57,44.945,78.81,62.815,4.92,70.39,67.895,63.975,57.71,61.46,96.02,40.38,87.53,96.595,65.545,67.305,46.1,58.88,18.92
3191,6.205,10.12,11.49,5.6,18.334,27.53,3.19,7.28,30.195,6.54,4.445,5.78,0.0,5.0,3.04,13.45,1.9,26.8,13.72,4.9,34.12,8.5,13.14,19.0,0.0,6.9,3.0,3.5,5.0,9.5,0.0,6.5,10.3,7.75,25.0,6.5,5.5,18.0,14.0,6.0,14.0,25.61,12.225,25.62,29.2,16.5,27.25,21.66,4.0,21.78,18.39,3.0,11.75,3.0,15.41,15.895,0.0,7.3,9.36,18.08,0.0,9.42,10.2,10.3,5.0,8.56,30.365,8.84,0.0,13.62,18.48,0.0,9.76,7.84,11.2,3.18,59.4,14.29,0.0,103.99,6.7,37.775,18.51,26.4,35.91,1.65,21.59,28.5,16.195,11.56,36.08,11.5,33.525,8.81,62.055,23.485,42.75,31.945,32.935,26.29,50.545,11.13,19.845,28.78,60.43,44.39,122.155,62.13,32.15,66.1,52.525,33.705,56.875,40.76,54.395,11.3,0.0,6.6,106.91,55.31,38.15,91.4,106.34,61.74,59.55,75.27,77.76,104.205,42.26,32.67,95.02,52.195,17.21,60.35,51.24,23.47,5.46,100.95,29.195,91.63,96.555,50.49,85.81,70.3,46.24,52.05,15.525,57.68,88.99,83.58,46.43,117.395,91.265,153.445,57.25,91.845,27.56,61.46,21.295,10.49
3192,13.974,21.33,12.16,43.18,42.06,39.745,25.305,12.655,46.75,11.02,3.89,20.595,4.15,28.535,34.7,30.73,63.745,68.77,37.73,47.615,63.075,25.72,14.0,33.01,12.96,14.34,53.5,0.0,13.7,15.504,20.07,53.075,10.64,11.0,21.16,33.04,16.0,27.56,53.61,17.5,46.77,20.0,9.42,11.75,35.53,43.0,19.41,29.05,9.0,41.2,22.0,75.83,18.2,78.84,49.16,57.04,17.84,17.6,49.62,5.0,8.0,40.8,8.06,28.06,141.03,20.91,15.32,12.99,38.39,16.44,10.14,53.725,12.54,8.66,17.695,16.735,36.3,88.462,46.72,54.28,20.98,90.12,29.975,103.465,57.575,70.19,76.36,110.325,43.325,75.645,107.295,57.3,73.75,77.735,196.946,244.45,51.96,93.36,122.57,206.595,98.625,57.145,135.165,63.005,61.1,157.235,298.355,153.67,81.35,94.76,154.67,171.38,28.71,131.865,74.07,11.04,16.8,136.73,184.56,80.695,95.48,122.75,155.39,79.06,216.41,118.06,134.94,167.02,114.85,274.77,304.05,158.31,110.37,265.15,273.485,143.86,151.58,58.35,139.71,153.825,149.845,133.045,183.395,209.225,49.06,95.225,197.43,160.83,104.085,131.22,111.895,171.85,137.685,121.13,335.145,294.63,102.075,98.565,116.435,23.86
3193,12.79,16.83,34.69,8.67,22.605,42.31,1.65,21.355,44.628,7.84,3.82,3.48,0.0,14.445,9.75,19.755,29.91,47.5,14.65,50.525,83.375,17.0,14.166,22.255,19.86,8.57,11.6,23.17,10.48,14.5,34.8,16.94,19.0,11.84,21.45,13.0,14.0,25.515,24.87,36.0,22.1,49.195,39.94,28.11,43.559,32.15,41.72,31.22,10.0,31.25,68.43,5.0,29.395,35.58,34.0,32.29,10.75,17.97,32.82,34.42,28.72,31.96,17.04,13.9,42.61,17.82,50.585,19.41,18.415,10.5,20.29,43.765,6.365,28.692,42.81,27.76,34.265,66.464,28.69,106.805,71.2,35.915,60.945,58.849,5.5,83.355,59.745,97.64,86.841,50.325,26.17,28.41,40.175,95.94,106.065,89.735,68.43,60.385,191.94,92.32,60.7,44.9,50.87,69.47,39.19,56.935,59.94,56.215,60.145,73.84,132.505,85.285,48.245,48.06,159.32,19.52,14.06,74.74,155.775,197.83,109.41,133.56,139.56,180.705,84.48,151.915,131.45,116.575,87.035,138.11,242.09,68.9,61.52,225.595,155.565,142.27,121.27,154.32,149.36,149.095,168.755,120.98,162.13,270.095,112.145,141.625,217.77,170.065,219.125,114.305,106.75,115.27,167.94,205.095,243.565,216.5,57.97,75.69,50.71,40.175
3194,6.045,3.38,15.47,9.88,23.44,40.615,14.82,9.5,12.65,3.42,1.52,3.04,6.84,9.02,7.52,1.95,14.61,32.262,11.22,23.23,30.16,6.0,11.4,17.91,14.12,13.5,18.1,0.0,7.75,4.5,10.25,9.4,8.0,6.18,9.6,3.0,2.0,16.0,11.75,22.5,5.0,2.34,14.32,24.5,23.66,16.0,23.75,18.0,6.0,21.1,49.0,15.29,12.75,7.0,7.5,64.26,15.79,13.505,0.0,7.6,3.12,17.15,4.94,10.12,16.42,14.54,17.065,5.1,20.83,5.3,18.365,8.44,6.24,5.9,9.895,28.0,0.0,25.26,25.422,23.165,11.49,12.08,86.5,21.14,16.075,38.88,29.34,0.0,151.725,10.61,17.36,5.15,32.155,50.49,67.91,146.31,68.545,58.765,65.79,39.12,75.55,38.435,49.59,16.7,135.08,46.455,17.34,85.24,10.0,66.545,57.69,38.28,158.93,36.49,79.32,14.58,0.0,60.72,114.77,102.2,59.87,73.92,115.975,37.26,50.93,42.62,27.69,32.16,27.75,22.2,45.63,152.03,49.89,86.34,273.715,46.53,62.4,59.625,60.095,59.41,39.805,50.66,82.61,117.21,56.44,182.24,64.25,50.105,61.36,53.58,65.985,143.99,35.24,93.4,157.66,62.56,0.0,72.33,55.68,6.6
3195,35.699,21.56,62.3,83.504,110.036,116.7,46.57,37.295,46.825,11.62,29.88,17.87,22.53,70.91,58.64,76.335,142.145,171.91,85.995,70.105,133.94,48.66,18.85,55.165,47.6,35.56,18.23,40.9,26.25,40.9,38.0,46.45,59.95,82.45,52.035,63.17,48.0,76.69,160.04,107.85,104.225,93.95,80.58,76.8,66.05,101.11,118.05,118.0,45.5,108.49,143.5,62.12,52.0,76.85,178.02,123.225,21.03,69.37,97.295,97.55,32.42,107.265,23.7,169.57,69.8,119.38,20.0,110.325,129.3,111.02,74.785,128.501,21.9,22.095,47.634,41.28,73.88,94.86,46.54,107.305,86.38,103.1,218.75,439.365,80.27,270.185,143.145,157.32,203.865,163.57,169.75,73.805,104.8,208.73,177.385,498.86,194.09,346.365,392.585,300.025,326.858,165.435,89.6,190.955,162.62,194.025,396.3,310.66,221.395,266.395,306.27,286.56,331.84,308.025,373.95,246.68,133.64,169.34,329.58,267.415,315.36,284.06,370.515,308.805,571.01,319.81,485.68,334.265,157.22,292.505,364.275,277.715,91.79,391.87,382.125,247.945,285.305,209.845,268.78,298.98,382.4,435.575,302.06,460.215,211.5,351.94,276.765,187.16,286.265,307.395,349.345,309.605,280.125,217.675,318.62,435.535,204.785,188.97,155.33,39.61
3196,16.39,28.855,38.06,24.755,53.87,76.214,35.662,26.88,40.675,4.37,4.98,6.08,17.965,30.75,49.2,75.655,50.63,99.975,37.57,29.79,87.175,27.845,12.65,36.03,19.42,10.15,48.68,22.95,25.6,22.75,12.25,32.36,8.0,41.825,38.82,41.05,25.08,24.1,49.56,39.395,34.42,104.45,81.95,64.45,45.0,46.4,61.98,52.423,38.25,79.79,35.85,28.5,29.66,37.18,23.5,25.25,26.88,34.69,52.42,17.6,22.96,19.1,29.035,30.2,34.82,28.64,20.94,16.32,40.5,5.035,20.222,27.38,30.88,26.08,37.235,11.6,27.675,38.195,41.83,67.31,49.72,39.025,57.82,45.235,44.51,29.21,18.66,50.22,28.21,139.37,20.845,55.26,48.09,91.035,134.495,98.73,116.255,170.055,201.359,156.34,184.505,28.0,50.2,101.965,63.41,83.915,75.2,273.985,84.835,170.49,178.3,106.815,79.96,113.885,135.51,50.52,0.0,72.725,143.57,183.64,169.22,155.0,211.915,150.045,162.45,241.36,99.02,145.495,132.955,208.66,188.835,58.46,80.05,209.06,77.7,126.525,112.78,101.135,185.59,143.85,161.63,155.295,193.125,139.02,163.055,118.03,145.66,138.55,128.545,89.1,138.89,120.7,78.955,140.93,168.2,158.72,118.055,106.16,76.56,29.09
3197,6.04,11.26,10.53,23.66,37.275,40.06,11.366,22.88,15.73,1.48,9.07,8.94,19.48,43.78,29.65,47.83,32.36,72.75,26.94,27.05,41.045,13.46,14.04,36.28,13.1,20.9,14.9,15.06,11.04,11.5,9.5,9.0,24.12,14.79,25.25,18.04,6.5,28.5,23.5,19.51,25.5,4.0,33.25,38.75,6.325,54.6,35.88,11.0,16.75,33.5,27.75,8.0,4.0,19.8,18.2,46.92,23.81,9.2,16.2,14.58,4.5,21.16,26.16,2.04,34.18,4.48,9.22,5.0,17.205,20.08,18.36,12.16,13.455,31.68,25.01,19.715,21.98,21.53,9.74,40.71,49.496,15.73,29.365,32.66,12.7,43.54,47.425,12.08,33.63,32.195,14.205,7.56,8.525,16.11,41.155,33.3,52.095,66.885,37.85,58.695,141.79,16.8,32.15,32.59,55.36,25.38,106.665,38.55,121.525,76.13,56.455,36.66,47.515,41.32,57.05,38.195,0.0,54.28,86.23,156.54,46.69,52.77,93.135,48.44,87.51,90.54,72.355,23.765,78.48,181.9,84.29,39.85,21.0,37.94,13.74,50.62,45.66,54.77,106.385,60.51,40.345,78.485,82.47,51.15,33.75,60.0,33.565,15.78,59.32,63.225,76.18,59.685,180.18,89.38,77.1,45.03,15.0,58.5,67.985,6.6
3198,16.615,24.41,22.47,22.85,39.925,48.12,22.8,16.18,35.4,8.52,25.78,15.22,15.72,15.88,23.175,52.7,59.06,79.3,26.8,45.29,61.12,48.35,42.46,31.11,9.4,24.4,23.68,23.44,34.91,20.0,32.74,20.2,34.52,26.29,39.28,30.75,27.14,61.2,53.95,32.5,100.05,20.28,29.25,19.95,43.44,36.5,61.5,55.94,28.19,49.5,27.16,20.035,12.0,31.14,21.35,80.28,45.28,165.96,36.45,25.02,22.92,19.42,104.095,2.5,20.08,31.68,84.98,46.02,10.0,33.78,14.5,40.8,6.66,67.0,16.7,17.51,22.6,10.82,10.67,73.43,50.98,22.99,102.8,127.165,17.22,29.715,41.44,67.755,93.39,45.05,63.21,20.94,66.746,149.73,50.47,110.21,60.24,69.39,139.315,69.545,61.955,26.8,72.29,73.015,35.735,97.68,127.06,51.35,25.825,47.815,37.55,94.445,62.85,47.8,86.715,93.48,0.0,45.665,102.83,53.61,88.12,163.265,134.69,161.475,58.24,119.22,138.36,204.375,57.81,275.89,151.585,44.475,51.845,80.86,72.265,88.215,104.41,79.26,104.525,71.505,223.44,94.445,145.575,274.13,30.0,107.24,72.27,41.5,108.19,69.905,85.83,134.215,100.535,177.51,161.72,102.75,69.485,116.05,89.435,26.44
3199,63.61,63.49,69.19,91.235,115.609,153.409,62.135,48.578,113.64,16.13,15.2,25.66,53.76,82.32,115.685,151.745,270.575,194.69,144.59,134.46,197.345,67.705,47.36,97.29,31.96,49.825,56.64,66.72,81.94,37.9,56.07,64.859,73.359,93.85,78.555,37.96,78.402,111.685,97.34,84.931,136.78,64.3,155.71,113.1,140.49,103.325,128.16,111.1,82.35,120.345,59.25,47.0,62.85,51.29,65.23,64.32,128.625,104.08,78.165,38.37,91.104,47.31,51.0,59.665,69.61,60.17,62.755,48.75,85.19,67.248,184.187,59.49,42.66,104.62,183.055,81.645,43.8,142.825,107.64,141.18,85.282,86.175,142.685,153.34,93.715,231.455,145.035,138.205,99.785,73.235,128.19,146.087,151.16,228.875,179.07,203.185,210.63,366.773,386.28,301.547,247.05,171.875,54.58,118.23,210.93,315.78,281.275,236.965,322.455,405.37,188.045,149.45,219.16,381.76,293.775,89.93,63.98,331.185,526.915,409.38,318.52,346.79,411.76,394.895,365.235,377.325,332.695,300.93,315.82,381.375,321.045,421.065,166.3,206.11,198.9,351.755,252.745,245.65,355.765,293.78,305.74,258.435,748.595,425.465,398.995,397.05,378.365,197.27,575.065,409.065,268.615,368.325,276.79,342.915,393.16,563.985,186.395,425.245,369.92,70.22
3200,8.89,12.58,6.14,5.98,14.3,10.09,19.62,1.52,10.155,1.5,5.29,8.05,4.94,15.84,23.69,13.44,18.63,8.8,15.425,16.82,19.66,9.8,8.4,8.17,2.4,0.0,4.6,0.0,0.0,4.0,0.0,9.79,17.36,10.0,7.1,1.75,27.15,0.0,0.0,13.0,11.0,4.25,11.0,0.0,8.5,10.5,21.0,7.5,3.5,2.0,9.5,0.0,0.0,2.5,0.0,4.5,3.0,0.0,7.88,16.57,5.0,0.0,0.0,3.0,0.0,3.0,5.0,3.12,10.87,13.64,19.24,0.0,7.28,7.535,6.93,0.0,2.8,7.7,7.195,5.24,0.0,4.86,0.0,15.04,0.0,7.29,12.6,22.37,3.78,5.13,5.13,24.3,18.33,25.51,21.405,0.0,6.6,15.965,21.23,6.6,59.84,10.81,5.13,27.255,13.02,18.24,28.98,22.515,17.07,18.6,10.905,0.0,0.0,14.12,42.975,7.56,13.32,24.655,38.4,12.6,26.535,39.02,25.26,11.9,29.22,16.65,36.63,16.61,0.0,25.16,13.23,13.205,23.755,13.27,5.07,10.58,41.17,11.78,13.68,31.5,19.92,0.0,13.555,12.1,39.01,27.19,6.4,0.0,12.825,11.62,6.64,13.24,30.68,34.405,30.41,10.08,13.2,33.535,15.4,17.16
3201,29.51,20.99,31.3,60.9,50.418,52.179,27.645,19.559,53.28,23.51,12.115,14.41,13.68,50.9,75.12,94.585,121.215,109.41,43.12,26.51,68.04,44.59,27.32,43.7,33.17,26.82,29.41,61.91,35.21,19.75,46.68,29.74,17.0,52.39,77.57,110.79,33.45,66.67,65.02,52.66,40.85,22.41,34.775,50.08,146.9,68.5,67.45,75.3,35.6,62.96,60.78,33.56,20.0,64.1,62.71,77.4,52.44,81.64,29.6,51.44,44.96,54.7,77.8,158.445,23.2,94.395,4.94,65.5,46.38,121.415,78.02,62.06,16.49,68.45,68.295,58.272,92.155,132.11,94.54,113.52,32.067,44.03,181.865,252.895,32.58,226.15,164.24,293.9,70.81,157.79,87.375,254.89,148.865,108.669,166.265,202.1,116.315,149.29,206.0,294.495,273.805,94.255,165.85,233.845,155.738,110.375,184.435,272.05,128.77,255.83,235.42,213.845,255.16,216.145,267.445,34.96,0.0,341.18,364.51,297.135,158.64,165.14,333.495,206.325,289.225,307.765,283.125,271.39,170.82,155.5,212.115,184.89,56.72,119.42,209.415,79.07,195.47,155.06,154.03,53.94,216.185,201.57,192.21,171.105,114.46,173.175,113.65,74.47,147.745,273.415,179.775,124.04,255.655,233.56,300.31,156.64,134.195,160.405,108.39,106.48
3202,1.52,1.52,5.51,3.97,1.61,12.04,0.0,9.495,26.7,1.65,1.14,3.08,3.84,3.04,5.04,0.0,7.08,18.936,5.07,13.325,0.0,6.4,0.0,5.0,1.5,0.0,10.0,0.0,5.0,0.0,5.0,8.61,0.0,0.0,0.0,4.0,0.0,0.0,1.5,6.5,3.0,3.0,0.0,5.0,0.0,0.0,6.0,4.0,2.5,9.64,5.5,7.45,0.0,5.0,4.0,12.68,7.5,20.8,5.0,0.0,0.0,0.0,0.0,0.0,0.0,3.5,0.0,6.0,5.72,0.0,5.1,0.0,0.0,9.6,0.0,5.2,45.12,0.0,3.77,15.39,32.4,0.0,34.83,12.34,0.0,0.0,0.0,33.6,21.31,69.12,0.0,5.94,7.15,35.905,199.98,130.975,17.28,18.6,11.12,2.135,6.05,0.0,9.635,7.785,20.445,15.99,32.34,8.01,0.0,12.9,38.295,42.255,6.6,0.0,19.5,99.55,36.26,0.0,20.33,6.66,15.04,24.46,34.61,33.3,16.46,10.62,13.04,12.9,13.32,0.0,9.99,6.66,42.06,10.985,18.59,99.9,0.0,0.0,10.39,6.63,17.015,51.09,37.03,71.81,6.64,57.555,67.36,6.6,36.25,5.95,108.43,48.97,0.0,36.875,5.72,150.58,22.92,19.8,4.15,6.6
3204,10.24,29.914,46.525,28.06,68.58,82.737,45.005,65.885,20.245,4.0,8.3,8.02,13.7,17.71,15.24,27.08,52.085,85.236,24.275,25.375,45.815,10.84,18.42,23.9,11.6,11.27,17.39,6.07,21.97,28.09,20.1,24.5,29.45,25.0,25.04,34.65,36.37,11.0,46.51,54.105,29.34,46.62,45.0,21.42,41.61,64.67,60.8,57.81,41.22,46.07,67.62,22.25,12.25,25.035,54.88,23.12,16.915,23.0,54.6,22.12,30.63,65.865,42.825,21.35,31.02,7.245,13.865,10.92,31.38,20.685,39.04,20.19,14.62,9.44,32.389,9.05,30.415,86.11,136.685,26.855,22.37,55.38,47.05,55.49,8.25,44.822,35.82,37.275,35.31,32.37,55.925,55.505,29.48,83.59,102.32,109.045,88.255,87.1,158.085,123.52,42.76,79.62,27.355,162.995,96.465,151.29,133.505,174.105,211.04,135.405,154.965,98.55,99.565,77.02,253.665,21.35,13.2,188.43,231.55,154.67,148.145,178.59,186.425,146.3,111.25,182.19,199.54,132.19,100.355,191.958,223.5,152.73,77.46,86.62,156.11,88.72,158.875,92.48,104.185,221.25,165.115,108.465,168.805,293.375,181.26,165.325,181.605,130.415,132.685,201.835,120.15,155.21,172.95,142.085,227.195,221.705,85.3,94.08,93.145,43.17
3205,1.52,2.22,2.88,4.55,1.54,6.42,1.52,5.28,4.6,0.0,1.14,0.0,3.7,1.52,9.88,2.73,14.625,9.8,2.66,0.0,10.72,3.25,0.0,0.0,3.924,7.97,37.0,1.4,0.0,0.0,0.0,0.0,0.0,4.94,3.31,1.5,0.0,0.0,8.25,12.694,2.0,3.0,0.0,0.0,9.2,3.5,0.0,7.2,4.43,0.0,13.25,0.0,8.0,16.38,0.0,0.0,2.0,16.95,0.0,0.0,2.0,9.65,2.12,7.45,3.0,0.0,0.0,0.0,28.68,21.735,72.766,8.32,7.66,1.855,0.0,13.03,14.01,0.0,5.04,8.5,10.56,17.605,10.0,15.974,9.71,33.925,15.03,27.08,0.0,5.025,0.0,9.15,6.54,6.05,11.55,4.34,23.425,120.035,4.4,27.515,26.03,0.0,2.555,5.12,6.6,2.2,30.36,103.32,0.0,49.395,5.415,10.075,80.435,68.93,29.14,0.0,0.0,0.0,5.18,8.4,25.6,2.64,167.695,63.37,27.73,31.345,5.18,28.81,0.0,17.45,19.8,8.41,8.19,1.65,60.03,28.08,43.53,10.16,26.91,36.02,46.6,17.82,37.1,89.7,17.2,82.805,15.16,18.95,11.62,19.74,19.68,64.875,8.88,21.71,26.415,26.735,0.0,14.39,17.94,0.0
3206,6.59,2.98,2.09,3.14,4.68,7.41,0.0,4.215,8.29,5.09,1.44,0.0,0.0,10.7,3.04,5.376,2.0,11.204,1.56,0.0,13.15,2.4,1.0,4.1,6.36,32.175,1.61,5.0,5.0,0.0,0.0,4.5,0.0,4.0,5.135,4.0,14.3,8.43,5.0,10.0,19.235,17.49,26.245,5.71,60.0,12.23,2.0,10.85,7.94,12.65,5.0,3.0,8.96,5.16,5.0,6.24,0.0,3.12,8.3,15.32,7.74,15.305,3.06,11.53,24.24,13.12,0.0,10.0,8.56,12.915,8.025,6.465,9.545,3.24,22.155,13.7,0.0,10.26,39.95,7.38,8.913,43.552,38.575,23.71,14.31,8.94,15.28,12.28,11.505,8.13,10.625,26.34,13.405,21.64,15.055,2.44,5.85,5.655,8.28,18.15,36.87,3.2,8.4,8.89,9.0,22.985,11.555,0.0,10.17,13.14,40.545,27.885,2.64,5.5,0.0,8.54,0.0,20.93,25.21,45.99,32.85,17.96,69.035,40.6,13.96,5.24,18.26,3.33,26.63,6.29,38.19,27.79,20.72,12.89,0.0,0.0,24.7,7.055,28.505,31.305,10.775,102.2,60.42,67.28,6.375,20.3,20.705,61.13,15.03,64.61,9.37,11.75,23.06,45.04,51.195,28.36,21.215,64.045,9.24,9.68
3207,1.72,11.97,1.52,6.125,3.52,19.965,3.04,4.56,10.11,2.035,1.26,1.52,0.0,3.0,6.84,6.46,10.26,10.25,19.5,0.0,15.395,5.0,3.17,8.9,0.0,0.0,3.0,7.28,16.5,1.61,12.89,1.61,0.0,12.75,0.0,4.0,0.0,0.0,12.055,0.0,11.0,3.0,6.0,5.055,6.0,26.56,32.5,14.925,3.0,15.0,8.5,3.0,12.0,55.24,39.0,21.24,12.45,8.5,16.64,114.066,0.0,119.2,13.42,3.715,5.08,15.635,15.805,6.578,10.4,0.0,24.98,0.0,0.0,0.0,6.095,70.4,9.6,87.48,99.36,5.22,21.9,27.915,75.565,50.035,13.025,5.36,11.72,21.9,32.48,12.7,89.68,27.13,50.63,24.815,5.415,58.39,7.815,5.27,12.6,7.225,61.18,30.65,125.6,130.6,16.245,82.72,59.04,127.72,0.0,28.51,45.855,109.1,18.47,25.3,282.84,4.95,0.0,16.11,22.46,126.74,19.74,125.91,113.22,26.02,157.495,49.415,57.45,45.5,40.44,34.62,47.5,172.99,4.44,15.72,203.49,50.435,52.1,115.87,24.39,116.34,43.91,25.7,12.66,227.155,13.28,82.41,33.435,58.13,16.58,179.06,112.285,76.21,144.62,126.15,109.245,83.41,13.44,76.97,20.24,15.49
3211,0.0,1.5,3.61,3.04,5.0,11.45,3.04,17.93,12.17,0.76,0.0,1.9,0.0,7.14,16.42,15.0,21.21,17.375,7.6,18.92,25.881,0.0,11.308,0.0,5.0,0.0,4.0,13.82,9.88,16.6,0.0,3.0,30.0,5.0,48.0,0.0,5.0,3.6,2.0,4.34,0.0,8.5,31.75,5.0,13.35,0.0,5.0,20.75,0.0,5.0,0.0,0.0,5.0,0.0,0.0,0.0,5.0,9.96,0.0,0.0,0.0,20.215,10.48,0.0,5.0,0.0,0.0,10.0,0.0,3.06,5.5,0.0,0.0,0.0,10.36,5.2,18.17,7.36,0.0,14.805,16.2,10.73,0.0,19.539,0.0,4.8,29.7,43.725,6.0,12.5,32.49,21.945,16.5,17.55,27.72,0.0,6.6,0.0,6.615,6.615,4.4,11.34,4.95,0.0,19.8,32.8,22.36,30.03,0.0,9.9,6.6,3.9,6.27,6.6,6.6,0.0,99.54,6.5,13.1,48.06,7.77,0.0,16.56,14.06,40.27,0.0,15.66,22.36,76.615,30.0,47.97,42.61,0.0,6.8,0.0,15.75,6.64,6.66,0.0,9.135,18.19,6.64,7.055,9.96,6.64,19.475,45.88,6.64,21.45,0.0,0.0,26.62,0.0,6.64,0.0,23.81,0.0,26.125,6.64,0.0
3212,32.849,45.204,44.43,32.805,59.44,85.06,66.95,59.49,81.858,13.52,15.956,22.575,27.64,46.8,77.915,69.9,145.985,146.04,95.455,78.27,136.26,44.23,37.51,55.47,38.23,43.51,51.46,50.26,51.805,43.255,115.5,32.9,25.0,73.61,89.225,61.235,26.55,56.95,36.09,37.0,80.95,47.25,23.0,26.5,55.25,66.25,45.83,33.6,26.0,45.1,15.5,37.75,40.12,40.865,72.76,27.775,20.5,36.33,31.95,13.5,14.2,58.8,43.92,60.1,49.28,46.14,24.02,49.6,21.425,35.19,9.735,39.86,28.2,43.7,52.17,14.24,33.635,45.61,23.43,124.92,28.94,65.77,45.11,101.8,35.055,23.165,226.195,53.1,53.63,49.565,34.43,49.95,82.58,159.195,196.67,87.11,153.525,104.815,129.39,97.85,96.002,54.43,68.345,92.11,57.435,179.885,177.31,99.935,80.16,161.835,90.46,94.635,116.83,178.665,207.745,100.155,147.945,162.88,117.86,97.48,139.44,190.21,185.53,128.91,194.47,247.66,280.65,204.145,71.57,131.29,202.38,250.665,72.19,100.605,97.56,127.26,167.185,59.65,149.27,167.515,164.9,102.055,170.22,185.645,140.07,195.515,154.615,191.765,139.64,173.48,193.42,181.23,242.9,217.205,262.15,285.655,223.07,87.955,74.14,40.78
3213,0.0,0.0,0.0,0.0,0.0,0.0,0.0,0.0,0.0,0.0,0.0,0.0,0.0,0.0,0.0,1.5,5.52,28.71,3.04,23.975,18.51,19.95,7.0,46.0,3.0,28.0,3.0,20.68,17.61,72.83,24.59,7.24,7.25,12.5,13.0,8.055,8.38,6.1,57.0,17.24,22.0,22.0,4.25,23.0,57.9,9.36,21.0,35.0,15.0,20.0,0.0,12.5,8.0,13.0,10.0,5.0,1.56,59.5,18.77,7.5,13.62,11.38,4.0,42.095,9.97,6.76,23.05,28.48,12.43,51.792,60.9,10.775,25.96,5.0,15.72,0.0,37.05,13.7,9.71,13.55,21.83,26.97,17.7,0.0,9.45,11.4,45.78,13.02,11.89,96.51,17.945,48.185,37.71,24.735,41.285,48.18,23.82,33.28,29.31,33.82,35.205,43.98,35.305,36.425,38.15,90.295,41.185,37.79,42.615,26.4,56.59,15.965,19.075,19.8,54.7,47.805,67.14,54.81,47.39,48.29,23.305,84.56,46.77,56.415,33.3,97.82,62.68,66.67,70.36,62.82,130.27,50.19,11.75,48.67,42.8,26.32,70.68,52.29,54.44,27.01,33.24,44.86,32.85,132.62,38.465,57.49,38.2,53.75,79.2,42.97,52.785,93.83,80.86,60.435,50.12,61.88,52.46,53.02,47.99,13.24
3214,22.55,33.94,59.62,32.345,73.56,106.96,60.605,43.76,52.205,31.94,26.32,35.545,47.31,40.55,69.1,102.94,160.61,164.97,119.65,96.975,94.455,49.45,36.84,46.82,33.33,45.05,36.12,36.16,30.72,45.516,25.28,12.62,31.4,23.42,35.205,22.75,8.55,55.21,89.73,37.645,51.65,20.0,23.0,32.25,22.25,46.5,29.87,22.805,20.4,45.535,20.15,29.5,35.75,48.65,25.48,30.81,10.16,18.93,22.85,37.14,9.0,24.51,23.72,18.16,14.93,20.78,33.84,32.23,0.0,34.332,113.27,61.3,14.775,32.575,35.995,39.79,110.99,29.555,21.51,32.59,42.8,37.98,127.75,178.16,14.88,40.36,34.85,23.865,110.66,32.215,31.51,38.62,32.85,82.59,80.955,49.84,31.54,62.185,102.5,83.583,57.17,273.29,39.09,159.425,111.415,63.755,85.68,128.45,27.655,70.38,84.915,81.455,108.065,109.655,154.105,89.26,123.855,194.75,114.86,72.34,100.71,91.01,185.97,138.9,116.08,225.02,128.88,434.89,75.505,128.8,154.425,181.495,53.8,105.4,264.36,148.175,80.145,91.28,108.02,130.605,88.47,145.595,229.226,163.618,60.57,174.13,206.605,95.79,241.085,111.885,126.04,83.61,211.45,116.455,129.6,84.185,102.04,68.5,103.65,19.44
3215,31.789,6.265,43.34,31.89,57.545,90.87,24.29,61.165,81.13,15.78,20.05,21.4,14.86,25.55,86.27,41.32,105.345,92.58,88.206,80.23,113.495,53.225,54.78,33.36,17.25,43.04,46.09,29.61,25.62,64.99,52.9,15.75,36.76,34.16,36.2,21.99,29.28,49.2,26.645,25.995,60.935,43.205,30.89,24.0,41.0,53.99,59.5,45.73,34.8,21.06,137.37,18.5,32.63,147.44,92.64,9.48,27.82,26.25,149.42,81.51,17.24,5.5,23.8,33.66,26.11,73.975,68.14,182.65,14.32,24.06,24.92,29.915,110.32,104.92,47.145,64.33,66.93,42.98,72.21,58.78,26.69,78.655,75.7,33.03,10.24,82.59,66.565,81.785,65.66,78.3,26.16,190.37,48.245,91.558,62.466,175.545,72.24,133.585,126.141,94.292,165.275,128.765,195.35,125.455,188.81,214.965,198.265,103.675,92.0,73.95,66.265,111.035,90.01,80.94,75.185,105.215,112.92,229.15,129.23,88.69,59.875,78.54,142.49,149.865,81.635,101.705,92.99,118.42,31.47,89.73,98.54,207.14,40.94,126.0,111.755,301.98,102.07,180.03,145.38,130.485,120.695,138.975,147.53,153.44,177.62,197.44,113.335,84.72,98.9,185.17,103.015,102.44,104.19,159.455,127.675,176.485,73.945,103.01,88.27,29.44
3216,92.575,109.408,139.438,160.818,211.405,256.989,108.44,136.77,227.541,60.15,64.685,55.44,80.42,85.948,150.142,171.07,353.15,266.625,204.795,225.57,320.88,74.35,112.05,141.97,99.01,87.995,107.83,111.89,100.335,110.51,76.21,101.33,102.2,65.395,145.135,124.27,126.535,187.39,144.48,121.99,188.46,149.295,141.575,97.53,82.71,100.95,156.625,141.185,97.87,118.87,91.82,79.75,102.53,87.41,80.59,66.38,79.47,77.56,86.0,167.92,33.945,70.3,69.2,68.92,96.48,72.75,108.605,43.985,70.18,97.005,78.89,88.36,60.06,135.767,60.46,81.42,151.14,93.22,93.15,58.027,100.155,139.08,283.2,270.45,94.38,117.49,352.03,164.825,125.29,324.384,116.495,249.371,216.948,316.32,267.21,488.7,326.955,322.402,423.853,356.166,239.985,265.68,231.78,202.86,261.2,404.655,242.595,339.645,238.805,224.585,215.245,183.21,242.22,352.73,437.295,245.4,395.495,445.235,321.925,352.6,279.5,467.845,407.19,322.095,265.475,379.09,375.17,290.05,355.38,521.155,356.32,578.02,215.0,250.495,296.685,280.01,420.97,477.41,385.395,618.975,425.385,439.13,467.975,410.445,326.175,369.128,399.275,368.47,335.745,453.875,449.705,390.735,328.13,346.53,431.84,456.245,246.535,294.13,198.7,53.58
3217,0.0,0.0,0.0,0.0,0.0,0.0,0.0,0.0,3.04,0.0,0.0,0.0,0.0,0.0,0.0,0.0,0.0,12.88,0.0,0.0,9.0,1.61,7.94,18.0,3.6,0.0,3.0,0.0,11.0,7.68,10.0,2.0,4.6,30.9,14.04,5.22,3.0,14.95,4.935,12.6,19.435,11.0,29.0,9.83,7.5,8.25,9.61,21.78,17.0,21.06,10.5,23.0,5.0,8.0,22.62,25.25,4.0,6.25,35.98,34.49,12.2,8.28,18.98,15.44,33.36,28.02,40.53,12.48,25.765,27.94,3.5,30.86,16.27,10.72,5.94,24.79,0.0,51.285,18.895,13.92,24.98,73.325,43.13,66.495,27.91,28.365,44.0,57.965,114.52,29.51,51.44,43.045,81.715,58.32,187.725,60.235,47.26,104.235,99.692,133.786,116.596,22.745,48.78,134.045,172.035,229.125,184.905,99.495,142.72,132.615,82.82,127.04,356.18,108.55,171.09,170.805,189.785,256.93,187.58,122.05,200.62,217.755,239.61,264.12,187.65,217.02,282.23,232.725,162.59,230.075,300.99,227.235,130.75,197.89,413.545,144.005,255.775,135.81,217.935,208.27,294.29,191.175,239.0,216.535,147.355,259.665,297.22,149.395,200.095,174.78,237.405,261.54,164.28,326.135,265.475,241.665,217.48,317.215,185.81,87.52
3218,13.46,15.86,22.02,26.705,43.035,38.285,13.26,28.875,37.5,13.04,10.32,1.56,13.3,21.49,21.92,27.536,78.751,52.505,28.67,17.68,69.315,10.16,18.4,22.15,12.2,11.24,18.44,16.93,29.07,14.5,7.28,13.0,7.0,12.685,18.2,33.15,22.0,16.91,22.77,5.75,16.44,26.215,25.2,9.0,5.0,24.0,23.57,21.25,17.94,34.42,7.0,13.5,20.64,6.5,49.35,14.24,8.5,15.4,20.41,19.94,1.5,8.01,28.9,85.24,17.86,3.06,27.72,6.82,23.4,8.352,7.04,130.215,17.625,13.79,29.36,8.48,40.48,23.32,39.13,10.2,30.6,9.3,12.54,33.095,19.146,8.64,13.58,15.12,26.73,118.88,22.86,23.052,10.8,38.57,44.12,56.085,47.14,56.777,54.36,56.016,61.46,120.49,39.795,33.305,68.025,56.79,88.48,85.625,56.72,100.785,151.395,24.48,42.8,59.54,49.95,44.88,38.85,129.57,172.81,44.05,37.93,80.805,61.21,99.01,59.25,183.49,66.46,82.92,62.79,41.73,82.77,162.655,30.585,96.62,45.69,50.355,79.915,55.31,78.53,205.225,168.58,62.245,57.3,78.1,80.995,106.57,122.81,94.075,52.185,112.735,134.59,68.465,182.195,71.49,126.68,128.79,134.77,103.15,49.56,37.885
3219,41.434,57.895,58.17,73.11,46.714,117.412,24.1,58.516,72.37,23.685,33.106,12.905,25.49,25.98,39.47,85.575,142.34,142.34,67.31,104.84,122.005,39.89,36.955,45.73,12.6,23.02,31.33,38.11,30.95,19.94,34.11,52.42,28.7,24.04,50.465,29.75,14.5,27.93,35.95,44.5,40.365,41.61,47.25,27.5,45.07,120.5,39.83,18.25,21.25,27.25,58.7,25.93,121.375,17.665,21.7,18.0,32.2,45.875,16.5,61.56,14.7,26.76,104.38,19.21,21.19,15.1,12.837,16.86,49.765,45.385,8.01,129.18,17.5,31.33,13.525,22.26,13.14,35.62,58.05,61.26,67.1,24.84,123.96,38.14,24.515,63.8,43.17,77.355,126.275,27.28,47.716,60.85,52.71,128.32,85.89,69.05,115.28,65.825,102.158,143.312,107.565,84.15,102.0,62.73,63.37,86.665,84.125,58.64,15.16,100.63,79.8,134.59,146.14,71.775,223.315,77.33,98.29,115.34,116.87,71.77,50.04,120.955,93.2,99.135,178.37,63.65,146.82,209.48,157.4,112.445,149.945,96.99,84.65,59.0,85.68,115.75,87.235,57.59,76.775,85.41,104.76,53.8,113.9,62.228,77.835,145.155,121.025,315.62,187.415,94.62,114.985,132.28,256.12,92.67,80.7,195.635,63.6,91.665,35.06,0.0
3220,22.71,27.655,47.945,9.02,38.114,54.646,29.34,26.894,67.09,8.64,13.51,10.22,3.46,16.005,12.69,6.06,38.17,87.8,45.72,36.815,66.08,11.23,8.2,45.22,16.92,23.74,29.238,21.38,76.83,54.01,17.95,0.0,19.79,24.11,5.71,27.82,32.345,45.5,13.98,27.25,32.45,24.36,32.5,28.74,21.33,81.93,33.265,11.06,37.51,28.01,60.04,21.0,15.75,62.9,36.0,35.39,55.06,86.41,5.0,19.155,12.1,16.07,79.48,66.695,25.84,24.66,40.035,22.45,48.25,24.74,5.22,77.04,56.74,57.27,39.84,72.08,83.315,141.887,39.175,54.659,68.628,124.58,110.887,138.925,22.513,88.375,120.08,82.92,180.522,136.659,12.135,45.52,111.457,193.915,203.562,277.06,30.74,66.65,89.107,23.18,68.235,111.25,131.965,210.655,29.565,70.575,63.8,83.865,87.965,156.77,191.59,125.065,64.43,125.44,59.725,105.87,111.65,48.81,294.79,228.45,25.58,84.77,230.02,150.03,187.46,101.365,95.18,70.915,209.16,51.65,141.18,366.36,37.975,60.835,232.865,233.17,205.33,223.495,81.8,175.01,75.8,106.6,125.955,116.562,84.176,106.28,194.995,49.22,232.93,101.325,209.45,169.73,90.23,133.34,134.37,202.84,73.055,91.84,100.455,33.085
3221,12.86,29.425,30.435,37.37,49.345,67.386,37.515,30.06,57.8,12.82,16.61,13.65,24.82,16.055,27.99,47.82,75.9,104.69,25.45,19.29,17.1,0.0,3.04,21.18,4.935,0.0,0.0,0.0,3.75,10.0,0.0,0.0,0.0,5.0,0.0,5.0,3.0,8.1,3.0,0.0,0.0,3.0,0.0,16.24,0.0,10.0,0.0,0.0,5.2,5.0,0.0,0.0,5.0,0.0,0.0,0.0,2.5,4.05,24.96,0.0,3.0,0.0,0.0,0.0,5.2,10.6,0.0,0.0,5.72,0.0,3.06,0.0,0.0,0.0,14.175,0.0,7.36,0.0,0.0,10.13,0.0,20.48,7.56,0.0,0.0,5.4,0.0,0.0,9.86,39.04,6.49,11.59,12.675,12.24,0.0,0.0,16.05,16.39,17.26,5.775,0.0,0.0,6.0,13.23,0.0,0.0,6.615,16.8,15.75,0.0,10.305,0.0,0.0,6.6,13.2,0.0,6.65,0.0,60.31,25.8,0.0,0.0,39.6,0.0,4.44,0.0,0.0,0.0,12.54,0.0,8.58,14.52,7.02,17.38,0.0,0.0,0.0,0.0,31.23,16.28,0.0,6.64,0.0,0.0,12.21,64.25,13.12,0.0,13.28,13.28,0.0,21.47,7.47,6.66,0.0,14.76,0.0,17.4,4.1,0.0
3222,5.18,39.789,58.281,46.07,54.12,62.449,27.53,46.155,53.0,12.295,24.92,21.96,22.58,67.59,64.87,58.34,116.55,180.865,85.4,125.31,101.4,27.72,53.4,29.11,20.33,23.36,34.52,44.93,61.44,25.22,44.74,12.04,68.865,22.7,35.46,51.33,19.62,99.38,69.405,38.08,50.25,69.04,49.355,59.85,63.54,32.8,101.32,39.06,52.13,49.49,38.5,53.16,34.8,68.73,33.765,19.68,31.975,25.34,42.9,55.215,35.46,78.75,55.915,31.145,98.174,108.645,69.31,48.33,39.18,17.16,154.03,87.1,26.455,73.583,30.76,80.02,33.28,46.38,18.11,45.9,54.18,92.06,37.805,195.69,59.17,65.422,72.125,62.309,116.805,106.985,57.96,229.219,84.045,149.89,182.645,179.38,99.03,196.245,118.825,129.69,107.86,117.485,343.96,197.915,72.775,139.71,184.56,97.095,168.35,216.31,168.115,229.59,105.62,172.375,180.96,188.8,168.15,227.365,165.72,133.87,176.29,177.67,234.8,167.73,95.52,287.96,301.71,169.92,159.12,182.56,313.71,117.14,111.58,129.61,126.15,144.27,210.355,175.4,72.45,141.385,224.86,202.835,198.17,190.11,131.08,187.21,271.685,107.785,203.145,102.395,137.73,145.435,211.955,200.03,218.475,369.19,185.57,176.33,91.03,54.96
3223,20.359,22.11,29.83,39.205,36.505,33.57,9.89,22.185,40.44,7.8,13.1,6.44,7.18,33.65,29.745,37.4,75.155,94.435,60.043,76.02,74.54,7.46,28.95,33.17,22.72,21.78,19.79,16.64,25.69,41.7,45.45,18.45,27.89,20.5,25.25,25.14,9.25,21.275,35.0,17.0,34.555,52.68,21.73,24.5,48.17,66.74,16.0,36.75,21.2,56.0,16.75,44.5,25.25,13.54,15.1,48.12,60.95,37.27,29.08,3.0,6.18,27.0,28.52,13.3,27.18,30.16,20.81,12.74,32.865,36.1,90.61,45.535,16.74,7.2,22.585,29.41,20.53,64.224,33.57,28.1,33.2,49.89,13.7,105.885,34.605,21.4,45.255,55.21,29.715,18.25,51.37,66.165,74.81,75.71,88.075,60.655,98.475,83.87,110.883,104.362,113.525,12.06,38.5,78.34,52.03,75.355,70.24,89.18,53.455,76.93,160.63,79.345,99.715,84.14,142.06,115.92,100.0,124.015,109.13,115.91,22.69,108.98,135.37,123.28,92.17,95.49,119.4,86.175,127.15,94.79,144.22,164.195,84.12,151.13,121.88,76.2,75.04,119.52,105.99,258.165,135.205,137.765,109.6,250.0,98.455,164.485,110.4,129.795,138.95,143.265,179.94,131.725,180.355,156.115,254.99,134.46,131.22,95.51,47.22,13.24
3224,15.29,28.015,38.13,36.03,52.31,49.667,27.78,55.21,48.255,11.4,20.91,26.065,7.035,29.88,46.88,67.96,103.185,132.82,71.955,95.445,87.935,39.27,43.1,33.1,46.74,43.09,29.0,80.61,39.39,38.8,51.324,48.33,25.87,37.0,40.725,47.125,56.1,55.07,50.875,37.0,101.7,41.0,69.92,67.87,20.0,56.08,36.5,35.55,9.08,62.28,53.03,36.5,58.68,90.82,39.095,26.14,18.7,4.28,15.72,41.9,58.01,25.98,13.9,46.355,80.34,11.34,25.32,21.28,47.34,5.1,82.45,16.212,48.12,97.84,26.586,24.26,175.45,33.585,52.66,43.78,141.38,34.16,33.745,45.585,63.29,5.4,61.0,60.355,148.82,68.01,142.06,85.52,149.305,90.49,128.06,69.725,50.815,89.78,163.015,72.865,130.38,80.895,84.375,74.07,80.32,94.285,161.29,80.17,67.63,89.72,44.11,106.015,97.685,89.365,138.55,112.71,224.38,105.19,99.13,85.335,66.86,116.725,238.64,105.31,51.79,86.09,94.97,97.44,44.79,56.44,130.03,100.22,39.84,122.51,66.45,68.75,91.69,47.02,49.685,181.955,104.81,63.005,83.02,76.84,107.3,142.595,152.75,115.54,110.1,94.68,67.76,160.915,98.735,159.555,110.98,78.7,69.14,64.06,65.355,74.4
3225,21.98,1.51,17.14,26.45,30.135,33.99,1.9,16.74,21.384,3.04,3.01,1.79,12.795,15.86,13.68,15.875,43.32,63.93,10.225,27.215,34.01,13.6,8.72,19.97,7.56,8.04,12.75,22.417,13.2,17.7,9.88,3.92,2.88,21.7,17.115,40.81,10.74,8.705,12.0,15.03,15.0,21.9,37.2,3.0,42.99,65.06,15.78,20.1,3.0,21.0,12.5,10.5,5.08,5.0,44.07,20.29,19.32,41.68,38.02,20.22,3.58,18.12,57.38,8.2,16.76,15.98,10.8,17.42,4.16,55.9,49.995,21.6,11.2,31.261,31.37,41.09,65.716,38.915,47.49,23.72,34.13,14.21,51.826,26.3,5.13,30.875,14.895,17.4,22.0,2.16,32.472,44.42,4.95,77.062,16.61,29.255,0.0,62.235,52.325,24.12,57.51,19.86,29.22,52.73,20.845,8.5,26.89,80.355,49.34,135.965,53.04,58.95,28.985,134.25,59.06,48.885,58.03,80.18,103.465,77.21,21.42,69.13,70.69,40.42,44.34,54.63,31.36,61.3,94.08,75.52,76.13,96.845,24.75,60.47,41.45,67.17,62.735,54.8,78.01,108.185,104.64,72.085,112.815,104.83,43.345,93.0,110.485,105.793,122.36,103.415,103.195,150.35,93.905,87.915,103.7,161.96,45.335,53.745,66.8,72.73
3226,25.353,34.065,42.025,35.065,48.228,92.117,31.97,17.584,24.91,4.9,16.38,16.555,7.71,20.405,53.88,68.33,120.145,176.1,33.085,68.875,106.475,36.13,44.58,63.96,16.84,103.1,50.1,45.65,38.93,49.4,50.14,26.049,47.22,28.5,41.105,60.215,45.615,66.495,70.125,61.78,53.375,52.425,33.5,44.5,21.54,72.32,50.57,44.64,25.61,42.25,32.6,20.45,24.68,134.61,19.22,16.06,32.03,47.56,41.18,47.578,36.0,67.9,39.155,33.89,71.25,55.85,17.15,32.505,16.66,44.98,43.18,61.43,16.1,59.595,35.48,35.42,42.37,12.14,28.63,71.302,44.439,63.985,78.865,61.13,48.03,42.29,160.745,62.935,87.93,76.515,40.74,42.025,99.9,180.829,158.375,163.915,90.64,224.435,85.19,156.635,118.825,111.055,58.355,110.12,216.245,150.79,147.44,224.905,131.375,142.395,88.135,90.54,113.42,152.175,107.14,249.9,194.485,209.5,137.28,107.04,79.62,140.125,108.725,175.87,149.48,102.82,180.77,117.77,83.37,156.69,240.33,239.47,132.385,102.42,139.315,204.965,197.295,151.295,133.36,179.89,160.27,166.565,162.27,184.76,293.805,269.095,205.445,262.52,328.245,238.705,213.29,215.65,207.715,328.135,257.505,88.115,186.085,198.035,172.7,59.07
3227,13.28,2.96,4.61,12.34,28.521,51.2,2.97,11.66,19.12,3.8,8.2,9.12,8.04,0.0,14.97,17.56,13.415,52.095,13.5,4.18,30.495,13.32,11.75,22.98,5.6,13.28,18.88,2.88,12.44,2.45,20.684,8.84,19.775,23.076,29.64,11.055,9.4,14.0,21.53,14.105,22.25,26.0,14.84,11.5,46.0,82.0,39.86,25.54,64.0,22.88,13.5,32.84,11.96,16.22,42.0,23.84,18.08,27.812,27.32,34.17,19.5,39.265,5.98,29.68,35.605,39.17,25.24,31.97,25.44,8.74,21.153,20.13,7.54,26.947,17.06,11.66,26.53,39.672,18.72,22.32,4.7,35.031,22.165,15.66,15.2,48.914,13.13,65.914,31.31,16.24,20.17,56.764,65.709,83.12,43.247,44.425,25.33,39.01,38.585,17.0,27.06,29.605,25.645,31.425,22.4,33.56,32.26,40.285,35.03,35.315,46.57,44.315,29.36,35.18,153.615,23.02,46.74,71.45,71.365,215.555,30.25,92.765,71.08,75.09,23.08,29.84,46.58,102.28,38.8,65.195,57.12,54.86,34.4,59.385,93.845,22.18,25.99,85.58,69.34,18.49,66.27,67.95,94.305,106.31,51.81,58.13,53.435,48.04,105.57,54.545,81.675,77.53,103.505,44.95,100.805,98.48,50.165,71.06,25.12,31.44
3228,27.49,36.625,48.984,41.905,45.729,127.671,44.855,62.14,149.2,33.375,30.685,20.37,15.26,17.46,46.32,37.159,72.13,153.7,48.388,91.2,176.58,42.21,54.13,71.07,34.8,36.78,36.73,26.16,30.212,24.454,23.33,20.5,46.3,61.585,34.6,38.0,31.75,55.755,67.7,35.164,37.65,33.78,33.75,51.24,43.5,51.07,59.485,112.13,29.99,99.785,47.51,22.07,76.5,66.59,94.22,70.38,53.32,59.845,39.28,110.685,34.25,33.815,44.15,22.45,59.49,67.91,48.84,33.985,16.555,26.34,37.12,78.5,29.377,35.83,37.12,86.0,72.55,109.132,222.433,79.379,56.21,90.296,85.102,100.084,166.682,92.755,125.562,45.05,112.056,80.05,96.054,119.986,93.904,231.825,171.982,126.85,118.71,160.96,124.903,143.562,145.835,102.845,176.815,117.435,184.366,295.105,195.785,224.175,121.905,241.685,224.615,156.475,269.176,190.97,239.565,238.21,404.445,348.4,261.445,237.11,109.255,264.045,331.8,188.555,188.97,309.665,239.58,333.04,145.56,279.39,287.38,400.19,169.92,203.915,295.02,213.85,168.52,176.66,178.08,280.098,313.64,403.435,362.005,613.675,307.595,237.62,337.08,224.275,270.795,171.02,169.79,328.82,264.6,305.105,369.625,350.65,165.265,222.54,203.355,67.71
3230,4.66,10.604,13.765,15.94,13.98,27.505,7.98,31.265,16.47,4.69,3.14,0.0,10.884,6.52,11.42,15.585,29.87,22.12,10.8,18.13,40.95,10.1,7.6,16.07,12.58,34.85,5.38,4.3,21.25,11.35,14.5,6.52,14.84,13.95,18.64,8.77,70.0,7.115,27.67,11.5,14.76,3.0,22.36,62.5,20.0,5.0,16.5,33.61,25.75,6.12,16.6,4.68,0.0,12.28,8.04,16.38,9.0,15.87,9.035,14.71,0.0,15.12,0.0,3.0,5.46,10.98,26.1,10.14,0.0,6.16,18.2,20.17,14.91,7.64,5.8,16.8,10.96,16.43,27.31,30.08,23.32,11.7,18.29,22.41,16.74,32.73,18.98,24.966,34.52,17.31,7.552,39.11,26.345,17.085,32.035,72.505,31.41,38.525,37.2,23.597,30.83,10.35,36.61,23.94,37.745,38.915,31.1,39.0,4.8,37.62,29.21,103.125,44.76,24.5,125.26,61.235,49.29,44.75,11.61,43.265,17.01,51.89,16.56,15.65,60.64,23.66,48.7,33.82,69.68,81.755,100.77,21.09,27.8,43.495,33.83,26.745,18.635,76.56,49.53,42.38,52.82,22.55,35.17,101.93,40.745,59.04,34.09,26.055,19.85,32.83,23.005,50.79,10.335,32.56,82.19,56.8,2.49,37.32,74.055,0.0
3231,0.0,3.05,10.64,4.94,9.92,12.015,3.08,3.045,30.38,6.08,1.54,0.0,0.0,1.52,2.64,1.61,2.86,31.16,10.53,9.84,9.38,36.945,0.0,4.84,0.0,2.4,4.0,2.5,0.0,5.1,1.6,0.0,6.84,2.5,8.0,0.0,0.0,7.82,7.5,5.12,0.0,0.0,19.0,0.0,5.0,11.5,0.0,6.5,2.0,7.68,0.0,0.0,10.4,14.5,21.42,12.28,2.0,14.14,8.32,18.84,10.39,3.12,4.25,3.0,3.0,0.0,10.6,5.0,5.2,0.0,34.5,21.56,21.972,7.79,0.0,2.0,7.2,6.16,16.07,14.94,9.81,8.99,27.87,35.09,24.39,26.95,30.61,29.965,14.01,46.71,23.4,16.285,2.6,16.2,6.49,24.235,17.412,28.585,20.8,24.6,0.0,16.83,4.4,9.52,35.63,15.28,48.665,34.225,0.0,27.08,31.06,25.255,40.42,22.73,15.145,8.64,31.75,39.57,11.85,25.435,0.0,29.79,34.915,24.23,34.3,30.71,52.61,17.39,6.63,39.72,18.2,95.095,22.415,19.41,17.32,6.6,50.13,7.4,22.89,6.64,34.24,13.3,50.965,69.68,13.28,48.93,38.385,13.3,31.43,52.55,28.99,15.185,28.285,0.0,49.13,6.6,31.95,14.875,36.24,0.0
3232,0.0,1.505,2.28,0.0,1.52,8.594,1.54,0.0,1.56,4.94,0.0,5.0,0.0,7.42,3.08,0.0,2.0,0.0,0.0,0.0,8.2,2.73,0.0,5.0,5.0,2.0,0.0,4.6,0.0,3.06,6.0,5.0,2.5,0.0,2.9,8.5,3.0,0.0,3.66,0.0,0.0,0.0,3.0,2.25,7.5,0.0,3.0,0.0,3.0,6.75,4.0,0.0,0.0,15.0,0.0,0.0,2.0,0.0,9.76,0.0,0.0,2.04,12.822,0.0,0.0,0.0,23.1,0.0,8.88,0.0,5.2,0.0,3.42,0.0,0.0,0.0,4.86,0.0,10.325,6.48,2.32,6.16,5.28,14.282,11.67,14.05,0.0,0.0,0.0,8.875,0.0,10.885,1.71,12.1,0.0,15.57,5.22,6.54,0.0,11.4,5.76,9.0,28.81,61.5,14.32,7.92,0.0,20.44,0.0,0.0,3.3,0.0,10.665,6.4,0.0,20.69,7.8,6.6,27.26,13.81,0.0,5.18,6.66,10.8,10.54,25.4,0.0,5.18,0.0,6.63,17.4,24.45,22.0,18.91,6.64,0.0,6.66,19.795,14.26,79.16,11.1,19.775,29.51,18.9,0.0,6.64,0.0,9.13,19.95,25.115,28.09,0.0,20.2,11.18,18.31,22.185,34.04,0.0,15.585,0.0
3233,1.51,4.5,4.565,2.96,3.04,14.82,11.08,16.39,15.96,0.0,2.66,1.5,0.0,1.52,7.04,0.0,9.2,28.58,3.0,4.25,25.62,12.195,0.0,12.12,9.95,5.0,4.16,0.0,14.67,26.5,3.0,10.75,0.0,10.86,4.0,9.27,4.0,6.6,0.0,5.0,5.5,0.0,11.1,4.5,10.0,11.75,3.0,2.75,8.25,6.75,5.0,0.0,3.0,9.12,5.04,6.5,0.0,4.0,31.31,0.0,0.0,10.135,0.0,0.0,0.0,0.0,15.48,44.95,0.0,6.5,0.0,58.76,5.2,0.0,5.76,5.2,27.115,7.97,0.0,16.71,10.26,25.36,9.48,26.81,20.62,90.3,15.495,18.0,20.13,0.0,17.4,2.7,12.1,11.55,6.49,42.74,60.435,33.58,46.755,9.92,37.53,10.45,24.285,13.1,16.0,45.51,112.6,41.55,7.475,59.205,78.1,50.73,56.435,41.81,65.55,6.66,32.58,33.11,37.46,60.0,30.805,28.0,35.95,19.92,12.55,24.06,11.16,12.36,34.53,13.32,27.75,47.76,20.97,29.31,56.27,0.0,39.925,35.35,40.56,17.245,33.102,26.55,23.34,57.68,0.0,22.05,15.99,24.83,0.0,148.51,65.08,27.15,40.935,12.62,52.57,110.235,56.975,13.325,13.335,0.0
3234,0.0,0.0,0.0,0.0,0.0,0.0,0.0,0.0,0.0,0.0,0.0,0.0,0.0,0.0,0.0,0.0,0.0,0.0,0.0,0.0,0.0,3.51,0.0,0.0,4.16,0.0,0.0,0.0,0.0,0.0,0.0,0.0,0.0,0.0,0.0,0.0,0.0,0.0,0.0,0.0,0.0,0.0,0.0,0.0,0.0,3.5,0.0,3.0,0.0,3.1,0.0,0.0,0.0,0.0,0.0,0.0,0.0,0.0,0.0,5.0,0.0,4.94,0.0,0.0,0.0,0.0,5.3,0.0,5.0,0.0,5.2,0.0,0.0,0.0,0.0,0.0,0.0,0.0,0.0,0.0,0.0,6.48,5.94,0.0,0.0,5.5,0.0,0.0,0.0,0.0,21.25,0.0,0.0,8.04,5.985,6.49,5.13,10.87,24.9,0.0,0.0,5.25,0.0,0.0,0.0,0.0,2.4,0.0,0.0,6.6,0.0,6.08,20.065,0.0,4.16,0.0,3.25,6.615,10.48,0.0,10.56,13.34,42.59,13.2,0.0,0.0,0.0,0.0,9.75,0.0,0.0,0.0,0.0,0.0,0.0,13.6,6.66,31.89,8.14,5.46,0.0,12.58,0.0,7.4,6.63,0.0,0.0,0.0,0.0,0.0,0.0,6.64,0.0,0.0,0.0,0.0,0.0,0.0,0.0,0.0
3235,0.0,0.0,0.0,0.0,0.0,11.64,0.0,0.0,0.0,1.5,8.36,0.0,0.0,0.0,4.07,0.0,5.0,6.75,0.0,5.1,0.0,0.0,0.0,0.0,0.0,0.0,0.0,0.0,2.2,0.0,0.0,0.0,3.0,0.0,0.0,0.0,3.12,2.0,3.995,0.0,5.2,0.0,9.435,0.0,3.0,0.0,0.585,1.0,0.0,7.25,5.0,9.0,4.4,5.2,7.61,0.0,0.0,5.0,0.0,0.0,0.0,0.0,0.0,0.0,0.0,0.0,0.0,0.0,5.3,0.0,0.0,0.0,0.0,0.0,8.76,5.2,0.0,0.0,0.0,7.25,0.0,0.0,9.99,10.8,6.75,0.0,0.0,12.6,0.0,0.0,6.0,0.0,6.195,5.13,0.0,0.0,7.93,0.0,0.0,6.2,4.48,0.0,0.0,0.0,0.0,18.9,19.755,0.0,0.0,6.6,11.955,4.62,5.94,3.93,0.0,0.0,4.225,8.36,0.0,6.66,19.45,18.55,20.29,0.0,18.54,1.85,26.4,10.36,35.92,12.55,6.66,6.6,0.0,5.18,0.0,0.0,0.0,0.0,21.325,13.2,13.3,6.63,13.32,0.0,0.0,18.675,0.0,0.0,0.0,0.0,18.26,0.0,27.39,27.8,19.95,0.0,13.2,0.0,0.0,0.0
3236,0.0,0.0,0.0,0.0,0.0,1.54,0.0,0.0,0.0,0.0,0.0,0.0,0.0,0.0,6.42,0.0,0.0,0.0,0.0,0.0,2.1,0.0,1.61,0.0,0.0,5.0,2.64,0.0,0.0,0.0,0.0,0.0,0.0,0.0,4.0,0.0,0.0,0.0,0.0,0.0,0.0,0.0,0.0,0.0,5.0,0.0,0.0,4.5,0.0,0.0,0.0,5.0,0.0,0.0,0.0,0.0,0.0,0.0,6.0,0.0,4.0,0.0,0.0,0.0,0.0,0.0,0.0,0.0,0.0,0.0,10.4,3.12,0.0,0.0,5.13,0.0,10.03,0.0,0.0,0.0,0.0,0.0,0.0,0.0,0.0,0.0,0.0,9.9,6.0,0.0,0.0,9.66,0.0,0.0,3.2,5.13,0.0,0.0,6.6,5.795,0.0,3.0,0.0,0.0,0.0,0.0,7.53,5.6,0.0,0.0,20.4,4.16,0.0,0.0,0.0,0.0,0.0,0.0,6.43,0.0,6.29,0.0,5.92,0.0,0.0,0.0,15.46,0.0,3.7,0.0,19.56,0.0,0.0,0.0,0.0,0.0,0.0,0.0,0.0,3.7,0.0,6.58,0.0,12.19,3.32,0.0,10.59,0.0,9.02,0.0,0.0,0.0,0.0,0.0,0.0,0.0,0.0,8.8,0.0,0.0
3237,0.0,0.0,0.0,0.0,0.0,3.12,0.0,0.0,0.0,0.0,0.0,0.0,0.0,0.0,0.0,0.0,0.0,0.0,0.0,0.0,4.52,18.707,0.0,0.0,0.0,0.0,0.0,0.0,0.0,0.0,0.0,0.0,0.0,0.0,0.0,5.0,0.0,7.5,0.0,0.0,0.0,0.0,0.0,10.0,0.0,4.0,0.0,0.0,0.0,0.0,0.0,0.0,0.0,0.0,0.0,0.0,0.0,0.0,0.0,0.0,0.0,0.0,4.0,0.0,0.0,0.0,0.0,0.0,16.64,0.0,0.0,0.0,0.0,0.0,0.0,0.0,0.0,0.0,0.0,0.0,24.96,5.12,0.0,0.0,0.0,0.0,6.48,0.0,0.0,0.0,0.0,0.0,0.0,0.0,0.0,6.6,2.97,0.0,6.05,0.0,19.44,0.0,6.6,0.0,0.0,4.03,0.0,6.615,0.0,0.0,16.17,0.0,0.0,0.0,0.0,21.12,6.05,13.32,5.18,0.0,0.0,0.0,6.66,0.0,6.66,0.0,17.76,0.0,4.29,0.0,6.66,0.0,0.0,0.0,0.0,0.0,5.4,0.0,0.0,99.0,0.0,26.66,0.0,19.25,0.0,6.64,0.0,0.0,9.0,13.5,0.0,36.145,0.0,6.64,6.6,0.0,0.0,0.0,0.0,0.0
3238,0.0,1.5,0.0,0.0,0.0,0.0,0.0,0.0,3.04,0.0,3.5,0.0,0.0,1.14,0.0,0.0,0.0,2.22,2.22,0.0,8.0,0.0,3.0,5.0,3.99,0.0,0.0,0.0,3.0,3.21,1.2,0.0,0.0,0.0,5.0,0.0,0.0,3.0,0.0,4.0,0.0,0.0,2.25,0.0,0.0,0.0,0.0,0.0,0.0,0.0,5.0,0.0,0.0,0.0,0.0,0.0,0.0,0.0,0.0,0.0,0.0,0.0,0.0,0.0,0.0,0.0,7.8,0.0,3.12,0.0,0.0,0.0,0.0,0.0,0.0,5.03,3.12,0.0,15.0,0.0,0.0,0.0,0.0,0.0,0.0,3.24,0.0,0.0,0.0,0.0,6.0,0.0,24.32,0.0,0.0,0.0,0.0,0.0,0.0,0.0,5.02,0.0,0.0,6.05,0.0,0.0,0.0,4.62,0.0,0.0,6.6,3.9,0.0,11.855,0.0,5.28,6.6,0.0,0.0,0.0,0.0,0.0,6.66,12.25,0.0,0.0,4.5,0.0,4.44,13.32,0.0,22.05,0.0,0.0,0.0,15.6,0.0,6.545,0.0,0.0,11.73,0.0,0.0,12.45,0.0,0.0,13.28,0.0,0.0,29.045,0.0,0.0,0.0,10.79,0.0,21.58,0.0,0.0,12.035,0.0
3239,0.0,4.92,0.0,0.0,0.0,4.99,0.0,0.0,0.0,3.08,0.0,0.0,0.0,10.0,0.0,0.0,4.41,10.4,19.76,0.0,0.0,0.0,0.0,0.0,0.0,0.0,0.0,0.0,0.0,0.0,0.0,0.0,0.0,0.0,0.0,0.0,0.0,0.0,0.0,0.0,0.0,0.0,0.0,0.0,0.0,0.0,10.0,4.0,0.0,0.0,0.0,0.0,0.0,0.0,22.0,0.0,3.0,0.0,0.0,0.0,0.0,0.0,0.0,2.0,5.0,0.0,0.0,0.0,0.0,0.0,0.0,0.0,0.0,0.0,5.8,0.0,0.0,0.0,0.0,0.0,0.0,0.0,29.9,30.78,4.95,0.0,14.67,0.0,0.0,0.0,0.0,48.0,5.5,48.15,0.0,0.0,0.0,12.505,0.0,0.0,0.0,0.0,11.88,17.82,0.0,4.88,5.985,0.0,0.0,2.88,12.96,6.6,0.0,3.96,0.0,0.0,0.0,0.0,0.0,5.7,0.0,0.0,0.0,0.0,13.32,0.0,0.0,0.0,13.32,0.0,0.0,4.07,14.52,0.0,0.0,6.66,0.0,12.68,0.0,0.0,3.2,6.64,0.0,0.0,6.64,13.12,6.63,0.0,0.0,6.6,0.0,0.0,0.0,48.97,76.36,25.73,0.0,13.2,0.0,0.0
3240,26.89,4.94,18.52,2.66,11.6,23.66,3.04,10.93,8.28,2.28,4.94,3.46,1.9,22.82,0.0,5.13,19.63,23.72,27.01,10.38,33.065,14.43,31.86,12.98,0.0,7.5,0.0,0.0,13.56,5.0,3.5,3.12,3.0,0.0,3.5,0.0,12.0,5.25,23.505,3.0,6.495,2.5,5.0,3.0,22.26,12.48,14.0,5.1,5.0,0.0,7.5,5.0,18.25,0.0,15.0,21.34,5.0,9.45,8.98,18.08,10.4,13.36,0.0,5.2,2.0,9.08,11.09,4.08,5.2,5.2,16.285,5.5,13.17,10.37,0.0,8.495,10.98,0.0,9.21,6.0,5.1,98.33,19.734,11.0,14.21,23.39,0.0,25.75,18.21,6.16,9.18,14.49,5.12,10.362,5.13,17.35,4.27,5.5,11.685,6.48,6.6,5.76,0.0,7.92,12.34,33.945,6.3,37.25,0.0,39.105,42.36,13.5,22.35,9.9,7.45,36.88,33.95,67.44,26.7,0.0,43.165,17.22,82.18,50.7,48.51,29.23,25.46,47.19,38.52,25.86,43.46,14.63,6.66,29.32,26.04,27.79,10.36,9.76,30.26,6.6,38.66,0.0,44.47,7.2,38.03,18.19,36.88,39.21,62.105,19.92,22.35,37.16,13.92,37.4,21.12,12.45,6.6,27.12,0.0,0.0
3241,4.54,8.58,6.03,1.52,6.04,19.88,21.98,8.03,16.765,1.52,7.56,0.0,0.0,8.17,9.15,12.58,15.12,20.16,14.23,3.8,23.4,12.0,8.9,13.71,0.0,8.675,20.67,14.4,1.61,19.25,9.38,8.0,10.66,18.6,25.05,1.5,3.12,5.0,8.0,24.935,0.0,14.03,0.0,11.0,5.3,8.98,5.0,0.0,9.16,13.0,4.0,3.0,3.0,4.0,24.05,14.71,31.31,0.0,0.0,2.0,0.0,5.0,10.0,18.49,10.4,4.0,3.5,4.0,3.12,3.0,22.06,10.1,8.44,5.2,9.8,5.2,0.0,13.032,45.45,12.7,117.769,10.58,5.13,70.535,18.33,30.525,10.62,34.81,8.495,10.08,33.319,13.02,6.6,38.03,13.685,13.2,11.785,44.825,20.46,0.0,19.14,3.2,16.3,27.285,17.48,29.405,30.435,135.315,23.64,36.105,6.6,24.665,28.215,46.53,52.2,19.8,10.62,25.46,14.74,70.11,54.92,34.98,43.54,25.47,32.5,64.0,15.47,24.42,48.09,53.04,48.96,15.4,13.68,18.28,12.32,11.1,19.545,6.66,13.26,12.58,13.32,164.84,0.0,9.97,13.28,23.77,47.92,42.49,24.4,36.85,28.085,41.47,55.475,101.79,53.24,0.0,33.0,0.0,24.64,4.4
3242,0.0,2.28,3.56,3.04,9.49,1.52,0.0,0.0,1.54,4.16,0.0,0.0,4.18,8.42,2.04,0.0,2.0,21.24,4.5,14.87,2.5,11.32,3.0,0.0,5.0,0.0,0.0,0.0,0.0,0.0,0.0,9.6,2.58,0.0,3.24,1.75,0.0,0.0,0.0,0.0,5.0,5.0,0.0,0.0,3.0,5.0,4.0,0.0,0.0,0.0,5.0,9.0,49.2,9.5,0.0,0.0,0.0,0.0,0.0,0.0,0.0,0.0,0.0,0.0,0.0,0.0,0.0,0.0,0.0,0.0,0.0,4.94,3.24,0.0,3.5,0.0,5.565,0.0,19.24,10.26,0.0,14.79,3.12,0.0,4.2,0.0,3.24,0.0,19.8,10.355,4.88,13.05,0.0,6.54,5.13,12.5,0.0,0.0,5.4,0.0,2.36,0.0,4.8,6.3,4.095,4.8,6.3,0.0,9.36,3.0,16.5,11.43,6.6,50.375,48.18,10.95,40.8,13.115,13.32,11.55,10.4,2.2,5.92,6.66,5.92,0.0,15.15,10.05,5.28,31.42,26.41,32.42,6.66,11.84,0.0,16.065,20.09,6.66,6.63,7.885,8.0,0.0,13.19,23.56,0.0,21.995,10.79,12.975,17.845,0.0,0.0,6.64,10.44,14.56,0.0,25.635,12.32,18.76,17.16,6.6
3243,5.0,0.0,0.0,0.0,0.0,4.99,0.0,0.0,0.0,0.0,0.0,0.0,0.0,0.0,0.0,0.0,5.0,3.04,0.0,0.0,0.0,0.0,8.0,0.0,0.0,0.0,3.22,0.0,15.25,0.0,0.0,0.0,0.0,0.0,3.0,0.0,0.0,0.0,0.0,0.0,0.0,0.0,0.0,0.0,0.0,0.0,5.0,0.0,0.0,3.0,0.0,0.0,0.0,6.0,0.0,0.0,4.0,0.0,0.0,0.0,0.0,0.0,8.1,0.0,0.0,0.0,0.0,0.0,0.0,0.0,0.0,0.0,0.0,0.0,19.44,5.4,0.0,0.0,0.0,0.0,0.0,0.0,0.0,7.02,0.0,0.0,0.0,5.1,6.655,8.37,3.6,3.3,0.0,0.0,10.26,0.0,4.96,41.57,4.95,0.0,0.0,0.0,0.0,0.0,6.6,0.0,0.0,3.3,0.0,0.0,0.0,0.0,0.0,3.15,0.0,0.0,12.87,0.0,0.0,0.0,0.0,0.0,6.66,0.0,0.0,0.0,0.0,0.0,0.0,3.7,0.0,0.0,0.0,10.36,6.63,0.0,8.51,0.0,6.0,13.26,6.63,0.0,0.0,40.82,0.0,21.995,20.67,0.0,0.0,0.0,0.0,0.0,0.0,0.0,0.0,0.0,0.0,9.96,10.56,0.0
3249,3.42,9.92,5.61,34.35,56.85,42.94,4.62,7.745,13.545,0.885,3.78,1.52,0.0,3.04,0.0,9.98,23.71,23.74,23.11,31.31,24.81,8.69,17.8,11.74,0.0,5.0,16.0,28.93,4.165,8.0,8.75,6.5,2.0,7.0,3.0,37.835,0.0,4.0,5.0,17.555,10.0,14.0,20.98,7.0,7.5,10.5,8.0,13.0,0.0,1.5,11.0,12.0,0.0,2.04,11.5,5.0,0.0,2.0,4.0,3.0,0.0,0.0,1.5,0.0,0.0,10.2,8.32,5.2,2.04,18.82,17.28,24.14,7.95,16.5,11.2,37.62,14.28,7.67,14.58,42.12,21.01,12.27,10.34,140.424,43.31,118.53,8.64,19.76,23.935,0.0,6.05,5.5,0.0,9.83,69.14,48.705,44.36,36.77,46.54,33.77,16.08,6.44,20.19,54.08,63.14,6.05,12.6,8.25,5.985,34.98,23.98,6.48,32.97,82.95,56.43,0.0,3.3,35.13,18.87,0.0,26.52,6.6,17.31,32.58,0.0,6.6,21.42,40.33,10.36,11.7,32.97,13.29,13.32,28.86,6.15,12.64,59.33,2.34,71.75,6.65,13.28,10.79,47.097,44.145,38.56,39.84,60.365,18.335,13.2,10.08,29.965,30.75,53.12,41.78,53.06,6.6,0.0,19.84,0.0,0.0
3250,8.17,15.41,35.29,39.41,129.56,60.495,13.07,29.525,38.89,7.97,12.48,32.54,3.04,6.57,28.455,58.47,75.292,97.785,26.49,40.48,160.075,46.28,46.475,45.06,18.31,11.0,32.96,34.66,43.305,33.34,2.0,15.0,28.52,25.0,26.0,16.05,40.0,27.05,30.55,44.73,21.6,31.5,31.48,37.0,19.5,50.0,18.0,13.0,108.4,28.94,40.65,44.42,46.0,19.12,4.5,13.7,0.0,14.5,15.84,7.24,9.5,5.5,6.7,6.12,40.1,30.16,28.92,35.92,3.12,20.56,38.05,53.01,50.76,26.89,14.2,29.72,10.06,37.92,153.454,90.925,63.77,20.93,60.355,59.408,61.72,12.0,22.2,46.505,42.685,98.64,105.07,21.22,12.09,0.0,63.065,108.88,25.405,104.495,89.79,43.425,50.31,36.715,18.38,131.165,48.16,51.615,57.025,83.43,63.1,28.71,61.12,29.05,35.55,50.16,125.64,76.995,42.84,138.33,27.56,59.34,6.6,64.55,81.69,125.93,45.38,71.19,83.12,55.685,23.56,36.46,141.18,54.12,0.0,26.93,59.12,61.93,120.425,13.26,105.91,55.06,32.47,81.0,84.115,112.47,32.37,99.14,69.44,42.08,119.045,156.09,98.22,109.67,57.815,72.26,77.92,176.395,20.24,64.685,46.53,29.76
3251,1.52,1.52,0.0,6.16,5.32,1.54,0.0,0.0,12.17,0.0,0.0,0.0,0.0,0.0,0.0,3.04,0.0,4.56,15.01,0.0,4.18,0.35,1.5,3.12,3.2,0.0,0.0,0.0,0.0,0.0,0.0,0.0,0.0,0.0,2.0,0.0,0.0,0.0,0.0,0.0,0.0,5.0,3.0,0.0,8.0,3.0,5.0,0.0,22.0,2.5,0.0,7.0,7.0,0.0,0.0,0.0,0.0,0.0,0.0,0.0,0.0,1.0,0.0,0.0,0.0,0.0,0.0,8.0,0.0,0.0,0.0,5.5,5.5,0.0,0.0,0.0,6.175,0.0,6.24,0.0,5.2,0.0,12.1,0.0,0.0,0.0,0.0,6.27,0.0,0.0,0.0,0.0,0.0,6.6,0.0,3.3,0.0,2.76,0.0,0.0,4.2,0.0,0.0,5.4,0.0,6.555,0.0,6.6,0.0,0.0,0.0,0.0,0.0,0.0,0.0,0.0,6.6,0.0,0.0,6.66,12.61,16.34,6.66,0.0,0.0,0.0,0.0,0.0,6.66,5.92,17.02,5.92,0.0,0.0,0.0,6.24,6.29,6.64,0.0,0.0,6.29,0.0,5.18,0.0,6.64,0.0,0.0,0.0,0.0,0.0,0.0,21.995,0.0,17.015,0.0,0.0,0.0,12.55,0.0,0.0
3254,0.0,0.0,0.0,0.0,6.51,4.8,0.0,0.525,0.0,0.0,0.0,1.85,1.5,0.0,0.0,0.0,0.0,4.18,0.0,0.0,6.875,0.0,5.07,4.5,0.0,5.5,0.0,0.0,0.0,0.0,3.5,0.0,0.0,0.0,0.0,2.0,0.0,2.0,0.0,0.0,1.5,5.0,6.0,0.0,0.0,0.0,0.0,1.5,0.0,0.0,0.0,3.0,3.0,4.0,0.0,0.0,0.0,0.0,3.0,0.0,0.0,1.5,0.0,0.0,4.0,0.0,2.04,0.0,5.2,0.0,0.0,0.0,0.0,0.0,0.0,0.0,0.0,0.0,0.0,5.13,5.0,0.0,2.97,0.0,5.04,0.0,0.0,3.24,0.0,0.0,0.0,3.025,0.0,0.0,0.0,0.0,4.125,10.54,0.0,6.51,18.15,0.0,5.1,0.0,0.0,6.27,0.0,0.0,0.0,6.3,5.04,0.0,6.3,6.6,0.0,0.0,0.0,0.0,0.0,10.36,0.0,0.0,0.0,0.0,6.66,0.0,99.9,0.0,0.0,0.0,12.95,0.0,0.0,15.6,6.66,5.25,0.0,0.0,0.0,3.32,0.0,0.0,0.0,6.64,0.0,0.0,0.0,18.05,0.0,7.89,0.0,16.6,0.0,0.0,0.0,0.0,6.6,0.0,0.0,0.0
3260,0.0,6.34,6.1,6.84,8.12,20.29,9.37,4.94,11.88,10.876,2.09,9.47,3.5,21.62,6.08,29.51,18.635,118.0,10.92,17.626,24.0,18.9,52.43,19.4,8.0,15.6,6.02,15.8,4.0,7.5,26.56,9.12,19.41,10.6,21.0,0.0,5.0,7.0,2.5,7.5,4.0,0.0,5.0,5.0,15.0,5.0,23.0,5.0,1.25,11.05,18.0,4.0,4.08,14.7,14.0,7.0,5.04,0.0,7.96,6.535,5.72,7.855,10.12,5.0,0.0,3.64,0.0,9.56,5.2,3.06,29.12,13.7,5.0,22.37,28.8,66.63,44.42,10.0,13.96,74.135,36.18,10.14,42.202,22.83,5.13,25.86,29.52,16.6,33.75,11.34,0.0,31.05,86.635,58.205,89.445,75.025,57.035,94.26,26.17,139.995,4.2,36.7,14.805,40.13,76.675,55.21,42.43,61.915,13.155,24.42,18.48,67.87,43.52,19.8,21.17,6.6,10.725,114.165,16.5,10.1,18.44,12.15,83.86,26.28,28.08,0.0,0.0,19.49,6.66,19.72,22.2,17.33,0.0,6.29,9.99,6.66,12.18,62.96,24.7,27.066,21.755,57.28,28.13,151.275,47.24,132.61,125.06,87.555,50.12,67.73,94.8,119.6,35.77,77.95,69.6,30.4,91.08,24.82,6.4,0.0
3264,1.5,3.04,1.52,4.76,6.89,2.0,10.23,10.125,4.95,0.0,1.52,9.995,6.84,13.68,0.0,2.96,20.54,17.15,5.92,15.485,9.5,21.0,20.2,15.06,7.34,0.0,0.0,0.0,9.5,15.82,6.0,0.0,25.5,5.0,0.0,7.65,8.5,5.0,5.0,0.0,5.0,0.0,13.5,0.0,0.0,2.0,10.0,0.0,0.0,0.0,29.0,2.5,5.84,9.845,8.0,8.5,31.2,0.0,8.0,4.0,3.0,3.06,33.9,4.0,0.0,0.0,0.0,0.0,0.0,0.0,8.56,30.0,5.1,3.24,10.42,15.14,19.63,32.94,13.8,7.16,19.225,102.31,5.13,5.2,0.0,4.86,1.74,29.7,24.72,12.96,43.13,8.1,22.41,17.85,35.835,3.3,43.35,0.0,36.825,20.525,11.605,47.535,54.415,6.6,0.0,0.0,84.0,46.125,11.11,23.22,5.985,68.18,71.19,24.57,21.86,0.0,50.31,16.91,0.0,13.26,0.0,33.64,19.98,38.42,15.51,8.86,13.32,26.21,0.0,6.66,0.0,21.6,8.51,14.57,0.0,0.0,0.0,10.14,13.32,0.0,0.0,6.64,19.92,115.55,13.28,0.0,0.0,0.0,13.11,44.685,16.6,27.51,10.56,44.08,116.915,26.4,0.0,22.0,8.01,0.0
3265,1.5,0.0,3.04,6.08,4.56,17.792,3.57,18.136,6.54,10.552,4.14,15.88,0.0,51.87,16.94,28.53,19.35,6.21,7.04,14.19,22.18,9.428,10.5,0.0,9.4,0.0,0.0,7.28,4.95,0.0,6.0,8.64,10.0,0.0,4.0,5.0,0.0,0.0,4.0,6.94,6.0,9.5,0.0,3.5,0.0,0.0,15.0,0.0,5.0,0.0,5.0,10.0,13.0,12.5,0.0,0.0,0.0,2.08,0.0,10.0,5.0,7.0,11.0,0.0,5.0,5.1,4.0,4.16,4.77,3.61,0.0,5.4,0.0,16.9,0.0,20.33,5.2,6.96,10.43,0.0,8.52,0.0,83.2,0.0,38.88,0.0,53.17,47.58,6.6,0.0,5.5,5.4,25.575,61.435,261.17,223.585,152.65,320.685,94.61,82.565,150.03,57.94,0.0,25.56,23.87,223.86,75.52,240.4,0.0,31.98,49.2,149.355,32.64,6.65,179.885,108.255,49.22,9.9,13.215,16.56,7.2,0.0,19.86,0.0,76.9,46.43,32.32,16.505,20.72,0.0,104.96,6.66,6.66,0.0,6.66,6.66,45.22,79.61,49.245,38.75,0.0,41.94,0.0,6.64,15.18,165.965,6.66,6.64,52.84,194.12,40.34,25.16,152.78,28.2,23.8,106.255,31.35,2.225,24.68,0.0
3266,0.0,6.75,4.52,8.04,7.612,4.66,3.4,9.756,13.088,12.726,0.0,6.66,7.32,37.43,15.56,10.74,36.125,29.885,18.48,8.56,78.14,18.59,4.18,18.2,19.04,0.0,3.0,6.0,9.28,7.0,19.25,8.0,24.4,3.0,25.665,0.0,4.16,16.4,2.0,6.0,0.0,3.0,4.5,11.6,0.0,0.0,22.7,4.5,0.0,2.0,16.0,5.0,0.0,5.0,7.0,3.5,15.0,5.0,2.5,7.5,0.0,0.0,0.0,5.1,0.0,2.08,0.0,5.2,0.0,2.12,15.6,0.0,1.56,30.16,5.4,8.5,5.2,29.2,18.69,17.18,44.64,5.94,3.24,66.23,21.77,81.24,6.6,12.0,53.56,0.0,24.75,109.81,11.88,8.08,121.455,49.69,46.58,110.745,44.0,77.4,72.1,26.76,0.0,29.44,44.955,6.6,40.15,137.08,2.4,9.24,14.2,13.215,50.175,14.52,75.09,13.2,6.6,0.0,13.2,17.49,0.0,29.88,33.12,128.39,16.56,6.66,6.6,14.96,14.8,22.62,11.74,13.29,0.0,6.66,36.5,6.6,40.095,0.0,109.59,6.66,20.19,64.76,37.92,242.035,22.64,87.345,69.64,13.24,51.48,12.28,76.2,23.24,53.405,154.325,199.83,25.57,17.16,50.585,0.0,6.6
3267,0.0,0.0,0.0,0.0,4.95,0.0,0.0,0.0,0.0,0.0,0.0,0.0,0.0,1.9,0.0,8.74,0.0,18.24,0.0,0.0,0.0,0.0,0.0,0.0,0.0,0.0,0.0,0.0,0.0,0.0,0.0,0.0,0.0,0.0,0.0,0.0,0.0,3.29,0.0,0.0,0.0,0.0,0.0,0.0,0.0,4.5,0.0,0.0,0.0,0.0,0.0,0.0,0.0,0.0,0.0,0.0,0.0,0.0,0.0,0.0,0.0,0.0,0.0,0.0,0.0,0.0,0.0,5.2,0.0,0.0,0.0,0.0,19.76,0.0,0.0,0.0,0.0,0.0,0.0,5.4,0.0,0.0,0.0,0.0,0.0,0.0,0.0,0.0,0.0,0.0,0.0,0.0,0.0,0.0,0.0,17.955,6.6,0.0,20.005,0.0,18.9,0.0,0.0,0.0,0.0,0.0,10.56,0.0,0.0,0.0,0.0,0.0,0.0,0.0,0.0,0.0,0.0,0.0,16.84,0.0,0.0,0.0,0.0,0.0,0.0,0.0,0.0,6.66,0.0,9.94,29.6,0.0,0.0,0.0,6.66,0.0,0.0,0.0,0.0,0.0,8.715,0.0,0.0,31.875,0.0,0.0,0.0,0.0,0.0,0.0,0.0,0.0,0.0,17.575,8.3,19.475,0.0,7.125,0.0,0.0
3268,9.24,7.18,1.54,0.0,7.72,17.71,11.02,1.9,18.46,1.52,0.0,4.6,1.52,4.56,1.52,13.51,0.0,5.15,24.94,5.44,22.055,21.44,26.42,14.8,9.5,8.18,3.04,0.0,0.0,0.0,11.25,3.69,24.0,15.0,21.0,0.0,0.0,7.0,0.0,0.0,23.44,5.0,5.0,15.0,13.0,1.5,8.0,10.0,0.0,0.0,5.0,0.0,4.5,10.5,4.0,10.0,15.0,6.0,8.12,0.0,0.0,5.1,0.0,21.04,5.1,0.0,0.0,4.25,5.2,15.3,8.56,21.84,28.08,15.54,80.08,10.28,0.0,34.83,5.3,36.83,12.385,5.4,47.7,57.14,30.26,62.42,0.0,196.14,10.26,0.0,0.0,119.075,30.575,93.44,9.045,55.745,59.68,57.735,12.87,159.9,6.6,119.085,0.0,37.4,162.74,70.595,32.445,32.1,0.0,42.64,117.92,69.96,6.0,13.2,6.27,2.1,21.84,59.4,18.48,0.0,18.65,46.75,15.06,17.82,52.54,30.03,6.63,13.7,34.78,16.67,32.05,60.24,0.0,6.63,34.32,6.63,13.26,15.3,8.19,24.42,10.84,26.45,13.28,63.56,13.28,10.375,21.58,16.185,50.605,60.255,0.0,13.28,13.24,76.41,276.415,136.705,9.68,22.14,58.325,0.0
3269,4.86,1.52,0.0,5.445,0.0,17.872,3.01,0.0,3.04,0.0,0.0,0.0,0.0,0.0,3.04,0.0,0.0,0.0,1.9,0.0,4.21,0.0,0.0,0.0,0.0,4.8,0.0,0.0,0.0,0.0,0.0,0.0,3.6,4.5,0.0,18.5,0.0,0.0,5.0,0.0,5.2,0.0,4.5,0.0,9.0,0.0,0.0,0.0,0.0,37.5,0.0,0.0,0.0,0.0,12.0,0.0,0.0,0.0,0.0,4.16,0.0,0.0,11.2,0.0,0.0,5.2,4.68,0.0,5.2,4.68,34.38,0.0,0.0,0.0,0.0,0.0,0.0,0.0,0.0,4.86,0.0,5.94,61.36,0.0,6.405,0.0,8.58,11.64,4.16,11.04,0.0,0.0,0.0,45.84,0.0,0.0,0.0,6.05,19.5,31.5,7.67,10.98,0.0,61.5,0.0,0.0,0.0,0.0,0.0,0.0,14.85,0.0,0.0,0.0,0.0,5.92,5.4,2.97,0.0,0.0,26.98,13.26,0.0,39.96,0.0,0.0,13.32,24.79,3.7,0.0,0.0,23.32,0.0,0.0,0.0,28.38,14.8,0.0,0.0,0.0,2.96,18.26,38.18,9.96,0.0,10.66,19.97,0.0,10.72,0.0,0.0,10.375,4.1,24.81,321.48,87.54,0.0,10.12,0.0,0.0
3270,0.0,0.0,1.54,0.0,0.0,4.92,0.0,0.0,0.0,0.0,0.0,0.0,0.0,0.0,0.0,0.0,3.04,0.0,0.0,0.0,0.0,0.0,4.0,0.0,0.0,0.0,0.0,0.0,0.0,0.0,1.0,0.0,0.0,9.5,0.0,0.0,0.0,0.0,0.0,0.0,3.0,0.0,0.0,0.0,3.0,0.0,8.91,3.0,0.0,0.0,5.0,0.0,0.0,0.0,0.0,0.0,0.0,0.0,0.0,0.0,0.0,0.0,9.16,0.0,0.0,0.0,0.0,0.0,6.75,6.36,0.0,0.0,0.0,0.0,0.0,0.0,0.0,0.0,0.0,0.0,0.0,4.06,0.0,0.0,5.2,0.0,0.0,0.0,0.0,0.0,0.0,0.0,0.0,5.5,0.0,0.0,0.0,0.0,0.0,0.0,0.0,0.0,0.0,0.0,0.0,0.0,6.615,0.0,6.6,0.0,0.0,0.0,0.0,0.0,0.0,0.0,0.0,0.0,4.29,0.0,0.0,0.0,5.92,0.0,0.0,0.0,0.0,0.0,0.0,0.0,0.0,14.86,10.36,0.0,0.0,0.0,0.0,0.0,0.0,10.92,6.64,0.0,19.94,6.56,7.8,0.0,14.43,0.0,0.0,0.0,0.0,0.0,0.0,0.0,0.0,40.375,0.0,0.0,0.0,0.0
3271,0.0,4.8,0.0,0.0,1.52,0.0,0.0,0.0,0.0,0.0,0.0,0.0,0.0,0.0,0.0,0.0,0.0,5.0,3.0,0.0,5.17,0.0,0.0,2.0,0.0,0.0,0.0,0.0,0.0,0.0,0.0,0.0,0.0,0.0,0.0,0.0,0.0,0.0,0.0,0.0,3.0,0.0,0.0,0.0,0.0,7.0,0.0,0.0,0.0,0.0,0.0,0.0,0.0,0.0,0.0,0.0,0.0,0.0,0.0,0.0,0.0,5.1,0.0,0.0,0.0,0.0,0.0,0.0,0.0,0.0,0.0,0.0,0.0,0.0,5.94,0.0,5.0,0.0,0.0,0.0,0.0,0.0,0.0,0.0,0.0,4.32,9.72,0.0,0.0,0.0,0.0,0.0,0.0,0.0,0.0,0.0,0.0,0.0,0.0,4.875,0.0,0.0,0.0,10.8,23.4,29.34,24.53,38.13,0.0,26.4,0.0,0.0,3.3,13.2,0.0,0.0,0.0,0.0,0.0,0.0,0.0,0.0,0.0,0.0,6.66,0.0,0.0,0.0,44.4,0.0,0.0,0.0,0.0,0.0,0.0,6.64,0.0,17.55,0.0,0.0,0.0,11.7,0.0,0.0,0.0,0.0,0.0,0.0,0.0,0.0,0.0,0.0,0.0,0.0,0.0,0.0,0.0,0.0,0.0,0.0
3272,1.5,5.14,0.0,1.5,13.2,13.02,0.0,4.44,6.88,0.0,0.0,4.18,0.0,9.88,5.7,10.06,17.35,6.505,23.56,0.0,0.0,8.32,7.04,0.0,5.0,0.0,11.0,7.0,14.7,0.0,7.5,5.0,0.0,0.0,28.5,0.0,3.5,3.0,5.41,10.0,3.0,1.75,9.13,3.0,7.7,0.0,10.5,0.0,4.0,2.5,8.0,7.14,10.0,0.0,1.5,4.0,10.0,2.5,0.0,4.5,0.0,3.0,5.27,0.0,0.0,0.0,4.08,4.16,0.0,0.0,3.18,5.0,5.1,12.68,18.12,7.0,0.0,0.0,5.13,14.24,24.3,0.0,13.945,18.09,0.0,12.69,53.55,10.98,7.02,6.05,16.19,10.2,10.8,0.0,11.725,22.55,10.54,23.9,6.6,9.965,0.0,13.2,5.775,6.1,40.2,6.6,6.3,16.2,0.0,11.88,12.555,37.29,57.12,30.72,29.04,9.59,6.65,19.83,118.8,0.0,10.95,0.0,10.62,15.6,5.94,0.0,100.59,15.17,13.32,13.26,19.88,6.66,6.66,0.0,0.0,6.64,20.27,39.6,13.27,24.98,15.77,0.0,26.56,0.0,0.0,13.29,75.53,6.65,8.3,0.0,9.5,9.96,6.64,0.0,19.69,0.0,9.96,0.0,10.12,0.0
3273,0.0,0.0,0.0,0.0,0.0,0.0,0.0,2.28,0.0,0.0,0.0,0.0,0.0,0.0,0.0,0.0,0.0,4.0,0.0,0.0,0.0,0.0,0.0,0.0,0.0,0.0,0.0,0.0,0.0,0.0,0.0,0.0,0.0,0.0,4.0,0.0,0.0,0.0,0.0,0.0,0.0,0.0,0.0,0.0,0.0,0.0,0.0,0.0,0.0,0.0,0.0,0.0,3.0,0.0,0.0,0.0,0.0,0.0,3.0,0.0,0.0,0.0,0.0,0.0,0.0,0.0,0.0,0.0,0.0,0.0,0.0,0.0,0.0,0.0,5.4,0.0,0.0,5.13,0.0,5.3,0.0,0.0,5.2,0.0,0.0,0.0,14.96,0.0,0.0,0.0,0.0,0.0,0.0,0.0,0.0,0.0,0.0,6.27,0.0,0.0,0.0,0.0,0.0,0.0,0.0,0.0,0.0,0.0,0.0,0.0,0.0,0.0,0.0,0.0,0.0,0.0,0.0,0.0,0.0,5.94,0.0,4.81,0.0,0.0,0.0,19.55,0.0,0.0,0.0,0.0,12.32,6.66,0.0,0.0,0.0,0.0,0.0,0.0,0.0,0.0,0.0,0.0,0.0,12.45,0.0,0.0,0.0,0.0,0.0,0.0,0.0,0.0,0.0,0.0,0.0,0.0,0.0,0.0,0.0,0.0
3274,0.0,0.0,1.52,0.0,0.0,8.17,0.0,0.0,0.0,0.0,0.0,0.0,3.33,0.0,0.0,0.0,0.0,0.0,0.0,2.14,3.12,1.5,0.0,3.0,0.0,3.29,0.0,0.0,0.0,0.0,4.0,0.0,2.0,0.0,0.0,0.0,0.0,0.0,0.0,4.94,0.0,5.0,2.0,0.0,0.0,0.0,0.0,0.0,0.0,2.0,3.0,0.0,6.0,5.0,0.0,0.0,0.0,0.0,3.0,0.0,0.0,0.0,0.0,0.0,0.0,0.0,0.0,5.1,0.0,0.0,0.0,0.0,0.0,0.0,0.0,0.0,5.0,0.0,0.0,0.0,0.0,0.0,0.0,0.0,8.37,13.77,9.18,0.0,0.0,0.0,0.0,0.0,0.0,3.74,4.95,0.0,6.6,0.0,0.0,0.0,6.51,13.2,0.0,0.0,0.0,0.0,0.0,0.0,0.0,0.0,0.0,0.0,16.5,0.0,0.0,0.0,0.0,6.5,5.0,0.0,0.0,0.0,28.38,0.0,0.0,0.0,0.0,0.0,13.32,0.0,0.0,0.0,0.0,0.0,0.0,0.0,0.0,0.0,0.0,6.0,0.0,0.0,0.0,0.0,0.0,0.0,0.0,0.0,0.0,0.0,0.0,13.28,0.0,0.0,0.0,0.0,0.0,0.0,6.6,0.0
3275,0.0,0.0,0.0,0.0,0.0,6.04,0.0,0.0,4.796,0.0,0.0,0.0,0.0,0.0,5.13,0.0,0.0,3.8,0.0,0.0,5.0,10.0,0.0,0.0,0.0,0.0,0.0,0.0,4.0,0.0,0.0,0.0,0.0,0.0,0.0,0.0,3.12,5.0,0.0,0.0,0.0,5.0,5.0,0.0,0.0,4.5,0.0,0.0,6.0,0.0,0.0,3.0,7.0,5.1,0.0,0.0,0.0,4.93,0.0,0.0,0.0,0.0,3.12,0.0,0.0,0.0,0.0,0.0,0.0,0.0,0.0,5.4,0.0,0.0,5.2,0.0,0.0,0.0,0.0,5.5,0.0,0.0,0.0,5.4,0.0,0.0,0.0,4.16,0.0,16.85,0.0,0.0,0.0,3.3,7.67,0.0,0.0,4.95,0.0,0.0,0.0,0.0,0.0,0.0,0.0,6.0,0.0,6.6,0.0,0.0,0.0,0.0,6.615,0.0,0.0,13.86,12.81,0.0,0.0,0.0,0.0,0.0,0.0,0.0,0.0,0.0,0.0,0.0,6.6,0.0,0.0,0.0,0.0,12.58,0.0,0.0,0.0,6.66,0.0,0.0,0.0,13.3,0.0,6.64,0.0,0.0,0.0,0.0,6.65,0.0,0.0,0.0,22.57,0.0,0.0,0.0,0.0,0.0,0.0,0.0
3276,0.0,0.0,0.0,0.0,0.0,0.0,0.0,0.0,3.08,0.0,0.0,5.0,0.0,0.0,9.5,0.0,0.0,0.0,1.9,0.0,0.0,0.0,4.0,0.0,0.0,5.0,0.0,0.0,0.0,0.0,0.0,0.0,0.0,0.0,0.0,0.0,0.0,0.0,0.0,3.0,0.0,0.0,10.0,0.0,6.5,0.0,0.0,0.0,0.0,0.0,0.0,0.0,0.0,0.0,0.0,5.0,0.0,0.0,0.0,0.0,0.0,2.04,6.63,0.0,0.0,0.0,0.0,0.0,0.0,0.0,0.0,0.0,0.0,16.2,0.0,0.0,0.0,0.0,0.0,3.24,0.0,5.5,0.0,0.0,0.0,3.24,0.0,0.0,6.5,0.0,0.0,0.0,0.0,0.0,0.0,0.0,0.0,0.0,6.1,48.4,0.0,0.0,10.37,13.02,8.45,8.19,5.58,6.6,13.2,0.0,36.54,6.6,6.6,0.0,0.0,6.6,6.66,0.0,0.0,0.0,6.6,0.0,0.0,0.0,0.0,99.44,0.0,38.42,0.0,0.0,0.0,0.0,0.0,0.0,0.0,0.0,8.14,6.6,5.55,0.0,0.0,0.0,6.64,13.28,8.14,4.98,0.0,0.0,0.0,19.92,12.8,0.0,0.0,0.0,13.28,0.0,0.0,0.0,0.0,0.0
3277,0.0,3.6,11.47,1.52,0.0,10.04,1.54,1.9,13.78,2.5,0.0,0.0,0.0,17.48,0.0,2.0,9.0,16.82,1.56,32.8,11.0,13.04,0.0,2.53,0.0,2.0,2.0,19.0,12.71,5.0,0.0,6.34,8.0,5.0,11.5,45.0,0.0,4.0,0.0,4.5,0.0,0.0,6.0,3.5,0.0,0.0,0.0,14.1,0.0,10.0,4.5,2.0,0.0,0.0,33.5,0.0,0.0,3.0,5.2,6.24,0.0,0.0,0.0,3.06,0.0,0.0,0.0,0.0,0.0,0.0,5.0,0.0,0.0,0.0,0.0,0.0,0.0,3.06,0.0,5.8,0.0,0.0,0.0,15.6,56.12,0.0,0.0,19.46,3.24,6.05,6.0,0.0,27.6,0.0,42.36,26.64,11.67,5.49,17.685,37.8,20.385,34.5,50.925,5.5,18.08,17.33,6.3,11.22,12.8,66.675,6.38,5.94,6.615,0.0,59.28,9.9,17.49,28.62,36.63,168.28,0.0,6.66,93.12,35.64,9.9,13.32,16.02,6.6,0.0,6.63,26.27,16.02,0.0,6.66,6.66,0.0,0.0,42.49,13.3,16.26,14.96,88.24,26.13,16.0,50.295,0.0,13.1,6.64,13.28,13.28,12.225,33.33,6.6,0.0,11.04,38.72,0.0,31.29,10.45,0.0
3278,3.85,0.0,0.0,0.0,0.0,1.52,0.0,0.0,0.0,0.0,0.0,0.0,0.0,0.0,0.0,2.76,0.0,4.0,0.0,0.0,0.0,0.0,0.0,5.0,0.0,0.0,0.0,0.0,0.0,0.0,5.0,0.0,0.0,0.0,5.0,0.0,0.0,0.0,0.0,0.0,0.0,0.0,2.5,0.0,0.0,9.0,0.0,0.0,0.0,0.0,0.0,0.0,0.0,6.0,0.0,0.0,0.0,0.0,0.0,0.0,0.0,0.0,2.08,3.12,0.0,0.0,0.0,0.0,5.2,5.5,0.0,0.0,0.0,0.0,0.0,0.0,0.0,0.0,0.0,0.0,0.0,0.0,0.0,4.93,0.0,3.24,17.4,0.0,0.0,0.0,0.0,5.13,0.0,0.0,0.0,49.14,49.24,33.55,0.0,6.6,0.0,0.0,0.0,0.0,0.0,0.0,13.0,0.0,0.0,0.0,6.5,0.0,0.0,0.0,0.0,0.0,0.0,0.0,6.615,0.0,0.0,0.0,0.0,13.32,0.0,6.66,6.66,0.0,0.0,0.0,0.0,0.0,0.0,0.0,0.0,0.0,19.8,0.0,19.84,26.4,0.0,0.0,8.715,6.63,0.0,4.98,0.0,8.14,14.9,3.52,0.0,0.0,21.955,0.0,9.96,6.6,0.0,0.0,0.0,0.0
3279,0.0,0.0,3.15,0.0,1.52,5.0,0.0,0.0,0.0,0.0,0.0,0.0,0.0,0.0,5.0,0.0,0.0,0.0,0.0,4.0,0.0,0.0,0.0,11.8,0.0,0.0,0.0,0.0,6.0,0.0,0.0,0.0,0.0,0.0,0.0,0.0,0.0,0.0,3.0,4.0,0.0,0.0,0.0,0.0,0.0,0.0,0.0,0.0,0.0,0.0,3.25,0.0,16.0,0.0,0.0,0.0,0.0,0.0,3.0,0.0,0.0,0.0,0.0,0.0,0.0,0.0,0.0,5.2,0.0,2.55,0.0,0.0,5.0,0.0,0.0,0.0,0.0,5.0,0.0,0.0,5.72,0.0,0.0,0.0,0.0,4.05,0.0,0.0,5.4,0.0,0.0,0.0,0.0,0.0,0.0,0.0,0.0,0.0,0.0,0.0,0.0,0.0,0.0,16.23,0.0,0.0,0.0,0.0,0.0,0.0,0.0,0.0,13.23,0.0,0.0,0.0,0.0,0.0,0.0,0.0,0.0,0.0,0.0,0.0,0.0,0.0,0.0,6.66,6.66,0.0,6.56,13.32,0.0,6.66,0.0,0.0,0.0,19.8,0.0,0.0,0.0,0.0,8.3,0.0,0.0,0.0,0.0,0.0,13.26,0.0,0.0,0.0,0.0,0.0,14.08,6.6,0.0,8.01,0.0,0.0
3280,40.7,30.72,88.195,79.644,80.85,155.628,48.985,51.324,135.655,22.152,26.278,22.075,23.2,61.679,56.89,57.42,69.45,178.1,128.175,127.795,153.465,60.65,57.83,81.818,34.92,85.25,87.92,34.81,29.1,28.2,60.89,79.712,37.75,38.52,39.65,83.17,48.27,37.68,47.22,39.76,47.0,52.6,94.328,51.32,134.77,83.85,147.46,44.655,41.5,75.75,32.5,36.0,15.56,98.7,29.05,25.44,7.0,109.9,17.03,7.5,2.04,60.38,54.32,43.98,26.49,10.08,38.45,41.0,15.82,36.39,36.93,64.395,37.05,105.16,152.84,28.62,69.08,56.22,60.255,83.99,64.58,117.12,107.71,191.73,189.42,66.57,127.905,99.51,177.42,106.495,59.58,90.79,103.385,152.665,182.105,108.28,121.65,266.495,159.06,199.66,158.74,198.505,107.825,78.765,183.905,191.43,112.51,224.605,95.7,376.075,232.89,111.35,88.54,60.3,255.85,67.52,208.115,256.635,162.55,243.68,103.615,126.14,187.635,179.405,105.8,130.91,149.965,161.66,276.535,140.22,162.77,208.78,54.57,227.26,157.82,94.46,230.39,162.795,196.905,143.19,262.855,372.755,319.745,309.175,146.49,276.45,158.74,123.23,288.26,201.895,314.415,213.345,224.55,308.8,170.505,222.49,96.715,136.125,106.4,48.84
3281,2.88,11.3,9.14,9.31,4.09,8.08,9.89,11.665,38.318,4.92,1.71,0.0,4.995,6.5,0.0,4.0,10.39,30.41,15.39,4.0,13.04,2.0,13.0,27.5,0.0,12.0,16.2,0.0,0.0,14.95,0.0,1.56,7.75,18.4,5.0,4.0,0.0,5.0,2.0,10.34,0.0,0.0,10.0,5.0,8.75,2.5,7.0,5.0,3.0,4.5,4.0,28.0,3.0,3.5,0.0,0.0,4.5,6.0,0.0,2.0,0.0,8.26,8.26,8.0,0.0,0.0,0.0,6.0,0.0,3.18,4.0,14.0,0.0,33.28,0.0,18.0,0.0,0.0,0.0,5.51,10.94,0.0,9.72,21.24,0.0,13.2,13.78,16.5,10.03,0.0,6.6,25.36,3.24,19.655,0.0,29.98,72.98,74.37,5.7,3.05,0.0,6.3,36.4,14.515,11.34,3.3,51.92,17.775,6.09,13.215,12.98,6.6,12.54,35.64,19.8,15.8,22.9,4.64,13.32,6.6,16.89,5.92,31.74,6.6,126.0,112.7,126.46,16.11,125.96,0.0,0.0,9.6,0.0,13.06,23.68,8.14,10.14,8.97,15.54,0.0,10.375,17.74,34.88,62.045,0.0,21.82,13.84,26.05,0.0,16.96,29.77,15.87,7.92,7.83,6.6,16.56,0.0,17.8,42.36,0.0
3282,2.1,12.68,3.055,6.08,0.0,20.852,8.08,12.607,22.27,0.0,8.695,2.035,0.0,6.65,6.04,10.03,1.5,16.65,10.42,5.1,18.41,6.92,1.95,0.0,4.0,8.91,14.23,5.0,8.5,10.0,0.0,2.34,8.0,4.0,15.0,4.27,0.0,0.0,11.87,10.06,7.45,12.0,8.0,0.0,0.0,3.5,10.0,5.0,0.0,0.0,5.1,9.0,5.0,2.0,0.0,4.68,0.0,0.0,0.0,5.0,2.6,10.1,2.0,0.0,10.5,6.18,0.0,3.0,15.34,0.0,3.12,5.1,0.0,4.08,10.7,4.68,10.66,0.0,3.24,0.0,5.0,21.21,8.64,2.16,11.2,5.4,9.1,0.0,7.42,0.0,11.34,0.0,0.0,0.0,4.13,18.18,16.12,5.58,19.065,3.36,18.16,13.5,0.0,0.0,12.615,40.8,6.3,11.71,21.72,33.0,20.16,41.76,26.415,13.215,16.97,19.875,6.66,43.69,17.46,0.0,13.26,12.42,11.55,31.92,17.76,12.95,30.03,19.24,13.32,22.29,22.72,198.9,0.0,40.77,25.87,5.07,0.0,0.0,6.64,20.58,42.805,33.22,28.635,25.3,6.225,14.43,8.87,28.505,8.91,12.865,24.24,78.32,28.22,6.6,45.175,23.26,22.005,16.37,0.0,24.45
3283,5.04,5.1,1.52,9.31,10.512,7.54,3.06,3.0,1.02,5.0,15.26,0.0,0.0,12.0,10.84,0.0,10.0,0.0,5.13,3.0,7.92,0.0,1.95,5.0,8.0,0.0,5.0,3.0,4.7,4.16,9.0,4.0,0.0,0.0,5.0,10.5,0.0,0.0,0.0,0.0,0.0,9.0,12.5,10.0,5.0,0.0,6.75,0.0,17.0,0.0,0.0,0.0,3.0,0.0,12.0,0.0,0.0,2.0,9.7,0.0,5.0,0.0,4.56,10.0,4.16,0.0,0.0,5.0,4.68,0.0,9.24,0.0,0.0,15.12,0.0,0.0,11.03,3.24,44.0,0.0,0.0,0.0,16.925,0.0,0.0,13.56,13.2,37.4,9.45,13.2,0.0,0.0,6.6,13.08,10.9,12.0,12.055,0.0,7.32,38.43,0.0,36.0,11.38,0.0,10.575,10.45,26.1,5.28,0.0,0.0,14.04,0.0,26.4,0.0,61.41,19.8,13.16,19.24,0.0,6.5,0.0,11.55,6.6,75.42,0.0,0.0,0.0,27.55,6.66,6.66,12.48,24.45,6.66,42.92,0.0,9.36,0.0,14.4,6.66,24.5,0.0,10.56,26.56,6.64,23.24,14.525,6.64,17.18,4.07,12.32,0.0,67.58,66.4,20.47,13.24,86.49,13.2,6.6,35.22,0.0
3284,2.05,2.0,5.26,3.74,6.77,20.654,6.08,9.77,29.575,0.0,11.68,5.13,0.0,0.0,3.055,12.13,3.56,14.04,17.585,22.8,48.01,9.04,16.465,18.9,3.12,44.0,21.57,7.06,13.52,13.4,14.24,9.35,7.16,0.0,3.0,9.36,12.64,34.16,38.0,2.0,0.0,0.0,6.0,11.0,3.0,22.5,8.0,0.0,0.0,29.08,12.53,0.0,12.5,7.08,17.0,5.06,7.0,8.0,6.5,8.12,5.2,3.12,10.3,3.0,0.0,5.2,0.0,0.0,11.46,6.24,0.0,29.9,5.67,13.05,0.0,0.0,2.08,2.065,5.94,38.96,7.36,19.885,20.38,0.0,3.05,22.51,149.565,5.4,15.39,9.985,11.235,11.75,20.045,6.49,0.0,112.325,9.655,53.295,106.95,42.345,61.36,38.24,6.3,0.0,18.08,16.59,25.41,31.805,80.75,24.75,23.4,8.15,32.4,43.725,21.795,24.48,30.48,53.07,26.2,25.41,20.72,33.195,31.18,20.98,10.39,13.32,22.96,23.64,6.545,112.45,30.39,13.23,0.0,12.12,52.27,0.0,0.0,16.38,22.17,19.76,17.7,30.65,20.77,66.99,18.45,22.825,50.935,13.28,37.92,39.67,24.41,69.745,37.355,62.52,28.28,34.45,6.6,0.0,17.16,0.0
3285,2.05,0.0,1.52,0.0,8.7,13.0,9.195,5.52,25.785,1.52,0.0,4.16,0.0,0.0,4.995,2.94,6.16,8.36,10.16,6.0,28.7,0.0,9.05,0.0,0.0,12.0,8.0,0.0,2.07,0.0,5.75,3.0,3.0,3.0,0.0,5.71,0.0,0.0,0.0,0.0,0.0,0.0,7.0,3.0,0.0,10.0,5.0,5.0,0.0,0.0,8.1,0.0,0.0,1.0,5.04,0.0,0.0,0.0,0.0,8.745,3.5,0.0,5.0,4.0,0.0,5.0,0.0,0.0,0.0,0.0,0.0,8.12,3.18,35.18,10.8,0.0,5.1,8.738,0.0,0.0,0.0,0.0,7.23,20.56,6.6,5.6,0.0,6.1,3.24,0.0,0.0,10.72,0.0,0.0,13.98,6.6,0.0,4.65,5.5,9.3,0.0,15.84,6.3,18.8,3.6,0.0,6.615,14.85,19.5,0.0,10.56,13.2,0.0,42.36,34.32,10.05,4.44,0.0,23.75,5.92,6.3,31.52,39.04,5.2,6.66,0.0,0.0,13.32,28.56,0.0,5.04,12.58,0.0,19.26,7.02,17.02,0.0,0.0,0.0,11.92,13.27,0.0,6.66,13.28,6.64,6.58,32.31,0.0,5.33,0.0,15.0,43.33,6.6,15.3,0.0,6.6,7.48,0.0,0.0,9.96
3286,0.0,0.0,0.0,1.52,0.0,0.0,0.0,0.0,9.731,0.0,0.0,0.0,0.0,0.0,0.0,0.0,4.28,2.73,19.18,4.94,15.07,7.68,5.0,4.0,0.0,0.0,7.0,0.0,2.0,0.0,3.12,0.0,0.0,0.0,0.0,0.0,0.0,0.0,0.0,0.0,5.0,0.0,0.0,0.0,8.0,0.0,0.0,0.0,5.0,0.0,3.0,0.0,0.0,0.0,6.25,0.0,3.0,5.2,0.0,0.0,0.0,3.12,0.0,0.0,0.0,0.0,0.0,2.04,0.0,0.0,0.0,0.0,0.0,0.0,0.0,3.24,4.68,5.6,0.0,0.0,0.0,0.0,0.0,0.0,5.13,0.0,0.0,0.0,0.0,0.0,0.0,3.6,1.86,2.56,0.0,0.0,0.0,0.0,5.7,12.6,0.0,0.0,0.0,5.49,9.92,0.0,0.0,5.28,0.0,0.0,6.325,0.0,6.4,0.0,0.0,0.0,0.0,0.0,11.1,18.48,0.0,5.61,0.0,13.26,0.0,6.66,5.28,19.24,0.0,0.0,0.0,26.64,0.0,0.0,0.0,0.0,0.0,6.66,0.0,0.0,6.66,6.64,0.0,109.71,0.0,0.0,4.98,0.0,13.28,0.0,0.0,5.0,5.95,0.0,0.0,0.0,0.0,0.0,0.0,0.0
3287,0.0,0.0,3.8,3.0,1.962,0.0,0.0,4.75,5.0,0.0,0.0,9.0,0.0,6.59,4.5,0.0,5.13,9.56,0.0,0.0,9.0,0.0,0.0,4.95,5.26,0.0,0.0,0.0,0.0,1.5,0.0,0.0,0.0,0.0,0.0,0.0,0.0,0.0,0.0,0.0,0.0,0.0,0.0,0.0,0.0,4.0,0.0,4.5,0.0,0.0,0.0,0.0,0.0,0.0,5.0,0.0,0.0,0.0,0.0,2.0,0.0,5.2,0.0,0.0,0.0,0.0,0.0,0.0,0.0,0.0,0.0,3.64,0.0,5.2,0.0,0.0,3.12,0.0,0.0,5.2,0.0,0.0,0.0,0.0,0.0,0.0,4.05,0.0,2.16,0.0,0.0,0.0,0.0,5.5,0.0,0.0,0.0,0.0,0.0,6.6,0.0,0.0,6.6,8.19,0.0,0.0,0.0,0.0,0.0,0.0,0.0,6.3,5.04,0.0,0.0,0.0,0.0,25.74,6.6,0.0,0.0,5.18,0.0,0.0,6.66,6.66,0.0,0.0,0.0,14.0,0.0,11.84,0.0,0.0,0.0,0.0,0.0,0.0,0.0,0.0,0.0,7.03,6.6,0.0,0.0,9.46,6.64,0.0,13.28,0.0,8.3,0.0,9.96,0.0,0.0,0.0,0.0,0.0,0.0,0.0
3289,0.0,0.0,0.0,1.9,10.95,36.832,0.0,1.962,17.998,4.796,0.0,2.834,0.0,0.0,0.0,0.0,3.04,4.5,2.88,0.0,16.59,9.0,0.0,0.0,17.0,0.0,0.0,0.0,0.0,0.0,1.5,3.0,3.6,0.0,0.0,2.0,0.0,0.0,0.0,14.0,0.0,3.0,3.0,0.0,8.36,2.0,0.0,4.0,0.0,0.0,0.0,5.0,0.0,0.0,0.0,7.5,0.0,9.0,0.0,9.2,0.0,5.2,10.4,0.0,0.0,0.0,0.0,0.0,0.0,0.0,0.0,10.6,0.0,3.24,0.0,5.2,0.0,6.82,5.13,0.0,4.2,0.0,0.0,12.93,0.0,5.225,28.75,0.0,30.24,0.0,0.0,3.54,0.0,0.0,0.0,0.0,0.0,0.0,0.0,39.01,59.7,0.0,0.0,0.0,0.0,0.0,0.0,0.0,6.6,4.34,5.225,4.41,0.0,0.0,6.6,10.48,28.25,0.0,0.0,0.0,8.14,0.0,0.0,13.32,13.32,17.1,0.0,5.18,0.0,19.98,10.36,23.68,0.0,0.0,0.0,0.0,0.0,0.0,0.0,0.0,6.66,0.0,13.16,33.42,0.0,0.0,0.0,0.0,13.2,10.375,0.0,6.56,0.0,6.64,0.0,0.0,6.64,0.0,0.0,0.0
3292,3.04,0.0,1.52,0.0,0.0,3.04,0.0,1.54,4.94,0.0,0.0,0.0,0.0,0.0,0.0,0.0,0.0,0.0,0.0,0.0,0.0,0.0,0.0,0.0,2.94,0.0,0.0,0.0,0.0,5.0,0.0,0.0,0.0,6.0,0.0,0.0,0.0,0.0,5.0,0.0,0.0,0.0,0.0,5.0,0.0,0.0,0.0,0.0,0.0,0.0,2.0,2.0,0.0,0.0,0.0,0.0,0.0,0.0,0.0,0.0,0.0,0.0,0.0,5.1,0.0,0.0,4.2,0.0,0.0,0.0,0.0,0.0,5.3,0.0,0.0,8.31,0.0,0.0,10.4,0.0,0.0,4.95,5.4,0.0,0.0,10.8,0.0,0.0,0.0,0.0,0.0,0.0,4.48,0.0,8.835,0.0,0.0,0.0,0.0,0.0,0.0,0.0,0.0,5.67,6.3,6.0,0.0,0.0,0.0,6.65,0.0,5.94,0.0,0.0,0.0,19.6,0.0,0.0,0.0,0.0,0.0,0.0,13.32,0.0,6.66,0.0,0.0,11.84,12.58,0.0,0.0,6.4,6.66,0.0,0.0,0.0,6.4,6.66,0.0,7.47,0.0,6.64,0.0,0.0,18.695,0.0,5.81,6.64,0.0,0.0,0.0,0.0,0.0,0.0,0.0,0.0,0.0,0.0,0.0,0.0
3293,0.0,0.0,0.0,7.5,4.0,3.04,0.0,0.0,13.516,0.0,0.0,0.0,0.0,0.0,15.96,0.0,0.0,0.0,0.0,0.0,0.0,0.0,0.0,0.0,0.0,2.07,0.0,0.0,0.0,0.0,3.06,0.0,0.0,0.0,0.0,0.0,0.0,0.0,0.0,0.0,0.0,0.0,0.0,3.0,0.0,0.0,0.0,0.0,0.0,4.5,0.0,0.0,2.0,0.0,0.0,0.0,0.0,4.0,6.24,0.0,0.0,0.0,0.0,0.0,0.0,0.0,0.0,0.0,0.0,0.0,15.6,5.2,0.0,5.0,0.0,0.0,0.0,0.0,0.0,0.0,0.0,0.0,0.0,4.32,0.0,0.0,3.0,0.0,2.16,0.0,0.0,0.0,0.0,0.0,0.0,6.6,0.0,0.0,0.0,3.025,0.0,6.6,4.48,0.0,0.0,0.0,0.0,6.0,6.6,3.78,0.0,21.3,0.0,3.15,0.0,4.81,0.0,0.0,0.0,0.0,0.0,0.0,0.0,0.0,0.0,0.0,0.0,0.0,0.0,6.66,0.0,6.66,0.0,0.0,0.0,0.0,0.0,0.0,0.0,0.0,6.64,16.6,0.0,0.0,0.0,0.0,0.0,0.0,3.32,0.0,0.0,0.0,0.0,0.0,0.0,0.0,0.0,0.0,0.0,0.0
3294,0.0,2.22,0.0,4.796,4.796,4.796,0.0,4.796,8.786,2.0,0.0,8.92,1.9,0.0,6.46,1.9,6.9,14.4,25.4,0.0,14.0,0.0,9.0,0.0,10.0,0.0,0.0,5.0,9.109,5.4,5.0,0.0,0.0,3.0,7.0,8.0,3.0,0.0,3.0,3.0,0.0,2.08,0.0,14.75,0.0,0.0,9.9,0.0,0.0,0.0,0.0,0.0,0.0,0.0,0.0,7.5,4.08,0.0,0.0,3.0,0.0,3.04,9.63,4.0,0.0,0.0,0.0,10.0,0.0,0.0,0.0,0.0,5.2,0.0,0.0,2.6,0.0,9.52,0.0,0.0,5.5,0.0,0.0,9.06,5.6,0.0,12.1,6.48,0.0,9.66,0.0,0.0,0.0,4.2,4.56,0.0,0.0,0.0,0.0,41.255,7.965,3.6,0.0,0.0,10.9,10.29,10.65,28.24,22.98,13.2,6.6,7.7,0.0,6.6,0.0,0.0,0.0,0.0,6.6,26.4,3.7,6.66,0.0,0.0,11.84,9.25,44.5,6.66,11.1,23.04,0.0,14.06,6.56,0.0,35.83,0.0,0.0,19.44,6.63,12.885,35.21,13.32,19.8,14.11,13.63,0.0,0.0,0.0,16.185,16.325,20.0,6.525,0.0,0.0,0.0,12.8,0.0,0.0,0.0,0.0
3300,6.47,9.11,20.585,11.815,17.65,51.821,4.48,20.302,38.058,7.615,12.05,18.918,0.0,14.07,11.48,31.3,29.09,69.96,61.28,130.09,88.89,34.895,26.26,41.8,8.0,26.575,27.0,9.5,39.8,70.445,36.02,106.5,61.55,42.5,20.7,25.2,14.93,10.0,20.44,29.135,30.11,12.6,22.1,13.0,23.0,23.1,20.0,15.5,28.0,18.5,34.5,2.0,23.75,8.0,27.0,19.0,11.5,24.5,9.87,0.0,4.03,26.58,46.3,5.2,43.06,7.5,9.4,39.98,3.12,3.64,0.0,0.0,11.98,14.5,5.025,2.08,25.37,182.73,26.55,14.835,98.28,2.75,29.04,18.4,0.0,9.6,56.37,38.36,38.83,72.72,16.45,126.545,38.08,22.26,59.84,58.01,23.36,50.395,17.44,56.93,117.94,59.715,6.3,114.045,54.72,25.95,148.525,159.7,48.36,39.365,104.52,101.325,95.53,25.89,51.24,51.04,95.21,63.99,99.66,57.83,19.98,40.98,39.22,64.0,49.66,42.68,92.33,53.29,171.76,31.08,78.69,53.89,49.22,43.77,49.81,38.02,37.72,54.42,35.0,44.32,66.04,34.455,74.57,116.125,39.695,52.305,68.115,91.605,100.39,0.0,23.32,46.81,52.41,50.795,58.48,55.04,59.03,26.4,19.8,0.0
3301,0.0,0.0,1.52,0.0,0.0,5.7,0.0,0.0,22.56,0.0,0.0,0.0,0.0,0.0,1.5,0.0,0.0,4.41,2.28,9.0,28.544,3.2,0.0,12.2,14.8,5.17,1.5,0.0,22.04,2.943,7.0,0.0,2.0,6.5,0.0,0.0,0.0,8.16,7.53,0.0,4.5,4.0,4.08,3.0,0.0,3.5,0.0,5.0,0.0,0.0,6.0,0.0,0.0,0.0,0.0,0.0,10.1,0.0,5.0,0.0,0.0,0.0,15.46,5.2,0.0,7.04,5.3,0.0,0.0,4.77,0.0,15.6,0.0,5.4,0.0,14.37,32.03,0.0,5.015,0.0,0.0,5.5,0.0,0.0,0.0,0.0,20.75,0.0,29.04,0.0,0.0,4.8,0.0,5.7,23.865,11.6,6.38,0.0,5.415,6.2,51.5,0.0,0.0,6.6,0.0,17.4,8.56,20.925,0.0,1.1,26.35,4.62,0.0,0.0,6.66,15.54,13.26,0.0,5.28,9.9,0.0,13.32,10.36,0.0,0.0,12.56,0.0,6.66,0.0,0.0,18.5,0.0,17.94,29.24,0.0,0.0,0.0,0.0,17.64,13.65,22.375,0.0,0.0,0.0,6.64,6.225,0.0,0.0,6.64,12.035,0.0,0.0,2.2,3.4,0.0,0.0,6.6,0.0,0.0,0.0
3302,0.0,0.0,1.52,0.0,4.23,23.84,0.0,0.0,0.0,0.0,0.0,0.0,0.0,0.0,4.94,0.0,0.0,0.0,4.29,6.0,4.18,0.0,0.0,0.0,0.0,0.0,5.07,0.0,3.84,0.0,0.0,2.0,4.0,0.0,0.0,0.0,3.0,0.0,0.0,0.0,0.0,0.0,0.0,5.25,0.0,0.0,0.0,0.0,0.0,0.0,6.2,0.0,0.0,0.0,0.0,0.0,0.0,0.0,0.0,0.0,0.0,3.0,2.0,0.0,0.0,0.0,0.0,0.0,0.0,0.0,0.0,0.0,3.75,0.0,0.0,3.24,0.0,0.0,0.0,0.0,5.5,0.0,2.08,0.0,0.0,0.0,0.0,0.0,0.0,0.0,0.0,0.0,3.96,0.0,0.0,4.88,0.0,3.48,6.365,0.0,5.04,0.0,0.0,0.0,75.6,0.0,0.0,6.6,6.6,0.0,0.0,0.0,0.0,0.0,0.0,0.0,0.0,5.28,6.6,0.0,0.0,13.32,0.0,0.0,6.66,0.0,0.0,6.6,0.0,6.29,6.66,0.0,6.66,9.79,0.0,0.0,2.34,0.0,0.0,8.3,0.0,0.0,0.0,0.0,0.0,4.15,0.0,0.0,0.0,0.0,0.0,0.0,0.0,0.0,0.0,0.0,0.0,0.0,0.0,0.0
3303,0.0,0.0,0.0,1.5,0.0,3.04,0.0,0.0,0.0,0.0,0.0,0.0,0.0,0.0,0.0,0.0,10.0,4.94,4.0,5.07,10.0,0.0,2.8,0.0,10.0,0.0,0.0,0.0,0.0,0.0,0.0,0.0,0.0,3.0,0.0,0.0,0.0,0.0,3.0,3.12,0.0,0.0,0.0,0.0,0.0,0.0,0.0,0.0,0.0,5.0,0.0,5.0,0.0,0.0,2.0,4.5,4.0,0.0,0.0,0.0,0.0,0.0,0.0,0.0,0.0,0.0,0.0,0.0,0.0,0.0,5.98,0.0,3.185,5.94,0.0,0.0,0.0,0.0,0.0,0.0,0.0,0.0,0.0,0.0,0.0,0.0,0.0,0.0,0.0,0.0,0.0,13.2,0.0,0.0,0.0,0.0,4.06,0.0,0.0,0.0,4.725,0.0,0.0,5.6,0.0,18.645,0.0,6.0,0.0,0.0,6.55,0.0,0.0,0.0,5.28,0.0,5.28,0.0,13.2,0.0,0.0,0.0,0.0,21.12,0.0,0.0,0.0,0.0,0.0,0.0,0.0,0.0,0.0,0.0,0.0,0.0,99.9,0.0,0.0,0.0,0.0,0.0,0.0,0.0,0.0,6.64,6.64,0.0,0.0,0.0,0.0,0.0,25.42,0.0,0.0,0.0,0.0,0.0,0.0,0.0
3304,4.2,2.45,9.18,5.06,10.66,14.82,24.245,14.59,16.72,4.96,11.945,2.0,3.42,0.0,4.25,18.736,8.68,21.29,13.48,7.58,40.245,3.0,8.0,16.96,10.06,29.75,18.0,13.0,0.0,9.0,32.6,4.0,13.0,23.0,7.0,7.82,8.0,8.94,3.0,0.0,14.58,0.0,15.5,3.0,12.355,0.0,6.25,10.0,4.0,10.0,17.0,10.28,6.5,4.5,10.0,3.12,18.1,0.0,5.2,0.0,0.0,0.0,20.4,4.845,5.06,4.16,0.0,13.92,0.0,0.0,0.0,9.48,6.16,9.56,28.42,21.925,2.66,24.99,5.225,5.4,13.7,0.0,18.0,20.275,5.4,8.415,20.875,10.8,41.97,24.56,0.0,21.56,34.94,6.6,3.3,13.2,16.35,101.115,0.0,32.28,105.28,0.0,6.3,37.48,0.0,26.93,6.3,21.0,13.09,46.86,75.68,18.715,35.655,0.0,101.24,47.55,0.0,56.37,16.5,50.32,16.25,12.21,31.8,13.335,19.24,4.675,25.09,16.59,10.84,45.14,15.52,64.38,6.66,16.62,27.76,0.0,0.0,16.66,25.53,7.885,13.3,0.0,20.75,9.96,0.0,51.765,11.63,17.015,32.32,6.6,67.235,13.28,25.09,43.36,15.92,13.2,6.64,6.6,22.0,0.0
3305,16.1,26.79,47.46,42.245,86.378,125.364,48.54,89.95,160.86,17.429,3.1,12.54,11.635,16.0,30.505,33.22,26.825,119.922,78.845,64.52,187.565,41.26,19.365,78.62,26.405,42.65,24.41,13.5,48.37,28.15,50.6,41.2,36.0,40.53,26.64,22.75,11.5,13.84,16.75,5.0,48.23,9.055,121.0,52.2,12.5,23.18,52.0,19.75,29.21,18.0,19.0,15.75,21.03,18.56,38.7,9.0,19.0,25.74,20.94,18.08,7.0,29.6,16.46,8.1,24.66,14.69,0.0,48.26,15.85,14.2,14.44,46.84,11.52,25.2,75.23,42.28,44.41,37.3,18.15,5.67,22.09,25.95,36.86,21.16,21.1,56.775,50.87,22.42,68.85,81.95,42.12,73.49,180.015,86.69,86.365,89.51,47.0,80.07,29.75,83.445,126.76,198.105,44.195,46.16,60.0,47.565,118.41,63.365,57.555,155.01,142.7,188.27,234.97,82.465,112.63,71.57,140.8,197.525,154.53,76.03,102.06,70.76,40.95,125.035,48.84,62.9,124.2,41.32,82.44,79.75,62.89,131.19,42.9,153.17,53.34,17.5,56.53,30.28,92.895,49.65,76.19,144.085,127.06,50.2,126.39,94.155,119.12,39.675,81.21,96.495,381.4,85.24,406.42,71.8,149.69,169.56,26.065,56.45,19.84,41.75
3309,0.0,3.85,1.52,0.0,0.0,0.0,5.0,0.0,0.0,0.0,0.0,0.0,0.0,0.0,0.0,0.0,0.0,0.0,0.0,0.0,0.0,0.0,0.0,0.0,0.0,0.0,0.0,0.0,0.0,0.0,0.0,0.0,0.0,0.0,0.0,0.0,0.0,0.0,0.0,0.0,0.0,0.0,0.0,0.0,0.0,0.0,3.0,0.0,0.0,5.0,0.0,0.0,0.0,0.0,0.0,0.0,0.0,0.0,0.0,0.0,0.0,0.0,0.0,0.0,0.0,0.0,0.0,0.0,0.0,0.0,0.0,0.0,0.0,0.0,3.18,0.0,0.0,0.0,0.0,0.0,0.0,0.0,0.0,0.0,0.0,0.0,5.94,0.0,0.0,0.0,0.0,6.38,0.0,6.27,5.4,0.0,0.0,0.0,5.22,0.0,0.0,0.0,0.0,0.0,0.0,0.0,0.0,0.0,0.0,0.0,10.23,0.0,0.0,0.0,0.0,0.0,0.0,0.0,10.36,7.4,0.0,0.0,0.0,0.0,0.0,0.0,0.0,0.0,0.0,0.0,0.0,0.0,0.0,0.0,0.0,0.0,0.0,0.0,0.0,0.0,0.0,0.0,0.0,0.0,0.0,6.65,0.0,0.0,0.0,0.0,0.0,0.0,0.0,0.0,0.0,0.0,0.0,0.0,0.0,0.0
3310,0.0,0.0,0.0,0.0,0.0,3.04,0.0,0.0,1.52,3.25,0.0,0.0,0.0,0.0,2.0,0.0,1.95,2.88,0.0,5.56,0.0,0.0,16.5,0.0,0.0,0.0,0.0,0.0,0.0,0.0,0.0,0.0,3.5,3.0,0.0,0.0,0.0,0.0,0.0,0.0,0.0,3.0,0.0,3.0,0.0,0.0,0.0,0.0,3.0,0.0,5.0,2.5,0.0,0.0,0.0,0.0,0.0,0.0,0.0,0.0,0.0,0.0,11.22,0.0,0.0,0.0,0.0,0.0,0.0,0.0,0.0,0.0,0.0,0.0,0.0,0.0,0.0,0.0,0.0,0.0,0.0,2.97,0.0,0.0,0.0,0.0,0.0,0.0,0.0,0.0,0.0,0.0,0.0,0.0,0.0,0.0,0.0,4.95,3.42,4.2,0.0,4.56,5.1,0.0,0.0,3.6,0.0,0.0,0.0,13.16,0.0,0.0,0.0,0.0,0.0,6.5,0.0,6.6,6.66,0.0,0.0,0.0,0.0,12.58,6.66,0.0,0.0,6.66,0.0,0.0,0.0,0.0,0.0,0.0,11.86,0.0,0.0,0.0,4.44,0.0,12.865,14.52,6.66,0.0,0.0,6.65,0.0,0.0,5.94,0.0,5.395,0.0,0.0,0.0,9.96,0.0,13.28,0.0,0.0,0.0
3311,5.0,0.0,0.0,10.09,2.1,3.8,0.0,5.72,25.275,0.0,0.0,0.0,11.0,20.87,27.02,35.78,28.75,22.0,5.0,34.59,27.95,7.4,16.9,4.56,0.0,7.99,4.56,0.0,2.0,2.0,3.0,7.0,20.0,5.0,3.0,8.0,2.5,5.0,0.0,0.0,0.0,0.0,7.0,3.0,3.0,0.0,3.0,7.0,0.0,5.0,0.0,3.0,0.0,0.0,0.0,10.0,0.0,11.0,15.0,0.0,0.0,8.16,5.0,0.0,5.0,0.0,0.0,5.2,2.28,0.0,0.0,11.715,0.0,0.0,0.0,10.4,0.0,5.4,0.0,3.0,11.76,8.37,5.2,11.64,2.08,10.54,14.04,0.0,35.7,4.4,0.0,5.5,11.05,0.0,0.0,6.0,0.0,14.805,3.99,12.54,108.495,11.605,0.0,23.94,0.0,9.455,0.0,0.0,0.0,6.6,27.06,23.82,0.0,10.38,6.66,17.7,13.16,26.4,0.0,0.0,0.0,13.26,0.0,6.66,11.63,17.22,18.49,15.12,6.65,6.66,0.0,11.78,38.48,16.28,35.42,0.0,0.0,6.66,6.66,0.0,0.0,6.48,5.81,0.0,0.0,31.805,5.81,0.0,7.47,13.24,0.0,17.64,0.0,0.0,0.0,0.0,5.81,24.28,0.0,0.0
3312,0.0,0.0,1.52,0.0,15.9,5.0,0.0,5.36,11.59,0.0,0.0,0.0,0.0,0.0,1.14,3.04,6.04,26.68,4.5,8.86,4.94,5.0,0.0,0.0,0.0,5.0,0.0,2.4,3.0,0.0,0.0,0.0,0.0,0.0,5.0,2.5,4.8,2.0,0.0,0.0,3.78,3.75,10.5,2.25,3.0,0.0,0.0,8.0,4.0,0.0,0.0,0.0,0.0,0.0,0.0,0.0,0.0,0.0,0.0,0.0,0.0,5.1,5.3,0.0,0.0,5.2,0.0,11.96,0.0,0.0,4.5,5.2,0.0,0.0,5.13,4.48,5.1,6.24,0.0,0.0,0.0,0.0,5.72,7.0,0.0,0.0,0.0,0.0,6.08,0.0,0.0,15.025,10.26,6.0,3.42,0.0,6.6,3.42,0.0,11.31,6.6,3.78,6.05,10.37,4.88,6.095,43.53,12.6,0.0,0.0,6.6,0.0,18.4,15.595,47.3,0.0,6.66,19.8,0.0,11.55,4.62,0.0,0.0,17.02,1.44,0.0,18.44,0.0,0.0,6.66,0.0,13.32,0.0,0.0,6.66,5.92,8.88,6.64,0.0,8.58,10.36,0.0,17.85,0.0,13.26,4.98,6.64,0.0,8.55,0.0,37.01,7.885,19.94,0.0,6.6,0.0,0.0,0.0,0.0,0.0
3314,0.0,0.0,1.5,10.08,6.48,3.99,0.0,0.0,4.796,0.0,0.0,0.0,0.0,0.0,9.0,4.94,1.48,9.6,0.0,0.0,3.12,10.07,8.51,0.0,0.0,7.5,5.0,2.0,0.0,0.0,0.0,0.0,0.0,0.0,0.0,0.0,2.5,0.0,0.0,3.0,2.5,0.0,1.5,0.0,2.295,3.0,0.0,0.0,0.0,0.0,0.0,0.0,0.0,0.0,0.0,0.0,2.0,0.0,3.24,0.0,5.0,0.0,6.12,0.0,0.0,0.0,0.0,0.0,0.0,2.6,0.0,0.0,0.0,0.0,0.0,0.0,0.0,0.0,0.0,0.0,7.29,0.0,0.0,4.4,11.76,0.0,2.9,0.0,16.86,0.0,0.0,0.0,12.4,4.56,0.0,6.6,0.0,0.0,0.0,0.0,0.0,6.6,3.72,15.105,0.0,21.105,0.0,0.0,0.0,0.0,6.6,5.9,0.0,0.0,31.76,0.0,10.44,0.0,6.29,8.58,0.0,6.66,16.66,6.66,0.0,0.0,11.1,0.0,0.0,6.66,0.0,35.4,0.0,19.8,21.84,0.0,0.0,6.48,10.79,5.6,0.0,0.0,21.55,0.0,0.0,13.5,0.0,6.64,26.56,0.0,6.64,0.0,0.0,11.62,19.84,20.24,0.0,0.0,12.3,0.0
3315,1.645,0.0,0.0,0.0,8.95,3.8,0.0,0.0,5.39,0.0,2.96,0.0,0.0,4.18,5.83,5.7,11.165,23.17,0.0,10.895,30.34,2.94,32.47,12.0,4.25,0.0,9.76,20.6,17.2,3.0,8.035,7.25,9.25,7.295,0.0,2.75,5.0,3.0,0.0,0.0,10.0,0.0,3.0,9.0,0.0,3.0,6.5,3.0,0.0,1.0,5.0,2.0,0.0,8.5,5.2,2.0,2.0,3.0,0.0,0.0,0.0,8.04,4.0,0.0,3.12,0.0,0.0,4.16,5.0,6.24,0.0,8.1,0.0,0.0,0.0,3.12,0.0,3.06,4.16,0.0,4.94,0.0,6.24,5.2,0.0,2.43,3.24,8.96,4.95,16.1,2.75,0.0,10.98,19.74,12.425,33.91,34.21,9.9,21.16,0.0,107.36,32.76,0.0,3.15,9.4,9.9,16.305,9.15,12.1,16.575,0.0,15.9,15.465,6.6,0.0,6.6,24.92,10.5,11.78,5.18,0.0,24.68,18.5,6.66,14.58,19.41,23.52,6.66,6.66,0.0,7.4,36.01,18.5,10.38,6.63,20.24,16.78,11.795,0.0,7.8,6.225,14.4,28.9,6.64,13.3,25.035,0.0,19.92,12.825,6.64,0.0,17.845,8.77,17.015,0.0,18.675,0.0,0.0,6.6,0.0
3317,0.0,1.52,0.0,0.0,0.0,0.0,0.0,0.0,3.29,0.0,0.0,0.0,0.0,0.0,1.52,0.0,0.0,0.0,0.0,1.52,0.0,0.0,0.0,0.0,0.0,0.0,0.0,0.0,0.0,0.0,0.0,0.0,0.0,0.0,0.0,0.0,0.0,0.0,0.0,0.0,0.0,0.0,0.0,3.0,0.0,0.0,0.0,0.0,0.0,0.0,0.0,0.0,0.0,0.0,0.0,0.0,0.0,0.0,6.24,0.0,0.0,0.0,0.0,0.0,0.0,0.0,0.0,0.0,0.0,0.0,0.0,0.0,0.0,0.0,0.0,0.0,0.0,0.0,0.0,0.0,0.0,0.0,11.0,0.0,5.04,0.0,0.0,0.0,0.0,0.0,0.0,0.0,0.0,0.0,0.0,0.0,0.0,0.0,0.0,0.0,0.0,0.0,0.0,4.88,6.3,0.0,0.0,0.0,0.0,8.8,0.0,0.0,0.0,0.0,0.0,0.0,0.0,0.0,0.0,10.36,0.0,0.0,13.16,0.0,0.0,0.0,0.0,0.0,0.0,0.0,0.0,9.9,0.0,0.0,33.07,6.6,0.0,0.0,12.58,0.0,0.0,6.6,0.0,0.0,0.0,0.0,0.0,21.68,0.0,0.0,0.0,0.0,0.0,0.0,0.0,0.0,0.0,0.0,0.0,0.0
3318,1.52,0.0,2.28,0.0,3.82,3.4,0.0,0.0,19.806,0.0,4.995,0.0,0.0,6.08,10.68,4.94,2.28,27.67,2.34,35.38,40.79,0.0,0.0,5.0,5.0,0.0,7.8,15.6,9.5,2.55,0.0,0.0,8.2,11.0,0.0,0.0,0.0,0.0,0.0,5.0,6.0,7.0,9.5,0.0,0.0,4.0,9.0,0.0,0.0,4.5,0.0,0.0,9.0,0.0,8.2,10.4,2.5,3.0,0.0,5.0,5.0,3.12,0.0,3.64,9.66,5.0,0.0,0.0,0.0,5.2,0.0,0.0,0.0,24.96,5.2,0.0,0.0,0.0,5.12,0.0,0.0,3.12,5.2,0.0,0.0,28.82,11.09,4.95,57.01,18.43,4.125,3.24,0.0,0.0,4.56,12.65,5.8,15.54,39.2,31.625,59.805,0.0,3.575,21.735,41.4,6.3,0.0,24.66,21.95,38.28,0.0,0.0,12.6,22.945,11.7,0.0,18.25,10.23,13.32,0.0,0.0,13.1,103.54,13.0,39.96,18.38,23.94,22.88,34.41,0.0,0.0,6.66,4.29,6.63,0.0,0.0,35.46,0.0,0.0,16.8,19.91,6.66,0.0,63.97,12.51,6.65,0.0,17.01,39.84,7.47,6.64,32.37,17.015,0.0,15.2,39.84,16.56,6.64,0.0,0.0
3319,0.0,0.0,0.0,3.8,0.0,2.28,0.0,0.0,4.796,0.0,0.0,0.0,0.0,3.04,0.0,1.52,4.94,2.5,0.0,4.94,0.0,0.0,0.0,0.0,0.0,0.0,10.0,0.0,0.0,0.0,0.0,0.0,0.0,0.0,0.0,0.0,0.0,3.0,0.0,0.0,0.0,0.0,0.0,0.0,0.0,0.0,0.0,5.0,0.0,0.0,0.0,0.0,0.0,0.0,0.0,0.0,0.0,0.0,0.0,0.0,0.0,0.0,0.0,0.0,0.0,5.61,5.0,3.12,5.1,0.0,0.0,0.0,0.0,0.0,3.64,0.0,0.0,0.0,5.775,0.0,0.0,0.0,5.4,0.0,0.0,0.0,0.0,0.0,0.0,18.04,0.0,0.0,11.7,0.0,0.0,0.0,0.0,14.92,13.275,0.0,0.0,0.0,0.0,0.0,6.615,13.86,0.0,0.0,0.0,0.0,6.0,0.0,6.6,0.0,5.04,6.6,0.0,5.92,0.0,0.0,0.0,0.0,0.0,0.0,14.06,5.18,25.26,0.0,0.0,0.0,0.0,0.0,13.26,6.64,0.0,0.0,0.0,0.0,0.0,0.0,0.0,0.0,7.885,19.98,6.66,0.0,0.0,0.0,0.0,0.0,4.4,0.0,0.0,0.0,6.16,17.015,4.84,0.0,0.0,0.0
3321,4.5,3.72,5.32,9.5,6.42,11.02,9.41,3.42,6.9,0.0,0.76,3.0,2.09,0.0,8.36,12.84,4.52,17.16,11.205,4.84,21.44,0.0,0.0,0.0,2.5,11.6,12.0,0.0,13.5,0.0,12.2,0.0,7.5,5.0,14.0,12.5,16.66,5.0,7.0,0.0,0.0,0.0,2.0,15.5,0.0,4.0,5.0,5.0,3.0,6.5,3.0,5.0,0.0,8.0,7.8,0.0,14.6,5.5,0.0,5.2,0.0,22.0,0.0,3.0,11.96,0.0,0.0,0.0,9.0,0.0,7.16,25.44,12.1,20.55,14.92,5.2,0.0,11.03,15.69,5.12,14.85,0.0,6.4,52.56,2.915,13.8,4.275,16.1,6.0,0.0,10.885,42.51,0.0,25.085,27.725,16.14,0.0,43.15,36.475,0.0,7.2,6.6,0.0,5.67,0.0,33.285,21.56,4.29,11.8,9.9,6.4,0.0,23.335,7.8,11.07,13.215,7.8,19.85,19.7,26.21,0.0,8.14,17.02,13.31,10.36,22.94,27.01,27.58,26.63,34.72,0.0,21.66,7.02,36.5,40.95,13.2,11.64,10.36,43.8,11.1,14.56,42.51,25.36,0.0,6.64,9.96,10.79,43.565,42.54,21.95,32.49,12.95,13.28,27.38,29.485,14.96,35.115,29.76,77.325,19.36
3322,0.0,0.0,0.0,0.0,0.0,0.0,0.0,0.555,0.0,0.0,0.0,0.0,0.0,0.0,0.0,1.56,0.0,0.0,0.0,0.0,3.0,0.0,0.0,0.0,0.0,0.0,0.0,0.0,0.0,0.0,0.0,0.0,0.0,0.0,3.0,0.0,0.0,0.0,0.0,0.0,0.0,0.0,0.0,0.0,0.0,0.0,0.0,0.0,0.0,6.0,0.0,0.0,0.0,0.0,5.0,0.0,0.0,0.0,0.0,0.0,0.0,0.0,3.0,0.0,0.0,0.0,0.0,0.0,0.0,0.0,0.0,0.0,0.0,0.0,0.0,0.0,0.0,0.0,3.24,0.0,0.0,0.0,0.0,0.0,0.0,0.0,0.0,0.0,0.0,0.0,0.0,0.0,0.0,0.0,5.76,0.0,0.0,0.0,0.0,0.0,0.0,0.0,0.0,0.0,0.0,0.0,0.0,0.0,0.0,0.0,0.0,0.0,0.0,0.0,0.0,0.0,0.0,5.2,0.0,0.0,9.99,0.0,7.77,0.0,0.0,4.81,0.0,6.66,0.0,0.0,0.0,9.99,0.0,0.0,0.0,0.0,0.0,0.0,0.0,6.66,0.0,5.395,0.0,0.0,0.0,0.0,0.0,0.0,0.0,0.0,6.63,0.0,0.0,0.0,0.0,0.0,0.0,0.0,0.0,0.0
3323,0.0,0.0,0.0,0.0,0.0,0.0,0.0,0.0,5.0,0.0,0.0,0.0,0.0,0.0,0.0,0.0,0.0,0.0,0.0,0.0,0.0,0.0,0.0,0.0,0.0,0.0,0.0,6.0,0.0,0.0,0.0,0.0,0.0,0.0,0.0,0.0,0.0,0.0,0.0,0.0,0.0,0.0,0.0,0.0,0.0,0.0,0.0,0.0,0.0,0.0,0.0,0.0,0.0,0.0,0.0,0.0,0.0,0.0,0.0,0.0,0.0,0.0,0.0,0.0,0.0,0.0,0.0,0.0,0.0,0.0,0.0,0.0,0.0,0.0,0.0,0.0,0.0,0.0,0.0,0.0,0.0,0.0,0.0,0.0,0.0,0.0,0.0,0.0,0.0,0.0,0.0,0.0,5.49,0.0,0.0,0.0,0.0,0.0,0.0,0.0,0.0,0.0,0.0,0.0,0.0,0.0,0.0,6.27,0.0,0.0,0.0,0.0,0.0,0.0,0.0,0.0,0.0,0.0,0.0,0.0,0.0,0.0,0.0,0.0,6.6,0.0,0.0,0.0,0.0,0.0,0.0,0.0,0.0,0.0,0.0,0.0,0.0,0.0,0.0,0.0,19.36,0.0,0.0,0.0,0.0,0.0,0.0,0.0,0.0,0.0,0.0,0.0,0.0,0.0,0.0,0.0,6.6,0.0,0.0,0.0
3324,0.0,0.0,0.0,0.0,0.0,1.54,0.0,0.0,0.0,0.0,3.04,1.44,0.0,4.94,0.0,0.0,0.0,1.56,2.0,3.84,9.88,0.0,0.0,0.0,0.0,0.0,4.0,10.0,0.0,6.0,9.67,0.0,7.5,0.0,0.0,0.0,0.0,0.0,4.5,0.0,3.0,2.5,5.0,0.0,0.0,0.0,0.0,9.0,0.0,3.0,0.0,2.0,3.0,0.0,0.0,0.0,0.0,0.0,4.0,0.0,0.0,5.5,13.52,0.0,0.0,0.0,0.0,5.2,0.0,0.0,0.0,0.0,0.0,0.0,3.12,3.12,0.0,0.0,10.8,0.0,4.875,0.0,8.88,0.29,0.0,0.0,4.32,21.52,17.84,4.32,4.32,8.28,8.68,6.555,4.48,0.0,0.0,0.0,0.0,13.2,9.46,5.22,12.23,0.0,6.0,3.15,31.2,0.0,6.6,6.6,11.56,6.6,0.0,0.0,14.0,36.9,6.6,0.0,0.0,25.1,0.0,0.0,10.36,0.0,6.66,0.0,0.0,0.0,12.95,0.0,6.66,15.67,1.11,11.44,0.0,0.0,6.66,0.0,24.11,0.0,0.0,0.0,0.0,0.0,9.96,33.26,0.0,0.0,0.0,0.0,0.0,6.64,0.0,0.0,0.0,0.0,0.0,0.0,0.0,0.0
3325,1.52,1.48,0.0,0.0,4.18,3.08,0.0,7.845,1.65,0.0,0.0,0.0,0.0,0.0,4.17,0.0,3.04,0.0,0.0,7.33,20.44,0.0,2.2,0.0,5.0,5.0,2.5,0.0,5.0,0.0,13.0,9.6,9.5,0.0,0.0,0.0,0.0,0.0,0.0,4.0,0.0,1.645,3.0,0.0,5.0,0.0,0.0,8.0,5.0,5.0,11.0,7.0,0.0,4.0,5.0,4.5,0.0,0.0,0.0,0.0,0.0,5.5,0.0,30.0,0.0,0.0,0.0,0.0,0.0,0.0,0.0,1.59,0.0,0.0,0.0,0.0,0.0,2.16,15.32,0.0,0.0,2.16,0.0,5.13,5.13,0.0,9.72,23.35,0.0,0.0,5.4,0.0,0.0,0.0,0.0,5.4,0.0,0.0,6.19,8.46,3.36,0.0,0.0,6.4,8.25,0.0,0.0,0.0,15.0,5.61,0.0,0.0,0.0,0.0,0.0,0.0,0.0,0.0,0.0,0.0,0.0,17.82,113.16,8.88,0.0,48.79,0.0,0.0,0.0,0.0,6.4,0.0,0.0,5.07,39.26,32.425,0.0,0.0,6.8,5.07,6.64,0.0,0.0,13.28,10.375,19.95,19.76,6.64,0.0,2.4,6.64,0.0,0.0,0.0,13.24,6.6,6.64,0.0,0.0,0.0
3328,2.16,0.0,0.0,3.04,4.56,7.12,14.34,9.92,12.35,0.0,0.0,5.7,4.52,3.8,7.09,16.7,27.37,22.5,14.74,1.6,18.66,18.86,0.0,7.915,3.2,13.52,5.0,13.55,10.0,2.0,5.0,0.0,0.0,0.0,3.0,0.0,5.0,0.0,11.93,10.0,3.0,3.0,0.0,0.0,5.0,5.0,0.0,0.0,0.0,5.0,10.0,13.0,4.5,3.0,5.06,4.93,5.2,5.0,0.0,0.0,4.96,13.4,7.14,4.24,14.62,3.0,0.0,5.5,5.5,10.5,13.52,0.0,4.59,14.2,14.56,0.0,5.8,4.13,5.13,0.0,10.91,13.86,6.0,15.975,11.61,23.13,12.725,5.94,23.65,0.0,18.41,11.0,22.35,35.995,22.52,17.52,20.97,18.555,13.41,12.245,36.32,5.27,0.0,5.49,21.56,40.815,19.41,29.72,0.0,46.08,18.495,22.635,14.535,6.6,19.57,0.0,39.76,21.37,13.31,44.78,6.65,28.72,41.38,14.8,19.8,38.305,24.67,21.14,9.75,11.22,12.285,43.27,28.6,11.1,38.73,26.61,6.6,6.64,32.32,19.92,42.14,39.765,32.08,41.05,16.6,34.44,50.25,40.01,9.5,26.48,18.835,10.14,33.2,12.93,13.2,31.46,27.575,34.18,21.995,0.0
3329,0.0,0.0,0.0,0.0,2.28,0.0,1.54,0.0,1.48,0.0,0.0,1.5,0.0,0.0,1.52,0.0,5.145,4.0,0.0,0.0,0.0,0.0,0.0,4.8,0.0,0.0,0.0,0.0,0.0,0.0,3.0,4.0,0.0,0.0,0.0,0.0,0.0,5.0,0.0,0.0,0.0,0.0,0.0,0.0,0.0,0.0,0.0,0.0,5.0,0.0,0.0,0.0,0.0,0.0,0.0,0.0,0.0,0.0,0.0,0.0,0.0,0.0,0.0,0.0,0.0,0.0,0.0,0.0,0.0,0.0,0.0,3.0,0.0,0.0,0.0,2.16,0.0,0.0,0.0,0.0,0.0,5.225,0.0,0.0,0.0,5.4,10.35,0.0,0.0,0.0,0.0,9.5,0.0,0.0,0.0,0.0,0.0,3.9,0.0,3.36,0.0,0.0,11.7,0.0,0.0,0.0,0.0,0.0,6.175,6.615,0.0,0.0,0.0,0.0,2.2,0.0,0.0,6.6,12.89,0.0,0.0,0.0,0.0,0.0,0.0,6.6,6.6,0.0,0.0,0.0,0.0,0.0,0.0,0.0,0.0,0.0,0.0,6.6,0.0,0.0,0.0,0.0,0.0,0.0,0.0,0.0,6.66,0.0,0.0,0.0,5.18,0.0,0.0,0.0,0.0,0.0,0.0,10.12,6.6,0.0
3330,0.0,0.0,3.04,0.0,0.0,3.04,0.0,0.0,0.0,0.0,0.0,0.0,0.0,0.0,0.0,0.0,0.0,4.9,0.0,0.0,10.0,3.04,0.0,0.0,3.2,0.0,0.0,0.0,0.0,0.0,0.0,0.0,0.0,0.0,0.0,0.0,0.0,0.0,1.88,0.0,0.0,0.0,0.0,0.0,0.0,0.0,0.0,0.0,3.0,0.0,0.0,2.5,0.0,0.0,0.0,0.0,0.0,0.0,0.0,3.0,0.0,0.0,0.0,0.0,0.0,0.0,3.12,0.0,5.0,0.0,0.0,0.0,13.3,29.7,0.0,0.0,0.0,11.52,2.97,2.86,0.0,0.0,0.0,0.0,0.0,0.0,2.34,0.0,0.0,0.0,0.0,0.0,0.0,4.56,0.0,0.0,0.0,0.0,0.0,0.0,6.0,0.0,0.0,0.0,0.0,0.0,0.0,0.0,0.0,0.0,0.0,0.0,0.0,0.0,0.0,0.0,0.0,0.0,0.0,5.92,6.6,0.0,0.0,0.0,0.0,0.0,0.0,0.0,0.0,0.0,0.0,0.0,0.0,0.0,0.0,0.0,0.0,7.02,0.0,0.0,0.0,0.0,0.0,0.0,0.0,0.0,0.0,0.0,13.28,0.0,7.47,0.0,0.0,0.0,0.0,0.0,0.0,6.6,0.0,0.0
3331,0.0,10.27,25.45,9.48,15.54,62.845,33.5,30.83,53.08,4.15,18.274,1.5,6.46,8.36,54.17,73.76,59.52,53.14,15.92,22.51,65.62,24.55,24.46,52.39,15.265,17.0,44.99,14.56,16.33,5.25,8.0,4.2,30.0,11.78,19.25,13.0,17.5,7.8,21.11,20.4,24.86,40.675,37.82,14.0,23.0,27.0,26.5,22.0,10.0,18.0,21.25,29.75,21.25,16.0,9.16,25.5,39.7,22.5,17.7,14.5,19.06,36.18,16.88,24.04,63.24,16.64,10.3,26.875,13.99,52.62,36.68,19.075,17.89,7.08,32.94,12.3,22.22,39.92,26.66,38.89,32.06,24.7,25.57,44.67,5.232,28.69,30.09,37.51,71.895,149.605,45.075,44.315,31.21,55.38,66.735,25.61,74.265,72.055,129.64,63.505,47.895,25.8,106.165,50.42,16.12,61.245,48.525,78.06,55.5,43.095,23.595,173.195,105.09,100.53,86.13,43.175,44.12,69.25,107.29,56.88,53.74,114.03,100.33,109.71,82.83,66.48,164.98,54.23,58.87,58.99,89.35,37.0,28.86,101.13,74.08,40.97,53.67,82.92,37.41,79.395,88.94,57.39,71.2,50.54,56.015,76.59,61.08,8.58,24.05,25.32,92.795,58.015,13.24,122.68,59.985,120.06,40.79,57.935,49.94,35.64
3332,0.0,3.04,0.0,1.52,1.52,0.0,1.54,0.0,0.0,0.0,1.52,0.0,0.0,14.38,16.43,6.0,6.9,10.6,9.26,8.8,12.05,0.0,3.2,0.0,0.0,0.0,0.0,5.07,5.0,10.8,0.0,0.0,10.0,0.0,16.5,8.5,6.48,0.0,1.75,0.0,10.0,7.0,0.0,23.0,5.0,5.0,20.25,0.0,0.0,5.04,45.5,8.0,5.0,4.0,17.1,13.98,0.0,2.5,0.0,10.115,0.0,21.698,7.965,5.08,3.06,0.0,13.0,2.04,4.16,0.0,9.16,8.125,0.0,0.0,3.12,3.0,5.025,5.1,5.13,10.53,0.0,0.0,0.0,400.95,0.0,4.95,0.0,0.0,26.465,5.559,4.32,0.0,4.06,6.27,11.2,12.255,8.06,18.21,0.0,0.0,6.05,3.36,0.0,6.0,6.6,9.1,6.615,22.23,0.0,10.8,6.93,6.615,17.6,0.0,13.215,6.6,5.28,22.48,3.7,9.99,8.14,0.0,21.39,6.66,13.32,0.0,0.0,0.0,13.32,14.85,16.65,6.63,19.73,0.0,6.29,8.58,10.0,7.885,0.0,6.6,0.0,0.0,29.6,11.62,16.38,6.64,0.0,17.42,19.92,5.395,19.415,6.64,27.39,23.73,5.92,31.84,13.2,15.48,7.92,0.0
3333,1.51,0.0,0.0,1.52,6.08,5.16,0.0,7.24,3.99,0.0,0.0,4.25,0.0,0.0,0.0,13.32,6.505,8.74,1.9,15.77,11.5,0.0,2.5,2.512,5.7,0.0,0.0,10.0,6.0,0.0,10.0,0.0,0.0,9.0,4.5,3.5,3.5,3.0,0.0,0.0,0.0,5.0,3.5,4.0,0.0,5.0,0.0,0.0,25.25,3.0,5.0,6.0,0.0,0.0,6.5,0.0,0.0,0.0,0.0,0.0,0.0,10.5,0.0,3.3,5.0,5.2,5.1,0.0,3.12,6.89,4.16,0.0,0.0,99.36,5.2,3.24,0.0,0.0,0.0,0.0,0.0,0.0,3.24,0.0,5.0,12.15,11.07,10.175,0.0,0.0,0.0,7.26,5.4,0.0,0.0,0.0,6.46,5.6,23.85,5.22,0.0,0.0,8.88,6.615,13.015,5.2,8.85,0.0,0.0,0.0,5.5,105.6,0.0,4.4,0.0,6.6,0.0,16.675,6.66,0.0,13.2,0.0,0.0,11.1,0.0,6.6,0.0,6.3,17.55,35.92,119.9,27.075,0.0,73.04,22.23,10.36,0.0,0.0,13.3,0.0,0.0,5.18,0.0,0.0,0.0,10.375,30.51,8.14,16.59,30.99,0.0,19.64,0.0,0.0,0.0,13.28,0.0,0.0,0.0,0.0
3334,1.5,0.0,0.0,0.0,1.53,6.48,6.68,0.0,0.0,0.0,0.0,0.0,1.48,0.0,6.84,7.53,4.0,0.0,0.0,0.0,7.23,0.0,0.0,0.0,0.0,4.56,0.0,0.0,0.0,9.5,0.0,2.5,0.0,0.0,0.0,3.0,0.0,5.0,3.0,3.0,0.0,0.0,0.0,0.0,0.0,0.0,0.0,6.4,0.0,0.0,3.0,0.0,0.0,2.0,0.0,0.0,0.0,0.0,0.0,0.0,10.25,0.0,0.0,0.0,2.08,0.0,0.0,4.0,0.0,0.0,0.0,0.0,0.0,0.0,0.0,0.0,0.0,5.5,0.0,5.2,5.1,0.0,0.0,0.0,3.48,0.0,0.0,11.91,8.615,12.1,0.0,0.0,0.0,0.0,0.0,3.0,6.05,0.0,0.0,0.0,0.0,6.21,0.0,0.0,18.2,0.0,0.0,0.0,0.0,0.0,0.0,13.1,6.6,12.9,0.0,4.2,0.0,0.0,0.0,9.99,0.0,16.5,0.0,40.57,0.0,0.0,0.0,0.0,6.66,0.0,0.0,0.0,6.66,7.77,0.0,7.56,0.0,0.0,11.28,0.0,6.6,0.0,29.64,23.64,20.75,0.0,0.0,0.0,0.0,0.0,0.0,0.0,6.64,6.64,0.0,0.0,0.0,0.0,0.0,10.56
3335,0.0,0.0,3.08,3.04,21.59,7.62,0.0,3.04,11.04,3.04,8.06,8.44,1.5,0.0,1.52,12.4,10.03,12.32,5.84,1.52,13.56,5.0,3.5,23.24,1.56,0.0,8.0,20.004,0.0,10.0,1.56,5.008,0.0,9.0,6.0,7.5,5.06,10.25,5.0,104.75,13.0,16.5,26.11,0.0,13.6,16.5,15.0,4.75,9.0,115.25,3.0,1.5,24.5,15.0,29.7,52.0,11.5,53.7,16.52,14.86,5.0,29.65,13.0,17.12,10.0,27.0,220.64,24.12,28.29,29.25,20.91,5.5,24.22,31.29,20.27,25.03,31.616,35.11,22.085,29.135,97.41,26.11,35.69,27.54,16.2,30.58,21.905,54.44,27.99,33.02,84.43,99.27,58.21,129.32,88.545,35.03,91.395,108.85,114.03,136.465,35.115,31.03,59.12,39.57,94.28,126.045,178.5,159.3,108.355,134.025,134.61,67.775,99.635,152.47,228.31,46.455,30.12,101.03,408.77,361.105,176.69,226.0,291.94,226.5,260.26,176.12,356.115,385.745,307.675,394.95,458.88,279.94,174.135,188.41,160.89,203.95,142.19,254.435,347.335,311.18,226.26,179.37,294.035,383.31,252.24,241.72,242.395,187.585,249.595,242.215,313.46,269.75,376.86,309.845,343.075,376.785,214.545,186.485,240.43,107.445
3336,0.0,0.0,0.0,0.0,0.0,0.0,0.0,0.0,0.0,0.0,0.0,0.0,0.0,0.0,0.0,0.0,0.0,0.0,0.0,0.0,0.0,0.0,0.0,0.0,0.0,0.0,0.0,0.0,0.0,0.0,0.0,0.0,0.0,0.0,0.0,0.0,0.0,0.0,0.0,0.0,0.0,0.0,0.0,0.0,0.0,0.0,0.0,0.0,0.0,0.0,0.0,0.0,0.0,0.0,0.0,0.0,0.0,0.0,0.0,0.0,0.0,0.0,0.0,0.0,0.0,0.0,0.0,0.0,0.0,0.0,0.0,0.0,0.0,0.0,0.0,0.0,0.0,0.0,0.0,0.0,10.6,3.24,21.8,49.38,17.4,15.48,28.9,21.63,47.335,24.945,39.94,17.4,67.42,127.33,143.84,36.68,119.795,78.12,112.885,68.29,53.49,31.64,55.795,152.735,209.14,291.72,310.135,328.015,226.605,273.175,233.525,207.655,182.69,262.2,300.865,79.11,0.0,205.43,532.29,424.59,248.99,374.1,351.775,286.29,267.47,561.805,541.575,310.44,302.43,464.615,326.09,456.94,201.07,234.39,320.135,140.52,228.925,203.21,330.885,280.895,250.65,229.575,262.24,336.45,213.39,291.21,221.91,313.43,283.725,487.415,413.25,307.56,322.24,432.005,459.9,637.075,338.885,305.24,328.33,220.395
3337,64.474,63.529,96.209,103.24,111.358,177.18,65.75,55.572,139.524,14.96,50.125,51.98,44.47,60.655,92.86,128.905,156.58,250.685,179.275,130.075,155.63,54.61,91.09,113.91,101.11,53.25,141.42,76.04,40.824,88.005,46.85,46.52,56.5,85.45,87.45,124.3,47.5,80.48,99.055,169.885,116.53,124.59,149.05,144.64,118.0,114.75,176.02,83.17,47.0,53.5,44.0,80.79,67.0,168.36,124.712,220.19,84.62,175.58,88.935,185.23,101.16,108.16,123.995,61.19,152.36,53.2,80.43,91.85,56.06,53.73,147.465,99.53,46.515,75.03,132.902,124.335,103.695,74.63,67.775,77.675,26.685,95.74,100.025,56.425,119.73,59.92,111.225,91.28,166.82,120.335,164.715,167.645,185.585,264.8,389.405,265.68,169.135,329.425,349.54,133.505,115.48,44.375,108.19,209.185,167.485,212.73,280.925,317.56,279.135,358.345,371.32,235.115,442.36,268.685,406.065,63.46,48.855,194.255,454.915,439.195,345.605,282.435,499.725,390.75,253.885,373.4,354.505,475.86,250.23,475.92,447.28,357.365,156.88,333.79,269.41,254.39,198.79,247.035,302.955,271.08,312.15,193.485,196.005,253.765,304.15,336.065,201.92,127.37,234.155,190.045,189.675,362.44,367.14,255.88,347.65,340.4,155.145,185.885,204.87,107.53
3338,28.543,39.875,49.65,44.12,65.11,92.317,47.04,27.71,47.077,7.505,18.76,27.71,28.56,37.39,60.72,79.15,83.71,127.725,82.13,60.3,84.56,37.2,42.74,67.125,65.46,46.74,28.19,54.785,45.21,32.71,32.85,59.77,33.67,59.04,31.0,66.38,68.33,37.0,55.345,38.5,43.5,81.34,65.41,60.5,53.36,146.35,61.75,158.0,61.15,79.5,35.83,43.7,29.75,57.775,60.95,31.08,80.1,26.7,90.76,19.715,84.57,60.975,79.68,46.04,56.64,57.51,34.27,43.075,45.76,56.98,18.68,84.735,62.08,74.95,41.49,97.02,85.665,104.565,74.135,76.33,102.445,110.4,80.595,110.24,94.445,80.96,134.93,73.12,76.855,180.82,101.655,203.08,268.865,316.36,238.0,207.325,192.795,237.325,386.16,160.65,110.76,29.835,114.62,244.005,351.825,444.94,447.295,523.14,427.905,473.81,287.31,280.34,353.565,441.615,624.425,69.6,30.74,392.285,927.44,713.13,471.83,628.21,623.89,543.18,395.74,656.405,664.775,549.4,418.06,448.21,601.62,451.77,224.59,298.645,424.9,241.03,358.75,297.435,285.455,372.925,344.395,207.395,442.275,352.155,402.75,414.375,360.025,233.92,250.06,323.96,249.865,390.825,411.725,385.75,459.955,577.915,379.94,305.46,416.415,145.75
3340,48.18,72.46,72.745,102.64,109.696,156.375,86.83,86.163,72.411,3.192,29.28,35.075,37.49,42.326,93.2,65.82,117.118,134.915,126.73,102.13,148.475,47.49,47.67,86.995,17.78,27.4,49.472,57.01,27.48,58.9,51.975,54.78,46.505,115.6,82.605,66.73,54.0,81.322,59.4,25.115,63.12,59.9,91.1,59.05,37.9,39.2,60.15,41.78,36.0,54.5,63.6,65.15,32.8,28.34,58.37,61.74,47.892,61.96,87.8,27.4,41.54,51.655,82.12,54.395,64.88,84.885,37.0,49.6,23.875,45.135,32.81,24.94,23.87,46.745,107.805,51.19,120.185,77.885,97.03,53.41,32.47,90.91,41.973,35.81,39.24,124.585,72.725,55.205,123.235,83.24,57.875,50.05,124.421,106.53,166.417,128.925,125.4,194.105,241.835,100.06,170.965,103.3,102.785,159.835,119.03,150.425,211.075,305.275,173.365,193.15,401.05,99.97,194.76,260.16,234.135,188.47,190.26,192.205,168.07,295.66,143.51,157.7,334.065,254.93,279.195,247.78,280.29,285.51,224.345,214.625,222.48,209.6,107.985,148.06,98.96,160.26,196.615,146.945,142.05,251.95,171.45,165.28,216.495,294.28,72.48,236.995,215.16,218.895,281.22,259.52,196.57,229.09,247.645,292.555,206.805,271.12,163.29,171.215,239.405,74.695
3341,3.04,0.0,3.57,5.59,15.92,15.13,4.18,18.55,31.235,0.0,3.0,5.06,1.52,17.42,5.36,18.46,16.72,10.97,0.0,18.59,22.24,2.4,8.0,0.0,5.6,5.0,3.04,13.2,2.0,0.0,0.0,0.0,0.0,5.0,6.5,16.0,7.5,8.34,5.0,0.0,5.0,18.0,12.0,5.0,11.5,14.0,6.0,5.0,0.0,5.0,0.0,6.0,11.3,0.0,2.5,0.0,11.0,16.24,10.72,4.0,10.2,13.26,0.0,0.0,0.0,6.0,6.0,5.2,10.24,0.0,5.1,10.6,0.0,5.04,10.17,1.2,10.08,5.1,19.61,28.62,15.6,0.0,0.0,0.0,8.12,25.46,0.0,0.0,9.64,11.44,4.95,0.0,0.0,26.025,11.415,0.0,6.6,19.25,18.645,4.2,12.88,0.0,12.76,5.27,10.5,13.08,0.0,13.2,0.0,25.755,12.615,23.19,11.88,13.265,25.25,14.74,30.42,19.92,13.32,0.0,13.23,10.23,34.305,0.0,6.63,6.6,6.6,12.42,11.1,17.02,0.0,46.33,6.64,6.66,7.92,0.0,12.96,27.13,6.64,32.305,15.785,16.8,0.0,9.96,0.0,6.65,0.0,13.28,5.81,19.8,12.035,46.44,11.44,23.2,22.0,13.28,21.765,9.13,14.56,0.0
3342,12.95,29.71,24.095,11.08,28.79,49.83,4.75,20.44,12.418,0.0,13.425,5.15,3.995,7.96,5.38,19.83,29.725,34.56,13.94,23.075,15.8,59.029,4.0,24.94,5.4,14.0,19.63,11.9,15.13,12.0,10.0,10.5,8.4,9.6,19.1,7.5,0.0,7.0,6.1,2.0,7.0,0.0,21.26,17.4,7.65,7.5,27.0,10.0,13.5,10.4,3.0,0.0,11.94,3.0,23.16,28.405,17.75,117.7,86.0,3.12,10.0,4.0,12.09,2.08,20.9,7.25,18.36,9.42,10.3,0.0,24.955,17.86,8.08,8.1,17.04,6.66,5.22,7.42,8.7,5.4,8.52,29.02,28.89,22.4,21.69,7.62,11.04,8.7,0.0,26.56,15.99,47.99,23.325,17.695,26.58,6.6,19.195,42.51,34.2,38.92,6.6,24.85,29.4,12.54,18.6,14.59,31.835,3.96,60.09,130.555,87.5,25.155,10.27,58.77,38.0,42.11,21.34,59.415,40.57,43.92,16.22,6.65,55.13,13.32,19.92,13.2,21.78,26.045,39.65,56.12,83.555,6.66,14.77,19.86,15.78,39.37,62.47,41.355,36.99,33.9,70.79,45.28,37.26,51.21,6.64,74.99,34.945,6.63,25.945,34.73,25.08,77.59,29.75,67.74,53.435,25.59,17.3,19.88,19.36,6.6
3345,12.51,6.03,6.135,0.0,7.98,15.85,5.0,19.0,4.935,0.0,0.0,1.52,6.46,9.9,1.9,1.9,8.4,22.677,5.94,33.975,22.14,9.94,8.6,13.0,0.0,0.0,8.0,3.0,0.0,8.1,8.6,0.0,3.0,3.0,11.6,3.0,3.0,10.0,9.5,0.0,3.0,0.0,5.0,10.0,5.0,7.5,3.0,0.0,6.12,0.0,0.0,6.0,14.74,5.0,8.0,15.96,5.2,0.0,2.25,0.0,0.0,10.3,5.0,8.4,23.0,0.0,4.59,0.0,8.32,0.0,0.0,0.0,0.0,4.16,2.6,0.0,5.72,0.0,10.5,4.24,27.38,20.52,10.8,10.26,5.3,16.24,21.802,5.8,15.86,0.0,6.325,15.65,6.6,12.54,0.0,0.0,18.995,17.25,6.51,24.69,14.27,5.4,6.6,13.2,6.6,0.0,6.6,59.07,4.41,0.0,27.18,23.76,24.65,0.0,0.0,12.855,47.47,11.41,17.26,1.65,0.0,19.8,27.78,0.0,19.26,7.5,5.85,17.39,45.22,6.66,16.28,19.61,11.1,6.65,19.58,13.29,6.66,0.0,17.0,27.45,13.74,18.8,12.3,9.96,19.84,21.805,23.255,0.0,19.96,24.79,40.465,29.94,45.24,16.77,21.085,32.56,6.6,0.0,21.12,0.0
3350,50.774,84.17,88.82,96.543,107.555,226.792,91.6,144.18,153.815,33.7,37.225,51.635,19.875,103.22,75.5,65.69,171.415,315.975,119.905,142.17,370.45,41.35,101.925,159.786,98.79,98.24,82.77,93.505,93.39,103.75,103.65,82.82,39.69,31.55,93.18,149.575,69.54,72.14,133.1,152.58,88.485,118.89,95.82,81.25,145.64,178.6,165.15,110.25,63.95,136.245,82.22,80.59,70.79,135.62,53.12,146.65,83.93,89.67,142.02,94.61,179.9,60.925,62.9,225.587,83.175,22.64,222.02,82.22,201.462,111.96,104.725,47.17,69.615,46.64,123.07,140.065,125.155,224.14,92.87,98.162,151.26,132.911,310.18,143.057,78.595,95.775,154.8,197.955,136.21,256.245,210.135,268.445,218.256,325.54,417.012,569.306,301.635,382.11,575.345,352.105,443.925,178.77,141.29,316.015,377.94,393.69,323.29,326.045,327.85,389.78,495.295,268.265,431.435,415.235,502.5,423.905,534.615,446.215,612.82,581.54,379.88,460.035,475.12,475.72,463.61,522.57,731.885,423.865,459.52,418.05,826.77,895.39,213.3,444.32,501.895,449.81,427.255,347.71,344.37,491.13,465.63,441.26,716.415,582.255,324.645,505.46,461.86,411.86,494.185,455.54,616.31,559.475,755.275,534.41,651.61,820.345,342.05,617.375,476.315,142.505
3351,35.04,70.39,27.8,28.12,42.025,80.479,19.92,38.795,77.441,16.15,20.98,4.98,5.06,20.335,23.45,25.57,43.38,157.045,56.365,57.725,117.944,23.25,21.4,32.97,17.21,74.58,57.5,30.145,52.99,40.76,37.5,7.1,5.0,15.0,23.0,37.25,4.0,27.5,37.255,22.5,23.61,29.0,32.12,9.5,20.0,36.0,20.5,13.5,34.15,21.3,24.1,32.68,25.7,42.5,20.2,24.31,28.5,10.0,20.2,13.2,3.0,29.57,27.11,11.58,39.16,33.75,15.26,40.88,18.3,29.74,35.06,12.57,45.32,39.86,89.7,80.48,47.02,39.79,38.62,34.57,31.23,63.695,56.115,61.9,24.71,18.345,95.92,64.39,40.58,71.945,76.895,53.175,113.38,125.445,90.165,50.35,68.155,60.01,86.635,12.665,34.3,31.03,52.885,51.435,67.74,88.75,119.67,83.795,68.54,102.185,67.995,74.895,118.57,66.865,42.495,66.81,113.9,112.13,120.12,98.8,60.33,47.65,137.29,47.61,76.67,71.66,80.75,115.78,93.43,87.65,124.11,123.59,23.04,115.07,62.33,106.0,85.26,43.78,77.66,117.115,101.855,79.37,54.955,246.325,86.95,95.675,92.12,58.02,75.09,25.205,43.84,115.85,89.695,74.995,222.76,96.775,73.08,61.23,48.805,26.29
3352,50.86,55.99,55.15,45.72,46.3,142.61,27.39,38.69,80.26,24.45,19.27,14.58,34.83,51.33,65.562,93.025,132.785,298.1,65.19,121.39,263.255,71.135,41.455,50.835,38.8,38.4,99.75,55.125,40.97,35.48,51.41,82.0,67.25,19.04,34.26,61.63,39.75,68.77,39.735,49.57,43.98,47.5,71.37,44.5,62.51,60.8,74.95,73.45,39.85,32.16,60.61,73.95,69.9,39.6,30.1,129.185,51.28,18.0,32.0,39.1,31.25,55.25,64.93,42.855,50.175,30.18,56.425,51.0,20.38,49.6,93.14,36.74,21.22,32.69,64.91,41.91,83.95,101.12,81.17,128.52,73.825,76.405,104.07,189.83,57.32,82.19,97.045,109.185,95.49,120.52,165.17,164.835,135.55,176.65,270.355,130.75,136.405,125.045,199.195,242.955,118.49,126.48,78.43,137.085,177.58,162.66,264.26,188.5,160.785,141.745,202.63,176.465,112.54,319.65,305.555,162.61,311.945,176.105,199.43,275.84,219.46,177.33,126.71,172.35,176.745,175.83,156.95,256.185,148.965,281.295,258.75,331.26,121.75,201.26,232.46,224.47,189.15,114.73,151.88,266.04,228.355,128.2,288.06,198.54,121.38,250.31,254.07,134.23,209.32,162.8,258.87,336.525,249.56,162.895,206.695,320.405,121.385,156.2,148.49,51.48
3353,0.0,0.0,0.0,0.0,0.0,0.0,0.0,0.0,1.52,0.0,0.0,0.0,0.0,0.0,0.0,0.0,0.0,1.9,5.32,0.0,4.94,0.0,0.0,0.0,0.0,0.0,0.0,0.0,0.0,0.0,0.0,0.0,0.0,0.0,0.0,0.0,4.0,0.0,0.0,0.0,0.0,0.0,0.0,0.0,0.0,0.0,0.0,0.0,0.0,0.0,0.0,0.0,0.0,0.0,0.0,0.0,0.0,0.0,0.0,0.0,0.0,0.0,0.0,0.0,0.0,0.0,0.0,0.0,0.0,0.0,0.0,0.0,0.0,0.0,0.0,0.0,0.0,0.0,0.0,0.0,0.0,0.0,0.0,0.0,0.0,0.0,0.0,0.0,0.0,0.0,0.0,0.0,0.0,0.0,0.0,0.0,0.0,0.0,0.0,0.0,0.0,0.0,0.0,0.0,0.0,0.0,0.0,0.0,0.0,0.0,0.0,0.0,0.0,0.0,0.0,0.0,0.0,0.0,0.0,0.0,0.0,0.0,0.0,0.0,0.0,0.0,0.0,6.66,0.0,0.0,0.0,0.0,0.0,0.0,0.0,0.0,0.0,0.0,0.0,0.0,0.0,0.0,39.36,0.0,0.0,0.0,0.0,0.0,0.0,0.0,0.0,0.0,0.0,0.0,0.0,0.0,0.0,0.0,0.0,0.0
3354,0.0,0.0,0.0,0.0,0.0,0.0,0.0,0.0,0.0,0.0,0.0,0.0,0.0,0.0,0.0,0.0,0.0,0.0,0.0,0.0,0.0,0.0,0.0,0.0,0.0,0.0,0.0,0.0,0.0,0.0,0.0,0.0,0.0,0.0,0.0,0.0,0.0,0.0,0.0,0.0,0.0,0.0,0.0,0.0,0.0,4.0,0.0,0.0,0.0,0.0,0.0,0.0,0.0,0.0,0.0,0.0,0.0,0.0,0.0,0.0,0.0,0.0,0.0,0.0,0.0,0.0,0.0,0.0,0.0,0.0,0.0,0.0,0.0,0.0,0.0,0.0,0.0,0.0,0.0,0.0,0.0,0.0,0.0,0.0,0.0,0.0,0.0,0.0,0.0,0.0,0.0,0.0,0.0,0.0,0.0,0.0,0.0,0.0,0.0,0.0,0.0,0.0,0.0,0.0,0.0,0.0,0.0,0.0,0.0,0.0,0.0,0.0,0.0,0.0,0.0,0.0,0.0,0.0,0.0,0.0,0.0,0.0,0.0,0.0,0.0,0.0,0.0,0.0,0.0,0.0,0.0,0.0,0.0,0.0,0.0,0.0,0.0,0.0,0.0,0.0,0.0,0.0,0.0,0.0,0.0,0.0,0.0,0.0,0.0,0.0,0.0,0.0,0.0,0.0,0.0,29.04,0.0,0.0,0.0,0.0
3355,16.444,14.79,4.15,22.415,45.96,32.54,34.13,9.865,35.57,3.04,8.88,6.59,0.0,27.58,18.76,15.05,28.785,85.435,27.26,61.19,119.1,20.0,35.48,13.5,18.38,9.815,11.75,8.74,27.73,6.0,13.5,8.93,9.92,35.25,30.96,27.0,12.5,20.165,83.75,26.25,85.0,26.0,12.0,27.41,65.0,14.25,31.28,8.75,41.5,33.0,130.08,7.0,24.28,39.18,26.0,0.0,25.5,153.62,23.26,20.86,36.6,45.28,26.485,20.08,6.76,4.42,3.12,5.3,6.18,15.08,0.0,60.865,19.29,50.89,42.12,8.13,125.55,18.45,25.61,22.57,18.6,14.01,36.17,152.62,38.55,26.42,98.84,37.955,21.35,46.85,46.24,31.65,13.27,76.66,73.53,227.295,23.68,40.73,68.365,114.05,62.625,45.21,118.05,90.84,147.68,84.53,227.345,177.85,74.33,30.3,47.18,110.34,156.97,100.79,197.44,198.53,104.07,90.75,114.68,97.12,124.71,205.61,101.62,69.5,177.03,93.685,197.59,118.01,181.07,198.34,62.78,226.62,21.74,24.68,96.0,71.1,44.79,48.75,272.01,136.13,61.43,81.305,203.685,139.185,56.185,60.195,40.305,66.775,109.455,96.345,80.705,227.725,79.685,65.125,76.545,138.305,85.21,258.45,73.12,13.25
3356,21.14,16.34,13.24,26.44,7.76,50.04,19.435,31.65,70.08,6.86,9.58,19.44,0.0,15.82,21.265,31.22,57.34,122.61,49.025,55.76,90.08,20.7,35.185,38.17,36.67,23.24,20.31,39.04,29.5,26.33,19.095,18.7,27.45,40.0,38.5,43.63,14.33,25.25,30.04,24.15,43.491,70.0,45.25,36.62,80.0,47.5,124.6,83.5,19.45,41.25,72.17,54.5,28.32,30.5,25.0,9.12,21.94,18.52,15.2,3.12,28.83,5.0,8.84,10.2,5.0,27.135,48.795,34.91,65.25,18.36,5.2,74.43,35.47,47.692,19.14,7.78,49.625,21.08,27.0,67.07,132.005,0.0,22.37,26.76,32.035,8.88,59.04,60.965,54.9,66.67,91.24,140.62,70.14,103.982,120.45,314.18,77.42,130.415,199.72,146.76,101.93,97.11,12.65,63.06,58.75,123.44,72.65,207.9,142.98,131.34,112.74,163.305,127.17,87.575,210.125,79.86,176.175,178.19,137.53,128.295,69.8,97.5,179.3,99.93,119.18,349.87,178.32,114.595,150.77,100.52,151.05,155.88,17.3,35.2,102.73,102.04,139.48,72.28,146.875,54.845,189.635,102.445,130.125,94.4,85.515,103.255,87.75,66.875,128.26,95.87,213.865,97.835,92.715,117.005,130.975,108.365,146.52,83.04,63.84,26.4
3357,9.81,7.06,9.23,17.515,21.01,19.7,6.59,25.38,10.78,2.96,4.53,3.04,3.08,7.22,10.035,7.0,25.71,43.7,15.24,23.95,87.15,11.36,6.4,19.35,12.6,2.0,4.8,4.5,5.0,0.0,19.0,22.0,5.75,11.25,25.75,17.68,10.26,11.5,14.0,13.0,5.0,0.0,7.86,13.5,2.5,21.0,0.0,7.0,0.0,10.12,2.0,16.5,12.5,17.2,1.5,0.0,5.72,9.006,1.5,4.335,4.59,25.32,3.18,3.0,5.2,5.0,11.44,4.16,5.2,10.2,34.58,69.3,2.75,18.31,6.32,5.22,19.585,21.0,10.54,4.68,3.77,21.7,30.87,0.0,4.27,10.2,17.06,2.97,25.36,5.415,29.76,23.755,14.71,81.365,30.53,35.52,12.2,31.59,37.395,16.74,30.91,28.59,18.2,24.5,28.205,25.415,27.535,29.58,6.0,38.76,51.18,23.35,48.335,31.405,9.9,19.86,26.36,40.91,24.44,43.94,44.5,59.14,25.29,33.735,53.22,76.27,38.515,21.725,39.27,31.08,51.245,21.56,16.65,30.78,35.83,19.9,52.03,36.975,0.0,36.48,47.31,31.245,55.61,26.46,30.39,26.56,24.07,46.23,24.86,14.11,47.605,19.84,79.48,14.96,90.41,14.8,34.76,12.76,23.56,0.0
3358,0.0,0.0,0.0,0.0,0.0,0.0,0.0,0.0,0.0,0.0,0.0,0.0,0.0,0.0,0.0,0.0,0.0,0.0,0.0,0.0,0.0,0.0,0.0,0.0,0.0,0.0,0.0,0.0,0.0,0.0,0.0,0.0,0.0,0.0,0.0,0.0,0.0,0.0,0.0,0.0,0.0,0.0,0.0,0.0,0.0,0.0,0.0,0.0,0.0,0.0,0.0,0.0,0.0,0.0,0.0,0.0,0.0,0.0,0.0,0.0,0.0,0.0,0.0,0.0,0.0,0.0,0.0,0.0,0.0,0.0,0.0,0.0,0.0,0.0,0.0,0.0,0.0,0.0,0.0,0.0,0.0,10.16,3.0,0.0,0.0,0.0,5.13,0.0,5.6,0.0,0.0,0.0,5.13,5.7,6.6,11.73,6.6,17.47,20.52,6.05,16.905,11.5,10.5,19.5,0.0,18.48,18.1,3.63,11.8,49.695,18.015,29.425,9.9,24.84,19.8,26.52,19.86,39.56,19.86,19.86,0.0,46.32,39.84,26.21,31.7,35.49,39.46,32.87,6.66,33.3,54.38,51.06,13.23,55.95,34.78,31.31,36.63,35.705,20.72,23.52,17.16,6.6,20.75,19.68,19.09,19.92,40.26,54.24,69.375,16.6,40.185,59.53,66.53,58.415,52.88,78.205,50.645,95.545,13.64,35.2
3360,0.0,0.0,0.0,0.0,4.14,4.61,1.54,2.66,3.04,0.0,0.0,0.0,3.04,0.0,1.52,0.0,0.0,0.0,9.29,1.5,0.0,1.75,0.0,9.56,4.0,15.0,0.0,0.0,3.0,0.0,0.0,0.0,0.0,3.5,3.0,2.0,5.0,0.0,2.0,0.0,0.0,5.0,0.0,3.0,15.0,5.08,0.0,0.0,0.0,4.0,3.0,4.0,4.5,0.0,0.0,0.0,0.0,0.0,0.0,0.0,0.0,0.0,5.0,0.0,0.0,0.0,0.0,10.1,0.0,0.0,0.0,0.0,0.0,0.0,0.0,0.0,0.0,3.245,0.0,0.0,0.0,4.8,8.1,0.0,3.96,0.0,21.21,6.65,2.03,21.66,5.4,5.3,5.8,20.78,19.88,5.9,0.0,4.8,21.715,0.855,10.4,13.2,11.91,6.6,5.04,0.0,0.0,0.0,12.54,6.6,0.0,6.3,0.0,6.6,0.0,6.6,0.0,6.66,0.0,30.48,0.0,6.6,0.0,20.72,13.11,0.0,18.39,12.52,0.0,6.66,13.59,14.43,0.0,0.0,0.0,11.34,6.58,6.63,0.0,6.63,23.2,11.62,22.3,6.64,0.0,0.0,6.6,12.94,20.76,43.56,36.935,6.64,14.28,13.28,17.2,5.28,0.0,11.92,13.2,0.0
3361,0.0,0.0,0.0,0.0,0.0,5.61,0.0,0.0,0.0,0.0,0.0,0.0,3.04,15.39,1.48,4.5,3.16,0.0,0.0,0.0,7.3,0.0,1.6,0.0,0.0,4.0,6.6,17.0,9.0,15.515,6.76,0.0,5.0,0.0,8.2,2.5,0.0,0.0,0.0,0.0,0.0,3.0,3.0,0.0,8.0,0.0,0.0,0.0,0.0,0.0,0.0,10.0,0.0,5.0,6.5,2.0,0.0,0.0,0.0,5.0,0.0,0.0,5.0,0.0,0.0,0.0,0.0,0.0,0.0,0.0,0.0,5.3,0.0,0.0,5.4,5.72,17.0,0.0,0.0,4.32,0.0,10.36,5.13,11.88,0.0,4.86,0.0,3.3,0.0,0.0,0.0,0.0,0.0,13.96,0.0,99.18,4.95,0.0,4.8,39.85,0.0,0.0,0.0,6.555,4.96,5.36,0.0,0.0,0.0,0.0,0.0,0.0,4.4,0.0,0.0,0.0,46.12,5.92,0.0,6.66,0.0,0.0,6.66,14.52,0.0,5.18,9.9,0.0,3.7,0.0,0.0,6.66,5.07,3.51,0.0,19.97,0.0,0.0,0.0,7.4,6.64,0.0,12.035,16.6,0.0,14.94,0.0,0.0,27.135,13.28,6.64,0.0,0.0,2.34,0.0,0.0,6.6,0.0,15.58,0.0
3363,9.94,6.52,10.654,7.245,8.4,16.04,1.9,19.9,20.85,0.76,17.02,7.775,7.56,6.08,7.18,21.71,18.84,43.453,31.95,30.97,21.72,4.4,2.07,2.0,13.4,11.6,0.0,13.5,13.97,28.04,7.0,9.5,8.0,5.4,21.0,9.5,5.0,0.0,8.47,8.0,0.0,0.0,7.75,12.75,16.08,21.38,6.0,4.4,7.025,3.0,6.0,8.25,10.5,0.0,7.0,10.1,6.2,8.0,8.12,10.0,16.73,0.0,0.0,47.58,13.49,9.1,10.2,8.85,0.0,9.18,14.16,29.86,8.9,25.47,37.2,3.24,17.72,3.12,27.45,2.24,37.68,26.2,11.58,15.945,0.0,3.3,8.73,29.4,6.72,26.73,39.15,8.37,32.28,38.13,26.61,61.245,27.51,24.57,33.065,88.5,73.57,20.21,23.45,51.03,5.985,0.0,12.6,28.74,57.15,81.97,29.185,10.92,6.2,17.49,135.105,27.025,44.28,40.08,131.66,28.33,13.26,30.72,43.165,41.07,67.66,71.49,30.425,33.54,27.75,53.0,10.36,13.32,23.44,65.3,50.48,15.71,36.15,54.35,57.91,93.67,35.745,30.74,28.21,265.15,40.075,156.04,143.875,70.125,42.45,17.845,66.055,107.1,43.16,60.96,39.425,57.65,47.08,26.48,26.4,0.0
3364,6.5,4.48,3.04,7.52,3.165,13.33,3.08,5.42,10.79,1.52,6.34,0.0,4.48,2.7,9.44,15.28,15.63,55.7,15.37,26.05,30.075,0.0,11.2,22.04,31.63,1.61,4.77,8.0,0.0,18.885,0.0,7.0,14.29,7.9,5.0,0.0,12.0,8.0,13.58,3.0,14.0,4.5,5.0,5.0,2.0,10.0,0.0,13.0,17.0,14.5,39.2,12.74,3.5,19.75,15.5,2.0,10.26,8.41,7.5,8.94,4.08,6.19,5.0,0.0,0.0,3.0,7.32,5.1,0.0,0.0,5.12,4.94,9.02,5.0,10.4,0.0,0.0,5.94,3.06,15.662,8.44,34.93,23.82,8.12,13.44,12.83,10.8,25.835,6.09,21.6,10.08,12.15,5.4,26.77,6.6,6.6,44.545,26.93,21.72,16.48,13.12,0.0,0.0,62.73,35.035,17.49,35.245,22.99,11.46,69.11,31.695,19.375,0.0,0.0,121.89,28.04,23.76,6.6,53.915,24.95,16.53,6.6,3.96,30.88,28.17,24.48,28.74,68.74,64.06,17.02,80.84,14.42,13.32,75.03,17.43,22.2,13.2,27.51,30.59,23.0,9.9,32.58,78.19,61.835,17.2,10.335,22.78,27.78,11.885,28.19,42.35,19.55,14.37,31.335,22.08,22.445,0.0,34.41,6.6,0.0
3370,4.86,3.055,4.685,6.46,14.12,32.39,9.98,7.79,11.34,1.52,8.51,0.0,0.0,1.8,0.0,5.0,25.84,16.26,11.18,7.62,19.12,0.0,10.41,11.36,12.36,5.56,2.0,4.56,4.56,0.0,19.5,9.5,7.75,14.46,5.0,9.5,5.0,0.0,4.5,0.0,6.34,6.0,4.0,8.0,10.0,15.5,0.0,16.16,9.5,2.0,21.0,4.96,3.0,11.5,4.5,5.2,2.0,3.64,3.0,5.0,0.0,19.19,10.2,0.0,0.0,0.0,49.92,0.0,6.54,0.0,7.16,7.55,4.0,5.4,13.57,0.0,0.0,3.24,0.0,0.0,7.47,3.12,12.525,11.35,0.0,14.55,26.95,23.0,6.21,24.61,29.67,29.27,42.58,23.46,36.27,31.17,29.08,21.49,16.775,11.13,34.765,0.0,16.44,18.935,6.6,0.0,13.215,41.15,6.6,44.565,26.585,13.215,32.01,30.99,23.82,15.81,29.85,18.28,20.97,30.36,3.78,0.0,6.6,13.31,17.1,18.5,24.4,32.56,6.6,9.62,34.31,39.12,8.88,0.0,17.44,15.02,85.02,19.9,56.03,35.31,38.84,33.78,13.27,78.73,11.48,56.5,19.18,6.64,0.0,25.62,13.2,26.49,14.96,0.0,13.24,19.08,12.105,7.47,18.45,0.0
3371,1.52,0.0,5.32,3.8,8.746,2.28,5.61,6.5,1.54,1.54,3.44,17.04,7.18,0.0,0.0,3.04,21.7,22.455,19.07,19.44,11.84,19.15,5.0,23.7,2.76,0.0,3.84,7.0,13.5,1.5,0.0,4.25,4.2,4.0,8.0,6.75,0.0,0.0,2.25,0.0,11.0,3.0,4.0,7.0,0.0,0.0,11.0,2.0,0.0,0.0,5.0,4.5,0.0,0.0,0.0,10.0,0.0,10.0,3.0,9.0,3.0,5.1,5.72,3.06,5.0,8.58,0.0,11.18,7.68,0.0,0.0,0.0,0.0,8.0,19.74,10.13,9.72,9.9,7.16,1.62,5.1,3.24,5.8,0.0,29.9,9.56,9.9,16.14,6.05,9.18,0.0,13.77,0.0,12.48,11.4,13.3,0.0,10.84,23.19,6.49,12.915,3.92,6.615,0.0,22.28,19.09,20.34,4.8,5.4,11.01,6.3,12.87,0.0,6.6,5.5,5.4,6.6,27.245,6.6,17.81,10.73,26.95,19.62,10.36,18.88,0.0,0.0,25.14,25.86,6.66,21.19,29.23,17.76,0.0,6.66,16.99,0.0,22.58,7.885,52.515,26.61,23.655,11.0,17.845,0.0,14.95,32.33,12.3,11.04,22.04,6.6,7.04,6.65,13.05,12.825,41.75,17.05,0.0,0.0,0.0
3373,6.52,0.0,8.04,0.0,7.41,5.71,7.16,9.94,6.92,3.04,1.52,8.56,3.8,4.02,3.04,24.786,11.65,13.305,10.67,38.98,64.91,7.8,8.79,6.655,4.8,11.0,12.3,26.79,15.2,22.25,14.5,19.0,43.6,21.5,11.8,4.53,22.5,2.0,13.0,8.0,0.0,3.25,3.0,13.48,11.06,5.0,5.14,4.5,12.5,4.0,3.0,20.2,5.0,3.0,4.0,11.0,10.0,8.32,4.6,3.06,6.1,0.0,5.2,5.61,2.0,10.92,3.0,1.5,3.0,4.0,23.63,5.0,10.6,12.4,4.77,21.2,37.48,4.5,5.13,2.12,15.12,17.74,35.41,98.73,12.68,4.86,6.3,10.845,91.53,25.07,5.13,20.375,17.19,28.995,5.51,85.655,29.01,4.27,25.72,22.89,27.39,9.92,0.0,22.44,5.31,14.47,24.14,42.6,30.75,6.6,51.37,38.73,27.12,25.785,33.0,1.8,56.4,23.56,27.45,13.2,0.0,7.92,26.58,64.84,30.33,11.89,21.83,39.22,20.72,40.35,18.33,58.77,0.0,39.22,14.65,0.0,19.92,12.47,29.36,31.18,44.5,46.27,74.755,66.4,26.56,6.64,22.84,13.28,41.085,26.065,27.39,26.44,61.825,43.495,23.39,32.56,6.6,30.955,6.6,16.28
3374,0.0,2.22,1.54,0.0,0.0,0.0,0.0,0.0,2.64,0.0,0.0,0.0,0.0,0.0,5.13,1.52,0.0,1.52,0.0,12.0,21.02,0.0,0.0,22.36,4.29,0.0,0.0,0.0,32.0,3.0,0.0,4.0,4.875,7.8,0.0,3.0,6.37,0.0,3.5,3.0,0.0,8.0,0.0,6.0,0.0,4.05,0.0,5.0,5.0,0.0,0.0,4.0,0.0,0.0,0.0,0.0,0.0,0.0,0.0,3.06,3.0,0.0,4.96,0.0,2.08,0.0,0.0,0.0,4.96,0.0,0.0,0.0,0.0,0.0,5.2,0.0,0.0,0.0,0.0,0.0,5.94,0.0,0.0,5.2,0.0,0.0,4.24,0.0,10.34,0.0,69.3,10.26,5.7,0.0,5.13,5.1,18.7,18.7,0.0,0.0,4.4,0.0,0.0,0.0,3.575,0.0,105.615,0.0,0.0,0.0,3.3,5.5,0.0,0.0,0.0,0.0,6.6,21.12,7.92,49.5,5.28,0.0,0.0,7.77,0.0,16.96,8.25,0.0,5.18,6.66,6.66,0.0,0.0,0.0,0.0,0.0,0.0,0.0,0.0,0.0,6.6,0.0,5.74,0.0,0.0,19.1,0.0,0.0,0.0,0.0,13.485,6.64,0.0,0.0,6.6,6.65,0.0,0.0,0.0,0.0
3375,0.0,0.0,2.28,0.0,0.0,0.0,2.2,0.0,0.0,9.12,0.0,0.0,0.0,0.0,0.0,0.0,0.0,0.0,0.0,4.18,4.18,0.0,4.8,0.0,0.0,0.0,9.0,9.75,0.0,0.0,0.0,0.0,0.0,0.0,0.0,0.0,0.0,0.0,0.0,0.0,0.0,0.0,0.0,0.0,0.0,0.0,0.0,5.0,0.0,0.0,0.0,3.5,0.0,0.0,0.0,0.0,0.0,0.0,0.0,0.0,0.0,0.0,0.0,0.0,0.0,0.0,0.0,0.0,0.0,0.0,0.0,0.0,0.0,0.0,0.0,0.0,0.0,5.1,0.0,15.39,0.0,0.0,5.13,0.0,0.0,0.0,0.0,0.0,0.0,0.0,0.0,0.0,0.0,0.0,0.0,0.0,0.0,0.0,0.0,0.0,0.0,0.0,6.6,0.0,0.0,0.0,0.0,0.0,0.0,0.0,0.0,0.0,0.0,0.0,0.0,0.0,0.0,0.0,6.6,0.0,0.0,6.66,105.66,0.0,0.0,0.0,0.0,0.0,0.0,13.32,10.025,0.0,0.0,0.0,0.0,6.66,0.0,0.0,16.185,0.0,0.0,0.0,0.0,0.0,0.0,0.0,0.0,0.0,6.64,0.0,0.0,0.0,0.0,0.0,18.295,0.0,0.0,7.885,0.0,0.0
3377,20.62,6.06,3.7,3.04,6.135,48.47,11.885,31.755,53.57,5.43,21.44,25.915,13.86,29.47,32.082,20.405,25.245,110.28,93.34,30.86,69.64,31.0,20.34,70.31,29.72,38.08,15.1,33.75,54.96,40.2,21.14,37.32,38.355,13.29,13.625,27.0,3.0,8.28,47.5,23.0,24.12,21.16,12.0,19.75,24.1,12.5,6.0,7.0,17.25,12.5,35.0,11.0,8.0,11.5,1.5,4.0,5.75,17.5,9.0,17.22,6.5,20.04,15.85,14.06,29.62,18.94,11.73,17.175,7.48,0.0,11.4,14.53,15.32,6.3,10.485,13.235,23.08,5.98,7.8,21.66,32.39,42.41,76.44,119.565,23.31,60.63,20.48,59.385,105.86,94.4,80.56,138.635,126.145,121.14,162.67,108.13,151.87,76.665,61.18,58.885,83.435,69.785,11.55,117.965,26.87,18.785,77.14,33.87,81.65,146.285,94.185,172.27,32.12,49.145,65.67,92.44,81.31,101.05,133.705,72.15,97.03,111.15,69.26,58.92,163.92,85.62,58.92,137.09,62.53,35.49,54.02,93.65,6.66,33.01,39.22,64.46,48.73,76.44,36.67,103.94,141.7,51.7,102.37,66.77,93.57,66.775,91.665,72.585,81.515,84.22,81.125,132.245,42.665,58.23,116.69,69.605,19.84,40.92,74.895,11.88
3378,0.0,0.0,0.0,0.0,0.0,5.13,0.0,0.0,0.0,0.0,0.0,0.0,0.0,0.0,0.0,0.0,0.0,5.4,0.0,0.0,0.0,0.0,0.0,0.0,0.0,0.0,0.0,0.0,0.0,0.0,0.0,0.0,0.0,0.0,0.0,0.0,0.0,0.0,0.0,0.0,0.0,0.0,0.0,0.0,0.0,9.5,0.0,0.0,0.0,0.0,0.0,0.0,0.0,0.0,0.0,0.0,0.0,0.0,0.0,0.0,0.0,0.0,0.0,8.67,0.0,0.0,0.0,0.0,0.0,0.0,0.0,0.0,0.0,0.0,0.0,0.0,0.0,0.0,0.0,0.0,0.0,0.0,5.225,0.0,0.0,0.0,0.0,0.0,20.52,0.0,0.0,0.0,6.48,0.0,0.0,0.0,0.0,0.0,0.0,0.0,0.0,0.0,0.0,0.0,0.0,0.0,0.0,0.0,0.0,0.0,0.0,0.0,20.16,0.0,0.0,0.0,0.0,0.0,0.0,0.0,0.0,0.0,0.0,0.0,0.0,0.0,8.25,0.0,28.86,0.0,0.0,0.0,0.0,0.0,0.0,0.0,0.0,0.0,0.0,0.0,0.0,0.0,0.0,0.0,19.92,0.0,0.0,21.58,0.0,0.0,0.0,0.0,0.0,0.0,0.0,0.0,0.0,0.0,0.0,0.0
3379,0.0,0.0,3.04,1.52,0.0,0.0,1.11,8.05,11.095,0.0,0.0,0.0,0.0,0.0,1.75,0.0,7.22,0.0,0.0,11.895,1.52,0.0,10.88,2.34,0.0,0.0,0.0,0.0,10.37,0.0,0.0,0.0,17.0,4.0,3.6,8.0,0.0,10.25,0.0,3.0,7.61,0.0,3.75,0.0,0.0,4.5,6.0,0.0,3.0,0.0,2.6,0.0,2.0,2.0,0.0,0.0,0.0,6.5,0.0,0.0,0.0,5.0,2.5,4.0,2.0,2.0,2.0,0.0,0.0,0.0,0.0,7.4,0.0,0.0,4.32,0.0,0.0,5.0,5.13,0.0,4.95,5.4,0.0,3.3,0.0,18.2,24.325,8.4,0.0,4.32,10.8,0.0,7.365,0.0,0.0,11.355,0.0,0.0,6.0,0.0,38.85,10.2,0.0,30.24,0.0,0.0,0.0,40.0,3.0,11.88,16.68,0.0,5.94,0.0,6.6,0.0,6.5,48.65,19.18,0.0,0.0,5.28,2.96,0.0,0.0,0.0,2.45,0.0,6.29,13.26,6.66,0.0,0.0,22.57,0.0,6.66,0.0,0.0,6.66,6.4,0.0,0.0,12.6,0.0,0.0,6.64,0.0,0.0,6.64,0.0,13.2,6.64,0.0,0.0,0.0,0.0,0.0,6.6,0.0,0.0
3380,11.79,6.01,22.2,4.94,19.516,38.59,3.89,23.9,71.755,12.54,22.54,16.04,7.83,26.505,28.31,17.42,36.38,98.16,46.035,35.58,47.45,6.32,9.5,24.94,0.0,4.5,10.8,24.2,14.98,67.9,19.2,27.3,4.94,3.9,16.81,10.24,4.16,3.0,12.86,11.0,106.5,15.0,21.055,0.0,0.0,5.0,3.0,22.0,14.62,11.25,3.75,9.5,12.0,6.0,9.0,6.5,16.5,4.0,8.2,38.54,4.5,16.25,18.78,5.72,32.56,10.92,28.16,22.0,9.26,3.0,0.0,15.08,0.0,0.0,58.4,107.74,59.9,52.21,29.68,9.17,40.72,31.06,27.62,35.45,41.19,34.48,26.9,9.72,121.02,14.39,30.145,134.54,24.025,36.3,78.32,111.22,34.435,29.38,53.41,22.435,135.29,62.97,0.0,0.0,11.875,43.965,31.035,0.0,6.51,26.0,36.52,84.45,44.625,79.465,23.265,9.35,22.28,16.795,51.86,39.71,30.22,41.92,81.59,38.19,70.33,71.79,43.21,106.0,29.88,6.205,29.09,134.0,20.34,75.48,20.28,60.68,45.24,22.2,23.0,96.37,19.91,54.43,52.56,51.965,13.28,13.29,43.955,28.43,110.965,54.34,6.6,28.18,17.96,34.82,99.93,122.1,19.8,32.005,27.975,6.64
3381,3.61,0.0,2.59,0.0,13.54,21.04,4.18,4.94,0.0,6.1,0.0,0.0,8.32,19.4,7.99,1.52,9.5,12.54,4.52,7.54,36.728,8.46,3.04,3.0,0.0,2.0,9.08,17.97,0.0,6.0,0.0,13.265,9.2,7.08,0.0,12.0,0.78,0.0,0.0,2.0,0.0,3.0,0.0,0.0,6.0,3.0,8.66,4.0,0.0,0.0,2.0,5.0,0.0,0.0,5.0,0.0,0.0,4.16,5.72,10.1,8.5,0.0,0.0,7.65,0.0,0.0,7.28,0.0,5.2,5.2,13.12,6.3,5.98,10.8,21.1,0.0,10.4,5.4,10.9,2.9,2.6,0.0,11.12,29.97,0.0,10.37,7.04,13.62,22.79,19.66,9.08,32.37,0.0,0.0,14.85,30.755,0.0,6.48,20.925,14.52,17.465,10.86,7.2,0.0,0.0,22.575,28.2,24.29,6.51,11.94,17.42,0.0,6.6,0.0,6.0,49.5,3.0,19.86,6.6,6.66,0.0,26.18,99.16,17.7,6.66,13.32,16.96,11.89,37.78,10.14,0.0,48.48,0.0,18.86,6.66,23.68,19.98,33.77,5.55,25.65,27.765,44.18,24.09,19.09,33.95,94.2,31.54,44.98,0.0,26.6,55.495,69.66,87.39,18.635,11.0,34.065,22.98,0.0,6.6,0.0
3384,0.0,0.0,0.0,0.0,3.4,3.42,3.06,0.0,10.995,0.0,0.0,5.0,0.0,1.52,0.0,8.93,5.0,1.98,1.56,0.0,4.945,0.0,0.0,1.52,5.28,2.0,0.0,0.0,0.0,10.0,8.22,5.0,0.0,15.4,5.5,0.0,7.0,3.0,5.0,0.0,0.0,3.0,8.5,0.0,5.0,0.0,0.0,2.25,0.0,0.0,0.0,0.0,0.0,5.0,3.0,0.0,0.0,0.0,0.0,0.0,0.0,0.0,3.06,0.0,0.0,0.0,5.035,3.18,0.0,0.0,0.0,5.5,0.0,0.0,0.0,4.0,5.2,3.18,3.975,0.0,5.2,0.0,0.0,5.98,5.2,10.17,0.0,6.0,5.5,6.48,12.96,0.0,0.0,0.0,17.6,0.0,13.5,5.7,17.02,0.0,5.4,6.27,3.0,0.0,6.05,0.0,0.0,13.35,0.0,0.0,3.96,0.0,0.0,6.6,0.0,3.0,0.0,14.52,6.3,0.0,0.0,6.6,19.92,15.84,22.635,0.0,11.56,10.36,0.0,0.0,0.0,0.0,23.62,0.0,16.62,5.85,7.4,10.36,0.0,11.28,14.94,9.13,0.0,13.885,6.64,0.0,0.0,16.41,6.45,0.0,6.56,6.64,10.56,0.0,13.2,19.84,0.0,0.0,0.0,0.0
3385,0.0,2.22,1.66,1.9,3.04,4.5,0.0,2.64,2.0,0.0,0.0,0.0,6.46,5.7,0.0,2.09,5.0,14.75,3.04,5.5,10.0,0.0,1.56,17.28,5.0,0.0,1.52,0.0,8.48,0.0,3.0,0.0,4.0,0.0,0.0,0.0,0.0,0.0,0.0,0.0,3.0,42.84,6.12,0.0,2.0,2.5,0.0,0.0,2.5,0.0,7.5,0.0,3.0,0.0,1.575,0.0,0.0,0.0,0.0,4.0,5.0,0.0,0.0,0.0,0.0,3.12,0.0,5.0,0.0,0.0,0.0,9.1,0.0,0.0,4.0,0.0,3.12,0.0,0.0,0.0,0.0,0.0,0.0,0.0,5.72,5.2,1.2,7.44,28.08,12.0,0.0,5.83,43.045,9.41,0.0,0.0,0.0,0.0,0.0,0.0,0.0,0.0,0.0,0.0,0.0,5.4,0.0,12.6,7.92,19.6,6.6,3.015,12.6,0.0,5.94,5.2,24.03,20.99,6.5,14.85,0.0,0.0,0.0,0.0,6.66,6.6,0.0,13.31,7.4,0.0,10.73,0.0,0.0,13.3,0.0,6.6,0.0,6.66,6.66,5.92,6.63,0.0,6.56,0.0,0.0,13.66,6.64,0.0,0.0,0.0,85.95,29.88,36.08,0.0,6.65,0.0,0.0,14.96,6.6,26.6
3387,1.54,0.0,0.0,0.0,0.0,18.68,5.0,0.0,29.28,0.0,9.88,3.04,1.52,1.52,7.13,0.0,14.88,10.0,0.0,3.04,0.0,0.0,8.0,0.0,5.0,0.0,0.0,0.0,0.0,0.0,2.0,0.0,0.0,3.0,0.0,0.0,0.0,0.0,0.0,0.0,5.0,3.0,0.0,0.0,0.0,0.0,0.0,0.0,5.0,5.0,0.0,0.0,0.0,3.12,3.5,0.0,0.0,0.0,0.0,4.0,0.0,0.0,0.0,0.0,0.0,0.0,0.0,3.12,3.12,5.0,0.0,5.2,0.0,0.0,0.0,5.4,0.0,0.0,0.0,0.0,0.0,0.0,0.0,2.97,0.0,5.72,0.0,0.0,11.785,9.855,0.0,0.0,12.81,0.0,14.96,0.0,0.0,0.0,0.0,0.0,5.4,0.0,6.6,6.6,0.0,6.6,0.0,9.45,0.0,0.0,0.0,0.0,0.0,5.28,0.0,0.0,0.0,0.0,0.0,0.0,0.0,0.0,0.0,0.0,0.0,0.0,0.0,0.0,3.51,15.2,9.36,0.0,0.0,0.0,0.0,10.35,0.0,6.3,0.0,0.0,5.85,6.63,0.0,0.0,0.0,6.64,0.0,0.0,0.0,0.0,0.0,0.0,0.0,0.0,0.0,0.0,0.0,0.0,0.0,0.0
3388,0.0,0.0,1.05,0.0,2.09,4.95,0.0,1.52,3.04,1.9,0.0,0.0,0.0,0.0,1.52,0.0,4.02,29.44,0.0,8.99,3.185,2.5,20.66,5.72,9.0,0.0,4.94,0.0,5.17,0.0,2.4,10.2,0.0,0.0,0.0,1.5,0.0,0.0,6.0,0.0,0.0,0.0,0.0,0.0,0.0,0.0,0.0,0.0,5.0,0.0,0.0,0.0,4.16,0.0,4.0,0.0,0.0,0.0,0.0,2.0,5.5,0.0,0.0,8.32,0.0,0.0,0.0,1.53,3.12,0.0,5.0,7.86,0.0,0.0,0.0,13.32,15.57,4.77,5.2,2.12,4.77,0.0,0.0,0.0,15.71,0.0,0.0,0.0,0.0,0.0,11.0,5.4,0.0,0.0,66.34,0.0,6.6,0.0,0.0,0.0,0.0,3.025,0.0,5.775,4.8,6.6,0.0,0.0,0.0,0.0,12.3,0.0,39.84,0.0,0.0,0.0,0.0,13.0,0.0,0.0,13.2,6.66,0.0,6.6,5.94,0.0,24.42,0.0,0.0,0.0,6.66,6.66,0.0,0.0,0.0,0.0,0.0,6.66,12.92,0.0,0.0,0.0,0.0,0.0,9.96,10.375,0.0,0.0,0.0,11.7,6.64,0.0,0.0,0.0,6.64,0.0,7.92,0.0,0.0,0.0
3390,0.0,1.67,0.0,7.29,16.37,14.45,8.015,1.91,24.49,5.13,3.8,0.0,3.04,7.51,3.04,0.0,5.4,3.04,0.0,3.04,9.95,0.0,3.8,9.94,5.0,4.0,0.0,0.0,21.84,8.22,0.0,3.0,3.0,4.8,0.0,0.0,0.0,0.0,12.4,0.0,0.0,5.0,0.0,0.0,5.0,0.0,1.56,0.0,0.0,0.0,0.0,0.0,0.0,5.0,5.0,0.0,20.5,3.0,0.0,2.5,0.0,0.0,16.9,0.0,0.0,2.6,0.0,0.0,0.0,5.0,14.0,7.24,5.035,4.0,3.18,3.0,7.155,0.0,7.34,12.36,5.2,19.8,5.5,0.0,0.0,0.0,4.86,0.0,8.1,0.0,5.5,4.81,7.56,11.73,8.25,0.0,0.0,15.12,10.08,0.0,14.4,0.0,0.0,22.05,3.3,0.0,0.0,0.0,0.0,66.44,4.8,19.8,10.575,13.2,22.44,13.1,33.92,15.84,0.0,6.66,5.28,14.74,9.24,6.66,6.66,13.32,0.0,16.28,19.29,15.54,0.0,16.65,0.0,6.64,17.76,0.0,0.0,0.0,0.0,12.56,2.96,0.0,0.0,6.64,0.0,0.0,6.64,9.66,17.76,0.0,5.81,24.485,0.0,0.0,0.0,0.0,0.0,10.12,0.0,0.0
3391,0.0,0.0,0.0,0.0,0.0,4.56,0.0,34.28,4.94,0.0,0.0,0.0,0.0,0.0,0.0,0.0,0.0,0.0,0.0,0.0,0.0,0.0,0.0,0.0,0.0,0.0,0.0,0.0,0.0,0.0,0.0,0.0,0.0,0.0,0.0,0.0,0.0,0.0,0.0,0.0,13.0,0.0,4.0,0.0,0.0,0.0,0.0,0.0,0.0,0.0,0.0,0.0,0.0,0.0,0.0,0.0,0.0,0.0,0.0,0.0,0.0,0.0,0.0,0.0,0.0,0.0,0.0,0.0,0.0,0.0,0.0,22.65,0.0,0.0,0.0,5.94,0.0,0.0,0.0,0.0,5.13,0.0,0.0,0.0,0.0,0.0,0.0,0.0,0.0,0.0,0.0,0.0,0.0,0.0,0.0,0.0,0.0,9.92,0.0,0.0,0.0,0.0,3.025,0.0,69.75,0.0,0.0,0.0,0.0,0.0,0.0,0.0,0.0,0.0,0.0,0.0,0.0,6.5,6.5,0.0,0.0,0.0,10.73,0.0,0.0,0.0,0.0,0.0,0.0,0.0,0.0,0.0,0.0,0.0,0.0,0.0,6.66,0.0,0.0,0.0,0.0,0.0,0.0,6.66,0.0,6.66,0.0,0.0,0.0,0.0,6.64,0.0,13.28,4.98,12.45,0.0,0.0,2.16,0.0,0.0
3392,0.0,3.04,0.0,11.67,4.56,7.98,3.055,2.66,4.56,0.0,0.0,0.0,0.0,7.89,0.0,0.0,0.0,7.3,0.0,4.29,0.0,0.0,0.0,5.4,0.0,1.92,0.0,0.0,0.0,3.0,3.0,0.0,8.0,6.8,5.0,0.0,0.0,0.0,0.0,3.0,0.0,4.0,3.0,0.0,0.0,4.0,6.5,0.0,33.13,0.0,6.0,4.0,7.5,10.0,5.0,7.0,4.5,3.0,0.0,2.0,0.0,0.0,0.0,2.04,5.0,0.0,0.0,0.0,0.0,0.0,7.8,5.1,5.54,3.24,0.0,4.16,11.325,10.7,39.42,9.9,0.0,0.0,0.0,0.0,0.0,20.47,3.24,3.24,5.58,0.0,0.0,0.0,5.6,0.0,0.0,4.4,0.0,0.0,5.5,0.0,0.0,0.0,6.615,0.0,0.0,6.0,0.0,7.56,0.0,0.0,6.6,0.0,0.0,0.0,0.0,0.0,5.2,6.6,0.0,16.32,0.0,6.66,6.29,2.835,0.0,0.0,0.0,10.73,0.0,0.0,9.99,0.0,0.0,0.0,11.1,23.68,13.05,0.0,0.0,0.0,0.0,0.0,15.52,19.94,0.0,0.0,0.0,0.0,5.81,4.29,0.0,0.0,0.0,13.28,0.0,0.0,0.0,0.0,0.0,0.0
3393,0.0,3.17,5.9,48.49,24.04,28.26,5.63,1.14,7.78,3.42,1.71,5.49,12.77,12.16,6.8,11.02,18.205,31.51,47.12,20.175,8.02,19.14,16.12,10.0,8.0,11.6,8.0,13.85,15.67,0.8,0.0,5.0,21.26,6.0,9.87,3.0,5.0,9.6,0.0,5.0,10.5,14.0,13.0,21.08,5.0,2.0,3.0,20.5,0.0,13.0,0.0,3.0,7.5,21.5,5.0,29.5,42.5,14.6,0.0,5.0,31.2,14.0,16.44,0.0,3.0,13.0,9.1,0.0,0.0,0.0,9.88,35.2,13.2,0.0,0.0,36.52,7.16,15.7,18.36,24.59,13.06,0.0,18.58,7.36,7.07,29.635,17.64,32.4,29.44,41.59,18.05,34.015,14.3,23.28,6.27,13.2,11.63,36.98,31.24,5.04,30.7,5.04,6.49,0.0,32.4,9.9,57.6,66.0,18.48,6.6,37.53,7.2,91.7,29.1,19.7,33.915,53.71,6.66,19.56,96.24,13.32,0.0,19.92,31.76,23.68,24.18,6.66,13.32,6.63,12.92,24.16,83.01,13.32,19.21,0.0,0.0,9.99,0.0,6.63,14.51,13.24,12.44,4.15,121.22,21.6,6.64,19.505,33.25,7.47,49.83,58.275,46.045,82.39,25.75,4.15,0.0,6.65,19.32,19.8,13.29
3395,0.0,8.5,0.0,13.3,1.47,2.08,4.56,5.66,16.865,0.0,0.0,0.0,4.796,5.13,1.52,14.82,18.52,4.0,5.0,0.0,36.89,0.0,0.0,13.236,0.0,0.0,0.0,0.0,0.0,0.0,0.0,0.0,0.0,4.0,0.0,0.0,0.0,0.0,0.0,0.0,0.0,0.0,3.0,0.0,0.0,0.0,5.0,0.0,0.0,6.0,19.0,0.0,0.0,0.0,0.0,0.0,13.5,4.56,0.0,0.0,0.0,0.0,0.0,0.0,0.0,0.0,0.0,0.0,0.0,0.0,0.0,5.04,0.0,0.0,0.0,0.0,0.0,0.0,0.0,0.0,0.0,5.28,0.0,5.13,5.035,0.0,0.0,0.0,0.0,0.0,0.0,0.0,0.0,0.0,0.0,0.0,0.0,6.1,5.7,11.825,0.0,0.0,3.3,6.6,13.215,0.0,0.0,0.0,8.58,15.0,12.0,6.6,0.0,13.215,0.0,0.0,0.0,0.0,6.6,0.0,0.0,0.0,0.0,6.6,0.0,0.0,17.11,0.0,0.0,5.92,0.0,0.0,0.0,13.32,17.76,0.0,0.0,0.0,0.0,0.0,0.0,0.0,25.96,12.32,0.0,0.0,13.28,9.96,9.96,5.81,0.0,0.0,19.92,6.64,0.0,7.81,0.0,13.3,0.0,0.0
3396,0.0,4.62,2.75,0.0,6.8,3.42,0.0,0.0,4.08,4.0,0.0,0.0,3.33,0.0,0.0,0.0,0.0,14.0,15.2,0.0,8.06,0.0,3.2,10.0,0.0,0.0,0.0,0.0,0.0,0.0,0.0,5.0,0.0,0.0,0.0,0.0,5.5,2.75,0.0,0.0,6.0,5.0,14.0,0.0,10.0,0.0,0.0,0.0,0.0,0.0,0.0,0.0,0.0,3.0,12.0,5.0,26.5,9.98,0.0,0.0,0.0,0.0,0.0,0.0,0.0,0.0,59.94,0.0,0.0,0.0,2.0,12.42,5.72,0.0,0.0,0.0,0.0,0.0,5.4,14.8,0.0,0.0,0.0,3.78,0.0,0.0,0.0,0.0,10.26,0.0,10.8,8.74,0.0,16.5,21.23,0.0,0.0,17.01,11.5,0.0,22.68,0.0,0.0,0.0,0.0,6.0,6.3,12.1,0.0,6.6,4.55,5.94,37.555,5.28,0.0,0.0,6.6,0.0,0.0,0.0,39.78,6.6,25.07,6.66,6.66,6.66,33.3,0.0,6.66,0.0,10.25,22.87,0.0,0.0,13.29,0.0,0.0,2.22,0.0,0.0,6.64,34.39,0.0,14.8,0.0,0.0,32.37,0.0,6.64,0.0,10.375,11.205,19.525,0.0,38.18,0.0,0.0,0.0,0.0,0.0
3400,13.98,28.84,32.51,18.69,44.257,180.496,32.92,16.41,95.023,3.42,11.8,24.66,15.71,37.44,27.332,95.5,135.045,252.775,124.585,69.22,204.755,49.16,59.74,145.94,35.68,46.42,20.3,53.81,80.56,43.46,110.05,28.68,58.05,71.52,23.95,23.15,34.62,92.41,37.25,33.64,55.5,95.435,33.125,16.5,15.0,90.1,37.75,20.0,38.2,40.25,100.75,20.68,118.25,22.9,12.5,10.9,11.5,38.86,10.0,69.34,35.3,24.6,27.425,34.98,90.84,47.76,40.52,27.56,10.72,32.3,24.5,97.72,23.84,3.12,46.14,34.24,75.14,157.02,90.525,43.24,67.56,11.1,71.505,158.06,30.425,36.2,99.195,39.89,51.4,45.23,52.835,48.855,66.29,75.605,186.345,286.63,70.86,122.46,164.68,69.805,40.52,10.04,61.83,23.66,22.68,122.57,154.495,262.18,71.145,170.055,124.545,81.75,109.415,261.71,142.81,178.13,182.29,214.12,131.87,125.48,84.56,82.56,156.36,94.64,184.63,261.54,143.5,229.2,193.72,151.88,54.03,166.72,32.16,125.74,141.52,62.31,26.64,98.67,41.88,138.12,177.095,214.16,77.875,146.96,81.215,43.235,66.87,35.285,85.095,68.86,164.045,134.325,134.54,138.91,107.93,94.34,55.84,65.3,98.01,13.25
3401,5.02,5.84,4.725,5.23,12.77,102.192,4.91,37.92,78.986,11.21,8.02,11.59,25.57,28.235,25.82,5.0,65.535,132.25,64.1,43.87,122.34,11.79,10.85,47.56,20.625,20.67,39.16,15.0,16.88,30.02,25.54,26.0,32.5,35.26,13.6,11.76,8.0,10.75,15.0,10.8,20.5,24.1,3.0,34.0,32.5,14.0,15.0,5.0,0.0,9.95,13.0,12.0,5.0,5.2,27.0,2.0,7.0,20.2,9.75,29.39,0.0,6.26,32.34,21.6,4.08,10.4,20.5,17.97,14.44,5.2,6.04,28.18,5.3,20.28,10.5,9.9,26.6,16.2,23.29,5.5,27.63,11.88,21.42,42.74,20.845,42.58,9.9,7.7,17.2,40.425,13.735,28.74,27.54,13.12,65.365,40.3,29.95,80.805,48.13,44.325,9.35,6.0,16.2,12.77,16.26,56.69,31.8,61.35,16.85,16.08,225.405,36.96,18.57,56.99,35.64,35.46,173.91,51.17,23.46,76.38,30.28,55.78,114.06,188.22,120.75,9.99,68.45,16.28,68.715,53.53,87.2,14.03,0.0,71.78,77.62,57.84,35.06,6.66,104.39,58.86,43.16,44.18,47.86,134.795,40.965,50.97,30.6,131.65,71.3,72.915,28.78,60.59,54.83,57.045,147.175,26.55,14.38,32.755,41.9,0.0
3402,0.0,0.0,0.0,0.0,0.0,3.06,0.0,5.1,0.0,0.0,0.0,0.0,0.0,0.0,0.0,0.0,0.0,3.5,0.0,0.0,0.0,0.0,0.0,0.0,0.0,0.0,0.0,0.0,0.0,0.0,2.5,3.0,0.0,0.0,0.0,0.0,0.0,0.0,26.0,5.0,3.0,0.0,0.0,0.0,0.0,0.0,0.0,0.0,0.0,0.0,0.0,0.0,0.0,4.0,0.0,0.0,9.0,0.0,0.0,0.0,0.0,0.0,0.0,0.0,0.0,0.0,0.0,0.0,0.0,0.0,0.0,0.0,0.0,0.0,0.0,0.0,0.0,0.0,0.0,0.0,0.0,0.0,0.0,0.0,0.0,0.0,0.0,0.0,0.0,0.0,0.0,0.0,0.0,0.0,0.0,0.0,0.0,0.0,0.0,0.0,0.0,0.0,0.0,0.0,0.0,0.0,0.0,0.0,0.0,0.0,0.0,0.0,0.0,0.0,0.0,0.0,0.0,0.0,0.0,0.0,0.0,0.0,0.0,0.0,0.0,0.0,0.0,0.0,0.0,0.0,0.0,0.0,0.0,0.0,0.0,0.0,0.0,0.0,0.0,0.0,0.0,0.0,0.0,0.0,0.0,0.0,0.0,0.0,0.0,0.0,0.0,0.0,0.0,0.0,0.0,0.0,0.0,0.0,0.0,0.0
3407,0.0,0.0,0.0,3.15,11.438,0.0,4.9,2.64,6.08,0.0,5.0,3.0,0.0,5.13,0.0,7.04,6.08,0.0,13.05,6.24,0.0,0.0,0.0,0.0,0.0,0.0,0.0,0.0,3.0,0.0,1.56,0.0,0.0,14.0,0.0,0.0,0.0,0.0,0.0,0.0,0.0,0.0,0.0,0.0,0.0,0.0,0.0,0.0,0.0,0.0,0.0,0.0,0.0,0.0,0.0,0.0,0.0,0.0,0.0,0.0,0.0,3.0,0.0,0.0,7.2,5.5,0.0,0.0,5.2,0.0,3.84,0.0,0.0,0.0,0.0,0.0,0.0,6.24,0.0,5.7,0.0,0.0,0.0,0.0,0.0,10.95,0.0,0.0,0.0,0.0,12.84,4.86,0.0,5.13,8.85,0.0,0.0,0.0,0.0,0.0,6.0,0.0,0.0,0.0,0.0,0.0,0.0,6.0,0.0,0.0,0.0,0.0,0.0,0.0,13.26,0.0,0.0,6.5,0.0,0.0,6.66,5.28,0.0,13.32,0.0,0.0,6.6,0.0,14.8,59.24,16.6,13.32,0.0,0.0,0.0,6.66,0.0,0.0,0.0,0.0,3.5,6.66,6.64,0.0,0.0,0.0,0.0,0.0,0.0,6.64,0.0,6.6,0.0,0.0,8.3,6.6,0.0,0.0,0.0,0.0
3409,0.0,0.0,1.53,0.0,5.74,4.87,0.0,0.0,12.24,6.15,8.46,0.0,3.02,10.985,1.98,4.4,13.54,20.045,0.0,3.12,17.9,0.0,0.0,3.0,9.73,0.0,0.0,17.44,3.0,5.19,7.0,0.0,7.0,0.0,5.06,3.5,8.0,3.0,5.0,0.0,0.0,0.0,0.0,5.0,0.0,0.0,0.0,0.0,5.0,20.5,5.0,3.0,0.0,0.0,0.0,5.0,3.0,0.0,0.0,0.0,0.0,7.2,4.5,0.0,10.2,10.455,6.12,0.0,0.0,0.0,8.32,6.095,0.0,11.44,5.12,5.2,7.28,34.98,5.5,4.95,0.0,0.0,2.7,9.9,11.18,5.5,0.0,7.88,5.4,4.95,25.65,0.0,21.565,15.4,21.775,9.9,4.4,11.55,10.45,11.55,0.0,16.775,0.0,5.04,37.86,0.0,0.0,0.0,0.0,0.0,3.015,0.0,8.1,23.445,0.0,0.0,3.3,13.16,12.51,0.0,13.66,21.56,10.36,9.96,0.0,27.38,9.25,20.72,0.0,20.72,0.0,17.02,20.72,17.0,36.97,20.72,7.77,0.0,0.0,39.29,6.6,0.0,0.0,0.0,11.62,10.925,0.0,0.0,0.0,33.54,29.88,10.32,9.96,31.68,9.485,17.16,17.6,0.0,6.6,0.0
3412,1.52,0.0,0.0,0.0,0.0,10.28,1.54,0.0,1.52,0.0,0.0,0.0,0.0,2.035,1.52,0.0,6.94,4.785,2.09,2.0,0.0,3.5,2.5,0.0,3.2,0.0,3.0,2.5,6.5,0.0,0.0,0.0,0.0,0.0,0.0,5.0,0.0,0.0,0.0,0.0,0.0,0.0,0.0,0.0,0.0,0.0,0.0,0.0,0.0,0.0,0.0,0.0,0.0,0.0,0.0,0.0,0.0,0.0,5.0,0.0,0.0,0.0,3.06,6.12,2.04,0.0,2.0,0.0,3.06,0.0,0.0,0.0,0.0,5.0,12.0,0.0,0.0,0.0,0.0,0.0,0.0,0.0,0.0,0.0,4.8,3.92,0.0,5.5,0.0,0.0,0.0,5.67,0.0,0.0,0.0,0.0,0.0,0.0,4.95,0.0,0.0,0.0,0.0,0.0,0.0,0.0,0.0,1.65,0.0,0.0,0.0,0.0,0.0,0.0,0.0,0.0,10.56,0.0,0.0,0.0,0.0,0.0,0.0,0.0,0.0,6.66,0.0,6.66,0.0,0.0,0.0,5.92,0.0,0.0,0.0,0.0,0.0,0.0,0.0,0.0,0.0,6.56,0.0,0.0,0.0,0.0,0.0,41.5,4.29,13.12,29.88,13.28,0.0,9.96,0.0,19.92,0.0,0.0,0.0,0.0
3413,0.0,1.52,0.0,0.0,0.0,3.8,0.0,0.0,14.532,0.0,0.0,0.0,0.0,0.0,0.0,0.0,0.0,0.0,0.0,0.0,0.0,0.0,0.0,6.02,0.0,0.0,0.0,0.0,0.0,0.0,0.0,0.0,0.0,0.0,0.0,0.0,0.0,0.0,0.0,0.0,10.0,5.0,0.0,5.0,0.0,0.0,0.0,0.0,0.0,0.0,0.0,0.0,0.0,5.0,0.0,0.0,0.0,0.0,0.0,0.0,0.0,0.0,0.0,0.0,0.0,0.0,0.0,0.0,0.0,0.0,0.0,0.0,0.0,0.0,0.0,0.0,0.0,0.0,0.0,0.0,0.0,0.0,0.0,0.0,0.0,0.0,0.0,6.195,0.0,0.0,0.0,0.0,0.0,0.0,7.7,0.0,0.0,0.0,6.615,0.0,10.08,0.0,0.0,0.0,0.0,0.0,0.0,0.0,0.0,22.4,0.0,0.0,0.0,5.28,0.0,0.0,0.0,0.0,0.0,0.0,0.0,6.66,0.0,0.0,6.66,0.0,0.0,0.0,0.0,0.0,0.0,0.0,0.0,0.0,0.0,19.89,0.0,6.24,0.0,0.0,0.0,5.28,0.0,0.0,0.0,0.0,0.0,0.0,0.0,0.0,0.0,0.0,0.0,0.0,34.32,0.0,0.0,0.0,0.0,0.0
3414,3.89,0.0,4.48,2.1,22.66,28.188,3.89,8.14,14.44,1.14,1.5,0.0,20.47,4.14,3.04,1.9,21.66,15.84,26.98,18.44,16.02,11.952,10.33,0.0,16.54,33.78,3.0,2.4,23.7,0.0,8.0,2.0,16.58,3.0,12.12,0.0,0.0,7.5,4.5,87.56,13.0,18.65,0.0,7.5,5.0,10.5,10.0,0.0,0.0,0.0,0.0,5.0,2.0,0.0,9.0,22.5,12.0,3.0,20.58,6.5,0.0,0.0,4.5,8.5,20.7,9.08,0.0,20.8,0.0,15.44,0.0,11.54,5.94,0.0,5.3,0.0,10.2,5.985,6.05,0.0,36.24,5.5,13.61,17.6,0.0,5.775,4.95,21.94,34.08,5.13,6.05,27.89,32.71,5.4,20.28,6.05,6.05,16.5,16.5,8.2,22.68,27.9,0.0,0.0,10.8,3.96,13.2,37.35,0.0,11.96,15.54,0.0,0.0,3.3,5.94,8.58,6.6,31.72,6.66,19.61,10.36,24.24,27.38,8.86,25.53,0.0,21.03,2.97,17.22,0.0,0.0,6.6,0.0,0.0,27.36,0.0,6.66,17.7,0.0,11.225,8.88,0.0,6.56,26.975,0.0,6.64,21.575,12.45,9.92,73.08,54.3,6.64,0.0,6.66,0.0,6.65,12.825,0.0,33.09,0.0
3415,0.0,0.0,0.0,0.0,0.0,0.0,0.0,0.0,0.0,0.0,0.0,0.0,0.0,0.0,0.0,0.0,0.0,0.0,0.0,0.0,0.0,0.0,0.0,0.0,0.0,0.0,0.0,0.0,0.0,0.0,0.0,0.0,0.0,0.0,0.0,0.0,0.0,0.0,0.0,0.0,0.0,0.0,0.0,0.0,0.0,0.0,0.0,0.0,0.0,0.0,0.0,0.0,0.0,0.0,0.0,0.0,0.0,0.0,0.0,0.0,0.0,0.0,0.0,0.0,0.0,0.0,0.0,0.0,0.0,0.0,0.0,0.0,0.0,0.0,0.0,0.0,0.0,0.0,0.0,0.0,0.0,0.0,5.2,0.0,0.0,0.0,0.0,0.0,0.0,0.0,0.0,0.0,0.0,0.0,0.0,0.0,0.0,0.0,0.0,0.0,0.0,0.0,0.0,0.0,0.0,0.0,0.0,6.6,0.0,0.0,0.0,0.0,0.0,0.0,0.0,0.0,0.0,0.0,0.0,0.0,0.0,0.0,0.0,0.0,0.0,6.66,0.0,0.0,0.0,0.0,0.0,0.0,0.0,0.0,0.0,0.0,0.0,0.0,0.0,0.0,0.0,0.0,0.0,0.0,0.0,0.0,0.0,0.0,0.0,0.0,0.0,0.0,0.0,0.0,0.0,0.0,0.0,0.0,0.0,0.0
3418,7.45,16.508,77.1,19.44,102.152,71.946,2.04,7.56,29.26,0.0,6.9,0.0,0.0,14.805,21.62,13.35,17.38,54.91,4.64,34.715,43.77,8.33,4.68,30.1,23.6,17.25,7.18,19.3,13.1,12.46,9.73,5.07,8.0,42.9,32.0,16.4,0.0,3.0,15.0,5.4,16.5,4.0,12.5,90.0,8.75,5.0,10.0,8.0,8.0,4.0,0.0,36.0,19.5,25.2,16.2,6.0,25.0,3.5,0.0,21.0,0.0,0.0,2.04,0.0,13.5,11.88,5.035,11.065,0.0,0.0,11.0,8.5,0.0,5.3,0.0,8.64,17.8,7.83,21.47,0.0,4.42,5.5,0.0,13.75,0.0,4.61,29.23,19.7,44.96,10.35,4.32,5.4,8.64,20.96,5.36,25.6,0.0,5.58,20.7,7.005,5.5,0.0,5.1,0.0,7.86,15.65,19.525,23.1,18.0,12.6,19.08,5.5,12.6,19.5,14.07,11.8,33.25,16.73,53.04,23.28,0.0,14.4,37.99,29.53,0.0,136.53,50.92,5.92,13.32,31.08,13.2,62.9,0.0,6.66,6.63,0.0,26.64,11.84,0.0,30.73,6.63,0.0,73.36,12.025,0.0,0.0,10.45,34.03,0.0,17.08,19.25,29.18,6.64,15.84,0.0,0.0,6.64,19.8,4.4,0.0
3419,15.58,7.84,1.56,6.62,23.235,39.407,18.24,3.04,14.07,4.94,0.0,0.0,0.0,0.0,18.81,8.16,10.26,5.48,4.18,7.0,5.32,1.56,0.0,0.0,5.2,3.22,0.0,10.08,4.8,0.0,2.0,0.0,0.0,15.2,5.0,3.5,0.0,5.0,0.0,0.0,15.0,0.0,0.0,0.0,0.0,3.0,0.0,0.0,16.3,5.0,0.0,3.1,0.0,0.0,0.0,4.5,22.5,7.62,0.0,0.0,0.0,0.0,0.0,0.0,0.0,0.0,8.7,0.0,0.0,0.0,0.0,0.0,0.0,0.0,5.2,5.72,0.0,0.0,0.0,3.12,0.0,0.0,0.0,0.0,0.0,4.4,0.0,0.0,0.0,4.86,0.0,11.78,0.0,5.5,6.49,8.91,0.0,0.0,0.0,12.0,7.92,0.0,0.0,0.0,0.0,0.0,18.7,7.7,0.0,7.26,6.6,4.95,0.0,0.0,11.8,0.0,0.0,0.0,0.0,3.3,0.0,11.94,23.14,13.32,33.82,0.0,29.7,0.0,6.66,0.0,0.0,0.0,0.0,0.0,14.04,0.0,69.74,0.0,0.0,0.0,0.0,0.0,0.0,19.98,0.0,0.0,0.0,0.0,0.0,0.0,62.845,22.97,0.0,26.5,8.3,13.28,0.0,0.0,14.25,0.0
3420,0.0,0.0,0.0,1.52,5.32,14.48,0.0,0.0,0.0,0.0,0.0,0.0,0.0,0.0,9.0,0.0,4.18,0.0,4.18,0.0,0.0,0.0,0.0,0.0,0.0,0.0,0.0,0.0,4.8,0.0,3.0,0.0,5.0,9.0,4.94,0.0,0.0,0.0,0.0,0.0,0.0,0.0,0.0,0.0,5.0,0.0,0.0,0.0,0.0,0.0,0.0,0.0,0.0,0.0,0.0,0.0,0.0,0.0,0.0,0.0,0.0,0.0,0.0,0.0,0.0,0.0,0.0,0.0,0.0,0.0,0.0,0.0,0.0,7.02,0.0,0.0,0.0,4.95,0.0,0.0,0.0,0.0,0.0,0.0,0.0,0.0,0.0,5.6,7.56,5.4,0.0,0.0,0.0,0.0,0.0,0.0,0.0,0.0,11.895,7.2,0.0,0.0,0.0,0.0,0.0,0.0,0.0,4.41,0.0,0.0,0.0,0.0,0.0,31.35,2.64,5.28,6.27,0.0,0.0,0.0,0.0,0.0,34.78,13.32,0.0,28.12,6.66,0.0,0.0,0.0,0.0,0.0,0.0,0.0,0.0,0.0,0.0,13.32,6.66,0.0,0.0,0.0,6.64,0.0,13.3,0.0,0.0,0.0,0.0,0.0,0.0,0.0,0.0,0.0,0.0,0.0,0.0,0.0,0.0,0.0
3423,0.0,2.0,1.56,4.81,1.47,4.68,0.0,0.0,1.9,0.0,0.0,0.0,0.0,8.09,2.22,8.0,5.4,0.0,0.0,14.44,3.2,1.56,0.0,7.04,0.0,0.0,0.0,0.0,0.0,0.0,0.0,0.0,4.2,0.0,0.0,0.0,0.0,0.0,0.0,5.0,0.0,0.0,0.0,5.0,4.0,4.0,4.0,0.0,0.0,0.0,0.0,3.0,0.0,0.0,0.0,0.0,43.0,0.0,8.0,0.0,0.0,0.0,0.0,0.0,3.0,2.0,0.0,0.0,0.0,0.0,0.0,3.18,0.0,0.0,0.0,0.0,7.02,0.0,0.0,6.24,0.0,4.32,0.0,0.0,0.0,0.0,0.0,3.3,16.2,14.73,7.62,53.445,4.95,0.0,17.6,0.0,0.0,5.5,0.0,0.0,0.0,0.0,0.0,0.0,0.0,0.0,0.0,13.23,0.0,0.0,0.0,0.0,0.0,0.0,0.0,0.0,13.2,0.0,0.0,0.0,0.0,0.0,0.0,2.2,49.8,0.0,0.0,0.0,0.0,0.0,0.0,6.63,0.0,6.66,0.0,0.0,0.0,6.66,0.0,0.0,0.0,0.0,0.0,0.0,0.0,0.0,6.58,6.64,0.0,0.0,12.035,33.135,13.2,8.3,13.28,0.0,0.0,0.0,6.64,0.0
3424,4.99,0.0,3.58,23.69,1.53,14.96,5.0,3.0,3.04,0.0,0.0,0.0,0.0,0.0,7.98,0.0,0.0,0.0,0.0,6.08,4.56,15.3,0.0,5.28,0.0,0.0,0.0,4.0,0.0,0.0,0.0,3.0,0.0,4.8,4.0,3.0,3.0,0.0,0.0,2.0,3.0,0.0,0.0,10.0,0.0,0.0,0.0,4.0,0.0,0.0,10.0,0.0,0.0,0.0,0.0,3.12,0.0,11.0,2.0,7.5,0.0,0.0,0.0,0.0,0.0,0.0,5.0,49.92,0.0,0.0,0.0,10.6,0.0,0.0,0.0,0.0,0.0,0.0,0.0,17.68,5.4,0.0,0.0,5.72,0.0,4.48,3.51,0.0,5.4,0.0,12.96,4.32,22.985,0.0,9.9,0.0,0.0,30.24,9.52,6.6,28.68,10.09,0.0,0.0,0.0,0.0,6.3,0.0,0.0,6.6,20.46,0.0,0.0,6.6,33.03,13.2,0.0,17.64,6.6,6.66,0.0,0.0,15.91,0.0,80.445,10.23,46.2,26.4,17.76,9.99,6.64,6.66,5.55,6.84,21.96,8.88,0.0,6.66,12.79,35.26,6.24,31.955,6.64,23.24,0.0,0.0,0.0,17.09,0.0,6.64,0.0,24.485,6.64,0.0,55.61,0.0,0.0,0.0,0.0,0.0
3427,0.0,3.0,3.06,11.04,7.1,4.31,5.57,14.128,12.7,2.63,5.7,9.265,0.0,5.36,4.56,7.22,8.005,33.38,9.06,9.73,32.83,1.52,8.23,0.0,0.0,5.0,0.0,11.43,4.0,13.5,17.34,4.5,10.0,0.0,0.0,0.0,11.0,28.5,5.0,0.0,14.0,0.0,0.0,4.556,10.0,4.5,3.0,0.0,15.0,7.0,10.1,24.0,9.68,10.0,29.88,18.0,9.5,20.4,3.0,14.44,0.0,0.0,5.0,10.16,10.92,12.38,11.115,2.04,14.13,29.0,10.92,58.4,9.795,5.4,11.02,0.0,35.2,22.495,18.68,16.4,15.16,9.19,10.26,29.7,17.172,23.86,5.4,5.5,24.62,30.51,33.695,27.385,44.855,54.585,66.53,29.89,51.39,12.65,23.79,33.42,51.59,10.95,12.015,35.46,53.715,69.66,134.065,92.425,47.36,63.375,76.845,41.265,77.81,97.115,72.785,13.2,0.0,74.14,124.22,94.22,73.0,112.89,110.22,101.44,57.6,98.59,55.275,89.79,44.76,39.3,73.12,66.07,26.58,32.87,54.72,41.755,30.28,81.37,55.13,39.6,63.545,92.595,87.72,91.575,74.42,65.965,74.36,45.195,24.13,62.645,57.38,81.295,75.39,109.92,46.33,55.8,93.035,78.155,17.21,30.36
3428,4.23,0.0,0.0,0.0,3.08,0.0,4.935,0.0,2.66,0.0,0.0,5.06,0.0,0.0,4.94,7.65,12.78,1.52,0.0,0.0,11.7,5.28,3.9,0.0,0.0,0.0,11.5,0.0,0.0,7.906,0.0,5.0,0.0,0.0,0.0,10.5,0.0,5.0,0.0,10.0,5.0,0.0,12.94,3.0,20.0,5.5,0.0,13.4,0.0,0.0,0.0,0.0,0.0,0.0,9.42,0.0,5.0,0.0,0.0,0.0,0.0,0.0,30.2,0.0,0.0,0.0,4.0,0.0,5.2,10.0,0.0,0.0,20.8,15.4,0.0,0.0,5.0,4.24,0.0,0.0,0.0,0.0,99.9,6.48,0.0,0.0,0.0,16.225,5.13,6.6,0.0,0.0,0.0,0.0,12.08,14.85,11.0,5.4,6.6,0.0,0.0,0.0,6.6,0.0,0.0,0.0,0.0,0.0,15.12,6.27,0.0,0.0,0.0,0.0,6.6,9.62,9.99,19.92,0.0,19.8,6.66,0.0,0.0,18.9,26.1,13.32,6.66,6.66,16.25,22.585,0.0,0.0,0.0,0.0,0.0,0.0,9.75,6.57,28.16,6.66,10.5,6.64,26.56,52.835,9.96,0.0,22.81,7.02,0.0,18.26,11.62,0.0,0.0,0.0,0.0,0.0,13.2,0.0,0.0,0.0
3429,37.15,49.455,98.265,64.255,101.804,176.555,100.095,93.785,135.252,17.92,17.664,40.072,51.54,36.66,86.965,96.795,171.115,207.27,129.945,132.645,267.673,85.125,89.69,78.0,68.08,77.91,90.055,56.28,68.85,69.659,42.89,58.18,46.25,76.11,95.55,96.34,70.635,136.42,105.535,75.6,158.79,134.12,103.33,80.75,123.52,109.5,101.7,57.36,71.39,54.72,38.12,44.25,66.34,53.11,63.53,93.04,44.635,62.2,80.04,76.605,29.7,88.065,123.87,99.5,57.75,133.875,80.64,111.08,154.587,51.62,88.012,52.79,30.85,128.24,150.965,122.22,104.42,52.35,39.38,138.465,118.44,94.71,106.235,159.27,92.58,102.81,162.635,86.35,85.74,96.43,120.18,164.05,195.538,371.916,210.14,315.37,322.005,217.655,374.27,178.865,324.19,57.25,234.41,158.955,206.855,266.545,296.76,294.975,158.41,334.73,291.0,248.135,409.385,295.385,335.56,174.73,198.57,327.845,477.445,482.915,236.925,379.44,480.17,461.14,347.12,309.075,351.93,342.905,283.26,399.13,319.88,284.52,153.59,215.925,216.6,224.415,179.53,195.4,308.39,337.795,281.73,386.695,538.715,351.16,262.03,392.68,287.14,234.13,404.395,480.595,398.2,419.605,492.595,401.21,617.84,401.855,253.015,362.895,272.635,113.205
3430,0.0,0.0,0.0,0.0,0.0,4.56,0.0,0.0,7.98,0.0,0.0,0.0,0.0,0.0,0.0,10.5,0.0,1.9,0.0,0.0,3.75,0.0,0.0,10.99,0.0,0.0,0.0,0.0,0.0,0.0,0.0,0.0,0.0,0.0,0.0,10.0,0.0,0.0,1.96,0.0,5.0,3.0,0.0,0.0,0.0,0.0,0.0,0.0,5.0,0.0,0.0,0.0,0.0,10.0,0.0,0.0,0.0,0.0,14.38,0.0,0.0,5.2,0.0,0.0,0.0,0.0,0.0,0.0,0.0,0.0,5.2,0.0,0.0,0.0,0.0,0.0,0.0,0.0,0.0,0.0,0.0,0.0,0.0,0.0,0.0,0.0,0.0,5.94,15.12,0.0,0.0,0.0,3.3,13.2,0.0,0.0,0.0,0.0,0.0,0.0,0.0,3.36,0.0,0.0,0.0,11.9,0.0,0.0,0.0,0.0,0.0,0.0,0.0,6.6,6.6,0.0,0.0,0.0,27.4,0.0,13.32,0.0,0.0,0.0,6.6,13.32,0.0,10.15,0.0,0.0,8.085,19.98,0.0,19.5,0.0,0.0,6.64,0.0,0.0,0.0,0.0,9.96,0.0,0.0,0.0,10.925,19.97,0.0,10.56,0.0,0.0,0.0,0.0,0.0,0.0,0.0,0.0,13.2,0.0,0.0
3431,7.6,18.663,18.975,12.615,15.36,50.645,13.94,28.965,24.085,9.16,11.08,13.06,6.08,3.0,17.78,16.92,23.38,37.28,27.36,16.84,40.64,5.0,36.3,9.02,8.6,5.6,14.5,24.62,33.98,1.44,12.0,15.5,0.0,7.5,28.58,3.0,34.11,20.0,10.115,26.555,4.0,33.8,22.87,25.0,25.75,11.5,27.85,5.0,0.0,32.5,20.5,26.24,19.16,11.1,8.5,3.12,13.0,5.0,8.5,8.32,9.1,9.45,16.52,0.0,6.0,8.0,2.04,0.0,15.91,10.005,7.6,22.93,8.91,8.4,29.11,19.595,20.72,13.84,24.77,11.34,0.0,40.91,19.9,21.18,5.83,33.745,11.15,15.22,28.24,14.725,23.415,26.015,28.54,0.0,35.27,19.265,58.43,23.09,33.7,19.995,19.625,5.7,19.5,21.195,19.53,71.815,37.795,27.34,62.44,29.85,40.29,28.35,24.32,31.935,67.195,13.2,82.705,71.92,49.105,29.63,21.9,29.54,44.67,35.1,29.74,23.52,59.26,98.3,36.905,99.955,13.32,41.85,45.82,48.07,102.35,65.355,54.438,25.22,54.825,25.93,44.685,31.99,24.0,43.01,46.065,46.48,66.83,29.06,61.49,68.785,60.8,10.675,70.725,58.38,85.44,33.24,19.8,35.12,15.62,0.0
3432,0.0,0.0,0.0,0.0,0.0,4.94,0.0,0.0,4.56,0.0,0.0,0.0,0.0,0.0,0.0,0.0,0.0,5.39,0.0,0.0,4.94,0.0,0.0,0.0,0.0,5.0,0.0,5.0,0.0,0.0,0.0,0.0,0.0,0.0,0.0,5.0,5.0,5.0,0.0,0.0,5.0,0.0,0.0,0.0,0.0,5.0,0.0,0.0,0.0,0.0,0.0,0.0,3.0,0.0,0.0,5.0,0.0,10.2,0.0,0.0,0.0,0.0,0.0,0.0,0.0,0.0,0.0,0.0,0.0,0.0,0.0,10.0,0.0,0.0,0.0,0.0,0.0,0.0,0.0,0.0,0.0,0.0,0.0,4.96,0.0,15.64,0.0,0.0,6.05,0.0,0.0,5.4,0.0,0.0,6.05,5.225,0.0,6.6,0.0,0.0,0.0,0.0,0.0,0.0,0.0,0.0,0.0,0.0,0.0,0.0,0.0,0.0,0.0,0.0,0.0,6.6,0.0,0.0,14.43,0.0,0.0,0.0,2.96,6.66,15.17,0.0,0.0,0.0,6.3,0.0,0.0,6.66,0.0,0.0,0.0,0.0,0.0,0.0,13.26,0.0,0.0,6.63,0.0,0.0,0.0,24.6,6.64,0.0,10.37,0.0,0.0,6.66,0.0,0.0,0.0,0.0,0.0,0.0,0.0,0.0
3433,0.0,0.0,0.0,0.0,0.0,0.0,0.0,0.0,0.0,4.935,0.0,0.0,0.0,3.04,0.0,3.04,0.0,0.0,4.68,0.0,3.06,0.0,0.0,0.0,5.0,0.0,0.0,0.0,0.0,5.0,0.0,0.0,0.0,0.0,0.0,0.0,0.0,3.0,0.0,0.0,3.0,0.0,0.0,0.0,0.0,0.0,0.0,0.0,0.0,10.0,0.0,0.0,0.0,0.0,0.0,4.0,0.0,0.0,10.2,0.0,0.0,0.0,0.0,0.0,4.08,0.0,0.0,0.0,0.0,0.0,0.0,11.02,0.0,0.0,3.24,0.0,3.24,5.4,3.24,0.0,0.0,0.0,0.0,0.0,0.0,0.0,4.05,0.0,9.86,0.0,0.0,0.0,0.0,0.0,2.32,0.0,0.0,3.42,0.0,0.0,0.0,0.0,15.4,0.0,0.0,6.84,0.0,0.0,0.0,0.0,6.4,0.0,12.87,15.84,23.6,0.0,6.6,0.0,0.0,13.32,0.0,7.4,0.0,0.0,0.0,0.0,0.0,11.1,0.0,0.0,0.0,0.0,0.0,0.0,6.66,0.0,8.58,0.0,0.0,0.0,0.0,0.0,9.96,19.0,6.64,0.0,0.0,10.375,0.0,0.0,0.0,0.0,0.0,0.0,0.0,0.0,0.0,13.2,0.0,0.0
3434,9.57,3.005,17.15,25.735,29.705,36.87,10.336,28.88,40.33,6.46,13.545,2.5,1.56,7.94,9.5,35.2,26.09,46.88,21.46,9.705,44.38,25.04,30.595,7.6,5.07,19.35,5.0,21.2,12.54,20.0,4.7,7.0,8.5,21.0,9.0,13.29,36.0,15.6,5.08,26.32,32.5,26.1,27.5,17.7,22.54,24.75,11.0,0.0,13.0,17.5,3.0,9.0,8.0,6.75,12.5,8.5,9.5,13.7,10.2,13.52,10.0,55.66,37.22,8.22,5.1,19.56,4.94,20.6,16.38,12.16,20.8,10.17,14.855,18.815,13.81,22.74,15.355,9.14,13.9,21.96,15.68,14.63,19.72,10.08,26.69,61.1,71.88,26.61,64.53,42.39,38.905,6.9,28.595,73.875,67.945,48.235,14.66,39.82,35.47,80.725,64.465,2.9,69.03,25.955,24.255,32.675,81.68,6.3,29.16,29.42,18.41,36.045,49.085,42.9,51.55,130.03,51.09,29.1,44.63,109.04,21.83,35.31,46.23,110.27,81.92,76.86,55.14,129.775,64.18,68.1,83.925,97.37,37.37,40.58,62.95,55.39,18.13,42.05,63.18,73.365,91.6,54.358,70.635,88.03,31.54,43.875,74.195,50.59,62.84,52.59,60.47,71.61,69.34,52.09,71.465,143.93,8.36,50.72,42.62,6.6
3435,2.28,11.505,4.98,17.21,12.9,17.42,5.32,18.62,46.345,1.52,3.8,9.615,9.6,7.22,15.2,19.98,0.0,27.94,20.64,24.81,36.14,8.6,3.04,18.34,5.0,20.5,0.0,13.26,13.56,5.76,16.61,3.0,7.0,10.5,13.0,3.25,4.0,16.4,12.0,6.5,0.0,3.0,12.0,14.0,35.5,18.0,0.0,16.5,2.5,13.0,17.825,3.5,3.0,10.25,10.1,7.0,4.16,5.22,14.0,16.8,10.5,18.4,8.035,3.12,5.1,10.63,19.98,31.555,3.12,18.72,2.0,3.12,14.32,20.7,22.175,12.9,20.91,22.52,23.71,9.48,36.88,60.16,16.2,22.3,9.355,29.175,4.05,6.05,46.79,15.492,30.04,5.4,6.213,30.35,55.975,36.34,20.69,51.45,12.74,47.115,15.45,10.8,19.8,54.865,25.7,25.8,50.34,30.06,26.575,34.565,9.9,23.76,47.15,64.615,21.78,23.1,62.01,37.235,29.7,20.63,36.57,15.64,19.8,62.74,62.9,15.69,6.6,37.62,54.93,86.225,57.6,19.95,29.88,57.77,3.33,35.63,21.546,37.3,120.94,19.51,39.66,0.0,18.26,55.195,19.11,35.645,74.685,13.2,20.935,30.315,71.555,52.73,79.725,16.605,62.55,64.005,53.28,19.8,38.52,13.2
3437,4.995,41.805,31.375,34.98,62.455,108.261,15.89,29.52,76.676,5.34,13.33,7.68,28.04,22.42,48.47,26.38,56.95,111.945,51.3,58.55,95.76,20.7,26.6,46.255,21.68,10.57,12.9,30.19,15.91,8.06,6.5,0.0,24.66,37.75,22.0,15.25,21.75,25.5,35.97,22.5,14.795,45.44,40.05,44.71,75.35,36.96,52.95,20.42,28.08,22.58,67.0,54.15,58.95,17.02,38.0,31.54,11.0,19.16,48.795,50.144,2.65,105.55,22.6,43.7,16.6,48.16,16.08,46.596,59.465,24.44,40.03,37.03,53.095,81.02,31.335,56.95,55.02,53.1,65.305,26.94,128.71,63.915,50.22,36.64,41.275,28.59,147.1,77.23,81.545,188.09,71.861,74.81,152.555,49.85,151.795,70.955,92.945,73.19,93.15,128.32,31.11,40.095,43.64,112.515,52.57,61.025,89.225,74.455,88.32,72.625,104.685,98.125,93.565,102.15,182.245,135.475,123.605,82.87,121.165,77.4,90.67,101.7,210.14,79.97,166.15,75.47,169.2,115.65,105.89,128.475,173.013,97.43,79.44,98.27,79.32,100.39,102.345,79.47,107.52,89.08,140.195,78.655,373.92,266.44,80.48,121.285,145.275,195.31,83.43,139.6,146.055,128.515,125.12,180.83,207.98,152.33,123.23,84.37,62.635,61.0
3438,1.48,3.289,11.08,0.0,8.06,7.785,17.195,9.145,22.91,0.0,0.0,2.0,0.0,3.8,5.13,3.08,27.99,38.8,12.46,2.04,22.6,12.07,5.0,38.32,0.0,5.5,5.24,0.0,3.29,11.5,0.0,0.0,4.0,11.18,5.0,3.0,13.89,7.0,20.1,0.0,11.5,0.0,3.0,7.0,3.0,0.0,6.0,2.0,8.0,9.0,2.0,0.0,5.04,8.2,0.0,0.0,5.0,5.98,0.0,4.5,10.72,22.68,0.0,11.0,17.0,15.48,3.0,0.0,0.0,20.86,5.3,101.76,16.0,10.2,0.0,32.16,0.0,3.9,3.36,2.97,0.0,0.0,8.545,0.0,5.4,89.22,7.965,15.995,9.44,18.06,9.455,51.6,11.7,6.51,31.625,26.07,18.31,12.1,29.32,3.3,10.08,6.6,74.335,6.6,13.11,46.82,4.41,16.8,19.815,6.6,40.41,33.52,76.54,3.3,11.27,6.6,18.87,27.76,0.0,13.06,0.0,19.89,11.22,13.26,13.26,12.95,9.99,41.81,17.17,0.0,53.655,44.77,12.96,31.82,14.48,16.49,31.99,23.07,0.0,37.53,21.165,22.98,21.995,14.94,17.45,92.45,6.64,37.66,6.64,39.82,145.02,54.79,42.38,13.2,29.6,48.89,7.92,6.6,39.85,55.45
3440,8.17,6.04,5.94,1.5,14.29,26.18,0.0,11.295,11.991,0.0,6.94,0.0,6.08,5.51,0.0,0.0,10.53,30.58,4.0,0.0,11.76,8.27,0.0,5.39,10.728,0.0,5.0,0.0,0.0,0.0,0.0,1.56,0.0,5.0,0.0,0.0,0.0,0.0,0.0,2.5,8.0,0.0,5.0,0.0,13.0,15.0,8.0,10.0,5.0,5.0,0.0,0.0,6.5,13.2,10.5,0.0,0.0,6.04,0.0,8.92,3.0,15.42,11.52,8.0,8.5,0.0,10.7,8.32,0.0,0.0,10.36,0.0,9.56,0.0,0.0,0.0,3.12,33.24,5.4,0.0,0.0,17.82,11.445,3.3,4.24,26.84,19.62,16.47,13.4,5.32,13.105,13.11,0.0,24.35,11.505,21.695,11.9,6.615,6.6,35.0,0.0,10.56,10.42,0.0,11.955,11.83,13.2,19.14,0.0,17.65,11.36,8.58,0.0,19.86,7.92,13.2,14.52,16.44,13.22,15.64,41.48,17.22,29.25,20.72,3.7,0.0,0.0,20.43,9.99,16.8,9.565,13.29,22.17,6.29,24.99,7.8,6.63,0.0,25.64,32.8,0.0,35.08,16.93,38.45,14.83,28.545,9.47,10.75,6.64,5.4,17.75,14.485,24.68,19.8,7.47,51.48,0.0,21.2,15.4,18.26
3441,1.51,0.0,3.06,1.54,2.82,6.05,0.0,2.28,3.01,0.0,0.0,0.0,0.0,0.0,5.0,1.52,1.64,0.0,0.0,1.9,19.18,3.0,0.0,3.0,0.0,0.0,0.0,0.0,4.0,0.0,2.5,4.0,0.0,0.0,0.0,0.0,0.0,8.0,4.27,2.616,4.0,0.0,10.0,13.0,0.0,3.64,7.95,21.5,8.0,0.0,15.0,0.0,10.0,0.0,0.0,0.0,5.2,3.0,0.0,0.0,2.08,0.0,2.6,15.3,3.06,3.12,0.0,5.2,5.1,10.8,5.3,0.0,5.2,0.0,0.0,3.0,17.74,0.0,0.0,5.4,0.0,4.4,8.46,9.24,0.0,0.0,9.165,8.02,9.94,3.6,5.04,6.49,11.825,6.6,99.9,16.56,0.0,0.0,15.84,0.0,10.08,0.0,16.975,5.355,22.735,2.9,0.0,47.1,4.29,18.81,19.32,0.0,19.6,5.94,0.0,0.0,15.35,20.72,6.175,0.0,0.0,0.0,11.1,0.0,6.66,0.0,0.0,5.18,60.4,16.06,10.73,13.26,5.18,17.02,39.27,6.64,14.95,13.26,12.93,13.32,0.0,0.0,0.0,17.35,12.49,6.225,24.875,13.26,0.0,55.38,29.095,0.0,19.92,134.625,8.8,0.0,17.16,3.32,20.68,0.0
3442,17.368,14.489,30.45,26.98,38.97,88.955,30.257,37.075,56.525,16.27,15.79,7.0,10.62,7.18,23.38,36.895,26.48,63.055,54.54,49.265,115.44,10.5,14.61,43.73,20.28,17.02,23.035,36.76,60.97,16.5,19.48,9.0,13.43,17.72,10.5,15.79,36.69,2.25,19.62,26.655,78.145,6.25,4.0,38.0,22.56,39.75,48.75,29.56,5.0,50.025,12.37,33.28,17.24,37.02,17.5,30.0,115.11,60.01,14.96,80.35,14.56,38.01,40.145,17.545,26.62,31.03,12.15,50.94,29.56,14.12,37.97,35.62,25.39,55.38,73.88,61.845,51.06,32.68,20.585,54.89,45.375,54.05,107.85,35.345,44.94,73.67,46.515,35.09,18.96,52.795,21.72,59.015,27.855,67.615,76.535,148.061,56.295,94.705,125.645,94.84,160.06,98.15,48.315,60.315,60.685,78.865,82.01,35.04,108.3,74.55,96.69,114.35,165.25,51.75,85.83,120.06,132.1,107.76,96.69,153.85,56.725,83.27,128.28,143.34,168.195,127.05,69.92,176.09,97.86,115.405,123.42,117.49,79.401,111.175,130.54,34.305,101.265,93.93,121.485,122.555,124.82,114.55,167.31,69.06,39.24,153.145,119.135,79.25,112.75,105.015,107.58,104.55,93.445,139.43,107.26,112.77,72.62,73.97,63.97,106.57
3444,53.13,9.43,31.88,28.94,58.842,84.915,39.145,58.208,43.79,10.3,20.535,13.52,4.18,23.035,32.38,21.64,88.94,60.78,35.08,51.96,85.425,26.62,29.12,37.02,23.76,25.7,18.5,19.47,22.5,31.0,12.07,15.5,9.035,23.5,19.1,13.17,8.75,14.88,63.0,18.52,29.725,21.0,66.514,41.48,18.0,21.36,31.4,56.66,29.0,81.96,60.96,28.9,36.58,42.04,185.655,43.4,99.75,17.22,31.06,48.85,40.59,76.16,42.34,54.792,15.22,35.8,29.24,84.725,44.5,60.26,46.75,60.64,50.73,76.395,54.59,31.87,101.498,47.68,14.714,28.66,78.415,51.34,37.54,85.35,40.55,83.72,156.575,63.11,66.27,81.51,122.46,67.69,133.28,124.2,71.17,42.695,68.4,116.8,109.3,91.695,127.452,38.09,32.91,119.935,46.245,84.5,44.1,71.59,45.27,73.695,164.685,77.925,144.23,58.885,137.26,64.335,94.53,232.8,143.97,109.78,78.99,106.695,321.96,104.165,101.07,61.55,85.02,176.27,123.738,90.64,120.63,108.781,65.241,33.46,248.47,111.49,148.17,25.61,117.505,148.72,218.83,121.534,105.85,174.635,31.74,111.295,70.04,86.765,124.725,103.305,24.15,194.335,266.04,85.13,96.525,122.14,95.415,96.915,106.35,5.28
3446,0.0,4.56,3.86,10.92,3.04,3.1,5.14,1.54,6.1,0.0,1.71,6.455,16.788,7.5,0.0,0.0,8.1,13.0,9.875,9.43,15.3,6.0,4.9,16.1,2.0,11.13,5.0,15.5,0.0,3.0,5.5,7.0,8.0,0.0,6.75,0.0,0.0,0.0,2.8,0.0,0.0,3.0,0.0,0.0,8.0,4.0,0.0,3.75,4.0,0.0,0.0,3.5,8.1,0.0,0.0,0.0,11.58,0.0,3.0,10.2,8.46,23.14,30.92,9.3,8.26,4.16,0.0,9.075,3.975,3.12,5.1,0.0,0.0,0.0,0.0,0.0,9.33,5.0,10.12,0.0,9.86,3.19,0.0,3.3,0.0,0.0,21.87,2.97,5.035,15.09,6.0,2.85,18.8,10.02,13.515,9.905,16.84,6.6,5.225,0.0,0.0,6.615,14.49,6.615,5.2,12.39,16.3,0.0,5.04,8.905,17.49,18.9,0.0,29.37,19.7,3.96,6.6,6.66,6.65,29.3,0.0,15.17,3.7,0.0,11.78,14.1,6.66,18.87,0.0,0.0,0.0,18.87,17.76,10.53,18.5,0.0,0.0,10.9,14.31,21.113,12.315,23.655,16.775,7.47,6.64,6.375,28.29,10.74,28.625,17.915,12.035,27.52,20.89,25.08,28.44,7.04,0.0,0.0,14.52,0.0
3447,0.0,0.0,1.52,3.99,0.0,10.49,1.54,4.18,3.08,0.0,8.95,3.96,0.0,0.0,3.0,1.505,15.82,3.0,5.28,0.0,3.525,0.0,7.0,0.0,0.0,10.12,0.0,0.0,0.0,0.0,0.0,5.0,3.0,0.0,9.5,3.0,0.0,0.0,5.0,2.8,1.0,5.5,0.0,4.0,13.0,5.0,4.0,0.0,3.0,0.0,3.0,0.0,3.0,0.0,9.0,0.0,3.0,3.12,5.2,0.0,5.035,3.0,8.06,5.0,0.0,0.0,0.0,0.0,4.68,0.0,10.4,2.0,0.0,0.0,0.0,0.0,5.4,0.0,9.8,12.48,0.0,11.0,0.0,0.0,1.375,3.24,6.21,0.0,0.0,9.86,2.7,0.0,0.0,0.0,13.2,5.1,0.0,8.31,5.4,8.25,5.58,0.0,0.0,6.4,3.96,6.885,6.27,0.0,5.225,6.6,6.6,6.6,11.1,6.6,14.08,16.96,6.6,6.66,0.0,6.93,5.28,0.0,9.9,23.83,6.6,6.66,11.7,15.87,5.18,0.0,0.0,0.0,17.76,9.45,6.66,12.09,6.63,0.0,0.0,14.78,6.63,7.055,10.375,14.94,11.62,6.64,10.375,0.0,21.58,0.0,22.38,13.28,0.0,6.64,8.3,0.0,0.0,10.56,6.525,0.0
3448,5.79,6.06,1.52,5.27,10.69,11.78,1.52,5.385,18.54,3.42,4.94,16.635,7.0,16.84,4.94,0.0,10.04,6.835,7.28,8.935,15.94,9.94,0.0,15.72,6.0,5.0,5.61,7.0,0.0,0.0,10.0,0.0,3.0,13.0,0.0,5.0,0.0,5.0,3.0,10.0,6.0,5.0,3.0,1.5,7.0,8.25,0.0,3.0,4.0,7.125,6.75,0.0,5.61,6.97,0.0,4.16,12.24,0.0,4.16,4.0,0.0,0.0,0.0,1.04,0.0,5.2,0.0,0.0,22.88,0.0,8.93,18.66,9.2,0.0,32.11,5.2,1.56,7.24,5.64,5.4,0.0,5.4,5.2,8.12,0.0,0.0,9.44,4.05,6.6,0.0,0.0,5.1,8.37,8.55,6.48,14.095,10.175,18.2,4.4,12.7,4.41,0.0,5.76,0.0,13.68,26.97,6.6,4.29,18.71,11.32,15.9,16.84,0.0,11.22,0.0,6.6,30.35,34.44,5.61,29.07,3.96,31.11,6.66,4.29,13.06,33.18,19.98,37.905,13.32,13.32,7.03,20.52,0.0,6.66,15.88,6.63,7.4,0.0,0.0,0.0,9.36,6.64,6.64,29.43,6.64,6.64,15.77,11.0,5.395,26.75,7.47,16.615,53.84,13.29,6.64,36.91,0.0,28.37,18.835,0.0
3450,16.52,19.365,21.4,19.01,60.79,87.255,51.36,40.325,50.705,12.435,13.395,15.35,17.35,13.46,10.41,19.795,42.905,57.04,35.1,28.68,58.05,16.235,3.12,10.33,10.62,29.2,10.06,21.81,21.5,30.12,20.15,14.905,4.35,14.275,12.745,27.27,4.96,39.175,19.76,26.9,8.645,23.034,19.0,26.789,97.08,100.78,92.1,57.77,85.0,40.0,16.8,25.325,23.71,13.91,28.32,54.335,65.27,26.28,11.44,31.9,26.37,39.16,70.09,9.85,32.695,10.14,8.645,29.88,61.91,11.96,28.6,37.62,20.25,39.83,29.4,17.79,21.43,40.04,38.58,24.73,17.065,34.54,32.16,49.005,11.395,36.555,83.25,53.765,37.0,33.72,152.229,65.35,14.845,69.375,99.32,54.925,30.485,62.07,90.09,81.0,18.34,26.135,36.99,48.315,78.26,83.615,66.49,88.605,48.08,54.66,61.695,26.85,72.685,35.55,50.24,60.265,62.88,97.42,67.99,71.585,33.69,39.66,35.34,30.62,39.13,32.49,93.87,55.54,75.616,57.953,96.552,74.0,32.449,41.357,52.889,23.82,70.32,53.63,44.6,19.78,64.96,36.89,48.65,64.2,48.61,70.36,42.295,14.375,75.47,59.195,90.73,62.96,26.42,60.34,99.536,87.535,48.46,105.97,46.24,5.59
3451,5.58,11.56,0.0,21.81,40.283,68.465,20.925,27.05,44.8,7.18,8.65,9.5,7.088,10.05,23.955,8.32,27.92,54.99,17.88,21.335,69.735,10.23,19.28,24.971,9.27,13.08,24.4,23.251,29.16,8.7,12.92,13.7,23.62,9.17,6.5,6.54,3.5,5.82,31.33,9.0,9.75,13.3,13.5,12.0,29.0,54.7,34.5,47.0,34.0,19.75,27.0,13.5,10.75,12.54,25.82,36.98,14.16,9.36,23.36,11.79,15.72,26.88,16.1,18.747,12.25,23.62,23.12,9.055,24.44,20.3,32.572,48.18,45.8,42.365,49.438,20.31,24.5,24.9,22.83,48.22,11.04,25.95,34.352,122.16,35.49,60.125,29.495,66.085,40.18,55.702,15.295,44.64,55.255,42.85,93.095,52.635,41.71,60.44,33.09,73.635,54.865,43.93,32.855,41.04,35.11,53.525,56.845,48.175,10.95,68.715,44.82,55.385,60.11,51.64,58.045,60.64,63.9,116.24,47.67,33.96,30.76,42.46,104.03,55.43,18.23,100.52,152.49,142.155,128.301,52.013,83.055,153.848,43.053,89.695,59.39,57.32,52.993,78.022,98.75,110.006,61.349,49.789,50.647,69.243,58.78,59.68,54.065,69.315,41.011,77.475,65.36,115.09,61.3,64.065,49.575,50.06,43.65,129.99,40.385,6.525
3453,6.455,3.6,9.69,12.69,32.73,10.37,3.04,8.24,51.996,1.52,10.932,13.33,11.245,1.9,13.61,5.25,17.138,20.67,9.84,1.52,37.47,10.2,6.52,12.19,5.4,21.83,17.9,9.0,5.07,3.0,3.0,6.47,4.0,18.0,15.16,8.06,10.0,1.5,5.0,14.9,16.0,4.0,15.0,0.0,3.0,14.0,42.232,17.0,16.5,8.0,13.0,21.6,17.0,21.5,0.0,5.2,14.96,0.0,5.6,5.2,14.3,10.82,25.08,13.66,5.4,0.0,5.12,0.0,21.68,15.8,19.43,12.11,3.24,14.06,23.66,10.87,5.2,5.0,17.29,16.13,22.76,0.0,11.36,18.96,31.77,5.035,39.26,6.75,24.77,37.88,131.785,13.08,15.15,17.74,11.88,31.095,38.12,21.795,11.4,15.415,8.64,0.0,3.3,12.28,32.115,12.48,43.48,9.9,16.5,5.67,17.4,28.14,6.6,21.78,0.0,51.44,24.96,16.65,26.58,31.41,29.22,6.6,45.09,12.68,67.57,21.46,18.5,48.01,52.155,37.31,19.95,29.03,0.0,26.89,32.66,5.18,11.84,19.67,8.658,47.4,27.255,6.225,8.3,48.03,13.29,13.2,52.33,6.64,22.565,24.945,13.015,60.11,26.565,31.3,25.1,13.28,17.765,0.0,6.48,12.825
3458,0.0,4.54,9.89,11.06,7.745,7.72,11.975,18.85,18.455,0.0,1.52,12.5,3.04,17.58,2.15,2.15,17.205,23.93,11.67,11.02,18.1,5.0,12.19,5.0,3.5,2.0,5.0,14.2,8.1,12.79,22.5,3.0,0.0,12.4,11.0,7.0,3.0,10.0,10.075,0.0,10.1,5.0,24.25,2.75,17.5,3.0,8.75,14.25,4.5,5.5,26.18,7.0,0.0,7.0,14.5,3.12,11.156,0.0,5.0,4.68,5.0,20.15,5.0,10.68,4.12,6.0,15.26,16.19,24.465,4.94,11.46,9.93,0.0,0.0,41.1,1.8,10.5,20.36,14.61,18.72,14.73,4.77,0.0,0.0,0.0,22.725,21.96,19.235,8.77,8.1,4.425,25.74,27.395,46.56,41.875,26.85,26.62,27.267,26.64,38.71,50.59,19.375,30.81,20.56,11.335,32.635,21.805,3.3,25.08,23.07,27.5,26.36,27.02,9.9,37.13,18.48,19.35,26.07,5.4,14.4,13.16,43.84,56.82,19.79,5.61,26.32,26.32,35.35,47.47,56.76,53.283,35.55,20.313,42.62,71.256,36.58,21.09,27.79,33.58,26.44,146.477,48.03,50.63,6.64,19.02,42.92,72.51,7.4,83.335,50.14,36.57,0.0,49.805,16.52,54.6,86.37,19.78,21.355,38.845,0.0
3460,4.5,10.19,3.04,3.04,13.69,25.75,5.0,16.89,9.44,1.9,6.05,1.52,4.6,5.155,3.8,4.94,17.64,8.08,31.7,6.48,20.58,24.3,10.07,6.99,11.69,12.65,6.52,1.84,14.07,9.0,4.0,17.92,9.18,13.0,7.15,19.32,6.795,0.0,10.115,5.0,3.0,15.86,3.5,0.0,15.5,13.5,14.675,9.53,9.16,29.0,6.0,7.0,6.0,10.2,2.475,0.0,43.4,9.0,8.12,4.0,10.88,8.5,0.0,0.0,62.24,7.0,4.16,1.56,6.24,3.57,0.0,8.25,12.22,0.0,5.13,3.78,11.37,42.88,15.56,41.62,12.69,13.84,17.77,8.22,0.0,2.34,5.13,0.0,61.725,19.145,14.76,113.25,7.2,148.55,17.86,27.13,11.655,7.29,29.775,17.54,53.31,0.0,19.83,22.68,3.835,10.085,87.96,10.01,19.54,29.07,0.0,35.875,31.155,23.76,36.165,140.64,40.38,32.03,16.56,45.55,25.24,6.6,41.03,12.95,17.82,21.46,24.894,93.745,18.75,24.42,38.29,66.94,6.66,10.36,18.82,77.11,13.29,36.56,49.21,33.43,52.67,32.84,15.77,18.08,37.495,52.035,13.31,12.865,53.53,60.575,18.36,39.84,35.94,42.585,47.475,33.63,49.93,6.6,13.2,13.2
3461,14.44,12.38,15.34,3.04,21.515,36.4,18.74,21.58,30.27,6.06,5.7,4.56,4.52,9.5,6.42,22.42,12.88,26.66,22.37,15.93,46.643,38.765,16.62,42.235,18.4,11.16,2.16,45.45,11.08,24.5,14.2,12.405,29.37,18.18,41.13,14.9,14.55,21.28,28.71,5.4,21.5,16.17,29.01,19.18,31.355,20.69,24.0,4.0,19.5,5.6,21.5,24.45,9.5,11.5,17.84,10.4,12.77,8.0,11.26,22.75,15.94,34.53,28.905,26.165,11.835,10.3,2.04,27.92,28.415,17.1,7.848,14.88,7.28,18.13,28.26,18.88,34.25,7.48,11.43,11.48,50.865,43.52,29.63,25.77,27.21,11.34,20.63,13.46,17.505,82.11,30.865,41.935,46.74,37.59,57.67,62.612,43.285,23.86,66.08,58.635,41.26,37.705,48.615,14.465,87.83,41.43,69.695,43.425,119.45,22.24,43.89,19.31,65.56,34.98,114.375,45.6,96.12,50.07,70.16,43.045,19.92,38.6,87.06,174.84,102.05,34.7,35.875,73.73,80.885,36.946,55.64,66.36,77.622,36.23,57.6,51.54,79.22,70.165,57.634,32.0,38.65,49.85,35.56,75.8,39.295,94.44,123.885,62.05,105.17,34.445,79.625,131.965,59.975,56.59,72.6,53.01,10.56,114.485,35.115,14.16
3462,4.38,7.6,7.6,3.04,10.64,12.595,15.44,8.02,18.92,1.52,1.52,0.0,3.48,0.0,0.0,1.5,14.185,5.36,16.71,6.02,1.6,10.0,0.0,5.2,0.0,0.0,2.34,7.0,11.5,10.0,11.5,9.05,0.0,11.5,3.0,6.04,3.5,0.0,4.5,2.5,0.0,5.0,3.0,4.0,5.0,7.0,2.943,5.0,13.5,6.0,7.0,4.5,13.5,3.0,3.0,17.2,9.2,3.12,6.24,0.0,6.5,19.47,2.5,0.0,9.75,7.0,0.0,0.0,3.12,0.0,3.0,9.62,8.38,17.77,6.24,21.152,0.0,11.895,0.0,12.82,17.62,23.73,14.26,17.87,8.88,13.02,6.625,7.2,19.68,6.285,11.73,10.26,0.0,18.01,11.89,18.285,5.51,5.28,5.13,18.3,6.615,0.0,0.0,21.285,15.28,6.06,0.0,0.0,21.36,3.3,23.01,9.75,9.81,18.4,11.22,1.95,20.96,6.975,26.58,24.41,5.61,0.0,16.71,21.84,12.6,4.07,0.0,16.43,6.66,7.92,15.01,6.66,6.66,6.66,3.33,0.0,8.14,14.43,5.85,11.82,5.46,0.0,6.64,0.0,16.03,20.69,0.0,10.66,13.28,5.525,10.375,6.6,6.63,12.9,28.37,0.0,17.16,13.125,6.6,0.0
3463,11.27,10.5,7.21,6.607,20.538,38.09,7.91,12.13,40.196,1.11,3.05,1.52,9.84,3.885,5.125,15.26,22.72,46.625,34.315,15.575,28.59,5.0,10.84,7.0,10.26,18.75,29.86,26.0,4.0,40.07,24.05,19.44,8.83,25.0,17.045,13.6,14.5,22.845,20.711,24.798,7.28,15.848,16.82,25.58,19.0,43.85,12.5,17.24,16.75,9.0,8.5,0.0,5.0,3.0,2.5,7.08,23.84,10.37,15.12,27.91,5.1,10.2,24.58,8.22,1.8,50.44,8.32,38.28,10.81,0.0,5.2,41.54,9.54,36.965,9.2,10.4,20.08,18.15,33.825,34.63,17.774,5.4,14.23,13.6,17.365,0.0,18.38,15.595,11.325,34.2,22.175,14.05,11.115,12.465,22.35,32.73,23.71,20.985,9.57,17.995,7.965,10.71,53.74,42.01,10.635,31.65,34.54,28.32,9.33,51.66,34.96,21.405,17.63,56.87,25.41,34.19,30.96,28.38,6.6,43.41,16.12,57.615,31.45,19.575,16.0,80.315,67.882,36.26,20.66,26.913,32.989,27.75,16.5,15.54,34.27,6.66,65.33,13.3,19.98,46.595,25.86,29.865,30.195,36.17,11.525,26.47,36.92,26.08,10.79,48.52,23.935,27.085,34.58,38.65,25.95,13.09,18.24,20.96,13.12,10.12
3464,2.95,4.92,0.0,4.572,6.006,6.456,1.54,0.0,17.585,9.57,0.0,0.0,3.04,3.8,0.0,5.13,4.56,13.63,14.95,11.98,22.45,4.94,18.0,12.2,9.0,4.5,2.4,6.5,8.0,0.0,5.0,5.0,5.0,5.0,4.0,0.0,0.0,11.6,0.0,0.0,4.25,0.0,9.935,2.0,0.0,8.25,0.0,0.0,0.0,7.5,10.0,5.0,10.5,0.0,0.0,7.0,8.0,3.0,4.0,99.84,0.0,5.2,0.0,9.0,0.0,6.36,0.0,6.0,0.0,0.0,10.0,3.18,5.3,9.25,14.34,38.88,9.72,0.0,0.0,20.8,95.2,4.32,30.14,19.2,0.0,5.2,0.0,0.0,20.61,0.0,0.0,5.49,5.13,113.55,30.8,5.225,6.0,0.0,3.15,12.0,11.0,0.0,10.08,0.0,9.12,25.97,6.6,13.495,0.0,15.2,0.0,12.13,0.0,17.16,0.0,0.0,12.92,6.6,20.13,13.26,5.55,16.68,37.68,13.06,19.98,0.0,0.0,19.24,0.0,0.0,6.66,0.0,0.0,30.34,0.0,96.6,6.63,6.63,10.23,10.36,55.74,6.24,0.0,17.015,7.885,0.0,23.59,0.0,26.24,117.0,0.0,12.32,18.26,14.86,13.2,24.795,6.45,6.64,11.88,0.0
3465,7.92,11.02,26.9,31.529,48.04,138.808,46.78,34.73,110.128,9.99,18.67,16.41,6.49,34.46,29.09,50.97,85.8,170.35,95.78,70.11,244.25,57.12,70.29,64.221,28.31,38.57,20.48,29.31,39.583,31.1,47.23,53.63,30.5,88.46,48.925,23.4,8.0,30.5,46.07,40.702,37.85,34.99,56.335,18.5,60.01,19.812,73.0,30.91,25.25,9.0,63.75,15.5,35.5,58.025,22.17,99.94,41.75,27.7,25.0,4.0,9.28,109.84,20.64,17.22,28.3,5.58,56.6,19.55,58.37,16.865,16.54,36.25,25.205,19.92,15.34,29.65,60.87,26.24,41.905,54.58,29.312,57.98,41.93,51.122,50.965,14.58,223.27,62.92,219.545,100.255,52.906,114.645,17.13,175.93,110.84,70.265,56.14,134.2,123.92,247.355,116.18,82.455,18.6,28.405,33.035,44.97,107.88,41.02,79.905,83.025,67.055,65.8,55.76,229.92,91.41,23.88,93.555,64.29,78.75,164.93,47.87,124.64,146.35,100.24,115.16,191.385,138.705,65.51,81.82,118.65,110.25,110.59,31.8,100.69,106.19,40.5,36.82,131.48,211.33,94.11,205.63,40.23,180.925,295.315,74.725,60.4,74.895,62.41,150.765,144.98,79.76,178.895,86.65,36.785,126.895,76.785,6.6,77.63,74.5,3.52
3467,0.0,4.54,1.52,5.61,3.746,5.025,3.1,7.63,13.595,0.0,0.0,0.0,1.9,4.18,2.28,2.0,3.0,6.75,25.15,0.0,22.7,0.0,5.0,15.34,2.07,7.0,6.4,8.0,6.06,5.29,30.0,21.5,5.1,12.5,3.5,2.55,2.78,0.0,0.0,0.0,0.0,23.0,8.0,4.0,5.0,14.0,5.0,23.0,3.0,21.0,3.0,0.0,0.0,0.0,18.5,3.0,12.0,9.24,2.48,6.0,0.0,5.2,5.2,4.0,10.2,0.0,10.98,15.5,0.0,3.06,6.24,5.12,17.46,12.78,55.08,15.4,60.27,37.98,15.2,5.2,10.4,25.3,0.0,5.22,20.435,31.83,20.27,43.49,28.055,5.3,12.53,6.0,3.025,6.6,23.69,0.0,5.7,5.89,25.33,3.92,25.14,19.555,17.18,6.6,6.6,5.015,0.0,11.32,0.0,6.3,67.95,15.18,12.35,10.395,0.0,9.9,16.32,22.09,11.86,13.31,0.0,0.0,0.0,6.66,0.0,12.21,0.0,13.26,0.0,0.0,10.37,12.9,26.0,6.66,19.78,0.0,9.36,0.0,10.36,13.26,5.46,0.0,12.035,7.055,13.28,0.0,25.74,0.0,26.52,13.28,14.56,12.295,4.98,32.755,5.395,0.0,6.65,6.56,4.4,0.0
3468,0.0,1.52,0.0,0.0,1.52,7.74,0.0,0.96,0.0,9.88,0.0,3.8,1.9,0.0,0.0,0.0,0.0,1.9,5.74,0.0,0.0,0.0,0.0,0.0,2.07,3.0,0.0,0.0,4.26,2.5,0.0,3.0,0.0,0.0,0.0,2.07,0.0,0.0,0.0,0.0,0.0,0.0,0.0,0.0,0.0,0.0,2.0,0.0,0.0,0.0,0.0,0.0,0.0,5.5,0.0,0.0,5.0,9.5,0.0,19.0,0.0,10.5,0.0,0.0,0.0,0.0,0.0,5.0,0.0,0.0,0.0,0.0,0.0,0.0,3.0,0.0,10.8,5.4,3.3,4.76,0.0,5.8,0.0,5.4,0.0,4.95,0.0,0.0,0.0,0.0,0.0,0.0,4.875,12.099,0.0,5.7,86.6,0.0,2.56,0.0,0.0,5.68,0.0,0.0,0.0,6.615,0.0,0.0,0.0,0.0,0.0,0.0,0.0,5.12,4.8,0.0,0.0,11.8,0.0,6.65,0.0,7.26,11.88,0.0,0.0,6.65,0.0,12.58,6.66,0.0,0.0,0.0,0.0,0.0,6.63,0.0,0.0,0.0,0.0,10.08,0.0,6.66,0.0,6.64,0.0,5.81,5.81,0.0,0.0,0.0,0.0,0.0,6.3,0.0,0.0,0.0,0.0,0.0,0.0,0.0
3469,0.0,0.0,0.0,0.0,3.04,1.52,0.0,1.54,0.0,0.0,0.0,0.0,0.0,0.0,0.0,6.14,0.0,0.0,0.0,0.0,7.84,2.25,0.0,4.0,0.0,0.0,0.0,0.0,0.0,0.0,0.0,0.0,0.0,0.0,0.0,3.0,0.0,3.0,0.0,0.0,0.0,5.2,6.0,0.0,0.0,0.0,0.0,0.0,0.0,3.0,0.0,0.0,5.0,2.0,0.0,0.0,0.0,3.0,0.0,5.46,0.0,0.0,4.68,0.0,0.0,0.0,0.0,9.61,0.0,8.32,0.0,10.23,11.44,0.0,5.98,4.0,0.0,10.9,0.0,4.4,0.0,4.94,0.0,0.0,0.0,0.0,5.2,0.0,0.0,6.21,18.7,0.0,0.0,0.0,0.0,0.0,10.8,0.0,11.92,5.4,0.0,0.0,0.0,0.0,0.0,0.0,0.0,0.0,0.0,0.0,0.0,6.615,10.525,0.0,0.0,6.55,6.6,13.08,0.0,26.64,0.0,0.0,6.29,11.55,0.0,29.7,0.0,0.0,13.32,18.5,10.36,0.0,0.0,0.0,0.0,0.0,0.0,0.0,0.0,0.0,5.92,0.0,19.09,6.64,6.66,0.0,0.0,0.0,0.0,0.0,13.28,0.0,0.0,0.0,0.0,0.0,6.64,0.0,0.0,0.0
3472,2.28,1.52,11.31,3.08,10.406,31.006,5.25,4.62,0.0,2.64,3.04,0.0,4.18,7.988,1.9,8.74,13.78,17.97,13.36,2.0,18.03,0.0,11.98,11.93,4.585,17.6,0.0,25.23,2.61,1.61,6.0,0.0,3.0,24.5,10.12,12.0,26.5,23.81,19.0,10.0,15.34,9.0,6.0,3.0,11.4,0.0,14.0,0.0,5.0,2.0,0.0,5.0,8.795,3.5,6.0,0.0,3.0,17.0,8.0,2.0,11.75,3.06,3.06,8.16,6.16,8.26,19.5,5.485,6.12,0.0,6.79,0.0,0.0,50.02,5.4,13.32,2.65,7.56,0.0,6.84,1.89,12.77,0.0,0.0,6.6,0.0,11.97,9.6,15.12,18.21,14.25,0.0,6.6,0.0,7.82,51.385,66.9,16.36,47.49,7.875,13.2,16.67,8.025,0.0,0.0,0.0,17.14,24.2,26.305,6.6,19.14,7.64,20.925,19.86,13.31,6.66,26.35,28.62,0.0,14.92,0.0,6.6,10.1,8.67,17.02,30.42,5.18,30.17,22.14,36.69,19.62,24.42,3.9,54.36,10.14,0.0,0.0,7.8,15.9,7.4,5.92,10.375,25.47,39.48,6.225,9.96,17.555,6.65,29.16,12.45,24.485,32.59,4.32,13.2,13.24,35.88,6.16,6.64,0.0,0.0
3475,0.0,3.12,0.0,1.575,1.52,1.54,0.0,4.58,18.9,0.0,3.815,3.885,0.0,0.0,5.0,0.0,4.68,0.0,0.0,0.0,0.0,3.0,0.0,0.0,3.2,0.0,0.0,0.0,0.0,0.0,0.0,0.0,0.0,3.0,3.0,5.0,0.0,5.0,0.0,0.0,0.0,0.0,0.0,0.0,5.75,5.0,0.0,0.0,5.0,0.0,0.0,0.0,0.0,0.0,0.0,2.0,0.0,0.0,0.0,0.0,0.0,0.0,0.0,6.12,4.95,3.12,3.12,3.12,0.0,2.08,0.0,5.0,0.0,0.0,15.035,7.56,8.52,0.0,0.0,4.86,0.0,0.0,0.0,0.0,0.0,0.0,5.035,28.795,3.24,9.52,16.38,0.0,0.0,0.0,3.71,6.6,12.0,0.0,0.0,0.0,6.49,0.0,5.1,4.27,0.0,0.0,0.0,9.75,0.0,6.615,3.575,0.0,0.0,0.0,0.0,29.0,0.0,0.0,0.0,0.0,4.0,0.0,0.0,6.6,4.4,0.0,0.0,0.0,0.0,0.0,6.57,0.0,0.0,0.0,36.24,0.0,10.95,0.0,4.98,6.6,0.0,3.51,0.0,6.63,0.0,0.0,0.0,0.0,0.0,0.0,0.0,6.64,0.0,0.0,6.65,0.0,0.0,0.0,13.2,0.0
3477,0.0,25.95,2.34,1.52,18.24,21.82,1.85,1.65,17.02,0.0,0.0,1.52,0.76,0.0,1.52,1.52,9.25,7.04,19.82,2.0,38.588,0.0,9.5,0.0,9.75,0.0,3.0,0.0,0.0,0.0,5.0,0.0,5.2,0.0,3.0,0.0,4.0,0.0,7.0,0.0,0.0,0.0,0.0,0.0,10.0,3.5,3.0,0.0,0.0,5.5,1.5,0.0,0.0,0.0,0.0,2.0,13.0,4.0,0.0,0.0,0.0,5.0,14.79,0.0,0.0,0.0,0.0,7.54,0.0,12.66,3.12,5.72,0.0,0.0,0.0,0.0,0.0,0.0,5.13,0.0,8.16,0.0,0.0,6.38,5.3,6.095,4.95,10.6,4.125,0.0,0.0,2.2,11.4,17.87,10.075,0.0,6.555,6.405,0.0,22.915,6.405,0.0,0.0,0.0,9.45,19.39,3.78,14.49,0.0,6.6,0.0,6.5,19.375,0.0,20.24,0.0,27.75,0.0,13.13,13.32,6.66,18.54,0.0,22.57,15.3,13.26,16.96,18.87,5.18,0.0,0.0,28.12,0.0,6.66,15.54,0.0,19.89,0.0,11.62,6.64,74.0,6.66,0.0,6.64,7.92,6.64,6.64,15.77,9.96,10.56,6.66,6.64,6.64,0.0,6.64,7.8,13.24,0.0,0.0,0.0
3478,0.0,2.1,6.91,28.38,15.972,50.008,7.14,12.11,26.446,4.14,7.566,6.67,6.84,4.18,11.28,17.29,28.075,46.37,19.76,22.68,25.56,0.0,13.0,25.28,3.92,39.66,10.0,6.1,13.0,0.0,5.07,0.0,102.54,0.0,3.0,8.0,0.0,3.0,2.94,0.0,0.0,8.5,10.29,11.0,105.0,8.0,11.12,9.0,0.0,21.75,0.0,0.0,4.0,7.68,4.0,10.1,19.55,28.4,33.0,35.3,3.0,37.6,5.2,19.947,10.72,0.0,7.36,2.08,0.0,9.86,5.1,2.04,12.26,0.0,101.96,3.12,0.0,10.235,3.57,12.6,9.63,28.68,5.13,0.0,5.64,12.455,36.1,23.55,5.13,22.81,12.805,11.86,29.12,46.73,24.555,18.855,14.92,15.765,14.34,24.685,23.455,44.0,15.62,39.615,6.16,11.025,156.69,5.12,16.8,13.845,13.2,18.8,15.625,12.54,22.775,5.28,67.545,48.08,17.7,24.17,13.32,56.07,22.34,35.44,65.9,54.64,79.22,13.23,24.35,24.42,154.23,28.86,0.0,6.66,28.51,0.0,16.05,22.55,22.03,22.45,13.7,41.1,13.14,18.44,29.04,24.32,20.285,11.62,13.975,11.205,23.655,53.01,27.805,6.225,30.88,7.885,18.06,13.2,0.0,10.32
3480,4.2,2.94,0.0,4.85,9.44,32.46,3.04,2.0,2.28,0.0,0.0,5.0,0.0,1.52,1.52,0.0,5.5,6.685,4.18,9.94,17.96,3.6,1.52,11.5,0.0,0.0,0.0,8.04,0.0,25.66,1.5,10.2,0.0,6.9,4.0,0.0,4.0,0.0,10.0,10.82,12.0,4.0,2.0,102.84,13.5,43.94,3.0,5.0,2.6,2.0,0.0,0.0,7.54,0.0,0.0,0.0,0.0,0.0,0.0,39.0,0.0,12.2,0.0,7.72,15.0,70.72,2.04,0.0,5.5,44.625,3.0,10.2,5.2,5.12,0.0,3.5,0.0,20.8,17.68,22.53,0.0,0.0,0.0,23.24,8.15,19.44,50.36,35.565,20.25,15.51,5.94,9.25,19.47,11.4,23.11,17.755,11.4,39.44,10.095,21.055,0.0,0.0,29.31,0.0,11.865,106.01,1.8,19.2,0.0,4.8,0.0,10.185,25.755,72.765,25.605,106.31,19.5,12.44,28.87,0.0,0.0,12.96,36.32,19.98,48.78,28.08,19.2,0.0,18.84,0.0,33.19,46.46,47.73,0.0,95.37,16.44,69.1,15.6,27.72,12.32,0.0,0.0,0.0,45.69,6.6,25.14,12.3,0.0,0.0,24.9,47.335,26.145,21.58,44.82,10.56,19.4,0.0,19.94,25.61,0.0
3482,0.0,0.0,0.0,0.0,0.0,0.0,0.0,0.0,3.8,0.0,2.5,0.0,0.0,1.52,0.0,0.0,7.94,3.04,0.0,0.0,0.0,0.0,0.0,0.0,0.0,0.0,0.0,0.0,0.0,0.0,0.0,0.0,0.0,0.0,0.0,0.0,0.0,0.0,0.0,0.0,0.0,0.0,0.0,0.0,0.0,0.0,5.2,0.0,0.0,0.0,0.0,0.0,0.0,0.0,0.0,0.0,0.0,0.0,0.0,5.0,0.0,0.0,31.14,0.0,12.2,0.0,0.0,0.0,99.84,0.0,3.0,0.0,0.0,0.0,0.0,0.0,2.08,0.0,29.44,15.12,0.0,0.0,0.0,0.0,0.0,0.0,0.0,5.6,0.0,0.0,0.0,5.94,5.5,0.0,0.0,0.0,0.0,0.0,3.36,0.0,1.925,0.0,4.8,0.0,10.62,0.0,16.06,0.0,0.0,0.0,0.0,6.0,0.0,99.54,0.0,0.0,0.0,0.0,12.9,13.275,0.0,0.0,0.0,6.66,0.0,0.0,0.0,10.56,0.0,6.66,0.0,0.0,0.0,24.4,0.0,0.0,6.66,0.0,0.0,0.0,0.0,6.66,0.0,0.0,0.0,3.9,0.0,35.52,0.0,0.0,0.0,4.15,0.0,0.0,0.0,0.0,0.0,0.0,0.0,0.0
3483,0.0,0.0,4.4,2.52,5.0,4.94,0.0,0.0,10.13,0.0,2.28,0.0,0.0,3.23,0.0,0.0,4.56,7.195,9.12,6.62,8.13,0.0,1.6,0.0,0.0,4.8,0.0,11.59,5.0,5.6,2.0,0.0,5.0,2.0,0.0,0.0,8.0,12.27,5.0,0.0,24.0,18.5,10.0,0.0,0.0,0.0,0.0,5.0,4.0,9.44,0.0,8.0,40.0,0.0,0.0,3.0,0.0,0.0,0.0,0.0,0.0,0.0,0.0,0.0,24.0,2.5,5.13,0.0,0.0,17.91,0.0,0.0,0.0,4.32,5.4,19.98,9.2,0.0,11.25,8.64,19.5,10.355,70.8,5.035,5.1,18.15,30.345,5.94,3.24,12.8,17.985,5.4,0.0,0.0,0.0,0.0,51.3,0.0,3.36,0.0,13.2,36.58,0.0,0.0,0.0,0.0,13.2,22.695,0.0,6.6,6.615,0.0,0.0,16.5,23.1,6.8,0.0,18.48,28.06,35.67,3.7,0.0,0.0,6.66,8.88,53.48,0.0,15.54,0.0,0.0,36.63,17.02,0.0,0.0,4.68,0.0,0.0,6.65,0.0,0.0,0.0,0.0,10.375,18.25,0.0,4.75,0.0,72.22,0.0,11.62,0.0,13.28,0.0,0.0,0.0,8.8,0.0,0.0,0.0,10.45
3485,0.0,6.12,1.56,0.0,1.47,0.0,0.0,0.0,4.995,0.0,0.0,0.0,0.0,6.41,0.0,0.0,4.94,5.13,0.0,23.56,0.0,0.0,0.0,0.0,0.0,0.0,0.0,0.0,0.0,0.0,2.99,0.0,7.0,5.0,0.0,0.0,0.0,0.0,7.5,0.0,0.0,0.0,2.0,0.0,0.0,3.0,2.5,0.0,0.0,0.0,0.0,0.0,0.0,9.0,0.0,0.0,0.0,0.0,0.0,0.0,0.0,0.0,0.0,0.0,5.2,0.0,0.0,0.0,0.0,0.0,0.0,0.0,0.0,0.0,15.18,0.0,3.78,0.0,0.0,0.0,8.64,23.29,0.0,3.51,0.0,3.78,11.08,0.0,0.0,5.67,5.4,0.0,0.0,0.0,0.0,0.0,0.0,0.0,0.0,12.1,0.0,0.0,0.0,0.0,0.0,0.0,0.0,0.0,0.0,6.615,0.0,0.0,15.18,0.0,0.0,0.0,6.6,0.0,6.6,0.0,6.65,0.0,0.0,0.0,0.0,0.0,0.0,0.0,11.84,0.0,0.0,6.66,0.0,0.0,5.55,5.55,0.0,0.0,0.0,6.64,0.0,0.0,0.0,0.0,8.88,3.735,23.26,0.0,0.0,19.09,0.0,0.0,19.93,0.0,6.64,0.0,0.0,0.0,6.6,0.0
3487,0.0,1.51,0.0,0.0,0.0,1.54,0.0,0.0,0.0,0.0,0.0,0.0,0.0,0.0,0.0,0.0,0.0,2.66,0.0,4.94,4.32,0.0,0.0,0.0,0.0,0.0,0.0,0.0,0.0,0.0,0.0,0.0,0.0,2.0,0.0,0.0,10.0,0.0,0.0,0.0,0.0,0.0,0.0,0.0,0.0,0.0,0.0,0.0,0.0,0.0,0.0,0.0,2.0,0.0,0.0,0.0,0.0,0.0,2.0,0.0,0.0,0.0,0.0,0.0,0.0,0.0,0.0,0.0,0.0,0.0,0.0,5.0,0.0,0.0,0.0,0.0,0.0,0.0,0.0,0.0,0.0,0.0,0.0,0.0,0.0,0.0,0.0,0.0,0.0,0.0,0.0,25.75,0.0,0.0,0.0,0.0,0.0,0.0,0.0,0.0,0.0,0.0,0.0,0.0,0.0,0.0,0.0,0.0,0.0,0.0,0.0,13.2,0.0,0.0,0.0,0.0,0.0,0.0,0.0,0.0,0.0,0.0,0.0,0.0,0.0,0.0,9.75,0.0,0.0,0.0,0.0,0.0,0.0,0.0,0.0,0.0,0.0,0.0,0.0,0.0,0.0,0.0,0.0,0.0,0.0,0.0,0.0,0.0,0.0,0.0,0.0,0.0,6.64,0.0,10.925,0.0,0.0,0.0,0.0,0.0
3488,0.0,0.0,0.0,4.94,1.47,0.0,0.0,2.2,1.52,0.0,3.42,0.0,0.0,0.0,0.0,0.0,0.0,0.0,0.0,0.0,0.0,0.0,0.0,0.0,0.0,0.0,0.0,0.0,12.5,3.42,0.0,0.0,0.0,0.0,0.0,0.0,0.0,0.0,0.0,0.0,0.0,0.0,0.0,0.0,0.0,0.0,0.0,0.0,0.0,0.0,0.0,0.0,0.0,0.0,0.0,0.0,0.0,0.0,0.0,0.0,0.0,0.0,0.0,0.0,0.0,0.0,0.0,0.0,0.0,0.0,0.0,0.0,0.0,0.0,0.0,0.0,4.86,0.0,0.0,0.0,9.72,0.0,3.18,0.0,0.0,6.05,0.0,0.0,0.0,0.0,0.0,0.0,0.0,0.0,0.0,0.0,0.0,0.0,3.3,0.0,4.72,0.0,0.0,0.0,0.0,0.0,0.0,0.0,0.0,0.0,0.0,0.0,0.0,0.0,0.0,0.0,0.0,0.0,0.0,0.0,0.0,0.0,0.0,0.0,0.0,0.0,0.0,0.0,0.0,0.0,0.0,0.0,0.0,0.0,0.0,0.0,6.63,0.0,0.0,0.0,0.0,0.0,0.0,0.0,0.0,0.0,0.0,0.0,0.0,0.0,0.0,0.0,13.28,0.0,0.0,0.0,0.0,0.0,0.0,0.0
3489,0.0,0.0,0.0,0.0,0.0,4.76,4.935,0.0,0.0,0.0,0.0,0.0,0.0,0.0,0.0,0.0,0.0,0.0,0.0,0.0,0.0,0.0,0.0,0.0,0.0,0.0,0.0,0.0,0.0,0.0,0.0,0.0,0.0,0.0,0.0,5.0,0.0,0.0,0.0,0.0,0.0,0.0,0.0,0.0,0.0,0.0,0.0,0.0,0.0,0.0,0.0,0.0,0.0,0.0,0.0,0.0,0.0,0.0,0.0,0.0,0.0,0.0,0.0,0.0,0.0,0.0,0.0,0.0,0.0,0.0,0.0,0.0,0.0,0.0,0.0,0.0,6.3,0.0,0.0,0.0,0.0,0.0,0.0,0.0,0.0,0.0,5.2,0.0,0.0,0.0,0.0,0.0,0.0,0.0,0.0,0.0,0.0,0.0,0.0,0.0,0.0,0.0,0.0,0.0,0.0,0.0,0.0,0.0,0.0,0.0,0.0,0.0,0.0,0.0,0.0,0.0,0.0,0.0,9.9,0.0,0.0,0.0,0.0,0.0,0.0,0.0,0.0,0.0,0.0,0.0,0.0,0.0,0.0,0.0,0.0,0.0,0.0,0.0,0.0,0.0,0.0,98.3,0.0,0.0,0.0,0.0,0.0,0.0,0.0,6.64,0.0,0.0,0.0,0.0,0.0,0.0,0.0,0.0,0.0,0.0
3490,3.51,0.0,14.86,0.0,0.0,5.2,14.805,1.52,13.87,0.0,2.66,0.0,0.0,14.33,8.36,12.5,11.8,54.53,12.5,11.59,31.0,9.0,5.5,8.0,9.9,21.0,0.0,5.0,5.0,10.5,0.0,19.5,11.0,0.0,8.0,0.0,0.0,16.0,0.0,0.0,7.0,20.115,2.0,6.0,0.0,8.2,0.0,5.0,5.0,0.0,0.0,5.0,0.0,4.5,0.0,0.0,0.0,0.0,3.0,0.0,0.0,14.0,5.0,9.7,0.0,16.29,0.0,0.0,104.355,0.0,0.0,5.585,0.0,15.34,0.0,8.12,5.2,0.0,18.27,0.0,19.44,0.0,6.48,6.48,0.0,0.0,9.81,4.95,50.715,0.0,0.0,0.0,0.0,0.0,0.0,15.95,48.33,5.7,7.84,18.65,14.19,0.0,0.0,6.6,0.0,0.0,6.27,99.75,3.6,0.0,0.0,6.56,0.0,0.0,0.0,6.66,6.57,86.28,14.43,21.18,17.02,8.1,6.66,42.905,0.0,0.0,5.18,6.4,0.0,11.1,0.0,25.55,0.0,6.49,11.62,19.52,6.64,37.99,6.29,19.92,0.0,108.09,6.64,6.64,52.78,19.09,19.92,6.64,0.0,103.57,13.2,10.79,6.64,13.24,0.0,13.28,0.0,10.12,0.0,0.0
3491,0.0,0.0,0.0,0.0,0.0,0.0,2.28,0.0,0.0,0.0,0.0,0.0,0.0,0.0,0.0,0.0,0.0,0.0,0.0,0.0,0.0,0.0,0.0,0.0,0.0,0.0,0.0,0.0,0.0,0.0,0.0,0.0,0.0,0.0,0.0,0.0,0.0,0.0,0.0,0.0,5.5,0.0,0.0,0.0,0.0,0.0,0.0,7.0,0.0,5.0,0.0,0.0,0.0,0.0,0.0,0.0,0.0,0.0,0.0,0.0,0.0,0.0,0.0,0.0,0.0,7.0,0.0,0.0,0.0,0.0,0.0,8.0,0.0,5.2,0.0,0.0,0.0,0.0,0.0,0.0,0.0,0.0,0.0,0.0,0.0,0.0,9.81,0.0,0.0,0.0,4.32,0.0,0.0,0.0,0.0,0.0,0.0,17.0,0.0,0.0,0.0,0.0,0.0,0.0,0.0,3.78,0.0,0.0,0.0,0.0,0.0,0.0,19.8,0.0,0.0,0.0,0.0,0.0,0.0,0.0,0.0,0.0,25.53,0.0,0.0,2.75,6.66,6.6,6.66,0.0,0.0,0.0,0.0,0.0,13.32,0.0,0.0,0.0,0.0,0.0,0.0,0.0,0.0,0.0,0.0,0.0,0.0,0.0,0.0,0.0,0.0,0.0,4.565,0.0,0.0,0.0,0.0,0.0,0.0,0.0
3494,0.0,0.0,0.0,0.0,4.852,1.61,0.0,0.0,24.7,0.0,0.0,0.0,3.8,0.0,0.0,0.0,3.705,3.22,0.0,0.0,7.0,0.0,0.0,0.0,0.0,0.0,4.0,0.0,0.0,0.0,0.0,0.0,0.0,0.0,0.0,0.0,0.0,0.0,4.0,0.0,0.0,0.0,8.0,0.0,4.5,8.25,0.0,5.0,0.0,0.0,0.0,9.0,0.0,10.14,0.0,0.0,0.0,0.0,0.0,6.0,0.0,4.0,0.0,0.0,0.0,0.0,5.1,0.0,0.0,0.0,0.0,0.0,0.0,0.0,0.0,3.24,5.2,0.0,0.0,0.0,0.0,0.0,0.0,0.0,0.0,0.0,0.0,0.0,0.0,0.0,0.0,12.375,0.0,30.75,0.0,0.0,0.0,0.0,0.0,10.03,13.395,0.0,0.0,34.02,0.0,0.0,6.4,61.75,79.1,6.615,116.39,34.0,10.56,12.34,0.0,15.96,69.0,99.0,26.4,86.04,19.8,6.66,0.0,0.0,17.22,0.0,6.6,12.18,24.05,5.18,0.0,0.0,0.0,0.0,0.0,8.88,6.63,0.0,0.0,0.0,10.79,0.0,19.58,0.0,0.0,19.92,9.36,10.79,13.28,5.81,0.0,0.0,0.0,0.0,532.8,0.0,0.0,0.0,0.0,0.0
3496,12.976,8.528,11.61,13.546,15.28,54.71,29.743,37.67,32.617,4.385,3.2,3.2,11.045,8.735,8.0,35.715,44.08,74.775,8.76,41.095,69.918,16.84,38.94,57.446,4.68,3.0,26.16,3.4,45.03,65.33,51.921,6.5,20.12,43.875,20.364,21.0,25.29,39.0,31.0,14.0,18.255,40.25,62.562,8.0,0.0,21.0,40.15,13.06,0.0,26.5,28.0,17.25,14.5,33.2,25.14,23.08,18.0,10.0,20.5,20.3,5.0,24.5,0.0,18.2,33.66,113.97,20.6,19.02,16.66,23.02,12.48,34.44,9.04,16.0,38.02,25.238,55.5,75.33,43.7,20.46,19.26,18.36,181.275,173.804,25.38,56.52,24.06,101.45,71.27,40.17,63.26,18.786,22.6,22.505,77.24,198.96,30.98,231.04,96.97,141.365,117.375,26.845,74.922,106.565,53.455,44.46,124.035,109.25,58.65,75.54,186.89,129.61,62.02,33.0,165.185,210.055,101.735,73.1,37.8,212.255,61.12,81.95,224.15,81.75,39.63,43.12,44.97,178.63,83.06,54.02,39.66,114.965,30.44,65.49,40.52,69.765,166.635,103.05,53.58,108.325,125.14,76.47,147.29,111.185,60.285,152.275,66.795,42.2,90.45,100.015,56.01,232.705,54.775,73.585,252.68,142.47,29.52,56.8,87.34,0.0
3498,10.0,3.18,4.636,0.0,26.322,47.372,6.28,15.17,22.83,0.0,4.634,11.16,6.8,8.735,11.715,3.32,57.582,66.164,4.44,23.43,106.053,30.64,15.05,12.8,8.8,29.06,19.71,55.37,9.25,6.0,52.025,34.75,30.25,17.43,28.93,10.55,5.0,13.25,29.62,8.0,22.4,17.75,10.0,26.1,16.4,18.75,24.0,14.55,21.5,7.0,48.5,36.0,3.0,5.0,37.61,31.1,0.0,5.0,9.0,6.63,0.0,5.0,10.0,0.0,0.0,23.62,13.46,20.255,17.68,6.0,24.756,15.02,5.72,12.84,18.968,62.765,67.505,32.49,45.442,68.682,25.416,13.872,13.048,34.74,29.04,141.28,67.8,54.69,17.28,157.2,63.29,46.372,34.41,64.515,52.425,137.41,59.1,142.02,62.77,140.64,198.652,153.12,124.365,24.0,19.7,120.74,180.87,93.655,63.305,52.56,90.685,54.515,98.435,101.54,98.62,178.0,120.34,198.98,73.53,175.305,72.1,214.45,89.19,64.6,74.22,102.08,201.725,82.3,111.25,78.58,100.35,170.45,20.28,48.84,106.51,80.68,145.82,60.285,125.175,165.95,93.365,47.31,264.38,88.615,84.995,105.13,113.295,113.545,96.29,117.755,96.685,86.76,40.995,69.16,101.02,80.96,61.13,40.92,93.28,27.28
3500,66.22,19.81,59.407,16.697,71.052,134.179,51.52,62.976,123.442,20.582,16.392,37.875,33.7,49.255,70.61,83.62,148.725,303.843,66.575,99.207,267.59,40.06,52.227,138.044,38.94,43.015,121.83,100.52,118.125,108.971,86.915,68.84,40.675,148.342,102.833,76.53,99.36,96.75,180.216,121.116,83.584,310.481,216.765,153.555,50.65,190.89,113.09,163.699,107.1,132.945,132.38,54.122,76.56,134.53,107.4,193.9,131.57,66.13,106.58,182.28,12.0,191.61,82.13,80.34,241.16,84.46,66.165,49.38,178.234,88.52,111.887,427.935,273.36,90.812,161.139,158.652,115.132,311.699,150.892,85.126,144.435,242.72,206.563,442.921,242.945,434.792,321.305,227.768,399.863,240.101,219.655,257.285,307.873,301.325,448.355,663.57,317.865,263.491,291.964,515.425,176.71,122.835,228.055,186.17,232.85,219.26,313.405,623.518,184.455,347.395,381.225,281.685,576.66,533.7,485.1,501.26,566.295,612.91,688.115,519.56,324.675,436.365,473.14,373.43,328.23,375.11,338.095,402.86,435.77,422.7,392.31,485.15,208.07,314.335,492.19,264.535,258.13,285.525,360.695,272.425,272.0,374.355,380.355,672.325,299.305,364.935,303.195,93.685,406.46,423.835,551.625,238.3,404.355,279.03,366.715,280.175,105.6,223.1,429.04,105.2
3501,3.192,0.0,6.072,4.988,12.056,19.484,1.54,14.355,32.47,1.52,0.0,0.0,8.725,4.8,11.42,15.13,17.52,54.05,1.56,13.07,29.495,10.37,14.452,38.79,18.35,10.04,7.15,13.0,10.13,0.0,15.16,9.87,21.99,42.278,5.0,23.214,5.0,14.37,20.0,14.0,3.0,31.76,26.5,10.0,19.9,19.0,5.0,0.0,8.0,5.0,7.5,27.22,5.0,4.0,0.0,10.0,0.0,0.0,5.0,0.0,0.0,10.0,7.28,8.0,0.0,0.0,0.0,6.9,3.12,0.0,5.46,13.746,0.0,2.5,17.82,3.64,18.62,6.48,0.0,19.951,14.04,19.18,15.46,52.47,0.0,9.99,50.84,28.15,21.1,39.54,0.0,10.8,17.424,36.445,9.532,53.015,34.4,18.36,25.44,29.4,44.81,113.04,63.24,42.0,12.285,30.45,53.08,29.5,0.0,115.77,60.5,33.69,63.8,14.4,77.17,65.91,251.8,66.79,120.13,56.76,13.97,72.79,54.275,48.03,91.12,13.2,44.11,33.12,84.32,74.31,64.38,51.54,9.62,49.84,46.64,10.45,64.87,80.835,34.255,139.28,28.78,24.795,30.6,16.2,48.97,27.2,0.0,0.0,37.95,26.695,41.2,37.65,68.68,42.475,19.36,42.56,7.92,16.72,23.42,0.0
3502,0.0,0.0,0.0,0.0,0.0,12.01,1.9,0.0,5.0,0.0,3.15,0.0,0.0,0.0,5.76,1.56,7.875,5.26,0.0,0.0,9.265,0.0,0.0,7.47,0.0,0.0,0.0,0.0,0.0,0.0,0.0,0.0,0.0,3.0,0.0,0.0,0.0,3.0,0.0,0.0,0.0,0.0,3.0,0.0,0.0,0.0,0.0,0.0,10.0,11.92,0.0,99.96,0.0,0.0,18.0,0.0,0.0,0.0,0.0,0.0,0.0,0.0,0.0,0.0,0.0,0.0,0.0,0.0,0.0,0.0,0.0,0.0,0.0,0.0,0.0,0.0,0.0,0.0,0.0,0.0,0.0,0.0,0.0,0.0,0.0,0.0,0.0,0.0,0.0,0.0,0.0,0.0,0.0,0.0,0.0,0.0,0.0,0.0,0.0,0.0,0.0,0.0,0.0,0.0,0.0,0.0,0.0,0.0,0.0,0.0,0.0,0.0,0.0,0.0,0.0,0.0,0.0,0.0,0.0,0.0,0.0,0.0,0.0,0.0,0.0,0.0,0.0,0.0,0.0,0.0,0.0,0.0,0.0,0.0,0.0,0.0,0.0,0.0,22.2,15.54,15.54,56.61,0.0,0.0,0.0,0.0,8.71,6.225,0.0,0.0,0.0,0.0,0.0,0.0,0.0,0.0,0.0,0.0,0.0,0.0
3505,3.116,6.795,22.568,11.35,25.622,38.51,11.936,16.705,40.293,5.928,3.22,5.1,14.23,9.96,6.6,14.84,39.38,118.9,1.71,38.852,73.925,47.425,12.245,58.133,7.68,25.02,27.57,55.53,38.0,33.2,58.655,30.8,31.75,19.44,16.25,117.505,19.11,9.0,34.75,10.5,15.005,18.5,5.5,29.0,5.61,36.19,11.9,8.5,0.0,25.0,7.75,14.2,7.0,5.0,113.34,29.6,10.0,106.92,86.06,6.0,0.0,10.5,21.5,25.15,24.18,16.06,8.32,13.97,7.2,15.34,20.73,16.0,14.56,20.54,14.01,23.2,5.4,23.21,26.9,17.3,21.72,6.867,8.49,49.795,13.77,34.2,87.013,60.25,146.015,56.3,36.26,19.62,34.82,11.86,75.495,265.045,45.74,48.085,59.645,31.58,16.12,42.74,12.6,3.85,9.0,153.32,41.83,143.46,44.66,16.365,83.57,77.675,77.29,43.09,122.93,72.965,231.75,148.87,92.82,154.83,174.315,109.125,35.39,32.4,34.57,56.38,189.89,26.46,136.79,70.565,88.06,21.83,45.92,37.36,68.65,38.735,18.68,21.1,51.11,57.445,87.16,36.815,29.435,117.715,26.04,60.56,51.045,39.855,40.645,130.045,65.38,50.59,47.88,82.41,92.67,42.32,45.8,33.04,38.72,23.76
3506,0.0,0.0,0.0,0.0,0.0,0.0,0.0,0.0,0.0,0.0,0.0,0.0,0.0,0.0,0.0,0.0,0.0,0.0,0.0,0.0,0.0,0.0,0.0,0.0,0.0,0.0,0.0,0.0,0.0,0.0,0.0,0.0,0.0,0.0,0.0,0.0,0.0,0.0,0.0,0.0,0.0,0.0,0.0,0.0,0.0,0.0,0.0,0.0,0.0,0.0,0.0,0.0,0.0,0.0,0.0,2.0,0.0,0.0,0.0,0.0,0.0,0.0,0.0,0.0,0.0,0.0,0.0,0.0,0.0,0.0,0.0,0.0,0.0,0.0,0.0,0.0,0.0,0.0,0.0,3.24,0.0,0.0,0.0,0.0,0.0,0.0,0.0,0.0,0.0,0.0,0.0,0.0,0.0,0.0,0.0,0.0,0.0,0.0,0.0,0.0,0.0,0.0,0.0,0.0,0.0,0.0,0.0,0.0,0.0,0.0,0.0,0.0,0.0,0.0,0.0,0.0,0.0,0.0,0.0,0.0,0.0,0.0,0.0,0.0,0.0,0.0,0.0,0.0,0.0,0.0,0.0,0.0,0.0,0.0,5.18,0.0,0.0,0.0,0.0,0.0,0.0,0.0,0.0,0.0,0.0,0.0,0.0,0.0,0.0,0.0,0.0,0.0,0.0,0.0,0.0,0.0,0.0,0.0,0.0,0.0
3507,0.0,0.0,0.0,0.0,0.0,0.0,3.0,0.0,0.0,0.0,0.0,0.0,9.6,0.0,0.0,0.0,6.4,2.99,0.0,2.25,0.0,0.0,0.0,0.0,5.0,5.0,0.0,5.0,5.0,0.0,0.0,0.0,0.0,0.0,0.0,4.0,0.0,0.0,0.0,0.0,5.0,0.0,0.0,10.0,0.0,2.5,0.0,0.0,0.0,0.0,0.0,0.0,0.0,0.0,0.0,0.0,0.0,0.0,0.0,5.0,0.0,4.5,0.0,0.0,0.0,0.0,0.0,0.0,0.0,0.0,0.0,0.0,0.0,5.2,0.0,0.0,0.0,0.0,0.0,0.0,0.0,0.0,0.0,0.0,0.0,0.0,0.0,0.0,0.0,0.0,0.0,0.0,0.0,0.0,0.0,8.8,0.0,0.0,0.0,0.0,0.0,0.0,0.0,6.6,0.0,0.0,0.0,0.0,0.0,0.0,0.0,0.0,0.0,0.0,6.6,6.6,0.0,0.0,0.0,0.0,0.0,0.0,0.0,13.32,0.0,0.0,0.0,0.0,0.0,0.0,0.0,0.0,0.0,0.0,6.66,10.8,9.545,0.0,0.0,0.0,0.0,0.0,0.0,0.0,0.0,0.0,0.0,0.0,13.28,0.0,0.0,0.0,13.14,0.0,0.0,0.0,0.0,0.0,0.0,0.0
3509,0.0,0.0,0.0,0.0,9.39,0.0,11.88,0.0,7.76,0.0,3.04,0.0,4.8,0.0,6.46,5.13,10.8,7.26,0.0,6.4,3.04,8.0,0.0,0.0,0.0,0.0,0.0,0.0,0.0,0.0,0.0,6.0,0.0,0.0,0.0,0.0,0.0,0.0,0.0,0.0,0.0,0.0,0.0,0.0,0.0,0.0,0.0,0.0,0.0,0.0,0.0,0.0,0.0,0.0,0.0,0.0,0.0,4.0,0.0,0.0,0.0,5.0,0.0,0.0,4.9,13.0,0.0,0.0,0.0,0.0,0.0,0.0,0.0,5.4,0.0,0.0,0.0,10.6,0.0,0.0,8.64,0.0,0.0,0.0,0.0,0.0,0.0,0.0,0.0,0.0,0.0,0.0,0.0,0.0,0.0,0.0,0.0,0.0,0.0,5.12,8.25,0.0,0.0,10.71,0.0,0.0,0.0,0.0,0.0,0.0,0.0,6.6,0.0,0.0,0.0,0.0,0.0,0.0,0.0,0.0,0.0,0.0,0.0,0.0,6.6,0.0,0.0,0.0,0.0,0.0,0.0,6.21,0.0,6.66,30.34,0.0,9.99,0.0,5.18,0.0,0.0,0.0,0.0,0.0,0.0,0.0,5.18,0.0,0.0,13.28,0.0,0.0,0.0,16.76,0.0,0.0,0.0,10.44,6.64,0.0
3512,0.0,0.0,6.16,0.0,3.69,0.0,0.0,1.52,0.0,0.0,2.0,0.0,8.3,0.0,5.19,0.0,0.0,9.765,5.0,2.5,2.66,6.34,0.0,0.0,0.0,0.0,0.0,5.6,0.0,35.0,0.0,19.0,0.0,0.0,3.5,0.0,0.0,0.0,5.0,0.0,0.0,0.0,5.0,0.0,0.0,0.0,5.0,3.5,0.0,12.48,0.0,0.0,0.0,0.0,0.0,1.5,10.0,5.2,5.0,0.0,0.0,0.0,0.0,0.0,0.0,4.0,0.0,2.0,0.0,0.0,0.0,0.0,0.0,0.0,0.0,0.0,0.0,5.5,0.0,0.0,0.0,0.0,0.0,0.0,2.16,0.0,0.0,0.0,0.0,0.0,0.0,0.0,0.0,0.0,0.0,0.0,0.0,3.3,0.0,3.3,4.4,0.0,0.0,0.0,0.0,0.0,0.0,0.0,0.0,0.0,14.34,0.0,0.0,26.4,38.875,0.0,0.0,0.0,0.0,0.0,0.0,0.0,0.0,0.0,6.66,0.0,0.0,0.0,12.52,0.0,0.0,4.44,0.0,10.15,23.68,0.0,0.0,0.0,0.0,0.0,0.0,0.0,0.0,0.0,0.0,0.0,10.34,0.0,0.0,10.79,0.0,4.92,0.0,13.28,0.0,0.0,0.0,0.0,0.0,0.0
3515,3.61,1.44,12.36,2.09,14.39,12.67,0.0,5.0,8.12,3.81,1.5,9.16,0.0,3.29,8.79,9.0,10.08,18.57,3.6,14.545,122.8,0.0,8.04,1.61,8.92,9.04,5.61,1.56,3.5,19.8,4.0,3.0,3.0,3.0,13.23,0.0,0.0,5.0,8.86,18.0,6.0,13.27,0.0,16.405,0.0,0.0,6.5,0.0,39.5,12.75,21.7,5.0,0.0,10.0,9.24,15.6,8.12,5.0,28.7,0.0,0.0,0.0,5.1,17.16,12.23,0.0,10.05,11.44,0.0,4.68,2.6,0.0,5.83,12.34,0.0,15.0,0.0,5.2,12.15,18.2,11.88,23.88,37.72,0.0,10.48,16.4,0.0,10.33,17.57,0.0,0.0,16.5,5.8,26.18,13.02,33.13,27.04,23.09,67.17,20.175,21.735,0.0,24.42,27.65,25.47,29.19,46.16,24.74,33.395,6.3,17.6,22.44,33.975,4.95,6.6,25.08,40.66,34.92,30.59,40.62,13.085,19.92,59.36,57.31,76.53,10.26,44.5,50.33,32.93,28.49,42.6,25.53,6.65,21.9,133.5,46.22,17.92,19.14,35.1,19.94,54.11,11.62,34.64,49.76,24.505,39.54,39.345,27.805,42.45,64.935,58.35,23.305,25.12,36.775,51.285,58.73,54.24,14.52,7.48,0.0
3516,1.52,5.24,7.826,0.0,5.3,11.48,0.0,9.88,13.0,0.0,3.34,14.89,9.26,0.0,12.16,0.0,1.9,9.635,7.53,3.43,9.1,4.94,7.47,0.0,0.0,0.0,0.0,0.0,4.0,0.0,0.0,3.0,0.0,0.0,0.0,0.0,0.0,5.0,4.08,0.0,0.0,0.0,2.25,0.0,15.0,0.0,0.0,5.0,5.0,2.0,0.0,0.0,0.0,3.0,2.0,0.0,0.0,0.0,3.0,13.2,0.0,0.0,6.24,0.0,0.0,12.98,0.0,0.0,7.8,37.925,10.8,0.0,0.0,1.56,20.83,0.0,0.0,0.0,0.0,2.08,2.16,0.0,7.84,34.36,3.24,0.0,10.464,0.0,0.0,0.0,0.0,0.0,11.73,0.0,0.0,17.1,4.56,0.0,0.0,15.96,0.0,6.05,18.9,0.0,0.0,0.0,0.0,0.0,0.0,6.6,18.255,0.0,6.5,0.0,0.0,0.0,9.9,5.28,0.0,19.98,6.66,27.01,0.0,6.29,102.16,0.0,0.0,13.95,18.1,0.0,4.44,40.98,0.0,9.36,0.0,0.0,25.92,8.88,0.0,6.3,5.18,0.0,0.0,19.94,6.64,7.47,77.76,0.0,5.525,0.0,10.36,0.0,0.0,11.0,0.0,0.0,0.0,0.0,9.79,0.0
3517,13.0,9.69,16.62,8.14,10.72,12.125,5.0,10.28,23.316,0.0,3.52,5.76,1.85,2.902,0.0,0.0,8.5,15.95,12.35,11.22,7.36,32.21,9.7,14.1,0.0,0.0,0.0,4.0,1.44,0.0,0.0,3.0,8.06,0.0,11.0,0.0,0.0,14.1,0.0,0.0,13.95,0.19,13.0,7.0,0.0,7.5,7.0,2.0,6.0,3.0,11.0,0.0,0.0,0.0,10.0,4.0,10.56,4.0,16.2,5.1,7.14,7.14,0.0,2.0,10.52,0.0,22.995,8.36,11.2,36.65,8.74,12.95,13.24,9.324,11.48,5.0,5.2,8.64,10.12,132.915,7.14,10.4,4.32,30.17,0.0,3.36,25.025,12.48,25.42,9.28,0.0,10.56,11.88,0.0,3.42,0.0,0.0,15.515,11.4,229.06,0.0,0.0,75.66,24.735,9.75,0.0,24.94,6.6,15.62,72.9,23.3,14.67,33.15,3.96,23.52,13.2,13.08,4.32,11.84,13.0,17.96,23.39,20.29,11.84,15.78,3.7,6.29,6.6,22.46,10.36,32.04,13.32,2.2,2.2,25.11,25.37,39.96,47.65,6.66,0.0,31.45,0.0,11.42,26.975,10.375,6.64,13.28,0.0,6.64,12.45,6.64,41.155,7.885,21.3,0.0,0.0,13.2,21.56,6.6,0.0
3518,3.95,1.5,4.935,4.56,17.81,14.985,7.3,14.34,21.322,1.52,2.4,2.28,0.0,1.52,1.9,5.7,6.0,10.26,10.0,9.94,4.0,0.0,6.24,15.0,3.0,3.4,10.4,18.6,7.82,3.98,0.0,10.2,2.0,5.0,5.0,3.0,0.0,5.1,17.145,5.0,1.5,3.0,8.0,29.81,40.0,16.0,8.75,0.0,2.0,6.0,4.0,10.5,3.0,6.0,17.5,4.0,4.56,10.57,4.16,4.0,7.0,7.76,1.5,86.78,4.16,3.0,4.94,0.0,12.48,11.6,1.962,0.0,5.46,1.53,2.5,0.0,10.26,0.0,11.72,8.98,9.72,0.0,1.8,17.94,8.18,27.72,8.405,0.0,13.0,8.91,17.4,0.0,4.86,0.0,26.505,6.0,0.0,16.24,0.0,0.0,11.92,0.0,6.6,11.55,11.44,6.49,19.755,47.52,5.2,42.015,0.0,22.59,9.04,6.6,11.88,9.8,15.48,11.88,13.31,19.05,16.93,0.0,18.45,10.8,0.0,33.1,25.54,10.36,7.4,14.06,0.0,0.0,0.0,13.26,32.52,6.66,14.44,7.8,30.36,6.66,0.0,1.8,26.65,13.28,0.0,13.28,15.12,11.04,32.02,6.64,27.46,38.14,15.12,8.3,0.0,6.6,22.58,6.64,0.0,0.0
3520,0.0,0.0,1.52,1.52,3.12,1.52,0.0,1.54,0.0,1.52,0.0,0.0,0.0,0.0,0.0,0.0,0.0,0.0,0.0,0.0,0.0,0.0,3.0,0.0,0.0,0.0,3.2,1.6,0.0,0.0,0.0,0.0,0.0,0.0,0.0,10.0,0.0,0.0,0.0,0.0,0.0,2.0,0.0,0.0,0.0,0.0,0.0,0.0,0.0,0.0,2.0,3.0,0.0,0.0,1.5,0.0,0.0,8.0,0.0,0.0,0.0,0.0,0.0,0.0,0.0,30.24,0.0,0.0,6.12,0.0,0.0,0.0,5.72,0.0,5.2,0.0,0.0,0.0,0.0,3.06,9.81,0.0,7.56,2.12,0.0,0.0,0.0,2.08,3.3,0.0,0.0,0.0,0.0,0.0,0.0,6.6,4.275,0.0,3.36,0.0,0.0,0.0,2.2,5.775,0.0,5.04,0.0,0.0,0.0,0.0,0.0,0.0,10.56,0.0,0.0,0.0,0.0,0.0,0.0,0.0,4.0,4.07,0.0,0.0,0.0,0.0,0.0,0.0,0.0,0.0,0.0,0.0,0.0,0.0,0.0,0.0,2.59,0.0,0.0,0.0,0.0,0.0,0.0,0.0,0.0,0.0,0.0,0.0,0.0,0.0,0.0,0.0,0.0,0.0,3.96,3.08,0.0,0.0,0.0,0.0
3521,1.52,4.935,0.0,4.94,6.08,7.89,0.0,3.0,0.0,0.0,0.0,0.0,0.0,7.22,0.0,0.0,0.0,6.655,0.0,1.5,5.4,0.0,0.0,5.0,0.0,6.0,0.0,9.8,27.33,0.0,9.57,3.0,3.0,0.0,4.0,5.0,3.0,0.0,6.25,0.0,3.0,0.0,3.0,9.0,4.5,0.0,4.5,3.0,0.0,5.0,0.0,0.0,0.0,0.0,5.0,12.0,18.0,19.26,7.12,0.0,0.0,0.0,0.0,10.4,0.0,0.0,0.0,3.0,6.0,3.12,0.0,0.0,4.05,5.4,4.32,5.4,0.0,0.0,0.0,0.0,0.0,0.0,0.0,12.86,15.03,2.16,3.42,0.0,10.44,6.0,0.0,3.78,6.6,0.0,16.5,26.95,0.0,6.6,12.02,25.86,0.0,0.0,0.0,13.2,0.0,0.0,0.0,0.0,6.6,0.0,0.0,6.6,9.45,0.0,32.65,8.58,13.32,6.48,4.81,0.0,6.6,6.6,0.0,0.0,0.0,16.59,10.36,0.0,6.66,12.21,0.0,12.09,0.0,11.07,10.92,0.0,0.0,27.35,32.28,8.3,29.465,11.62,0.0,10.375,0.0,0.0,0.0,19.92,0.0,24.91,13.2,0.0,10.375,6.6,0.0,0.0,0.0,0.0,13.28,6.64
3522,0.0,1.52,1.71,3.47,0.7,1.9,6.92,10.938,6.25,0.0,2.025,1.52,0.0,0.0,5.14,0.0,0.0,4.37,1.56,0.0,19.05,0.0,0.0,13.359,3.2,0.0,0.0,0.0,0.0,1.5,0.0,0.0,0.0,1.2,0.0,0.0,0.0,0.0,0.0,1.2,0.0,0.0,0.0,0.0,5.0,8.91,0.0,7.0,0.0,4.0,5.0,5.0,18.0,5.0,0.0,5.0,9.14,4.0,0.0,0.0,0.0,3.64,0.0,5.0,0.0,0.0,0.0,0.0,0.0,0.0,0.0,5.52,0.0,0.0,7.64,0.0,0.0,0.0,0.0,0.0,5.4,5.22,4.06,0.0,0.0,0.0,0.0,0.0,0.0,6.0,0.0,6.27,0.0,5.795,1.65,0.0,0.0,6.0,0.0,0.0,0.0,6.6,0.0,3.72,0.0,0.0,6.49,0.0,0.0,17.31,0.0,0.0,6.6,0.0,15.005,0.0,0.0,2.96,3.63,0.0,6.6,0.0,0.0,0.0,6.66,0.0,3.7,28.79,0.0,0.0,6.66,6.66,0.0,0.0,0.0,0.0,0.0,0.0,20.13,0.0,10.64,8.88,30.3,0.0,0.0,4.92,16.6,11.205,5.81,9.13,0.0,13.28,0.0,0.0,6.225,0.0,6.6,6.65,0.0,0.0
3523,10.695,20.59,28.08,34.27,15.71,53.957,13.9,15.81,46.165,13.205,10.435,50.825,18.67,9.74,11.79,21.43,58.23,48.445,21.9,20.66,65.26,27.12,9.08,62.23,16.98,27.03,18.21,11.58,12.6,43.6,21.37,12.62,13.5,8.5,48.875,26.0,9.93,18.665,14.665,15.424,28.665,10.0,12.62,29.25,32.579,16.5,18.0,30.48,16.5,11.0,15.0,1.0,12.0,3.0,8.0,20.39,6.0,7.0,5.0,0.0,28.22,15.14,15.2,23.26,5.24,4.16,20.4,15.9,31.2,16.84,26.72,28.02,26.38,26.562,28.0,15.4,9.59,18.5,21.303,30.9,49.08,9.86,31.49,44.25,50.8,36.58,24.73,22.67,62.905,27.96,52.54,17.475,19.67,16.8,53.82,46.205,36.435,89.28,79.56,32.721,4.4,100.98,11.565,75.555,36.37,118.005,79.89,45.485,35.725,39.365,17.04,103.57,38.13,49.065,37.94,45.75,85.28,43.68,29.735,71.92,23.76,63.72,178.75,64.73,20.72,67.92,32.42,92.03,51.79,36.97,60.22,0.0,6.66,10.73,41.53,39.29,31.89,47.73,16.77,35.09,40.595,38.63,123.535,73.165,59.69,35.94,58.165,33.535,53.25,48.06,72.94,68.965,46.93,43.82,26.4,48.78,76.54,11.58,46.64,6.6
3525,0.72,0.0,0.0,0.0,7.6,8.89,10.0,14.585,27.38,1.596,2.96,3.0,4.94,6.08,3.04,15.64,10.07,16.445,15.87,7.68,45.5,0.0,29.0,13.38,5.0,16.175,15.52,0.0,0.0,9.65,5.0,4.5,0.0,13.0,13.0,23.415,5.0,0.0,28.115,8.82,35.162,5.82,5.0,14.5,50.0,11.5,11.0,0.0,0.0,5.0,18.0,6.25,8.0,0.0,5.0,3.0,0.0,3.0,0.0,5.2,5.1,7.16,20.655,0.0,0.0,3.06,8.32,0.0,2.08,7.2,4.16,5.0,0.0,0.0,0.0,11.88,65.66,7.28,4.95,0.0,0.0,15.625,31.02,5.2,3.24,20.16,5.94,0.0,13.77,4.59,7.56,0.0,6.6,30.64,29.4,105.93,11.4,5.13,13.2,14.04,6.6,10.08,0.0,30.555,0.0,22.53,81.75,19.81,5.04,0.0,41.91,6.3,0.0,0.0,0.0,0.0,15.03,0.0,0.0,27.52,15.86,16.59,22.57,20.785,35.16,87.74,3.7,0.0,12.58,0.0,0.0,13.32,6.66,6.63,5.28,0.0,31.98,21.41,25.9,6.66,6.63,12.47,7.47,0.0,0.0,0.0,0.0,0.0,13.3,5.81,0.0,45.33,0.0,39.64,38.72,14.46,6.6,6.16,0.0,5.28
3527,0.0,0.0,2.45,2.28,2.96,5.32,1.14,9.065,4.56,5.0,0.0,0.0,0.0,33.45,3.0,6.19,14.52,11.04,0.0,5.0,16.88,0.0,0.0,3.2,9.75,0.0,0.0,6.0,0.0,13.25,9.405,0.0,0.0,0.0,1.5,5.0,2.8,8.08,0.0,0.0,2.0,3.0,3.0,0.0,0.0,0.0,4.0,3.0,0.0,0.0,0.0,0.0,0.0,3.0,3.0,0.0,4.0,0.0,0.0,14.1,0.0,0.0,0.0,0.0,0.0,7.05,10.5,0.0,0.0,71.41,0.0,0.0,10.92,0.0,0.0,9.45,0.0,3.0,0.0,0.0,4.32,35.11,10.725,19.8,5.72,0.0,6.558,0.0,11.825,0.0,10.89,0.0,0.0,0.0,0.0,10.8,0.0,8.88,0.0,7.84,8.96,13.98,5.04,6.0,0.0,3.6,0.0,2.2,0.0,5.94,2.925,0.0,4.8,10.88,16.46,4.62,6.66,0.0,0.0,0.0,6.6,8.88,0.0,0.0,56.58,1.98,30.34,6.63,0.0,0.0,0.0,6.0,0.0,0.0,0.0,0.0,0.0,0.0,3.9,8.58,0.0,0.0,19.505,6.64,9.96,0.0,9.96,0.0,20.75,10.375,67.305,34.965,13.28,14.94,0.0,20.295,10.2,7.04,0.0,0.0
3529,0.0,0.0,0.0,0.0,0.0,0.0,0.0,0.0,0.0,0.0,0.0,0.0,0.0,0.0,0.0,0.0,0.0,0.0,4.5,0.0,0.0,0.0,0.0,0.0,0.0,0.0,8.0,0.0,0.0,0.0,0.0,0.0,0.0,0.0,0.0,0.0,0.0,0.0,0.0,0.0,0.0,5.0,2.0,0.0,0.0,0.0,0.0,0.0,0.0,0.0,0.0,0.0,0.0,0.0,0.0,0.0,3.12,0.0,0.0,0.0,0.0,0.0,0.0,0.0,0.0,0.0,0.0,0.0,0.0,0.0,0.0,0.0,0.0,0.0,0.0,0.0,0.0,0.0,0.0,0.0,0.0,10.175,15.295,0.0,0.0,0.0,15.105,0.0,0.0,0.0,0.0,0.0,0.0,0.0,0.0,0.0,0.0,0.0,0.0,0.0,0.0,8.25,0.0,0.0,0.0,0.0,0.0,0.0,0.0,0.0,6.6,0.0,0.0,6.6,0.0,0.0,0.0,0.0,0.0,0.0,0.0,0.0,0.0,0.0,5.61,0.0,0.0,0.0,0.0,0.0,0.0,0.0,0.0,0.0,0.0,0.0,0.0,0.0,0.0,0.0,7.885,0.0,0.0,0.0,0.0,0.0,0.0,0.0,0.0,5.395,0.0,0.0,0.0,0.0,0.0,0.0,0.0,0.0,0.0,0.0
3530,0.0,0.0,0.0,0.0,2.99,1.52,0.0,0.0,0.0,0.0,1.52,4.995,0.0,0.0,0.0,0.0,1.17,0.0,0.0,0.0,0.0,0.0,0.0,0.0,0.0,0.0,0.0,0.0,0.0,0.0,0.0,0.0,0.0,0.0,0.0,0.0,0.0,0.0,0.0,0.0,0.0,0.0,0.0,0.0,0.0,0.0,0.0,0.0,0.0,0.0,0.0,0.0,0.0,0.0,0.0,0.0,0.0,0.0,0.0,0.0,0.0,0.0,0.0,0.0,0.0,0.0,0.0,0.0,0.0,0.0,0.0,8.5,0.0,0.0,0.0,0.0,0.0,0.0,28.38,0.0,4.94,22.87,0.0,0.0,0.0,0.0,0.0,5.94,0.0,0.0,0.0,0.0,0.0,0.0,0.0,0.0,4.4,0.0,0.0,0.0,6.6,0.0,0.0,0.0,0.0,0.0,0.0,0.0,5.1,6.46,0.0,0.0,0.0,0.0,0.0,0.0,0.0,6.6,0.0,0.0,5.94,0.0,0.0,0.0,0.0,0.0,0.0,0.0,0.0,0.0,0.0,0.0,0.0,0.0,6.66,0.0,0.0,0.0,0.0,0.0,0.0,0.0,0.0,0.0,0.0,0.0,0.0,0.0,0.0,0.0,0.0,0.0,6.225,0.0,0.0,9.13,0.0,0.0,0.0,0.0
3531,0.0,0.0,2.28,0.0,0.0,8.01,2.35,0.0,0.0,0.0,0.0,0.0,0.0,0.0,0.0,1.48,0.0,10.06,0.0,0.0,0.0,0.0,0.0,0.0,0.0,0.0,0.0,0.0,0.0,0.0,0.0,0.0,3.42,0.0,0.0,0.0,0.0,3.05,0.0,0.0,0.0,0.0,0.0,0.0,0.0,0.0,0.0,0.0,0.0,0.0,2.0,0.0,0.0,0.0,0.0,0.0,0.0,2.0,0.0,0.0,10.0,0.0,0.0,0.0,0.0,0.0,0.0,18.0,0.0,5.5,0.0,0.0,0.0,0.0,0.0,0.0,0.0,3.12,0.0,0.0,5.4,0.0,0.0,0.0,0.0,0.0,0.0,0.0,0.0,0.0,0.0,0.0,6.6,0.0,0.0,0.0,0.0,0.0,0.0,0.0,0.0,0.0,0.0,0.0,0.0,0.0,0.0,0.0,0.0,0.0,0.0,0.0,0.0,0.0,0.0,0.0,0.0,0.0,0.0,6.3,0.0,0.0,0.0,6.6,0.0,0.0,13.32,0.0,0.0,0.0,0.0,0.0,0.0,6.66,0.0,0.0,0.0,0.0,0.0,0.0,0.0,0.0,0.0,0.0,0.0,0.0,0.0,0.0,0.0,0.0,10.375,0.0,17.015,0.0,0.0,5.72,0.0,0.0,0.0,0.0
3533,0.0,4.1,0.0,0.0,10.75,14.06,0.0,5.05,21.215,7.6,0.0,0.0,7.6,0.0,26.6,1.48,0.0,29.22,0.0,2.73,18.14,0.0,0.0,0.0,0.0,0.0,1.17,0.0,8.4,0.0,5.06,0.0,5.41,5.0,0.0,0.0,0.0,17.9,0.0,0.0,0.0,0.0,0.0,0.0,0.0,0.0,0.0,0.0,2.64,0.0,0.0,2.75,5.5,7.1,5.845,5.035,13.0,16.0,0.0,0.0,3.0,0.0,0.0,0.0,5.1,4.0,9.0,0.0,0.0,0.0,0.0,0.0,0.0,3.92,22.695,0.0,0.0,7.64,6.3,0.0,15.04,6.4,0.0,17.28,0.0,9.72,0.0,0.0,6.65,0.0,12.35,0.0,6.46,0.0,30.36,0.0,0.0,0.0,49.2,0.0,11.95,0.0,0.0,31.63,0.0,33.5,6.6,0.0,12.9,30.24,6.6,9.915,0.0,19.8,49.92,17.38,6.6,0.0,16.5,0.0,6.66,38.95,0.0,0.0,39.36,28.49,0.0,0.0,9.62,5.61,0.0,0.0,0.0,0.0,0.0,0.0,46.19,0.0,7.53,25.8,0.0,0.0,63.22,12.45,0.0,6.64,13.28,0.0,0.0,0.0,0.0,0.0,0.0,6.6,0.0,0.0,0.0,0.0,0.0,0.0
3537,3.29,2.82,5.28,6.455,6.125,7.305,4.935,7.975,0.0,3.995,7.535,1.52,4.5,9.495,13.105,3.0,11.04,19.7,12.54,0.0,21.645,4.0,12.46,4.0,0.0,0.0,0.0,19.5,5.0,10.07,4.905,0.0,0.0,0.0,6.5,9.0,0.0,7.5,4.905,7.055,5.0,4.0,8.055,0.0,13.0,9.0,5.0,0.0,0.0,6.5,0.0,5.0,7.8,0.0,0.0,0.0,0.0,7.9,0.0,0.0,3.06,3.12,0.0,20.8,13.46,7.521,5.13,0.0,0.0,3.0,0.0,5.1,10.6,0.0,63.8,6.24,0.0,0.0,94.08,4.94,0.0,12.34,3.12,0.0,8.1,0.0,11.4,0.0,20.1,6.5,0.0,0.0,0.0,0.0,0.0,4.95,0.0,0.0,6.6,21.16,0.0,0.0,19.22,28.55,0.0,0.0,5.28,22.14,8.03,0.0,17.42,0.0,7.15,0.0,0.0,0.0,0.0,6.66,0.0,0.0,0.0,13.32,0.0,0.0,109.04,124.95,13.0,13.32,6.66,6.66,6.66,51.06,9.59,0.0,19.98,0.0,13.29,6.63,6.66,87.765,3.32,0.0,19.92,19.9,6.64,35.69,8.715,19.92,52.135,13.3,0.0,42.15,99.6,0.0,35.58,8.36,119.84,4.98,10.56,0.0
3540,0.0,1.44,0.0,2.04,7.43,22.9,0.0,7.995,1.56,0.0,4.18,0.0,0.0,2.28,0.0,0.0,0.0,0.0,0.0,4.0,12.82,0.0,0.0,0.0,0.0,0.0,10.0,0.0,0.0,0.0,4.905,0.0,0.0,0.0,3.0,4.83,0.0,0.0,0.0,0.0,0.0,0.0,3.75,3.0,0.0,0.0,3.0,0.0,0.0,3.0,0.0,0.0,0.0,10.0,0.0,2.0,0.0,0.0,0.0,7.14,20.4,0.0,0.0,0.0,0.0,5.13,0.0,0.0,0.0,0.0,0.0,5.04,0.0,0.0,0.0,0.0,0.0,0.0,0.0,0.0,0.0,0.0,0.0,0.0,0.0,0.0,10.92,4.4,0.0,5.4,24.84,0.0,0.0,10.8,0.0,0.0,0.0,0.0,5.67,0.0,0.0,0.0,0.0,6.3,0.0,0.0,6.615,1.925,0.0,0.0,0.0,0.0,0.0,9.6,0.0,0.0,2.97,0.0,8.14,0.0,0.0,0.0,0.0,0.0,0.0,0.0,6.66,0.0,0.0,0.0,0.0,0.0,0.0,12.58,19.98,0.0,0.0,0.0,0.0,0.0,0.0,0.0,10.79,0.0,0.0,0.0,0.0,0.0,6.64,0.0,0.0,0.0,0.0,6.64,0.0,6.64,0.0,0.0,0.0,0.0
3542,0.0,0.0,0.0,0.0,0.0,3.29,0.0,0.0,4.995,0.0,0.0,0.0,0.0,0.0,0.0,0.0,0.0,0.0,4.18,0.0,4.94,0.0,0.0,0.0,0.0,0.0,0.0,0.0,0.0,0.0,4.095,0.0,0.0,0.0,0.0,0.0,0.0,0.0,0.0,0.0,3.43,0.0,0.0,0.0,0.0,0.0,0.0,0.0,0.0,0.0,0.0,0.0,0.0,0.0,0.0,0.0,0.0,0.0,0.0,0.0,0.0,0.0,0.0,5.2,0.0,5.2,8.2,8.0,0.0,0.0,0.0,3.0,0.0,3.78,4.32,0.0,0.0,0.0,0.0,0.0,0.0,4.75,0.0,0.0,0.0,0.0,5.12,0.0,0.0,0.0,0.0,25.11,0.0,0.0,0.0,0.0,0.0,0.0,0.0,0.0,0.0,16.5,0.0,0.0,0.0,0.0,0.0,0.0,0.0,0.0,0.0,4.95,0.0,0.0,3.3,0.0,6.66,5.94,0.0,0.0,0.0,0.0,0.0,0.0,5.18,0.0,0.0,0.0,0.0,10.14,0.0,0.0,0.0,16.28,17.76,0.0,0.0,0.0,0.0,0.0,0.0,0.0,0.0,0.0,0.0,0.0,0.0,0.0,0.0,0.0,0.0,12.035,0.0,0.0,0.0,0.0,0.0,0.0,0.0,0.0
3544,0.0,0.0,4.07,0.0,14.07,29.07,3.76,2.96,0.0,0.0,3.29,0.0,0.0,0.0,0.0,0.0,5.04,0.0,0.0,0.0,0.0,0.0,0.0,10.0,0.0,0.0,0.0,0.0,0.0,0.0,0.0,0.0,5.0,0.0,0.0,0.0,0.0,8.0,0.0,0.0,0.0,0.0,0.0,3.0,0.0,0.0,0.0,0.0,0.0,0.0,0.0,0.0,0.0,0.0,13.5,19.76,0.0,0.0,0.0,0.0,0.0,0.0,5.1,5.2,4.0,3.12,0.0,0.0,0.0,0.0,0.0,15.75,13.23,3.0,18.36,0.0,0.0,0.0,0.0,6.48,0.0,0.0,0.0,0.0,0.0,0.0,0.0,3.3,8.8,5.775,0.0,6.6,0.0,0.0,0.0,0.0,0.0,0.0,0.0,0.0,13.09,6.6,6.3,0.0,0.0,0.0,0.0,0.0,0.0,6.6,12.6,6.6,6.6,0.0,0.0,0.0,0.0,10.56,0.0,0.0,0.0,0.0,6.6,6.6,0.0,0.0,0.0,0.0,0.0,0.0,14.8,10.0,0.0,0.0,0.0,0.0,0.0,0.0,6.29,0.0,0.0,0.0,0.0,0.0,0.0,0.0,0.0,0.0,0.0,10.79,0.0,0.0,0.0,0.0,13.2,0.0,0.0,0.0,0.0,0.0
3546,0.0,0.0,0.0,1.47,8.0,50.0,9.015,5.0,20.175,0.0,0.57,0.0,0.0,2.0,1.52,1.9,0.0,0.0,0.0,6.825,5.0,1.5,0.0,0.0,8.25,0.0,0.0,5.0,0.0,0.0,3.0,5.0,3.0,0.0,5.0,1.5,0.0,0.0,6.5,0.0,0.0,0.0,20.0,4.0,0.0,9.96,0.0,0.0,0.0,0.0,0.0,4.95,0.0,0.0,0.0,0.0,7.5,0.0,0.0,0.0,0.0,0.0,0.0,0.0,0.0,0.0,0.0,0.0,0.0,0.0,17.84,0.0,0.0,0.0,0.0,0.0,0.0,0.0,0.0,5.4,10.155,0.0,5.1,0.0,4.32,2.16,0.0,14.63,0.0,3.24,14.28,0.0,0.0,34.7,0.0,0.0,0.0,0.0,13.2,5.1,0.0,0.0,0.0,0.0,0.0,0.0,0.0,0.0,0.0,0.0,0.0,6.6,0.0,0.0,28.44,0.0,0.0,0.0,0.0,0.0,0.0,0.0,0.0,6.6,0.0,29.0,0.0,6.29,0.0,0.0,0.0,6.66,0.0,6.29,0.0,0.0,0.0,14.07,0.0,5.18,12.96,0.0,0.0,0.0,0.0,3.7,0.0,19.98,0.0,14.76,13.28,10.375,21.58,0.0,0.0,0.0,0.0,0.0,0.0,0.0
3549,3.42,8.892,11.88,19.08,15.468,8.51,4.59,4.94,1.54,0.0,1.52,1.52,0.0,1.52,0.0,9.31,4.8,10.4,4.56,17.875,13.41,17.16,0.0,13.0,10.0,10.96,4.8,44.13,59.5,20.0,5.0,34.56,15.25,42.0,1.5,8.25,9.8,0.0,8.25,6.0,10.0,6.5,0.0,5.0,10.0,10.0,8.0,0.0,20.5,0.0,0.0,0.0,0.0,13.0,29.0,88.4,4.0,99.84,0.0,4.0,17.0,0.0,2.04,0.0,0.0,0.0,24.0,0.0,0.0,0.0,25.2,0.0,34.32,47.0,16.37,36.14,0.0,14.92,10.8,106.589,10.13,0.0,16.47,46.52,2.7,13.92,23.0,5.5,11.77,10.26,26.71,51.62,9.12,29.4,4.4,162.01,12.1,94.825,17.6,10.595,7.85,0.0,33.57,63.76,13.2,125.675,216.36,15.51,44.58,140.25,199.26,178.25,176.83,448.45,404.925,236.57,141.3,191.13,238.33,88.17,73.81,38.86,211.43,69.97,207.67,28.26,54.27,87.41,10.36,7.65,311.54,621.44,240.4,68.4,185.6,93.23,10.14,56.98,252.34,18.84,205.49,15.77,99.76,403.6,19.23,10.75,49.32,57.2,66.64,111.14,6.64,72.78,13.695,6.6,145.63,24.64,6.6,8.2,55.58,0.0
3550,49.89,50.149,145.109,132.32,212.604,302.795,73.255,63.42,198.765,32.46,83.1,53.641,64.07,80.551,82.475,64.775,186.57,345.575,174.345,178.11,317.132,100.275,110.85,121.255,34.26,161.385,81.25,94.8,27.95,43.62,49.24,86.14,84.88,98.61,62.75,70.08,68.5,139.715,154.856,126.401,68.228,77.805,145.716,172.29,93.923,126.405,211.354,114.905,84.144,154.925,64.236,172.86,230.01,113.575,36.25,101.1,44.366,63.055,103.385,112.882,46.515,21.765,33.63,54.31,42.54,46.61,144.975,46.52,67.23,34.25,161.52,158.751,90.194,52.296,120.38,66.5,63.27,70.105,227.01,91.565,281.185,223.63,508.232,610.057,73.68,93.53,157.95,90.165,257.751,220.392,251.11,217.64,181.902,531.816,181.109,217.505,161.992,479.83,350.055,243.158,196.768,188.099,185.685,195.115,243.765,277.615,551.725,329.57,270.45,395.37,537.92,194.3,249.48,226.535,391.285,250.345,521.315,369.34,294.605,357.7,232.08,407.15,354.085,291.865,271.59,430.5,296.12,468.9,291.19,354.42,461.78,609.965,137.305,126.955,241.425,276.595,224.09,338.615,321.715,437.375,393.85,306.15,351.215,299.895,159.98,230.425,416.63,186.9,407.555,297.74,330.39,216.61,370.58,343.54,215.685,377.74,153.775,298.355,151.74,85.75
3551,81.522,82.7,118.145,135.063,224.375,372.575,75.842,77.795,296.088,32.19,59.282,143.855,101.545,74.995,116.845,112.99,276.525,324.868,235.345,282.52,438.525,115.075,141.63,171.07,68.37,140.455,80.315,107.83,128.623,169.32,115.82,75.26,92.025,148.3,130.8,99.225,74.94,92.61,88.377,100.68,110.452,121.829,120.233,113.981,241.33,110.065,82.82,89.399,92.7,100.827,220.15,83.015,92.33,121.525,96.0,100.365,63.27,117.89,147.32,70.01,40.035,62.28,87.25,107.747,190.39,97.77,78.41,49.445,169.86,53.233,227.907,161.875,121.112,89.264,175.685,178.617,102.48,127.697,121.032,154.14,126.718,335.55,210.03,177.972,153.465,305.287,204.068,274.19,372.386,438.825,253.3,409.015,453.117,390.766,389.45,270.22,393.71,381.92,496.575,273.69,170.105,155.39,143.93,370.53,259.865,327.005,412.11,401.54,317.04,401.365,457.095,442.63,357.265,379.975,502.81,521.675,508.05,564.045,617.105,458.38,297.655,492.405,652.445,561.75,474.32,581.0,280.68,547.33,480.87,588.48,307.33,348.165,300.97,512.87,596.085,237.35,367.11,445.44,349.9,417.275,478.015,412.58,628.86,614.955,248.52,385.455,393.535,222.24,537.95,408.01,392.165,380.885,327.81,320.06,531.095,354.46,231.295,420.14,306.78,121.79
3552,0.0,0.0,0.0,0.0,2.2,0.0,0.0,0.0,6.39,0.0,0.0,1.61,0.0,0.0,0.0,0.0,0.0,1.5,3.04,4.56,9.495,0.0,0.0,0.0,0.0,3.8,0.0,0.0,0.0,0.0,0.0,9.5,5.0,0.0,0.0,0.0,0.0,0.0,0.0,0.0,0.0,0.0,0.0,0.0,0.0,9.75,0.0,0.0,2.25,0.0,0.0,0.0,0.0,0.0,0.0,0.0,0.0,0.0,0.0,0.0,0.0,0.0,0.0,0.0,0.0,0.0,0.0,0.0,0.0,0.0,0.0,0.0,0.0,0.0,0.0,0.0,0.0,3.78,14.85,0.0,0.0,0.0,0.0,0.0,0.0,0.0,0.0,0.0,0.0,0.0,0.0,0.0,0.0,0.0,0.0,0.0,0.0,0.0,0.0,0.0,0.0,0.0,0.0,0.0,0.0,0.0,0.0,0.0,0.0,0.0,0.0,0.0,0.0,0.0,0.0,0.0,0.0,0.0,0.0,0.0,0.0,0.0,0.0,0.0,0.0,0.0,0.0,0.0,0.0,0.0,0.0,0.0,0.0,0.0,0.0,0.0,0.0,0.0,0.0,0.0,0.0,0.0,0.0,0.0,0.0,0.0,0.0,0.0,0.0,0.0,0.0,0.0,0.0,0.0,0.0,0.0,0.0,0.0,0.0,0.0
3554,0.0,0.0,0.0,0.0,0.0,0.0,0.0,0.0,0.0,0.0,0.0,0.0,0.0,0.0,0.0,0.0,0.0,0.0,0.0,0.0,4.99,0.0,0.0,0.0,0.0,0.0,0.0,0.0,0.0,0.0,0.0,0.0,0.0,0.0,0.0,0.0,0.0,0.0,0.0,0.0,0.0,0.0,0.0,0.0,0.0,0.0,0.0,0.0,0.0,0.0,0.0,0.0,0.0,0.0,0.0,0.0,0.0,0.0,0.0,0.0,0.0,0.0,0.0,0.0,0.0,0.0,0.0,0.0,0.0,0.0,0.0,0.0,0.0,0.0,0.0,0.0,0.0,0.0,0.0,0.0,0.0,0.0,0.0,0.0,0.0,0.0,0.0,0.0,0.0,0.0,0.0,0.0,0.0,0.0,0.0,0.0,0.0,0.0,0.0,0.0,0.0,0.0,0.0,0.0,0.0,0.0,0.0,0.0,0.0,0.0,0.0,0.0,0.0,0.0,0.0,0.0,0.0,0.0,0.0,0.0,0.0,0.0,0.0,0.0,0.0,0.0,0.0,0.0,0.0,0.0,0.0,0.0,0.0,0.0,0.0,0.0,0.0,0.0,0.0,0.0,0.0,0.0,0.0,0.0,0.0,0.0,0.0,0.0,0.0,0.0,0.0,0.0,0.0,0.0,0.0,0.0,0.0,0.0,0.0,0.0
3555,53.37,30.86,68.205,53.38,114.954,177.145,32.29,44.91,81.155,20.712,30.01,51.135,24.125,24.06,27.005,41.71,103.845,118.8,81.31,64.9,158.445,46.28,72.68,86.62,55.12,54.89,36.64,39.46,44.14,65.5,60.07,72.12,56.08,36.25,31.0,56.21,24.87,59.45,45.3,30.77,73.783,49.674,56.376,31.962,47.67,111.86,46.82,49.14,26.9,101.616,63.09,50.625,66.088,68.38,26.11,130.87,103.45,53.88,45.52,42.03,20.1,63.62,125.42,31.105,8.17,42.5,7.24,10.14,30.26,58.62,89.21,90.35,36.692,18.27,25.875,29.37,32.07,36.45,76.53,77.92,6.6,25.28,61.16,91.27,129.947,14.95,63.045,82.59,70.235,38.65,57.02,138.31,75.145,130.375,185.73,102.41,130.24,137.555,190.765,320.285,88.275,28.0,86.595,104.595,191.155,181.55,170.76,107.255,128.65,286.39,252.575,91.56,261.755,145.24,106.54,233.62,287.675,289.13,148.93,158.905,103.82,160.47,178.18,287.285,127.59,252.19,282.94,124.265,123.075,254.88,172.055,157.395,118.54,91.11,126.99,213.275,136.5,163.21,200.505,171.475,141.21,166.31,174.38,137.265,114.77,171.455,138.915,135.31,217.115,213.325,144.0,184.305,105.855,119.075,200.865,94.135,116.355,63.83,188.895,48.19
3556,32.88,40.85,53.925,36.56,76.33,128.58,25.185,27.12,80.395,26.53,18.54,33.53,30.035,26.985,31.6,45.75,51.87,79.03,68.17,38.325,117.97,36.06,63.97,44.51,41.48,16.85,22.95,18.5,50.73,19.5,36.77,29.0,29.69,40.99,34.3,47.06,31.66,20.866,48.035,87.95,33.13,39.25,32.56,32.33,60.24,11.5,62.443,21.75,23.0,34.05,29.56,25.0,13.25,38.78,16.5,98.0,35.12,14.0,6.5,24.24,11.87,14.85,45.95,17.185,11.64,2.97,11.46,27.111,14.52,32.66,37.379,12.212,20.952,20.29,14.56,26.96,7.17,39.28,76.21,25.62,31.38,55.7,60.125,32.4,24.92,63.945,64.27,51.63,45.7,58.975,37.26,37.0,64.28,146.777,74.755,60.57,106.495,86.705,134.46,75.35,157.596,46.265,81.915,87.65,53.565,125.7,132.87,102.52,118.675,207.745,124.805,83.27,85.745,123.81,124.17,78.1,232.88,170.02,113.715,98.88,99.84,95.44,190.99,142.69,90.97,90.14,153.93,169.49,127.89,137.63,82.69,153.305,84.53,77.615,93.43,109.48,159.372,295.53,173.11,92.41,120.03,70.525,136.42,44.405,53.795,114.685,105.045,87.615,117.51,95.6,88.905,124.065,157.9,107.485,144.08,52.39,144.475,149.52,108.055,13.2
3557,1.44,0.0,1.52,1.52,1.5,15.412,0.0,1.54,11.965,0.0,3.995,3.04,0.0,0.0,9.12,5.28,9.29,4.8,0.0,11.4,9.828,20.0,0.0,6.29,0.0,10.0,0.0,0.0,3.0,0.0,6.0,4.0,0.0,0.0,5.0,3.0,0.0,5.0,4.9,3.0,5.5,3.25,10.0,9.0,17.924,3.0,5.77,8.0,0.0,10.0,0.0,13.0,0.0,10.0,6.0,9.0,0.0,0.0,5.0,23.46,0.0,0.0,0.0,0.0,34.08,0.0,0.0,0.0,0.0,8.025,0.0,0.0,0.0,0.0,0.0,0.0,0.0,5.3,8.72,0.0,0.0,0.0,4.48,0.0,0.54,19.01,11.0,0.0,4.86,6.5,0.0,5.4,6.6,6.2,13.75,6.0,7.815,22.85,11.55,6.49,25.235,6.615,6.49,0.0,7.8,6.6,0.0,13.265,0.0,12.915,0.0,0.0,5.04,0.0,6.6,0.0,5.18,6.66,16.59,3.3,5.18,0.0,10.56,0.0,0.0,17.63,13.23,13.32,6.66,6.24,19.61,0.0,4.44,20.35,0.0,0.0,5.18,6.63,21.105,9.68,5.81,0.0,6.63,15.52,0.0,6.63,0.0,6.64,34.74,0.0,0.0,6.375,0.0,0.0,0.0,37.09,0.0,0.0,6.6,9.24
3558,3.19,1.48,1.52,1.52,5.41,31.01,0.0,3.84,12.89,2.09,0.0,1.9,12.16,0.0,3.44,13.79,9.405,19.0,4.95,22.99,22.92,2.66,5.13,17.6,0.0,17.0,5.1,0.0,4.76,2.82,11.0,0.0,16.0,15.1,0.0,7.0,4.935,7.5,2.0,0.0,0.0,6.0,2.5,24.75,15.0,0.0,0.0,3.0,0.0,0.0,40.0,7.0,0.0,5.0,14.7,10.0,0.0,0.0,0.0,0.0,16.46,0.0,0.0,0.0,0.0,3.06,2.97,2.34,0.0,3.0,0.0,1.02,5.2,0.0,3.24,4.32,6.48,10.2,3.12,4.08,0.0,0.0,5.94,0.0,0.0,0.0,5.13,1.62,6.6,26.46,0.0,0.0,0.0,10.194,18.3,7.425,0.0,15.18,6.1,6.6,4.48,6.325,5.31,0.0,6.05,0.0,4.8,0.0,4.72,0.0,7.56,0.0,5.94,40.1,6.6,0.0,0.0,8.14,17.69,0.0,0.0,11.78,6.63,26.43,6.55,0.0,5.28,3.51,6.66,8.86,6.66,0.0,0.0,0.0,9.99,19.8,0.0,11.42,10.36,5.18,5.395,19.89,6.24,6.225,22.0,0.0,10.12,0.0,53.81,6.64,0.0,0.0,31.84,0.0,0.0,29.94,0.0,6.6,13.2,0.0
3559,0.0,0.0,0.0,0.0,0.0,0.0,0.0,0.0,3.04,0.0,1.9,0.0,1.52,0.0,0.0,0.0,0.0,4.18,0.0,3.9,15.0,4.56,0.0,8.0,2.28,9.83,0.0,0.0,0.0,0.0,10.0,0.0,0.0,5.0,5.0,0.0,0.0,9.0,0.0,0.0,0.0,0.0,3.0,0.0,0.0,0.0,4.0,0.0,0.0,0.0,0.0,10.0,0.0,6.5,8.0,0.0,0.0,0.0,0.0,0.0,0.0,10.4,0.0,4.16,0.0,0.0,0.0,30.195,0.0,0.0,0.0,5.4,0.0,0.0,0.0,10.8,0.0,0.0,0.0,0.0,0.0,5.27,0.0,0.0,0.0,0.0,0.0,5.13,0.0,6.48,8.1,0.0,105.875,0.0,0.0,13.035,0.0,0.0,0.0,6.6,0.0,0.0,0.0,0.0,11.97,0.0,0.0,0.0,0.0,0.0,6.6,6.6,0.0,0.0,3.96,12.78,19.02,4.95,0.0,0.0,0.0,0.0,10.56,20.28,40.2,0.0,0.0,0.0,0.0,9.36,0.0,54.4,0.0,0.0,0.0,12.95,12.87,0.0,26.64,0.0,5.55,0.0,0.0,0.0,0.0,0.0,6.6,0.0,0.0,0.0,5.74,0.0,16.76,29.465,8.3,21.12,0.0,0.0,0.0,0.0
3561,4.79,34.604,29.555,12.45,56.57,80.824,28.175,29.71,37.255,6.96,21.49,20.16,10.97,41.56,26.36,10.0,37.25,108.61,48.72,16.0,98.61,22.61,30.67,74.18,64.24,78.14,0.0,73.4,37.28,19.0,24.0,8.22,2.5,27.26,11.0,5.0,73.5,21.0,15.0,14.15,13.1,9.85,3.0,2.0,14.0,42.597,21.0,11.5,10.0,18.0,11.462,10.0,11.0,5.0,8.0,10.035,25.0,30.0,24.96,19.1,2.5,24.72,40.345,165.78,19.24,73.135,4.15,33.66,26.37,5.86,12.22,10.72,69.52,62.4,14.755,0.0,7.42,17.01,0.0,51.925,13.89,12.72,4.13,10.8,70.38,22.9,24.71,66.075,19.71,28.08,29.235,15.66,20.08,87.135,114.66,30.74,47.305,94.535,31.18,88.395,44.97,26.01,10.065,143.145,1.925,109.98,16.12,52.7,80.37,238.83,64.35,60.16,113.24,28.31,47.085,133.305,79.1,177.87,13.25,34.325,36.49,171.52,39.59,160.18,49.555,92.62,51.69,55.355,164.59,96.91,36.78,159.12,6.57,73.8,47.19,27.45,67.97,50.16,75.5,63.11,49.935,6.66,40.455,77.955,44.82,17.94,134.02,25.205,23.44,54.51,51.12,79.74,105.525,23.685,52.995,22.44,23.76,27.28,11.73,0.0
3562,1.98,0.0,0.0,0.0,12.96,9.95,0.0,0.0,0.0,0.0,0.0,0.0,0.0,5.0,0.0,0.0,0.0,9.5,0.0,5.0,0.0,4.8,4.0,0.0,0.0,4.2,0.0,0.0,0.0,10.0,0.0,0.0,0.0,0.0,0.0,0.0,0.0,5.0,0.0,0.0,0.0,0.0,0.0,10.0,0.0,0.0,3.5,0.0,0.0,0.0,0.0,5.0,0.0,4.0,0.0,0.0,0.0,2.25,0.0,0.0,0.0,0.0,0.0,0.0,0.0,0.0,0.0,0.0,0.0,5.2,0.0,0.0,0.0,0.0,0.0,0.0,0.0,110.64,10.8,0.0,0.0,0.0,9.9,0.0,37.55,25.92,4.95,0.0,0.0,0.0,7.56,11.0,0.0,0.0,0.0,11.53,6.6,0.0,13.04,0.0,0.0,0.0,0.0,0.0,0.0,0.0,33.0,19.8,0.0,13.2,0.0,0.0,6.6,6.6,6.6,18.48,0.0,0.0,0.0,13.17,9.99,6.66,0.0,0.0,33.3,0.0,9.9,13.26,0.0,6.27,22.5,0.0,7.8,0.0,0.0,0.0,41.34,0.0,0.0,0.0,0.0,8.3,22.41,53.735,0.0,0.0,6.65,0.0,0.0,0.0,0.0,50.67,6.6,10.44,0.0,0.0,0.0,0.0,0.0,0.0
3563,3.19,0.0,0.0,8.36,13.3,7.46,0.0,0.0,0.0,4.94,3.52,11.52,7.0,16.45,6.32,4.56,13.04,9.84,2.0,8.71,11.95,5.0,15.32,8.2,0.0,0.0,5.0,7.5,0.0,2.64,0.0,0.0,0.0,0.0,13.0,6.06,0.0,0.0,0.0,5.0,7.0,3.0,6.0,3.0,3.0,0.0,6.0,0.0,5.0,0.0,0.0,8.0,0.0,0.0,0.0,0.0,7.0,0.0,3.0,0.0,6.06,0.0,0.0,0.0,0.0,0.0,5.0,6.64,0.0,0.0,0.0,0.0,0.0,0.0,0.0,0.0,0.0,3.24,3.24,16.74,0.0,0.0,5.6,73.92,9.9,0.0,25.11,0.0,3.3,5.94,28.54,7.98,4.2,1.995,0.0,6.54,0.0,6.6,42.9,6.9,0.0,6.16,26.6,6.6,6.6,35.04,25.47,5.67,28.49,7.92,0.0,3.3,3.96,0.0,0.0,16.17,30.21,0.0,13.32,0.0,0.0,0.0,6.66,6.6,73.26,6.65,5.46,16.02,10.36,12.87,6.66,0.0,0.0,17.64,4.565,6.6,0.0,0.0,7.8,40.96,21.06,56.94,13.26,8.3,42.35,0.0,6.64,12.04,5.81,81.625,35.5,6.6,25.225,6.64,24.93,0.0,6.65,0.0,0.0,0.0
3564,44.535,51.795,69.24,117.0,146.79,277.965,42.23,63.905,146.62,0.0,14.5,4.0,26.8,41.08,46.064,42.584,109.69,193.65,65.66,113.1,299.32,31.6,17.57,121.395,63.01,65.4,45.0,66.995,95.06,67.47,65.62,88.11,164.5,81.11,91.5,66.5,101.5,67.455,64.5,90.424,138.81,39.0,50.495,205.67,78.5,144.35,158.195,78.25,116.1,117.06,94.84,75.67,31.57,52.25,71.5,58.25,71.855,128.41,129.48,54.4,57.04,69.41,125.95,133.125,201.27,57.71,65.65,76.725,126.12,111.34,66.18,39.6,38.54,107.83,73.3,55.42,76.99,56.94,65.45,66.97,122.545,143.294,79.43,113.36,73.685,97.92,236.705,109.885,246.5,81.005,80.815,153.43,210.91,225.675,184.43,155.46,95.785,206.675,248.675,206.262,201.515,226.05,198.9,146.43,140.425,208.975,162.84,136.255,149.605,138.3,315.11,228.32,272.41,496.085,211.57,200.91,280.985,210.46,226.82,231.22,71.5,133.06,465.71,191.44,108.35,131.47,206.99,226.915,278.12,265.0,224.83,361.375,78.47,130.36,294.12,189.39,91.42,186.88,295.145,360.38,218.41,103.67,213.635,363.515,110.995,271.455,190.215,223.42,238.405,193.965,212.705,288.675,220.92,278.735,133.375,123.72,126.07,87.525,192.665,39.16
3565,0.0,0.0,0.0,0.0,0.0,0.0,0.0,0.0,0.0,0.0,0.0,0.0,0.0,5.0,0.0,0.0,0.0,0.0,0.0,0.0,20.0,0.0,0.0,5.39,5.0,0.0,0.0,0.0,30.0,0.0,0.0,0.0,0.0,9.0,2.0,0.0,0.0,0.0,0.0,3.0,0.0,0.0,0.0,0.0,0.0,0.0,0.0,0.0,0.0,0.0,0.0,0.0,0.0,0.0,0.0,0.0,0.0,0.0,0.0,0.0,0.0,0.0,0.0,0.0,0.0,0.0,0.0,0.0,0.0,0.0,0.0,0.0,0.0,0.0,0.0,0.0,0.0,0.0,0.0,0.0,0.0,0.0,0.0,0.0,0.0,0.0,0.0,0.0,0.0,0.0,0.0,0.0,5.5,0.0,0.0,6.555,0.0,0.0,0.0,0.0,0.0,0.0,0.0,0.0,0.0,0.0,13.2,0.0,0.0,0.0,0.0,0.0,0.0,0.0,0.0,7.77,0.0,0.0,0.0,0.0,0.0,0.0,0.0,0.0,0.0,0.0,0.0,0.0,0.0,16.65,0.0,0.0,0.0,0.0,0.0,0.0,0.0,0.0,0.0,0.0,0.0,0.0,6.66,32.76,0.0,0.0,0.0,0.0,17.16,0.0,0.0,0.0,0.0,0.0,12.45,0.0,0.0,0.0,0.0,0.0
3566,4.83,0.0,0.0,1.47,10.66,2.22,0.0,9.88,0.0,0.0,1.08,0.0,0.0,0.0,4.94,0.0,0.0,0.0,7.68,2.0,3.51,0.0,3.2,1.1,4.7,0.0,0.0,2.0,25.68,0.0,3.0,0.0,2.0,1.645,0.0,0.0,0.0,5.0,0.0,19.94,3.0,0.0,2.0,3.0,0.0,4.0,0.0,0.0,0.0,0.0,15.0,0.0,5.0,0.0,0.0,4.24,0.0,0.0,4.0,5.0,0.0,0.0,0.0,10.98,2.0,0.0,0.0,0.0,0.0,0.0,0.0,0.0,0.0,5.2,0.0,11.19,0.0,0.0,107.41,0.0,2.08,0.0,5.4,30.19,9.705,0.0,30.21,25.4,0.0,2.32,20.075,39.96,14.2,6.6,5.7,9.625,0.0,5.7,0.0,10.46,8.25,40.2,20.13,0.0,23.43,0.0,6.745,44.53,0.0,10.65,11.97,0.0,0.0,0.0,6.6,0.0,5.94,45.48,15.18,13.32,0.0,0.0,13.69,41.07,0.0,5.28,12.15,0.0,14.82,0.0,29.6,0.0,0.0,0.0,0.0,0.0,10.92,0.0,0.0,74.0,0.0,0.0,6.64,0.0,0.0,16.89,11.59,0.0,14.94,10.375,0.0,35.35,0.0,0.0,0.0,0.0,0.0,13.05,6.6,0.0
3567,0.0,0.0,3.04,1.52,3.04,32.85,0.0,1.54,4.5,0.0,8.1,0.0,0.0,0.0,1.9,2.0,15.13,6.0,0.0,2.73,11.27,0.0,0.0,19.9,0.0,0.0,3.68,7.46,2.0,3.0,5.0,0.0,33.5,2.0,5.0,0.0,0.0,0.0,0.0,5.0,0.0,0.0,10.0,0.0,0.0,0.0,0.0,0.0,0.0,0.0,0.0,0.0,0.0,0.0,12.0,0.0,0.0,0.0,0.0,0.0,0.0,8.0,0.0,39.5,44.43,0.0,6.12,0.0,0.0,11.01,0.0,3.24,19.76,0.0,41.6,27.54,0.0,4.59,117.72,73.985,4.95,16.2,0.0,5.4,40.425,0.0,0.0,0.0,48.96,5.13,35.1,0.0,0.0,5.5,0.0,0.0,0.0,11.55,0.0,0.0,5.5,6.6,0.0,127.26,41.265,39.615,64.815,38.43,6.6,0.0,21.12,64.575,0.0,3.6,20.46,13.2,18.15,5.94,50.73,2.31,5.55,10.73,0.0,2.64,0.0,30.34,99.9,85.89,6.63,0.0,0.0,59.94,0.0,0.0,14.54,13.32,0.0,0.0,96.05,0.0,0.0,6.4,0.0,46.24,0.0,9.96,0.0,0.0,32.78,5.81,65.44,6.6,0.0,0.0,6.64,0.0,0.0,0.0,17.055,0.0
3568,17.3,9.21,9.54,6.86,17.075,38.17,17.535,49.845,41.18,5.68,3.32,3.8,5.0,0.0,14.24,14.12,21.545,28.23,26.36,25.54,59.01,22.84,22.875,20.24,39.19,21.67,18.66,21.86,13.77,31.0,14.58,9.56,13.4,15.0,18.89,8.5,7.0,16.0,7.0,0.0,12.0,4.0,8.0,18.54,14.905,0.0,7.5,11.5,0.0,8.5,58.0,10.04,31.0,9.96,6.0,9.0,30.0,79.86,5.0,3.0,24.5,8.135,35.19,71.675,12.46,125.455,19.99,46.26,61.04,5.2,4.8,9.44,42.88,59.93,19.17,80.0,41.61,4.94,20.0,47.2,61.88,20.7,18.6,84.225,63.2,42.49,128.59,21.635,73.76,31.9,61.41,17.24,11.79,90.94,10.725,39.355,0.0,6.44,13.81,32.83,40.22,15.675,49.65,48.85,71.56,119.19,44.01,41.94,96.13,36.96,80.61,152.23,115.285,65.2,30.815,58.78,39.72,29.67,75.38,66.81,40.75,26.95,92.03,26.64,13.32,40.27,10.36,170.95,42.84,58.26,28.73,28.89,11.07,22.62,52.02,32.755,30.8,0.0,15.21,19.86,33.22,0.0,60.105,66.16,13.28,55.63,50.67,25.315,94.12,27.04,34.27,46.415,36.97,9.545,25.12,21.35,51.085,11.88,41.02,20.97
3570,3.0,1.44,1.5,2.28,1.52,23.14,1.44,9.01,16.51,2.5,0.0,0.0,0.0,6.08,0.0,0.0,3.04,9.88,7.6,10.04,2.0,0.0,0.0,0.0,0.0,0.0,2.4,0.0,17.9,0.0,0.0,0.0,0.0,12.8,9.0,3.0,0.0,0.0,0.0,8.0,0.0,0.0,6.75,19.0,26.6,3.0,0.0,5.0,10.0,0.0,2.0,0.5,5.1,12.0,0.0,0.0,5.0,0.0,9.61,0.0,7.06,0.5,0.0,0.0,0.0,5.5,9.845,2.0,5.0,10.12,5.12,10.8,0.0,8.44,19.78,0.0,0.0,10.56,0.0,0.0,0.0,5.6,5.0,0.0,5.94,0.0,0.0,2.16,2.16,12.51,5.4,11.0,6.6,0.0,6.84,0.0,10.83,10.425,13.8,13.41,14.56,3.85,0.0,0.0,0.0,6.6,0.0,0.0,0.6,18.1,10.71,12.0,12.315,13.86,19.7,0.0,6.6,6.6,6.66,3.7,0.0,11.1,18.44,23.68,1.65,0.0,6.66,19.08,0.0,0.0,6.66,20.07,0.0,0.0,0.0,7.77,9.9,6.6,0.0,3.6,6.66,0.0,0.0,0.0,0.0,6.375,0.0,0.0,29.725,35.275,6.64,9.96,0.0,48.97,0.0,0.0,6.6,10.56,0.0,0.0
3571,0.0,0.0,0.0,0.0,5.32,3.8,0.0,2.88,7.41,0.0,0.0,0.0,0.0,4.56,0.0,0.0,2.8,0.0,0.0,15.32,5.0,2.925,4.94,0.0,5.0,0.0,0.0,0.0,0.0,0.0,0.0,0.0,0.0,0.0,5.0,0.0,0.0,0.0,0.0,0.0,5.0,0.0,0.0,0.0,0.0,0.0,0.0,4.5,0.0,0.0,0.0,0.0,5.232,0.0,0.0,0.0,0.0,8.0,0.0,0.0,0.0,4.0,0.0,0.0,0.0,2.08,5.2,2.0,5.58,0.0,0.0,15.12,0.0,0.0,21.06,71.12,0.0,0.0,5.13,0.0,8.06,6.5,5.4,30.72,0.0,0.0,0.0,0.0,0.0,5.13,10.26,10.26,11.4,0.0,0.0,0.0,0.0,0.0,5.7,0.0,0.0,0.0,57.76,6.0,0.0,0.0,11.895,0.0,0.0,6.65,20.46,0.0,0.0,0.0,0.0,0.0,0.0,0.0,13.26,0.0,0.0,0.0,50.79,6.66,6.66,14.06,0.0,0.0,0.0,0.0,0.0,0.0,0.0,0.0,6.63,0.0,5.55,0.0,0.0,0.0,0.0,0.0,6.66,0.0,0.0,0.0,59.39,0.0,0.0,0.0,0.0,6.64,6.6,6.64,0.0,0.0,0.0,0.0,0.0,0.0
3572,0.0,0.0,0.0,0.0,0.0,0.0,0.0,0.0,0.0,0.0,0.0,0.0,0.0,0.0,0.0,0.0,0.0,0.0,0.0,0.0,14.0,0.0,0.0,0.0,0.0,0.0,0.0,0.0,0.0,0.0,0.0,0.0,0.0,0.0,0.0,3.0,8.0,0.0,0.0,0.0,0.0,0.0,0.0,0.0,0.0,0.0,0.0,0.0,0.0,0.0,0.0,0.0,0.0,0.0,0.0,0.0,0.0,0.0,0.0,0.0,0.0,3.0,0.0,0.0,0.0,0.0,0.0,0.0,0.0,0.0,0.0,0.0,0.0,0.0,0.0,0.0,0.0,0.0,32.4,0.0,0.0,0.0,0.0,5.5,0.0,0.0,0.0,5.5,0.0,0.0,5.31,3.99,0.0,0.0,0.0,0.0,0.0,0.0,0.0,0.0,0.0,0.0,0.0,6.6,25.2,0.0,5.5,0.0,0.0,0.0,0.0,0.0,6.65,0.0,0.0,0.0,71.34,0.0,0.0,0.0,0.0,0.0,12.52,0.0,0.0,65.12,0.0,60.06,0.0,0.0,0.0,99.9,0.0,0.0,0.0,49.73,0.0,0.0,12.87,16.28,0.0,0.0,0.0,0.0,0.0,0.0,0.0,0.0,0.0,3.5,8.3,0.0,0.0,0.0,0.0,0.0,0.0,0.0,0.0,0.0
3573,0.0,0.0,0.0,0.0,0.0,4.58,0.0,0.0,5.13,0.0,0.0,0.0,1.44,0.0,0.0,2.0,0.0,0.0,3.42,0.0,0.0,0.0,5.0,0.0,0.0,0.0,8.6,7.4,0.0,0.0,0.0,0.0,0.0,0.0,0.0,0.0,0.0,1.53,0.0,0.0,0.0,0.0,23.0,19.5,0.0,0.0,49.0,0.0,5.5,3.27,0.0,0.0,0.0,0.0,0.0,0.0,0.0,0.0,6.12,3.25,0.0,0.0,0.0,0.0,0.0,3.0,0.0,2.0,0.0,0.0,0.0,4.16,0.0,0.0,32.56,0.0,15.84,0.0,0.0,0.0,0.0,0.0,0.0,5.4,0.0,0.0,0.0,0.0,0.0,6.05,0.0,0.0,0.0,5.4,92.16,0.0,0.0,0.0,0.0,6.4,0.0,0.0,0.0,9.0,0.0,0.0,9.6,6.0,0.0,84.27,0.0,5.5,13.5,9.72,0.0,0.0,7.92,6.66,0.0,46.6,0.0,5.94,12.21,6.66,0.0,6.05,19.26,96.82,13.32,0.0,0.0,0.0,0.0,0.0,0.0,0.0,0.0,0.0,15.4,0.0,0.0,0.0,0.0,0.0,0.0,0.0,0.0,5.18,28.22,13.2,0.0,0.0,0.0,10.375,0.0,20.24,0.0,0.0,0.0,0.0
3575,0.0,2.66,1.56,2.99,7.6,12.535,0.0,0.38,6.95,7.64,0.0,0.0,0.0,0.0,10.64,9.0,3.0,9.5,0.0,21.94,19.8,0.0,0.0,0.0,6.24,2.4,7.0,0.0,4.5,0.0,2.3,2.99,9.0,18.2,3.0,3.0,5.0,5.0,7.0,5.5,0.0,4.0,0.0,3.045,3.0,0.0,5.0,4.5,0.0,0.0,0.0,0.0,0.0,10.0,4.5,3.0,2.0,0.0,0.0,4.5,0.0,0.0,0.0,12.4,0.0,0.0,0.0,0.0,7.1,4.94,0.0,0.0,0.0,9.18,0.0,0.0,0.0,0.0,0.0,0.0,4.95,0.0,51.28,20.15,16.2,0.0,0.0,0.0,3.3,2.16,0.0,5.04,0.0,5.4,0.0,6.27,7.7,5.4,2.56,15.39,23.8,0.0,13.2,0.0,0.0,0.0,23.76,14.52,6.615,6.3,0.0,0.0,16.8,46.45,6.6,6.6,3.3,9.24,6.5,0.0,9.04,5.55,6.66,0.0,0.0,6.6,32.53,0.0,0.0,0.0,6.66,45.88,0.0,0.0,7.4,47.36,6.66,0.0,6.66,28.53,14.515,13.28,21.58,199.2,4.98,6.4,7.8,0.0,135.105,13.165,24.84,0.0,9.545,8.3,9.68,0.0,11.44,0.0,0.0,0.0
3576,0.0,0.0,0.0,0.0,0.0,0.0,0.0,0.0,0.0,0.0,0.0,0.0,0.0,0.0,0.0,0.0,0.0,0.0,4.8,0.0,4.94,0.0,5.0,0.0,0.0,0.0,0.0,0.0,0.0,0.0,0.0,0.0,0.0,0.0,0.0,0.0,0.0,0.0,0.0,0.0,0.0,5.0,0.0,0.0,0.0,0.0,0.0,0.0,0.0,0.0,0.0,0.0,0.0,0.0,0.0,0.0,0.0,0.0,0.0,0.0,0.0,0.0,0.0,0.0,0.0,5.0,0.0,0.0,0.0,0.0,0.0,0.0,0.0,0.0,0.0,0.0,0.0,0.0,0.0,0.0,0.0,0.0,0.0,0.0,0.0,0.0,0.0,0.0,0.0,0.0,0.0,0.0,5.232,0.0,0.0,0.0,0.0,0.0,0.0,0.0,0.0,0.0,0.0,99.55,0.0,0.0,0.0,0.0,0.0,0.0,0.0,0.0,0.0,0.0,0.0,0.0,0.0,0.0,0.0,6.6,0.0,0.0,0.0,0.0,0.0,0.0,0.0,26.64,0.0,0.0,0.0,12.58,0.0,0.0,0.0,0.0,15.32,0.0,0.0,0.0,0.0,0.0,6.64,0.0,0.0,0.0,6.65,0.0,0.0,0.0,0.0,0.0,0.0,0.0,0.0,0.0,0.0,0.0,0.0,0.0
3579,3.96,5.89,21.42,47.08,64.47,86.935,31.565,85.695,87.51,1.54,10.04,15.45,7.98,21.49,25.68,26.35,37.59,118.995,50.635,52.46,141.735,52.84,29.76,78.47,45.6,59.9,35.77,19.82,40.67,25.46,39.5,40.09,28.345,19.0,28.2,23.343,4.4,7.0,0.0,0.0,7.0,17.75,5.5,18.75,5.0,15.0,19.5,0.0,24.96,50.0,24.0,14.5,60.0,57.5,11.24,5.0,8.82,20.0,33.16,17.06,4.94,5.2,15.54,44.76,97.38,46.45,13.0,7.28,129.7,130.4,10.84,129.85,39.51,28.16,136.325,8.4,5.2,26.89,54.52,55.68,129.39,123.945,19.215,19.98,83.675,109.78,106.565,166.9,46.555,133.725,26.76,115.63,49.05,54.255,98.29,24.53,44.15,44.98,46.81,151.97,61.81,95.595,81.015,15.42,11.0,25.0,18.845,70.08,39.69,85.95,202.7,151.815,132.99,65.115,38.35,47.92,59.925,110.965,121.65,56.95,2.31,26.46,45.82,11.04,55.32,66.97,23.32,87.74,50.84,19.87,52.43,69.16,0.0,23.31,30.31,57.16,36.51,57.43,53.05,165.88,60.18,0.0,49.84,103.305,64.245,97.82,46.24,40.87,49.885,116.775,50.8,144.825,81.095,48.555,51.19,44.13,33.0,24.68,13.68,7.92
3580,0.0,1.5,1.52,5.26,6.98,4.9,2.65,6.92,10.785,0.0,0.0,0.0,0.0,6.27,0.0,0.0,4.94,10.095,9.0,10.5,38.82,0.0,10.0,7.5,0.0,5.0,0.0,0.0,0.0,8.0,0.0,5.0,0.0,0.0,0.0,10.77,0.0,4.0,3.0,4.08,4.08,0.0,24.22,9.99,4.14,5.0,2.925,0.0,0.0,7.0,17.38,9.0,0.0,5.0,5.0,9.0,0.0,0.0,0.0,0.0,0.0,0.0,5.0,23.34,0.0,0.0,9.0,4.6,8.16,6.095,8.26,7.99,2.0,8.64,22.48,5.4,42.37,2.6,4.59,0.0,0.0,0.0,0.0,17.305,19.84,6.32,10.15,0.0,5.13,3.3,18.68,0.0,109.6,11.82,16.455,8.8,0.0,10.1,12.85,21.58,7.2,6.3,0.0,199.5,0.0,5.5,6.48,5.61,12.885,3.96,19.8,23.1,0.0,13.215,22.1,5.5,19.98,0.0,19.12,0.0,13.2,26.46,13.26,9.96,6.66,6.66,6.66,13.32,10.14,10.53,13.29,39.74,16.93,9.99,18.5,21.45,0.0,0.0,5.55,23.13,6.64,0.0,13.28,19.505,0.0,27.15,13.28,0.0,16.645,4.15,24.94,10.12,9.13,6.6,6.6,6.6,6.64,8.8,6.525,0.0
3581,0.0,1.9,0.0,0.0,0.0,0.0,0.0,2.115,8.55,0.0,3.22,0.0,0.0,0.0,0.0,0.0,0.0,0.0,4.18,0.0,3.0,0.0,5.0,3.0,0.0,0.0,0.0,0.0,0.0,0.0,5.88,0.0,0.0,0.0,4.905,0.0,0.0,0.0,0.0,0.0,0.0,0.0,9.75,0.0,5.0,0.0,0.0,0.0,0.0,2.0,0.0,0.0,0.0,0.0,5.0,0.0,0.0,0.0,0.0,0.0,0.0,0.0,0.0,0.0,0.0,6.0,6.0,0.0,0.0,0.0,0.0,0.0,0.0,0.0,0.0,5.13,0.0,0.0,5.4,18.4,0.0,0.0,0.0,5.0,0.0,0.0,0.0,10.8,0.0,0.0,0.0,0.0,0.0,0.0,0.0,0.0,0.0,15.95,0.0,0.0,0.0,5.4,0.0,0.0,0.0,0.0,0.0,6.6,0.0,0.0,0.0,0.0,6.6,0.0,0.0,0.0,6.6,0.0,0.0,0.0,0.0,0.0,6.66,0.0,0.0,0.0,0.0,0.0,0.0,0.0,0.0,0.0,0.0,0.0,0.0,0.0,6.48,0.0,0.0,10.375,0.0,6.24,19.98,36.52,6.64,0.0,0.0,0.0,0.0,6.64,0.0,3.735,0.0,0.0,0.0,0.0,0.0,0.0,0.0,0.0
3583,0.0,0.0,0.0,0.0,1.52,0.0,0.0,3.055,7.5,0.0,0.0,0.0,0.0,0.0,0.0,1.52,0.0,0.0,4.18,1.52,0.0,0.0,0.0,0.0,0.0,0.0,10.0,0.0,0.0,0.0,0.0,0.0,0.0,0.0,5.1,0.0,0.0,0.0,0.0,0.0,0.0,0.0,0.0,0.0,0.0,0.0,0.0,5.0,0.0,0.0,0.0,0.0,0.0,0.0,7.75,0.0,0.0,0.0,0.0,0.0,5.5,20.0,0.0,0.0,0.0,13.26,12.72,0.0,0.0,0.0,0.0,0.0,10.0,0.0,0.0,0.0,0.0,0.0,0.0,0.0,0.0,0.0,0.0,0.0,0.0,0.0,9.18,0.0,0.0,0.0,0.0,3.025,0.0,0.0,6.46,0.0,0.0,0.0,0.0,0.0,17.51,0.0,0.0,0.0,0.0,7.41,0.0,25.6,0.0,0.0,0.0,0.0,0.0,29.7,0.0,0.0,0.0,0.0,0.0,0.0,0.0,77.7,0.0,0.0,0.0,0.0,0.0,0.0,0.0,0.0,0.0,0.0,0.0,0.0,0.0,0.0,0.0,0.0,0.0,0.0,0.0,0.0,0.0,0.0,0.0,0.0,0.0,0.0,4.98,0.0,64.68,5.81,0.0,14.76,0.0,0.0,8.36,0.0,0.0,0.0
3584,0.0,0.0,9.89,16.5,9.47,17.18,5.645,2.0,30.545,0.0,6.57,0.0,0.0,0.0,15.2,9.97,4.54,2.0,16.84,5.0,9.87,3.04,0.0,0.0,0.0,5.0,1.44,10.04,13.0,0.0,6.56,0.0,5.0,0.0,3.5,3.0,0.0,5.0,0.0,0.0,5.0,0.0,7.0,0.0,0.0,5.0,5.4,0.0,0.0,21.0,0.0,0.0,0.0,0.0,0.0,5.2,0.0,5.0,7.5,5.0,5.5,12.5,5.0,0.0,0.0,48.68,19.24,0.0,6.5,14.82,19.5,0.0,9.36,0.0,9.57,6.3,0.0,13.19,5.94,5.3,0.0,1.5,6.0,6.24,5.225,5.4,0.0,0.0,11.0,5.5,4.93,88.7,35.15,0.0,24.705,5.7,6.6,6.05,11.825,6.16,21.34,0.0,105.3,13.09,3.025,17.16,16.5,141.59,20.7,0.0,0.0,13.2,40.59,19.08,28.975,0.0,7.15,0.0,0.0,15.17,0.0,26.16,6.66,25.76,22.2,6.66,6.29,38.34,0.0,0.0,24.05,0.0,6.4,36.64,18.4,0.0,0.0,46.44,8.88,19.5,0.0,19.09,15.14,36.975,6.66,34.08,0.0,0.0,43.99,11.62,5.92,22.48,21.7,41.66,0.0,34.445,0.0,6.6,24.64,0.0
3585,8.25,27.53,63.625,156.22,150.8,185.385,69.545,85.24,136.34,11.06,34.39,3.8,15.56,0.0,9.23,48.22,22.01,110.305,57.885,66.36,210.17,34.58,106.99,116.85,20.28,77.58,56.84,68.445,80.2,46.93,41.52,107.92,16.31,26.0,48.0,32.5,102.5,36.232,22.0,15.155,71.75,15.0,61.6,10.0,14.0,25.2,12.0,50.5,37.77,69.5,67.0,15.12,79.81,32.4,29.5,13.94,187.875,17.68,39.4,50.0,15.4,18.4,14.54,28.68,10.4,135.72,39.24,126.78,114.08,342.905,50.88,197.085,0.0,44.98,56.16,31.5,39.06,61.1,58.41,73.685,64.065,13.64,56.17,92.325,37.81,57.06,70.165,106.265,156.155,78.5,333.005,99.055,100.585,149.75,218.41,200.885,53.68,123.205,37.19,284.64,96.165,69.43,57.59,128.83,117.465,84.205,131.71,179.06,73.655,150.54,42.35,140.21,177.8,206.92,217.08,215.34,162.35,326.86,79.57,56.46,87.21,106.51,414.19,97.97,160.96,254.56,68.12,257.89,171.18,71.85,183.45,76.56,50.89,132.79,94.25,48.58,90.06,82.63,77.13,59.065,113.28,44.87,235.48,84.56,38.995,58.72,56.44,68.06,112.79,52.94,241.42,83.695,23.24,182.92,167.325,55.28,34.605,33.88,35.415,9.24
3586,0.0,5.2,2.96,7.03,14.1,13.04,2.96,9.885,26.955,0.0,4.935,0.0,0.0,0.0,3.29,10.83,0.0,13.2,0.0,11.29,11.448,0.0,5.0,2.4,0.0,4.0,5.0,5.0,10.34,0.0,9.0,13.0,3.06,8.0,3.0,0.0,0.0,0.0,0.0,0.0,15.5,7.5,8.25,0.0,0.0,0.0,0.0,65.0,0.0,1.0,0.0,0.0,1.5,2.0,9.0,25.0,0.0,0.0,0.0,0.0,0.0,0.0,0.0,0.0,13.52,0.0,0.0,0.0,0.0,0.0,10.07,6.48,0.0,0.0,0.0,0.0,0.0,0.0,6.3,0.0,0.0,14.14,27.07,0.0,0.0,10.24,16.8,0.0,59.22,0.0,0.0,22.0,5.5,32.25,32.64,30.08,0.0,0.0,12.995,5.225,0.0,6.555,0.0,13.2,11.8,6.0,6.3,13.2,19.2,0.0,0.0,13.2,26.4,6.615,19.74,10.36,26.64,5.18,0.0,0.0,6.66,23.67,0.0,0.0,0.0,0.0,1.98,6.4,0.0,10.36,0.0,0.0,0.0,0.0,0.0,0.0,10.14,0.0,0.0,19.12,99.0,0.0,0.0,0.0,0.0,9.545,0.0,0.0,73.04,53.87,15.355,0.0,0.0,26.4,0.0,0.0,0.0,10.56,19.8,0.0
3588,0.0,0.0,0.0,4.86,0.0,9.205,2.96,2.04,0.0,0.0,0.0,3.04,0.0,3.04,0.0,2.0,0.0,0.0,5.1,6.8,4.94,0.0,8.0,0.0,0.0,0.0,4.0,0.0,0.0,5.0,0.0,0.0,0.0,0.0,0.0,3.0,0.0,0.0,0.0,0.0,0.0,8.0,6.0,0.0,5.0,0.0,0.0,0.0,0.0,0.0,14.0,0.0,16.0,14.0,0.0,0.0,0.0,0.0,0.0,0.0,0.0,0.0,0.0,5.0,0.0,35.0,6.69,0.0,6.24,0.0,0.0,105.26,5.0,3.0,0.0,0.0,0.0,8.84,0.0,0.0,3.0,0.0,0.0,0.0,0.0,7.28,0.0,0.0,0.0,0.0,0.0,0.0,0.0,0.0,32.625,10.17,0.0,0.0,0.0,18.26,17.96,6.05,0.0,12.69,11.8,5.5,0.0,4.62,0.0,0.0,0.0,6.6,0.0,0.0,32.945,6.6,6.6,0.0,10.56,0.0,0.0,14.26,17.22,0.0,0.0,0.0,0.0,0.0,0.0,0.0,22.96,0.0,6.66,0.0,0.0,0.0,0.0,19.98,13.32,0.0,0.0,6.63,0.0,6.64,0.0,15.58,0.0,0.0,6.6,0.0,0.0,7.4,0.0,0.0,10.0,0.0,0.0,6.16,0.0,0.0
3589,0.0,0.0,0.0,0.0,2.96,7.11,5.0,1.48,6.0,0.0,0.0,0.0,0.0,0.0,3.04,0.0,0.0,8.2,0.0,0.0,5.28,2.34,0.0,5.0,0.0,3.04,0.0,0.0,4.0,0.0,0.0,0.0,0.0,0.0,0.0,0.0,0.0,0.0,0.0,0.0,0.0,0.0,4.0,20.0,0.0,20.0,0.0,0.0,0.0,0.0,14.56,0.0,0.0,3.9,10.0,0.0,0.0,0.0,0.0,0.0,0.0,0.0,0.0,0.0,3.5,0.0,0.0,0.0,0.0,0.0,5.13,0.0,0.0,0.0,0.0,0.0,0.0,20.67,52.14,13.5,0.0,90.91,203.995,0.0,0.0,5.4,70.4,0.0,10.4,0.0,0.0,0.0,3.025,0.0,0.0,0.0,39.76,0.0,0.0,0.0,0.0,0.0,0.0,0.0,13.2,0.0,0.0,0.0,0.0,0.0,0.0,0.0,10.89,0.0,0.0,0.0,0.0,0.0,25.41,0.0,0.0,0.0,0.0,6.66,0.0,0.0,91.49,0.0,0.0,0.0,0.0,0.0,0.0,0.0,0.0,0.0,0.0,0.0,0.0,0.0,0.0,0.0,0.0,0.0,0.0,0.0,0.0,4.15,0.0,32.785,0.0,15.77,0.0,0.0,0.0,0.0,0.0,0.0,0.0,0.0
3590,0.0,0.0,0.0,0.0,4.48,19.14,0.0,0.0,0.0,0.0,0.0,0.0,0.0,0.0,6.84,18.62,0.0,5.13,0.0,0.0,17.02,0.0,3.0,21.25,6.2,0.0,0.0,0.0,8.0,0.0,0.0,5.0,3.5,0.0,0.0,0.0,5.5,0.0,0.0,0.0,0.0,0.0,0.0,0.0,0.0,0.0,0.0,0.0,0.0,0.0,0.0,0.0,0.0,0.0,3.0,0.0,0.0,0.0,0.0,0.0,0.0,0.0,0.0,3.12,0.0,0.0,0.0,15.6,0.0,41.46,0.0,0.0,0.0,0.0,0.0,5.13,11.88,37.26,0.0,0.0,0.0,0.0,6.6,61.6,0.0,0.0,0.0,5.3,0.0,0.0,0.0,0.0,0.0,0.0,0.0,0.0,0.0,0.0,0.0,0.0,0.0,0.0,0.0,93.24,0.0,0.0,0.0,22.4,0.0,9.9,0.0,0.0,7.26,0.0,0.0,13.2,0.0,6.66,5.94,0.0,0.0,49.5,0.0,10.14,0.0,0.0,0.0,0.0,12.95,4.81,0.0,0.0,0.0,0.0,0.0,0.0,0.0,0.0,0.0,0.0,6.64,0.0,0.0,0.0,0.0,0.0,0.0,0.0,0.0,0.0,0.0,23.16,0.0,0.0,12.9,0.0,0.0,0.0,6.6,0.0
3591,0.0,0.0,0.0,2.04,5.0,0.0,1.48,0.0,4.07,0.0,0.0,0.0,0.0,0.0,0.0,0.0,0.0,0.0,0.0,0.0,16.11,0.0,0.0,0.0,0.0,0.0,0.0,0.0,0.0,0.0,0.0,0.0,0.0,0.0,0.0,0.0,0.0,0.0,0.0,5.0,0.0,0.0,0.0,0.0,0.0,0.0,0.0,0.0,0.0,0.0,0.0,0.0,0.0,0.0,0.0,0.0,0.0,0.0,0.0,0.0,0.0,0.0,0.0,0.0,0.0,0.0,0.0,0.0,0.0,0.0,0.0,0.0,0.0,0.0,0.0,0.0,0.0,0.0,0.0,5.3,0.0,0.0,0.0,0.0,0.0,0.0,0.0,0.0,41.25,0.0,0.0,12.1,0.0,6.5,6.6,0.0,0.0,12.2,0.0,0.0,19.8,0.0,0.0,0.0,0.0,0.0,0.0,0.0,6.6,0.0,0.0,0.0,6.63,0.0,6.615,0.0,0.0,0.0,0.0,0.0,4.62,0.0,0.0,32.56,0.0,0.0,0.0,0.0,0.0,0.0,0.0,0.0,0.0,10.0,0.0,0.0,12.8,0.0,7.2,0.0,6.64,0.0,0.0,0.0,0.0,0.0,0.0,0.0,0.0,0.0,0.0,0.0,0.0,0.0,0.0,0.0,0.0,0.0,0.0,0.0
3594,0.0,4.09,0.0,2.04,21.5,20.76,5.05,0.525,10.86,0.0,0.0,0.0,0.0,1.9,0.0,0.0,0.0,3.99,12.095,10.0,0.0,6.12,9.0,5.0,0.0,7.5,6.0,3.0,6.5,4.0,8.0,0.0,0.0,0.0,0.0,12.0,5.0,0.0,0.0,0.0,7.0,0.0,0.0,0.0,0.0,0.0,0.0,0.0,0.0,8.0,0.0,0.0,5.5,0.0,0.0,0.0,0.0,5.0,0.0,0.0,5.0,0.0,10.4,10.7,0.0,4.5,0.0,0.0,0.0,9.715,0.0,0.0,0.0,0.0,0.0,0.0,0.0,10.4,7.42,0.0,10.45,0.0,6.325,4.95,20.88,4.2,14.58,0.0,0.0,25.59,0.0,11.76,0.0,0.0,5.13,0.0,0.0,0.0,0.0,0.0,40.5,0.0,6.3,0.0,25.08,13.68,0.0,9.9,0.0,3.3,0.0,0.0,19.8,25.74,9.24,0.0,4.845,0.0,13.2,13.26,0.0,0.0,0.0,40.68,15.015,9.6,0.0,6.66,0.0,13.76,0.0,0.0,0.0,0.0,0.0,0.0,0.0,0.0,0.0,85.925,26.58,6.66,5.28,6.64,0.0,0.0,6.64,0.0,0.0,6.64,11.58,29.9,0.0,6.64,6.64,0.0,0.0,8.3,0.0,0.0
3595,0.0,0.0,11.5,6.99,13.03,13.04,1.52,7.66,6.0,0.0,0.0,13.19,0.0,0.0,2.0,7.9,11.46,5.77,2.28,22.32,14.87,3.12,3.0,2.5,0.0,0.0,4.94,0.0,0.0,12.905,0.0,0.0,5.0,3.0,3.0,10.0,5.0,0.0,0.0,0.0,4.0,15.0,3.0,5.0,0.0,0.0,0.0,0.0,0.0,0.0,5.0,0.0,2.0,0.0,11.2,0.0,0.0,14.0,6.5,3.12,0.0,0.0,5.0,0.0,0.0,0.0,0.0,0.0,5.2,2.0,21.0,24.0,0.0,0.0,0.0,0.0,0.0,3.64,5.0,9.2,5.0,0.0,5.04,0.0,0.0,0.0,0.0,0.0,3.24,26.395,0.0,9.72,5.4,6.27,5.5,3.85,0.0,0.0,0.0,2.8,42.705,0.0,0.0,0.0,6.6,0.0,6.6,0.0,0.0,0.0,0.0,0.0,3.96,0.0,0.0,19.8,0.0,0.0,0.0,6.66,0.0,0.0,0.0,12.9,6.6,0.0,28.86,0.0,0.0,0.0,0.0,0.0,8.58,0.0,0.0,0.0,0.0,15.52,13.32,19.92,26.34,0.0,6.66,0.0,0.0,6.64,4.07,0.0,19.84,16.52,22.76,0.0,0.0,0.0,0.0,0.0,0.0,0.0,0.0,0.0
3596,0.0,0.0,0.0,0.0,0.0,0.0,0.0,2.0,0.0,0.0,0.0,0.0,0.0,0.0,0.0,0.0,0.0,0.0,0.0,0.0,0.0,0.0,0.0,6.0,0.0,0.0,0.0,0.0,0.0,0.0,0.0,0.0,0.0,5.0,0.0,0.0,0.0,0.0,0.0,9.5,0.0,0.0,0.0,0.0,0.0,99.75,0.0,0.0,0.0,0.0,0.0,0.0,0.0,3.0,0.0,0.0,0.0,0.0,0.0,0.0,0.0,0.0,0.0,0.0,0.0,0.0,0.0,5.2,0.0,0.0,0.0,0.0,0.0,0.0,0.0,0.0,0.0,0.0,0.0,0.0,0.0,0.0,59.94,0.0,0.0,0.0,0.0,0.0,0.0,0.0,0.0,0.0,0.0,0.0,0.0,0.0,0.0,0.0,0.0,0.0,0.0,0.0,0.0,0.0,0.0,0.0,0.0,0.0,0.0,0.0,6.6,0.0,0.0,0.0,0.0,0.0,60.06,0.0,5.94,46.2,6.6,6.6,0.0,0.0,0.0,0.0,29.6,0.0,0.0,0.0,0.0,0.0,0.0,0.0,0.0,0.0,0.0,10.8,0.0,6.225,34.8,0.0,0.0,0.0,0.0,0.0,0.0,0.0,0.0,0.0,0.0,0.0,0.0,0.0,0.0,0.0,0.0,0.0,0.0,0.0
3597,0.0,0.0,0.0,0.0,0.0,0.0,0.0,0.0,4.94,0.0,0.0,0.0,0.0,0.0,4.5,15.39,6.65,9.44,5.32,3.2,6.0,0.0,0.0,10.0,0.0,0.0,0.0,0.0,0.0,50.0,0.0,5.0,0.0,0.0,0.0,0.0,0.0,0.0,0.0,0.0,0.0,0.0,0.0,0.0,0.0,0.0,0.0,0.0,0.0,0.0,0.0,5.0,0.0,5.0,0.0,0.0,37.36,0.0,0.0,0.0,0.0,0.0,5.2,9.18,2.7,11.6,0.0,0.0,13.52,0.0,0.0,8.0,4.0,0.0,0.0,0.0,0.0,0.0,0.0,5.225,0.0,0.0,0.0,0.0,0.0,0.0,0.0,0.0,10.8,0.0,0.0,5.7,0.0,23.1,0.0,0.0,0.0,0.0,0.0,6.6,36.3,12.1,0.0,0.0,0.0,0.0,57.96,24.75,0.0,68.68,0.0,65.12,7.2,0.0,6.6,0.0,0.0,0.0,95.63,99.9,0.0,110.55,0.0,6.63,99.9,99.6,80.4,0.0,98.49,0.0,0.0,0.0,0.0,3.12,0.0,0.0,0.0,0.0,58.6,169.68,0.0,0.0,0.0,0.0,0.0,0.0,0.0,0.0,26.92,10.79,0.0,6.64,0.0,0.0,0.0,0.0,0.0,0.0,0.0,0.0
3599,0.0,0.0,0.0,0.0,24.08,0.0,1.48,0.0,2.0,0.0,0.0,0.0,0.0,0.0,0.0,1.52,0.0,0.0,0.0,0.0,1.56,0.0,0.0,0.0,0.0,5.0,0.0,0.0,0.0,0.0,5.0,0.0,3.0,0.0,0.0,0.0,0.0,0.0,0.0,0.0,0.0,0.0,0.0,10.5,0.0,0.0,7.5,5.0,0.0,4.0,2.0,0.0,0.0,0.0,0.0,0.0,0.0,0.0,0.0,0.0,0.0,0.0,0.0,0.0,0.0,0.0,0.0,0.0,0.0,0.0,0.0,0.0,0.0,0.0,0.0,0.0,0.0,0.0,0.0,0.0,0.0,0.0,0.0,0.0,0.0,0.0,93.6,0.0,0.0,0.0,0.0,0.0,0.0,0.0,0.0,0.0,0.0,0.0,14.55,0.0,0.0,0.0,0.0,6.05,9.92,0.0,0.0,105.6,0.0,0.0,0.0,99.825,0.0,0.0,0.0,0.0,0.0,0.0,0.0,0.0,0.0,0.0,0.0,0.0,0.0,0.0,0.0,99.9,0.0,0.0,0.0,0.0,0.0,0.0,0.0,0.0,0.0,0.0,0.0,0.0,0.0,0.0,0.0,0.0,0.0,0.0,0.0,0.0,0.0,9.96,0.0,0.0,0.0,0.0,0.0,0.0,0.0,0.0,0.0,0.0
3607,0.0,0.0,1.52,0.0,0.0,0.0,0.0,0.0,11.745,0.0,0.0,0.0,0.0,0.0,0.0,0.0,8.57,0.0,0.0,0.0,0.0,0.0,3.36,0.0,0.0,0.0,0.0,0.0,0.0,0.0,0.0,0.0,0.0,0.0,0.0,0.0,0.0,0.0,0.0,0.0,0.0,4.5,0.0,0.0,0.0,0.0,0.0,3.0,0.0,4.5,0.0,0.0,0.0,0.0,0.0,0.0,0.0,0.0,12.0,0.0,0.0,0.0,0.0,0.0,0.0,4.0,0.0,0.0,0.0,0.0,0.0,98.28,0.0,11.88,4.59,0.0,0.0,0.0,0.0,0.0,0.0,0.0,0.0,0.0,0.0,99.36,0.0,0.0,6.6,0.0,0.0,0.0,0.0,5.4,0.0,0.0,0.0,0.0,0.0,0.0,0.0,0.0,0.0,0.0,0.0,0.0,0.0,0.0,0.0,0.0,0.0,0.0,0.0,0.0,0.0,0.0,0.0,6.6,0.0,99.0,0.0,0.0,0.0,99.9,0.0,0.0,0.0,0.0,0.0,0.0,0.0,0.0,0.0,0.0,0.0,0.0,5.92,0.0,0.0,0.0,0.0,0.0,6.64,0.0,0.0,0.0,10.79,0.0,0.0,13.28,0.0,9.68,0.0,0.0,0.0,0.0,0.0,11.88,0.0,0.0
3608,7.98,3.36,11.0,25.81,24.7,25.015,0.0,9.16,29.49,1.52,5.64,5.995,3.8,11.25,4.76,12.4,9.12,45.123,13.995,20.2,31.34,11.077,4.5,25.44,7.07,4.9,9.0,8.54,26.0,0.0,6.9,0.0,9.9,17.4,4.5,9.0,8.0,4.0,38.44,22.92,11.5,16.09,14.0,4.5,14.505,16.0,23.5,11.0,0.0,16.0,17.16,7.5,22.005,8.5,7.5,0.0,29.68,13.59,33.0,14.13,9.16,4.5,10.53,100.0,29.9,8.12,20.51,4.5,11.7,8.5,11.905,4.32,4.32,9.18,15.19,14.825,18.67,41.58,4.42,23.76,17.72,60.315,35.91,32.94,12.96,9.99,27.62,16.04,61.18,40.68,42.74,4.86,14.81,77.59,14.32,28.71,15.025,4.48,23.91,26.4,0.0,10.83,6.6,27.38,64.62,59.565,57.86,15.52,5.5,112.96,43.45,34.65,111.13,31.545,32.28,80.15,54.02,53.625,18.6,18.485,18.42,17.64,70.675,64.275,33.72,29.23,56.15,55.07,30.91,32.35,30.34,60.77,37.35,45.09,81.17,13.26,239.63,61.36,50.42,36.52,58.38,22.18,23.655,104.435,33.2,51.33,33.2,6.64,72.13,67.685,32.43,41.875,46.855,30.73,29.115,36.08,23.76,73.11,13.28,12.76
3610,3.62,6.13,5.14,3.42,7.03,16.83,6.88,6.48,0.0,0.0,5.7,5.26,3.04,8.09,11.19,3.04,5.13,16.75,12.22,8.04,22.247,7.0,5.0,12.91,5.0,6.2,19.405,0.0,0.0,0.0,9.5,8.32,3.0,8.0,7.1,17.0,3.0,0.0,6.5,0.0,7.23,8.0,31.34,4.5,7.5,0.0,10.0,0.0,5.0,23.5,26.0,8.0,0.0,11.0,5.0,5.0,5.0,5.0,0.0,9.0,0.0,0.0,10.1,22.3,13.25,15.8,4.08,0.0,0.0,19.38,14.75,12.985,9.905,17.88,3.12,0.0,11.68,4.0,127.55,0.0,9.04,13.37,0.0,106.415,13.165,11.515,31.765,0.0,6.0,9.31,4.125,0.0,8.4,18.15,17.22,172.615,10.34,13.02,0.0,28.64,26.415,5.1,13.2,177.84,5.4,69.75,21.655,16.185,34.19,25.48,13.86,8.25,6.66,11.0,16.05,13.2,7.85,12.0,21.8,5.28,60.68,6.66,26.67,6.66,5.52,30.25,0.0,23.94,6.6,77.96,6.63,14.74,33.3,6.66,13.695,56.57,17.94,25.72,9.44,22.22,13.57,30.965,13.28,25.48,112.915,4.98,6.64,42.69,16.24,0.0,23.24,0.0,0.0,6.525,50.555,13.2,4.92,24.2,10.56,0.0
3612,7.34,0.0,8.68,3.04,2.565,24.285,3.1,3.08,9.88,0.0,2.28,8.6,0.0,2.66,13.415,0.0,20.51,8.36,17.08,8.97,30.7,9.0,2.0,23.635,5.91,3.68,0.0,26.67,19.0,7.9,11.07,3.0,0.0,8.0,4.5,14.0,6.8,2.0,14.19,0.0,10.99,4.5,9.035,12.1,13.61,0.0,10.5,5.5,17.0,14.616,17.6,8.77,12.0,3.5,20.0,14.2,5.0,0.0,7.28,10.0,30.5,10.26,7.61,13.475,23.68,5.0,0.0,0.0,1.53,2.04,8.5,16.95,5.0,22.27,17.03,0.0,21.92,14.41,5.2,0.0,9.81,0.0,2.7,4.08,15.66,0.0,12.84,11.9,30.25,11.28,15.795,54.59,10.845,20.77,17.23,0.0,6.6,19.8,0.0,0.0,15.025,25.875,0.0,11.47,16.645,45.265,5.13,8.58,60.06,24.33,24.22,3.3,47.46,9.6,11.88,25.44,36.99,25.96,36.04,65.9,32.85,6.66,26.95,43.66,17.58,17.82,6.6,17.22,41.21,40.95,7.92,13.65,12.44,16.66,19.53,42.52,18.42,14.54,10.375,0.0,24.85,19.44,29.68,6.64,22.865,10.13,13.28,13.28,51.32,9.96,13.44,23.575,33.5,0.0,38.76,12.36,13.2,34.84,6.64,0.0
3614,0.0,0.0,2.96,5.8,2.1,11.27,4.24,7.41,0.0,0.0,0.0,14.35,0.0,0.0,2.73,0.0,13.38,20.27,9.48,13.0,12.88,5.0,0.0,0.0,0.0,4.95,30.0,5.0,0.0,5.0,0.0,8.57,5.0,9.5,3.0,0.0,0.0,4.0,5.1,10.0,7.0,15.1,17.56,0.0,5.0,4.8,3.0,30.0,0.0,5.0,8.0,5.0,0.0,0.0,10.4,0.0,15.0,0.0,0.0,0.0,1.5,3.0,5.2,5.72,5.0,4.77,0.0,4.59,10.4,0.0,6.24,25.0,0.0,4.64,1.925,0.0,26.5,21.13,10.435,44.46,10.9,5.13,0.0,110.5,4.86,0.0,0.0,10.97,40.985,3.3,0.0,33.86,11.68,29.68,23.58,23.905,6.6,0.0,6.44,0.0,4.48,6.6,12.6,4.2,0.0,16.49,5.04,19.615,6.6,3.3,21.105,6.6,6.6,6.6,40.22,13.2,6.6,13.26,49.29,30.16,40.7,20.705,21.02,19.95,0.0,6.66,13.26,0.0,9.25,11.16,6.66,36.63,0.0,10.53,6.63,6.66,13.26,0.0,0.0,32.31,16.15,26.14,6.4,0.0,7.47,0.0,19.92,23.23,6.64,8.715,0.0,6.64,13.2,8.36,0.0,33.72,0.0,46.8,0.0,0.0
3616,14.88,14.025,12.92,10.64,16.75,54.851,13.41,8.51,35.05,11.255,13.95,14.19,6.8,5.13,29.935,7.165,27.935,61.46,53.43,27.79,52.73,25.53,0.0,12.28,8.11,26.88,9.64,15.7,18.08,7.35,16.82,29.51,25.1,5.5,23.5,17.08,1.52,50.95,12.59,19.5,84.7,30.044,36.0,29.0,24.5,22.0,20.6,4.5,10.34,5.5,21.72,15.5,15.5,13.0,4.0,8.0,22.02,32.53,11.7,28.8,5.59,13.42,12.62,1.53,28.63,28.555,31.21,17.39,24.86,14.42,27.49,18.74,13.63,14.55,0.0,13.0,25.27,24.15,95.88,13.885,43.88,15.01,130.3,30.99,35.15,72.555,60.4,47.12,144.165,70.56,164.755,40.61,73.12,25.835,37.09,76.43,37.35,39.86,92.645,49.58,54.88,88.47,24.3,74.105,6.6,96.545,151.085,56.905,35.82,113.405,30.93,47.025,131.17,72.96,147.55,47.73,151.9,130.96,119.74,65.21,83.91,148.72,116.76,120.61,83.465,31.685,60.395,99.06,72.43,127.135,142.17,80.31,43.29,23.68,62.93,33.27,35.95,48.29,96.9,91.86,66.715,17.56,98.48,60.425,41.83,206.61,317.7,49.775,47.695,45.165,60.965,99.28,49.12,32.97,77.335,34.59,17.16,103.845,55.9,27.68
3617,0.0,0.0,0.0,0.0,0.0,6.46,0.0,0.0,0.0,0.0,0.0,0.0,0.0,0.0,0.0,0.0,0.0,1.52,0.0,7.99,0.0,10.0,0.0,0.0,0.0,0.0,0.0,0.0,0.0,0.0,2.0,0.0,5.0,0.0,0.0,0.0,0.0,3.0,0.0,0.0,0.0,0.0,0.0,0.0,0.0,0.0,0.0,0.0,0.0,0.0,0.0,10.0,0.0,0.0,0.0,0.0,3.0,0.0,0.0,0.0,0.0,0.0,0.0,5.0,2.04,0.0,0.0,0.0,0.0,0.0,0.0,0.0,0.0,0.0,0.0,0.0,0.0,0.0,0.0,4.68,0.0,0.0,10.175,0.0,0.0,0.0,0.0,0.0,0.0,0.0,0.0,0.0,0.0,8.64,0.0,0.0,0.0,0.0,6.48,0.0,0.0,35.075,0.0,0.0,37.95,0.0,0.0,0.0,0.0,0.0,0.0,0.0,0.0,12.99,0.0,0.0,0.0,0.0,0.0,0.0,0.0,6.66,0.0,0.0,0.0,5.94,0.0,0.0,0.0,24.42,0.0,0.0,0.0,0.0,0.0,0.0,0.0,0.0,0.0,6.63,0.0,0.0,0.0,0.0,0.0,0.0,8.4,0.0,15.77,0.0,0.0,0.0,0.0,0.0,0.0,0.0,0.0,0.0,0.0,0.0
3618,0.0,0.0,2.59,0.0,6.16,3.6,0.0,0.0,4.625,3.33,0.0,0.0,0.0,0.0,0.0,7.79,10.91,15.24,3.9,0.0,1.52,0.0,0.0,3.0,0.0,9.0,28.0,3.1,4.0,2.55,6.0,3.83,0.0,3.0,0.0,3.12,0.0,0.0,1.88,0.0,2.5,5.0,1.5,3.5,13.5,0.0,8.25,0.0,3.0,0.0,19.5,0.0,4.0,0.0,9.975,4.0,10.0,0.0,5.0,0.0,0.0,8.32,3.12,34.32,5.72,2.04,0.0,5.2,0.0,0.0,5.2,0.0,4.05,9.18,0.0,0.0,0.0,10.6,5.51,0.0,11.925,0.0,0.0,0.0,8.12,0.0,13.2,0.0,0.0,13.62,86.575,5.5,0.0,12.65,10.15,0.0,6.12,13.435,0.0,20.01,23.1,4.95,0.0,83.12,19.155,13.86,77.335,6.6,0.0,0.0,13.2,29.88,47.0,6.6,6.6,0.0,38.67,0.0,116.78,27.38,0.0,6.66,30.15,74.16,30.34,6.555,6.66,0.0,5.2,0.0,0.0,6.63,18.33,0.0,12.48,0.0,13.26,6.63,19.24,3.735,16.6,0.0,0.0,6.24,0.0,48.14,40.965,14.71,0.0,0.0,20.335,24.485,0.0,13.28,13.28,0.0,6.6,0.0,13.28,0.0
3619,0.0,0.0,1.61,1.52,0.0,17.095,0.0,2.0,0.0,3.04,1.52,3.42,9.04,0.0,0.0,0.0,3.0,8.36,0.0,9.0,9.8,0.0,0.0,3.0,5.4,3.18,1.6,0.0,10.0,7.04,0.0,7.92,3.0,0.0,5.0,4.0,0.0,5.0,0.0,0.0,17.54,5.0,0.0,0.0,5.0,3.0,0.0,0.0,0.0,3.0,8.0,0.0,5.0,4.0,4.0,0.0,0.0,5.0,0.0,5.0,0.0,0.0,0.0,20.4,0.0,0.0,5.2,2.5,31.68,6.5,62.34,0.0,0.0,0.0,0.0,0.0,0.0,5.2,2.0,0.0,0.0,0.0,0.0,0.0,5.0,0.0,0.0,0.0,0.0,11.88,0.0,0.0,0.0,0.0,0.0,0.0,0.0,15.25,0.0,0.0,0.0,6.6,0.0,6.49,0.0,0.0,5.94,4.8,6.575,0.0,0.0,0.0,0.0,6.6,0.0,6.6,0.0,0.0,0.0,0.0,0.0,0.0,0.0,0.0,0.0,0.0,0.0,0.0,0.0,0.0,0.0,0.0,0.0,0.0,0.0,0.0,0.0,0.0,0.0,0.0,0.0,0.0,0.0,0.0,0.0,4.98,0.0,0.0,0.0,0.0,0.0,6.64,0.0,10.79,0.0,0.0,0.0,0.0,0.0,0.0
3620,12.7,1.52,17.03,29.98,53.22,112.315,10.18,10.83,17.38,2.96,20.27,7.35,1.5,25.35,19.35,35.695,48.185,122.88,77.42,72.06,111.16,51.17,21.73,55.57,16.16,40.78,62.705,17.94,32.82,70.91,27.84,21.64,29.69,22.0,62.0,52.66,13.0,24.56,21.865,13.462,40.5,29.25,37.605,16.5,18.82,26.0,13.0,30.6,14.0,104.5,24.75,20.0,168.16,33.5,35.76,9.59,40.68,102.5,76.92,105.1,33.16,27.63,56.98,27.72,53.24,49.3,34.63,33.39,37.13,46.72,16.96,111.38,39.23,79.38,21.8,18.72,107.31,59.4,17.16,49.99,47.46,83.865,60.065,19.98,112.175,137.09,110.95,15.93,15.115,14.45,21.38,187.8,56.75,101.325,63.44,34.245,125.18,283.695,67.1,120.485,228.5,16.3,27.575,48.565,40.145,132.97,83.985,31.0,117.54,171.695,164.33,135.445,203.1,138.995,129.995,135.33,119.665,173.72,164.92,73.49,54.55,106.855,156.79,112.11,144.965,83.02,129.77,169.07,120.69,60.35,143.19,267.58,47.8,75.98,75.73,80.97,98.9,98.395,40.11,139.375,170.835,70.135,85.065,165.995,48.99,175.66,73.67,77.365,116.375,56.13,50.575,101.575,100.335,179.95,71.78,58.005,54.12,86.47,110.0,17.16
3621,9.53,2.57,4.56,14.09,24.14,9.55,5.72,7.98,2.09,1.52,10.04,8.36,0.0,3.42,8.56,0.0,16.72,25.48,6.51,10.13,95.045,7.4,55.52,37.48,7.0,5.2,19.0,15.0,11.3,41.4,15.56,4.75,5.0,15.0,13.0,5.0,0.0,9.0,11.61,1.88,7.5,30.0,8.5,0.0,30.0,3.25,3.0,5.25,22.0,17.5,14.06,7.0,15.0,6.0,2.0,14.535,12.0,0.0,25.0,29.3,10.0,11.76,10.46,17.0,5.61,7.65,12.41,2.08,28.6,18.26,25.31,2.08,14.85,15.04,18.27,10.08,6.0,8.23,11.85,5.2,5.1,110.31,11.0,13.2,20.14,13.88,5.3,9.9,56.08,0.0,8.15,0.0,102.32,22.03,0.0,16.99,18.61,120.0,0.0,24.42,50.13,4.95,9.18,25.74,15.255,23.33,60.04,4.5,65.97,53.1,4.95,83.48,23.76,8.415,3.96,46.83,112.86,19.83,16.5,126.06,2.1,19.53,19.26,29.94,94.61,42.96,51.22,30.54,25.3,52.83,27.38,47.65,6.66,13.32,0.0,96.96,30.34,30.48,33.16,46.05,0.0,6.64,95.835,39.67,6.64,16.185,31.54,19.84,33.2,60.49,27.68,62.705,66.74,90.37,23.36,27.72,13.2,17.2,0.0,0.0
3622,0.0,1.52,6.47,0.0,0.0,4.95,1.52,4.95,10.68,0.0,1.08,0.0,0.0,0.0,0.0,0.0,0.0,0.0,0.0,3.92,28.17,4.8,0.0,7.0,0.0,15.0,0.0,0.0,5.0,0.0,0.0,0.0,10.5,10.0,3.0,5.0,5.0,0.0,0.0,3.0,5.0,5.0,0.0,0.0,0.0,0.0,5.0,5.0,0.0,5.0,0.0,0.0,0.0,0.0,0.0,0.0,0.0,32.0,14.58,0.0,0.0,0.0,0.0,6.12,0.0,0.0,0.0,0.0,0.0,0.0,0.0,10.3,0.0,0.0,27.0,0.0,0.0,2.16,29.52,0.0,10.44,0.0,0.0,0.0,0.0,6.48,2.16,0.0,0.0,10.8,0.0,0.0,0.0,0.0,0.0,49.5,0.0,0.0,6.49,42.15,0.0,0.0,0.0,6.615,0.0,0.0,0.0,58.5,2.64,0.0,0.0,13.2,19.2,35.31,12.8,13.32,0.0,0.0,0.0,0.0,0.0,0.0,13.37,9.62,32.56,11.55,0.0,0.0,13.32,0.0,0.0,0.0,6.66,0.0,10.92,0.0,9.96,0.0,0.0,0.0,0.0,74.3,96.8,0.0,0.0,0.0,0.0,2.59,0.0,0.0,0.0,0.0,19.25,8.36,0.0,0.0,0.0,13.2,0.0,0.0
3623,0.0,0.0,0.0,0.0,1.47,10.57,3.04,6.04,3.04,0.0,0.0,4.94,0.0,26.93,0.0,15.0,5.0,16.4,4.0,9.65,8.5,10.0,12.5,1.52,0.0,5.0,5.0,5.4,0.0,3.0,0.0,14.0,6.0,9.5,6.5,0.0,0.0,2.0,6.0,3.0,3.0,0.0,0.0,0.0,15.0,5.0,4.5,0.0,5.0,4.0,16.5,5.0,5.0,5.0,0.0,5.0,0.0,3.99,0.0,3.0,0.0,2.04,15.2,21.62,10.59,3.0,0.0,1.02,0.0,0.0,3.0,0.0,0.0,0.0,166.4,0.0,5.4,17.5,55.04,27.46,9.9,10.45,0.0,0.0,0.0,4.32,9.99,5.5,0.0,7.7,5.4,14.44,0.0,5.225,11.175,5.4,0.0,46.86,7.41,4.48,7.56,0.0,0.0,15.24,1.26,0.0,0.0,0.0,0.0,0.0,16.255,23.76,0.0,0.0,5.28,6.6,6.66,67.38,6.57,2.2,0.0,44.32,43.29,6.6,26.475,90.93,0.0,0.0,17.94,6.63,13.32,0.0,6.66,6.63,10.36,0.0,0.0,6.66,15.54,6.66,3.735,0.0,0.0,22.48,8.3,105.41,5.85,0.0,14.04,19.505,6.375,10.375,6.64,0.0,39.9,0.0,10.56,20.68,33.0,0.0
3624,0.0,0.0,0.0,2.28,8.93,0.0,1.52,0.0,4.995,1.54,1.14,0.0,0.0,0.0,0.0,4.0,0.0,5.0,8.04,2.73,1.52,1.95,0.0,0.0,0.0,0.0,0.0,0.0,0.0,2.64,0.0,11.0,0.0,0.0,0.0,3.0,15.0,2.94,3.0,5.0,22.0,0.0,8.7,5.0,4.0,5.0,0.0,0.0,0.0,0.0,0.0,5.0,0.0,15.0,7.5,14.0,5.0,0.0,0.0,9.5,5.0,6.63,0.0,0.0,0.0,6.48,3.51,0.0,0.0,0.0,0.0,54.975,0.0,0.0,0.0,0.0,0.0,0.0,33.05,5.4,26.73,29.44,5.2,0.0,0.0,15.275,6.4,0.0,0.0,0.0,4.05,62.865,33.15,0.0,0.0,16.225,5.5,9.555,2.52,12.115,30.82,11.65,75.24,0.0,0.0,37.66,27.06,0.0,0.0,0.0,0.0,4.95,0.0,0.0,0.0,6.6,0.0,13.14,13.2,6.6,6.66,6.66,0.0,0.0,0.0,6.66,0.0,6.63,0.0,19.98,0.0,23.68,0.0,1.65,0.0,0.0,0.0,0.0,10.36,20.295,0.0,20.75,0.0,12.45,10.8,0.0,99.55,0.0,5.395,0.0,0.0,29.97,16.6,12.65,19.98,0.0,7.92,0.0,6.6,0.0
3629,3.16,12.58,18.48,29.095,84.855,63.6,13.72,11.81,31.48,3.04,15.93,8.745,6.94,12.79,21.21,24.38,39.57,69.64,45.43,45.23,106.245,32.54,44.18,48.43,14.5,44.77,17.27,20.08,25.6,19.0,18.05,20.55,12.11,17.0,17.06,29.6,5.0,48.06,39.0,18.88,44.25,25.54,32.3,14.045,30.0,38.27,130.75,42.56,22.5,18.12,36.0,7.5,2.86,186.5,16.0,23.75,5.0,20.5,19.94,38.02,3.0,24.72,29.66,6.44,51.98,26.62,25.01,41.09,39.37,28.17,68.08,69.81,9.83,53.86,9.78,7.48,63.345,32.55,80.42,44.28,29.44,104.24,84.35,22.55,30.185,50.51,35.385,19.71,171.09,65.09,27.36,70.385,82.045,214.145,102.925,207.32,54.875,50.92,246.595,30.925,138.435,158.755,36.79,116.13,19.38,79.755,78.205,11.88,24.375,32.805,128.78,182.7,88.305,44.22,80.495,193.515,96.62,167.33,100.21,67.88,50.56,13.26,64.395,82.23,63.11,38.43,84.46,78.345,72.64,74.71,40.505,126.02,54.18,63.06,60.44,47.73,65.93,33.8,73.15,136.15,118.31,53.32,98.55,159.87,25.315,66.16,121.675,131.22,157.61,101.185,74.68,97.235,93.76,119.37,143.02,105.45,49.86,41.04,22.04,23.32
3630,33.14,40.865,85.68,86.425,142.75,263.835,70.125,39.12,68.16,7.63,16.46,34.56,32.295,54.36,53.36,40.97,189.191,243.24,88.7,122.395,304.3,67.44,55.74,90.8,54.485,71.86,108.5,78.4,69.18,100.23,119.94,134.75,65.24,117.95,79.21,120.185,53.55,67.52,59.69,86.635,185.48,158.22,159.68,209.74,145.28,72.9,111.61,143.5,293.8,101.585,52.18,100.805,79.5,48.94,94.13,100.12,25.62,17.66,115.3,106.3,51.68,114.96,104.115,91.22,70.96,158.585,89.55,56.08,52.005,142.545,81.78,75.275,113.005,163.09,161.115,151.21,159.985,276.605,107.965,49.03,76.73,99.43,116.42,258.875,59.295,86.415,154.575,231.125,150.395,147.375,344.575,77.425,182.21,212.425,180.065,282.73,164.79,262.12,225.16,256.59,199.075,182.497,289.17,260.95,288.415,427.79,214.94,212.905,291.52,242.38,334.47,399.735,216.925,457.78,506.99,311.95,394.095,431.45,398.24,278.5,178.06,322.275,366.97,312.88,348.93,272.71,245.71,535.685,188.51,280.19,207.83,380.35,130.155,307.055,195.19,156.735,130.31,222.12,468.205,353.25,247.215,148.88,406.6,451.732,160.22,317.755,306.645,315.235,281.46,331.03,191.0,210.195,197.36,211.825,373.715,161.525,198.58,123.615,101.93,6.6
3631,15.5,17.87,30.05,50.87,117.185,146.145,38.055,22.64,98.98,3.42,30.768,29.68,11.79,29.51,27.54,41.43,96.16,209.045,63.82,48.845,168.55,80.99,21.9,66.5,21.9,57.7,26.46,42.48,25.525,45.39,44.95,32.5,28.0,72.185,64.75,42.0,20.5,53.62,53.22,16.3,37.67,28.97,46.74,43.82,52.0,40.7,62.12,34.0,28.7,13.06,46.2,69.045,33.0,57.0,28.27,44.0,15.0,20.75,22.25,24.63,7.12,54.99,131.84,36.34,173.09,137.605,67.0,42.82,97.345,148.51,95.38,69.965,88.41,34.6,63.07,49.9,26.95,109.31,167.24,62.15,88.38,89.905,78.69,279.75,61.875,153.39,106.93,65.23,32.2,180.855,234.525,97.975,169.755,194.685,358.145,266.17,251.025,344.58,267.29,90.585,245.07,131.58,115.15,116.425,137.705,236.48,194.185,281.895,175.54,196.805,200.545,157.265,237.985,296.32,298.945,229.125,336.85,428.565,343.635,323.73,330.92,292.385,320.49,313.95,206.79,357.63,261.31,468.035,172.89,417.35,261.365,349.13,69.04,163.03,205.05,224.57,92.29,211.63,249.62,187.8,187.09,109.355,319.065,561.315,164.02,119.725,205.57,225.09,228.02,143.505,193.44,220.43,111.385,159.9,228.88,146.175,138.51,279.3,142.435,31.95
3632,0.0,0.0,2.09,0.0,0.0,0.0,0.0,0.0,0.0,4.94,0.0,5.7,0.0,0.0,6.08,3.42,0.0,8.74,4.56,5.8,2.66,0.0,22.5,0.0,0.0,0.0,0.0,0.0,7.6,0.0,0.0,0.0,0.0,0.0,0.0,0.0,0.0,0.0,0.0,0.0,3.0,0.0,0.0,3.0,0.0,0.0,4.16,49.92,75.02,85.0,0.0,16.5,0.0,0.0,0.0,19.905,0.0,0.0,0.0,0.0,2.6,3.06,25.0,0.0,3.72,5.2,0.0,0.0,0.0,0.0,2.6,10.4,0.0,0.0,0.0,0.0,0.0,10.0,3.5,0.0,0.0,5.2,0.0,84.0,0.0,0.0,0.0,5.1,0.0,0.0,0.0,0.0,97.72,6.27,0.0,0.0,0.0,0.0,0.0,0.0,0.0,0.0,0.0,0.0,0.0,0.0,0.0,0.0,0.0,0.0,0.0,0.0,0.0,0.0,0.0,0.0,0.0,0.0,0.0,0.0,0.0,0.0,0.0,10.25,0.0,0.0,0.0,0.0,0.0,0.0,0.0,0.0,0.0,0.0,0.0,0.0,0.0,0.0,0.0,0.0,0.0,0.0,0.0,0.0,0.0,0.0,0.0,0.0,0.0,0.0,0.0,0.0,0.0,0.0,0.0,0.0,0.0,0.0,0.0,0.0
3633,0.0,2.1,2.0,4.56,7.64,14.43,0.0,1.56,1.52,0.0,5.0,0.0,4.0,0.0,13.43,0.0,0.0,12.93,0.0,0.0,20.39,0.0,0.0,6.6,0.0,0.0,0.0,13.0,20.0,5.4,0.0,9.0,0.0,10.0,10.0,0.0,5.0,0.0,7.0,5.0,5.0,32.25,13.0,2.5,0.0,0.0,0.0,5.0,25.0,4.5,0.0,4.0,0.0,0.0,5.0,0.0,0.0,5.0,0.0,0.0,2.0,7.28,0.0,0.0,0.0,0.0,0.0,0.0,0.0,11.0,6.0,9.125,0.0,5.2,5.0,0.0,0.0,15.44,5.4,0.0,0.0,5.13,0.0,0.0,0.0,5.6,5.94,5.775,0.0,0.0,6.16,0.0,7.11,5.28,18.15,0.0,13.2,0.0,8.1,6.5,0.0,0.0,3.6,0.0,0.0,31.6,0.0,0.0,0.0,0.0,0.0,0.0,0.0,0.0,15.12,0.0,10.73,0.0,19.98,33.12,19.98,0.0,0.0,6.27,0.0,0.0,13.32,6.63,13.32,15.84,15.24,0.0,0.0,0.0,0.0,6.66,0.0,0.0,0.0,0.0,6.66,0.0,6.225,6.63,10.375,6.64,8.3,0.0,0.0,0.0,18.26,0.0,6.56,7.83,0.0,13.2,0.0,0.0,0.0,0.0
3634,0.0,2.1,3.99,4.94,21.415,37.37,0.0,15.575,25.26,0.0,1.9,0.0,0.0,0.0,5.0,3.8,4.09,23.92,15.96,6.63,32.56,10.39,29.25,13.25,12.5,2.0,4.08,22.0,5.0,16.0,10.24,22.0,7.0,25.5,13.5,59.1,0.0,5.0,9.5,17.5,10.2,0.0,10.5,14.0,19.2,4.86,13.0,7.0,0.0,1.0,10.5,5.0,43.0,5.5,5.0,10.0,3.597,5.0,0.0,5.0,4.68,5.0,5.0,5.0,34.96,32.0,3.0,5.0,21.18,2.0,14.5,0.0,9.36,5.72,0.0,5.12,0.0,9.12,17.74,5.3,23.7,9.095,10.7,21.9,4.95,30.7,5.3,60.45,10.73,38.61,6.6,11.8,7.02,0.0,10.2,35.42,39.325,27.85,20.86,16.2,0.0,18.655,0.0,6.6,19.53,49.11,27.21,20.64,19.17,27.06,49.41,10.2,25.27,24.63,12.36,23.88,23.99,58.75,11.0,13.26,20.18,29.14,104.93,112.185,13.32,78.22,6.66,0.0,43.24,32.82,43.45,99.45,6.57,26.64,19.95,6.63,91.11,34.62,32.51,0.0,25.1,6.64,0.0,0.0,6.64,28.22,0.0,55.37,32.095,39.425,18.675,9.96,14.8,17.51,13.24,16.76,6.6,4.4,34.32,22.26
3635,0.0,0.0,2.1,5.32,5.26,1.48,0.0,9.07,0.0,0.0,1.14,0.0,0.0,0.0,0.0,0.0,15.0,14.84,7.36,3.0,7.725,0.0,0.0,2.0,0.0,4.8,0.0,0.0,5.5,3.12,5.0,3.0,5.0,0.0,3.0,5.0,0.0,2.5,0.0,2.0,10.0,9.17,0.0,0.0,0.0,5.0,0.0,0.0,1.5,0.0,0.0,0.0,0.0,4.0,0.0,0.0,4.0,4.0,9.0,10.0,3.5,0.0,0.0,0.0,0.0,0.0,0.0,5.2,0.0,9.94,0.0,0.0,0.0,0.0,5.12,0.0,2.0,2.0,0.0,10.07,6.24,13.52,21.84,11.44,0.0,0.0,0.0,0.0,0.0,2.97,0.0,5.4,12.1,14.46,0.0,0.0,5.5,5.4,6.05,0.0,10.26,58.205,8.8,61.645,40.26,0.0,0.0,15.6,6.6,0.0,0.0,13.2,0.0,0.0,6.48,47.865,29.61,0.0,6.66,13.26,11.84,0.0,15.17,9.99,0.0,13.26,0.0,0.0,0.0,0.0,42.82,105.74,26.52,21.03,0.0,0.0,10.92,0.0,0.0,0.0,10.14,0.0,0.0,0.0,5.33,21.57,11.205,17.43,0.0,0.0,0.0,30.71,0.0,14.94,8.36,0.0,0.0,26.4,0.0,0.0
3636,3.52,3.02,12.5,15.47,65.465,44.015,21.1,26.685,49.1,8.74,15.69,7.035,8.17,8.74,26.74,17.31,49.35,70.86,45.69,28.14,75.29,20.1,45.84,71.84,34.43,30.24,35.0,36.0,60.75,40.5,45.92,26.0,26.5,31.5,29.5,47.5,21.0,34.54,52.15,25.0,26.5,28.06,69.25,18.0,24.28,32.5,31.5,26.25,11.0,27.66,40.0,33.82,33.5,13.0,14.5,10.0,5.0,3.12,19.0,52.0,8.45,18.51,3.0,27.16,27.18,15.7,29.545,40.94,13.94,15.98,55.42,12.16,10.1,5.4,125.46,20.6,149.44,160.01,62.67,34.25,12.24,35.925,92.155,38.03,5.04,44.865,29.43,27.03,42.48,44.955,75.11,97.775,28.1,81.075,51.85,114.825,82.42,104.465,25.375,39.16,59.945,24.935,30.0,27.035,45.53,60.39,34.84,125.705,37.95,44.41,28.5,60.585,149.09,102.455,62.86,42.12,116.48,88.33,117.07,47.58,23.16,39.41,80.605,39.58,65.44,75.855,127.5,74.13,33.7,6.63,40.22,27.66,36.205,24.26,95.28,60.28,11.34,15.54,177.63,45.69,101.48,62.28,61.255,72.19,31.65,21.58,48.315,33.19,109.43,85.72,13.16,89.715,48.47,40.94,29.92,87.34,12.76,48.32,6.6,6.64
3637,4.94,4.94,0.0,0.0,4.77,9.875,0.0,0.0,6.84,0.0,9.54,1.52,9.87,4.94,3.42,10.795,8.13,8.37,3.52,0.0,13.0,0.0,3.2,0.0,5.0,0.0,18.105,0.0,26.08,0.0,5.0,10.0,0.0,0.0,6.0,0.0,0.0,5.0,0.0,6.975,0.0,0.0,1.5,0.0,5.0,15.0,4.88,5.0,0.0,0.0,0.0,0.0,0.0,0.0,8.0,3.0,0.0,0.0,0.0,0.0,10.4,19.76,0.0,0.0,4.94,0.0,0.0,19.08,12.48,4.0,58.75,0.0,0.0,0.0,31.2,0.0,10.4,0.0,25.11,0.0,24.96,2.7,15.6,0.0,15.12,30.42,0.0,0.0,0.0,0.0,5.2,0.0,0.0,11.77,0.0,46.98,4.48,5.5,4.41,5.4,6.6,0.0,0.0,6.05,15.68,0.0,0.0,0.0,7.2,3.3,40.92,0.0,0.0,0.0,0.0,87.12,0.0,6.6,0.0,0.0,0.0,0.0,15.75,0.0,19.24,19.8,6.63,42.7,0.0,5.18,99.9,0.0,13.32,10.53,15.6,0.0,0.0,11.205,6.64,6.63,0.0,10.375,0.0,17.76,10.53,6.64,0.0,0.0,36.51,0.0,6.64,0.0,0.0,0.0,6.6,6.64,0.0,13.12,0.0,0.0
3638,5.2,5.5,0.0,6.6,33.62,20.67,17.73,7.98,14.8,1.11,5.54,9.13,0.0,6.94,0.0,19.31,14.77,7.28,8.185,10.5,26.27,8.0,28.0,2.0,4.98,13.33,12.0,2.12,27.74,28.0,10.0,12.5,16.0,18.75,10.0,0.0,0.0,6.0,11.02,2.0,14.0,10.0,8.0,35.0,24.785,105.0,10.7,50.1,25.0,20.0,59.0,13.0,11.86,5.0,21.0,29.5,13.0,0.0,5.0,5.2,4.0,4.94,25.28,6.5,3.57,28.68,0.0,5.2,0.0,17.36,12.09,48.28,20.4,3.24,18.0,3.06,60.82,27.32,119.85,16.16,17.2,15.75,6.2,37.98,65.55,16.33,15.66,40.825,25.555,31.08,31.98,11.64,0.0,18.725,4.4,38.29,23.725,10.83,111.94,24.87,17.695,29.525,185.02,19.295,14.95,11.44,25.05,23.18,22.32,57.45,40.36,12.54,16.16,24.42,0.0,38.61,6.6,33.17,6.6,13.52,6.66,0.0,33.18,24.625,49.92,39.06,25.095,46.5,23.16,35.0,21.51,19.92,15.12,6.66,0.0,13.26,0.0,54.08,16.63,10.34,42.86,25.33,6.63,108.185,61.6,17.43,31.63,9.96,0.0,9.13,131.35,22.59,41.515,13.24,19.94,54.25,0.0,9.68,10.56,6.6
3639,1.52,0.0,4.09,0.0,6.48,6.46,0.0,0.0,0.0,0.0,0.0,0.0,0.0,0.0,0.0,0.0,2.34,5.0,3.51,6.52,2.85,0.0,12.2,6.99,1.95,0.58,0.0,10.0,7.0,2.0,0.0,5.0,3.0,7.0,9.5,0.0,2.0,0.0,0.0,0.0,6.0,0.0,0.0,2.0,4.5,0.0,2.25,0.0,0.0,1.0,0.0,0.0,0.0,0.0,15.0,9.5,4.5,0.0,4.77,0.0,5.0,0.0,0.0,0.0,0.0,0.0,9.8,0.0,0.0,33.22,4.94,4.94,4.0,39.52,0.0,5.2,0.0,0.0,5.0,0.0,4.68,0.0,0.0,0.0,0.0,5.5,5.4,11.175,5.31,21.6,0.0,6.6,2.36,15.675,6.6,23.97,11.0,9.12,0.0,0.0,0.0,6.325,10.8,6.0,10.8,8.82,0.0,5.28,0.0,12.615,6.6,6.6,9.27,3.96,7.26,7.92,22.44,3.96,0.0,38.055,6.6,0.0,103.86,17.19,0.0,35.89,5.92,0.0,6.63,0.0,112.59,0.0,0.0,0.0,40.7,0.0,11.84,109.57,13.29,0.0,13.28,126.14,0.0,5.07,0.0,0.0,10.375,0.0,19.92,0.0,46.27,0.0,0.0,0.0,0.0,22.92,0.0,0.0,0.0,0.0
3640,0.0,7.85,0.0,3.8,3.04,9.435,39.71,6.08,4.94,4.18,4.56,5.0,0.0,13.83,3.42,9.13,17.19,20.02,5.0,12.28,27.74,20.0,46.0,10.5,13.0,0.0,9.6,0.0,5.0,0.0,5.5,5.0,9.0,3.0,0.0,13.5,4.0,0.0,3.75,99.75,9.9,11.72,56.88,20.5,8.0,0.0,0.0,65.18,0.0,6.0,80.0,2.5,0.0,0.0,33.4,5.0,16.0,35.0,5.0,5.2,4.94,0.0,15.0,15.0,26.0,12.0,24.0,0.0,24.8,57.08,17.48,146.08,0.0,12.48,0.0,0.0,5.4,85.64,3.3,74.055,1.855,5.2,0.0,39.56,27.78,0.0,0.0,5.94,25.3,29.9,30.78,61.75,0.0,2.24,6.05,13.2,106.28,91.825,8.25,11.4,19.8,19.06,46.0,17.6,3.77,16.68,0.0,32.295,0.0,19.3,24.18,6.615,26.415,6.6,19.8,145.16,68.97,26.09,27.86,63.14,25.47,81.92,6.6,0.0,8.14,32.58,31.82,6.66,0.0,6.66,19.95,12.95,0.0,20.0,6.29,17.24,19.24,35.23,12.9,120.05,18.96,67.51,0.0,56.48,6.56,15.77,0.0,26.975,6.625,0.0,18.26,10.37,0.0,0.0,0.0,0.0,7.79,6.64,0.0,0.0
3641,1.52,1.5,2.23,0.0,3.04,24.24,6.08,0.0,6.46,0.0,0.0,3.055,6.08,0.0,23.895,12.21,13.06,26.6,13.045,11.68,29.36,7.6,8.0,2.0,0.0,2.0,23.0,26.86,54.25,15.72,19.0,0.0,11.5,2.5,0.0,8.0,0.0,12.5,0.0,14.0,46.5,23.04,5.0,0.0,12.75,6.24,10.0,10.0,20.0,0.0,6.0,10.0,0.0,47.8,8.2,0.0,5.0,0.0,60.0,5.1,5.5,30.2,5.2,10.0,9.2,0.0,18.5,39.0,25.2,0.0,7.24,2.04,12.48,32.24,0.0,5.0,0.0,2.12,35.12,45.575,13.79,2.08,17.06,5.94,13.77,5.4,6.24,18.94,12.43,0.0,6.6,3.24,5.5,15.25,14.04,12.87,11.825,6.05,27.575,0.0,6.325,0.0,57.95,11.7,5.4,0.0,18.6,29.48,6.6,17.49,6.6,12.87,9.5,33.015,6.6,9.99,41.73,26.63,23.49,13.25,104.28,5.18,0.0,29.78,6.66,0.0,0.0,96.825,6.63,0.0,0.0,10.56,0.0,17.06,9.99,0.0,101.7,13.32,14.44,4.55,32.86,0.0,0.0,24.07,0.0,49.64,20.75,0.0,28.64,6.64,10.24,14.9,21.11,22.255,34.99,0.0,6.64,19.85,16.79,0.0
3643,0.0,0.0,1.52,0.0,4.94,2.28,0.0,0.0,1.52,3.78,0.0,3.04,0.0,0.0,0.0,0.0,4.94,0.0,4.52,3.2,8.41,0.0,5.0,0.0,0.0,4.5,0.0,0.0,0.0,0.0,5.0,6.5,9.5,0.0,0.0,0.0,0.0,0.0,0.0,0.0,5.0,0.0,0.0,0.0,0.0,0.0,0.0,0.0,0.0,0.0,5.0,0.0,0.0,0.0,0.0,0.0,0.0,0.0,0.0,0.0,0.0,0.0,0.0,0.0,0.0,39.0,0.0,0.0,3.12,11.18,5.2,36.45,0.0,0.0,0.0,0.0,0.0,5.0,0.0,0.0,0.0,0.0,5.1,0.0,0.0,0.0,0.0,0.0,0.0,0.0,0.0,0.0,0.0,0.0,0.0,0.0,0.0,0.0,0.0,0.0,0.0,0.0,0.0,0.0,0.0,0.0,0.0,0.0,0.0,0.0,0.0,0.0,6.6,0.0,0.0,0.0,0.0,0.0,0.0,0.0,0.0,0.0,0.0,0.0,0.0,0.0,0.0,0.0,0.0,0.0,0.0,0.0,0.0,0.0,0.0,0.0,0.0,0.0,0.0,0.0,0.0,0.0,0.0,0.0,0.0,6.56,6.64,0.0,0.0,6.64,13.28,24.22,6.6,6.6,0.0,37.25,0.0,0.0,0.0,0.0
3644,45.28,15.16,23.6,60.44,68.419,99.765,31.73,17.3,46.71,17.05,174.6,12.86,14.815,11.4,35.535,42.045,123.59,147.965,38.4,74.19,141.69,27.24,99.55,145.0,75.76,55.9,73.62,64.94,53.79,76.75,48.32,126.37,50.0,107.85,52.19,79.5,39.895,59.0,93.05,26.75,77.75,70.4,37.0,58.14,98.98,145.08,50.14,61.9,37.3,60.26,37.02,35.2,24.18,40.99,102.42,39.94,49.58,16.2,31.58,85.37,117.76,190.71,28.43,21.64,56.14,53.37,110.73,278.8,146.585,4.94,68.895,48.46,16.74,51.08,102.47,30.805,68.105,17.32,38.235,36.9,63.47,174.87,59.26,175.13,44.74,159.96,51.6,41.46,227.75,67.02,171.94,127.165,77.895,168.465,93.625,226.895,122.185,119.095,50.33,86.04,126.735,97.61,252.8,143.965,81.165,226.65,71.095,151.19,89.14,182.815,91.34,218.3,122.42,202.14,144.67,61.44,283.54,218.57,128.01,259.68,104.42,237.38,116.69,141.62,120.29,371.155,319.015,277.79,278.34,108.33,219.02,373.48,74.74,119.03,81.5,59.27,89.345,210.13,190.05,138.18,141.65,71.525,209.35,86.28,59.1,53.09,105.79,24.275,131.48,56.325,134.625,57.765,62.78,46.68,82.26,56.0,61.27,119.515,65.25,13.24
3646,3.52,1.52,5.46,0.0,6.94,9.6,0.0,0.0,1.52,0.0,0.0,8.645,0.0,8.79,0.0,1.52,10.0,19.4,0.0,3.84,8.04,0.0,0.0,0.0,0.0,9.5,13.8,0.0,0.0,0.0,0.0,7.0,4.94,3.0,0.0,0.0,13.0,0.0,10.0,10.0,0.0,3.12,0.0,9.5,0.0,0.0,0.0,0.0,3.05,5.0,3.0,10.5,0.0,0.0,0.0,5.0,8.0,0.0,18.0,0.0,0.0,4.59,5.0,0.0,3.12,0.0,0.0,10.26,0.0,7.08,16.03,5.035,0.0,0.0,0.0,0.0,5.2,5.5,3.24,4.94,5.4,0.0,0.0,12.96,0.0,3.42,9.72,3.9,0.0,0.0,7.38,8.1,10.8,11.775,0.0,0.0,4.4,6.0,5.2,0.0,0.0,0.0,3.85,0.0,0.0,0.0,0.0,17.16,5.4,10.89,30.24,6.6,0.0,26.4,0.0,5.4,12.54,6.65,0.0,6.66,0.0,0.0,6.63,0.0,0.0,0.0,0.0,10.29,11.84,0.0,0.0,13.32,6.63,0.0,10.36,13.32,0.0,6.64,17.44,0.0,9.99,0.0,0.0,8.3,0.0,0.0,6.225,0.0,17.845,31.71,19.92,9.96,0.0,23.6,10.56,0.0,0.0,0.0,0.0,0.0
3647,0.0,0.0,0.0,0.0,0.0,0.0,0.0,0.0,0.0,0.0,0.0,0.0,0.0,0.0,0.0,0.0,0.0,0.0,0.0,0.0,0.0,0.0,0.0,0.0,0.0,0.0,0.0,0.0,0.0,0.0,0.0,0.0,0.0,0.0,0.0,0.0,0.0,30.0,0.0,0.0,0.0,0.0,0.0,0.0,0.0,0.0,0.0,0.0,0.0,0.0,0.0,0.0,0.0,0.0,0.0,0.0,0.0,0.0,0.0,0.0,0.0,0.0,0.0,0.0,0.0,0.0,0.0,0.0,0.0,0.0,0.0,0.0,0.0,0.0,0.0,0.0,0.0,0.0,0.0,0.0,0.0,0.0,0.0,0.0,0.0,0.0,0.0,0.0,0.0,0.0,0.0,0.0,0.0,0.0,0.0,0.0,0.0,0.0,0.0,0.0,0.0,0.0,0.0,0.0,0.0,0.0,0.0,0.0,0.0,0.0,0.0,0.0,0.0,0.0,0.0,0.0,0.0,0.0,0.0,0.0,0.0,0.0,0.0,0.0,0.0,0.0,0.0,0.0,0.0,0.0,0.0,0.0,0.0,0.0,0.0,0.0,0.0,0.0,0.0,0.0,0.0,0.0,0.0,0.0,0.0,0.0,0.0,0.0,0.0,0.0,5.395,0.0,0.0,0.0,0.0,0.0,0.0,0.0,0.0,0.0
3649,0.0,0.0,0.0,6.52,8.56,2.09,0.0,0.0,0.0,0.0,1.11,0.0,3.8,0.0,4.94,0.0,0.0,0.0,12.74,0.0,13.18,0.0,9.88,5.06,0.0,0.0,3.0,3.04,9.0,0.0,5.0,14.0,0.0,3.0,0.0,3.0,0.0,5.0,0.0,0.0,1.5,0.0,6.75,4.0,0.0,0.0,5.0,5.0,4.75,6.0,0.0,0.0,0.0,0.0,0.0,0.0,0.0,0.0,0.0,0.0,5.0,4.5,0.0,0.0,0.0,0.0,0.0,5.0,0.0,0.0,4.94,6.0,0.0,0.0,0.0,5.12,0.0,33.36,0.0,0.0,0.0,0.0,0.0,0.0,0.0,8.25,3.3,0.0,0.0,6.48,0.0,0.0,0.0,0.0,5.5,6.6,9.35,0.0,0.0,0.0,6.05,22.63,0.0,6.615,6.16,0.0,17.43,12.9,0.0,6.3,28.74,0.0,6.6,0.0,11.55,9.9,0.0,13.2,0.0,0.0,0.0,6.66,0.0,6.66,18.87,0.0,0.0,13.26,0.0,0.0,0.0,17.76,0.0,0.0,0.0,13.28,6.64,0.0,0.0,0.0,6.64,3.32,0.0,0.0,0.0,8.3,6.64,7.02,14.84,23.52,0.0,6.525,0.0,6.6,0.0,0.0,0.0,0.0,0.0,19.8
3658,7.5,8.95,31.595,61.83,28.23,77.342,39.536,33.51,60.33,1.52,6.72,17.06,3.04,9.49,15.28,25.66,75.24,77.151,65.965,42.055,103.205,24.95,6.17,31.539,34.5,19.61,12.76,13.0,50.1,10.54,14.7,30.2,26.76,37.37,19.924,56.5,28.09,17.94,29.03,22.0,20.5,22.82,25.68,22.0,49.5,45.0,30.0,6.1,12.92,20.5,27.25,11.9,14.0,26.0,29.5,37.5,2.0,7.0,15.0,41.16,11.0,34.0,13.16,13.77,22.02,20.65,35.54,9.09,48.41,20.62,34.78,11.175,5.0,22.71,26.895,24.59,47.84,4.69,17.495,10.71,42.55,60.0,29.94,133.9,13.14,61.02,36.87,25.5,36.77,34.67,30.09,40.755,26.52,89.28,62.96,0.0,47.19,51.28,53.135,40.78,11.55,0.0,38.32,84.3,33.405,95.815,110.64,170.13,37.955,39.135,118.465,65.55,104.86,55.03,79.215,23.56,45.75,76.075,64.61,51.0,49.95,116.73,57.86,36.08,82.955,36.18,38.485,59.315,28.28,48.925,76.455,188.63,0.0,59.19,32.855,99.79,64.09,119.55,72.46,38.4,42.14,117.86,80.915,49.395,47.385,19.505,6.64,133.495,69.965,50.325,84.34,103.765,47.6,50.075,59.78,81.855,49.32,33.04,39.73,52.84
3659,0.0,3.12,4.92,0.0,3.8,28.24,0.0,6.04,12.635,4.62,0.0,0.0,0.0,3.29,1.14,1.52,0.0,18.76,4.94,4.0,13.71,0.0,3.0,6.7,0.0,6.64,10.08,13.26,4.6,4.42,0.0,0.0,15.59,7.6,3.0,4.5,4.5,15.1,3.0,9.5,9.0,0.0,0.0,10.4,5.0,4.5,0.0,0.0,0.0,0.0,7.5,0.0,0.0,0.0,9.0,14.0,0.0,0.0,9.35,8.92,0.0,0.0,0.0,3.06,9.42,13.25,0.0,4.59,10.54,6.46,0.0,9.88,9.18,4.59,4.59,0.0,0.0,4.545,9.18,10.41,7.8,0.0,0.0,18.06,6.48,0.0,0.0,0.0,12.53,22.92,0.0,24.6,0.0,80.64,25.12,6.05,0.0,0.0,6.615,0.0,0.0,0.0,0.0,0.0,7.56,5.94,0.0,4.62,6.24,0.0,3.9,11.8,14.2,6.0,0.0,3.6,31.49,0.0,49.12,6.12,13.26,13.26,6.66,6.66,0.0,6.66,0.0,0.0,24.42,22.5,14.82,6.57,19.98,0.0,0.0,0.0,6.24,9.36,10.14,27.69,0.0,22.41,21.84,0.0,26.7,30.825,6.4,3.9,14.11,6.66,0.0,0.0,0.0,6.6,0.0,0.0,0.0,17.225,0.0,14.96
3660,0.0,13.465,6.08,35.962,35.83,107.973,15.305,25.814,73.05,4.75,15.52,11.535,6.16,14.385,18.875,50.61,78.805,79.92,56.0,41.93,98.975,9.76,31.82,53.375,12.17,19.98,48.52,18.05,50.48,28.92,43.08,44.005,37.98,46.5,38.27,16.18,29.57,32.2,61.205,28.5,33.59,9.0,27.02,63.715,35.12,49.08,4.5,11.91,12.75,49.09,30.2,18.84,13.5,42.56,13.5,20.0,29.5,28.6,13.5,21.59,9.5,12.18,20.98,35.92,25.66,29.99,7.25,9.15,7.09,25.25,18.79,56.89,11.82,32.8,36.81,47.91,57.65,31.26,13.17,45.275,36.9,14.99,65.41,53.25,24.03,39.76,19.86,30.24,75.695,59.015,8.965,42.72,152.67,50.73,79.34,41.57,111.025,102.525,33.5,63.378,177.745,5.4,23.56,35.45,35.08,80.225,54.095,117.845,30.65,76.71,35.465,45.78,45.025,84.715,54.27,98.88,103.03,226.01,59.065,65.07,27.735,53.16,66.44,67.97,24.12,42.21,76.13,138.68,87.76,154.235,99.4,107.422,10.92,49.25,144.0,60.3,100.18,55.48,41.97,118.735,42.46,74.59,69.655,76.445,64.53,39.84,132.08,99.745,93.815,69.175,107.745,90.955,83.49,41.54,90.52,111.93,23.5,25.025,41.04,12.34
3661,0.0,0.0,2.0,1.61,0.0,3.19,0.0,0.0,0.69,0.0,0.0,0.0,0.0,0.0,0.0,0.0,3.04,10.26,0.0,0.0,0.0,0.0,0.0,0.0,0.0,0.0,0.0,0.0,0.0,0.0,4.5,4.5,3.0,0.0,0.0,0.0,0.0,0.0,0.0,0.0,0.0,0.0,11.0,0.0,0.0,0.0,0.0,3.0,0.0,3.5,4.5,0.0,0.0,3.0,4.5,3.5,0.0,0.0,0.0,0.0,0.0,0.0,0.0,0.0,0.0,17.42,0.0,6.2,0.0,0.0,0.0,0.0,0.0,0.0,0.0,0.0,0.0,4.59,0.0,0.0,0.0,0.0,3.64,5.94,0.0,0.0,0.0,0.0,0.0,0.0,0.0,0.0,0.0,0.0,0.0,0.0,0.0,0.0,0.0,0.0,6.27,0.0,0.0,0.0,0.0,0.0,0.0,0.0,0.0,0.0,0.0,0.0,0.0,0.0,0.0,0.0,0.0,0.0,0.0,0.0,0.0,0.0,0.0,0.0,0.0,0.0,0.0,0.0,0.0,0.0,0.0,0.0,0.0,0.0,0.0,0.0,0.0,0.0,0.0,0.0,0.0,0.0,0.0,0.0,0.0,0.0,0.0,0.0,0.0,0.0,0.0,0.0,0.0,0.0,0.0,0.0,0.0,0.0,0.0,0.0
3662,0.0,0.0,0.0,0.0,0.0,0.0,0.0,0.0,0.0,0.0,0.0,0.0,0.0,0.0,0.0,0.0,0.0,12.22,3.0,0.0,0.0,0.0,0.0,0.0,0.0,0.0,0.0,0.0,0.0,0.0,0.0,0.0,0.0,0.0,0.0,0.0,0.0,0.0,0.0,0.0,0.0,0.0,0.0,0.0,0.0,0.0,0.0,0.0,0.0,0.0,0.0,0.0,0.0,0.0,0.0,2.0,0.0,0.0,0.0,0.0,0.0,0.0,0.0,0.0,0.0,0.0,0.0,0.0,0.0,0.0,0.0,0.0,0.0,0.0,0.0,0.0,0.0,0.0,0.0,0.0,0.0,0.0,0.0,0.0,0.0,0.0,0.0,0.0,5.13,4.35,0.0,0.0,0.0,0.0,0.0,0.0,0.0,0.0,0.0,0.0,0.0,0.0,0.0,15.5,0.0,0.0,0.0,0.0,0.0,0.0,0.0,0.0,0.0,0.0,0.0,0.0,31.35,0.0,0.0,0.0,0.0,0.0,0.0,0.0,0.0,0.0,0.0,0.0,0.0,0.0,0.0,0.0,0.0,0.0,0.0,0.0,0.0,0.0,0.0,0.0,0.0,0.0,0.0,0.0,15.54,0.0,0.0,0.0,0.0,0.0,0.0,0.0,0.0,0.0,0.0,0.0,0.0,0.0,0.0,0.0
3663,0.0,0.0,0.0,0.0,0.0,5.32,0.0,0.0,4.18,0.0,0.0,0.0,0.0,0.0,4.94,0.0,0.0,4.23,0.0,0.0,0.0,2.0,4.18,0.0,0.0,0.0,4.5,0.0,9.0,0.0,0.0,0.0,5.0,0.0,0.0,0.0,0.0,0.0,3.0,0.0,0.0,0.0,0.0,4.5,4.59,0.0,0.0,2.0,4.0,0.0,4.5,0.0,0.0,0.0,0.0,0.0,0.0,0.0,20.5,9.12,11.14,9.0,0.0,0.0,0.0,8.32,0.0,4.5,0.0,0.0,0.0,0.0,0.0,0.0,0.0,0.0,3.12,0.0,0.0,0.0,0.0,4.86,10.8,4.32,0.0,0.0,0.0,14.78,12.96,27.98,0.0,0.0,0.0,0.0,0.0,0.0,0.0,0.0,5.32,5.5,24.56,0.0,0.0,0.0,0.0,5.04,38.76,56.25,0.0,0.0,9.24,0.0,0.0,0.0,6.6,6.48,0.0,0.0,0.0,0.0,0.0,6.555,10.56,0.0,0.0,0.0,0.0,9.99,6.66,0.0,0.0,6.63,0.0,0.0,0.0,0.0,0.0,0.0,0.0,0.0,0.0,0.0,0.0,0.0,9.545,0.0,0.0,0.0,0.0,60.0,0.0,0.0,10.44,0.0,0.0,0.0,0.0,0.0,0.0,0.0
3664,2.28,3.62,6.46,11.46,5.3,1.48,0.0,3.04,6.78,8.49,5.32,8.3,0.0,9.12,7.03,5.0,12.97,16.74,0.0,1.56,14.97,0.0,19.54,7.845,2.0,4.56,1.25,7.0,5.5,4.0,8.8,4.5,0.0,4.5,0.0,3.43,5.5,4.0,0.0,4.41,4.5,3.0,7.59,14.9,0.0,11.5,9.0,0.0,20.0,3.27,4.5,4.5,0.0,4.5,4.5,0.0,4.5,4.5,57.9,8.2,4.77,0.0,14.74,29.9,0.0,34.4,7.1,0.0,8.73,0.0,6.51,116.79,0.0,0.0,2.6,17.34,0.0,12.62,0.0,4.24,0.0,4.59,22.68,30.7,25.59,16.83,5.13,3.24,5.2,13.46,3.24,0.0,23.49,11.02,12.87,20.235,0.0,16.125,20.61,5.04,13.2,5.985,0.0,6.3,0.0,8.64,6.07,10.5,0.0,5.94,6.6,14.76,24.83,17.955,7.92,11.22,6.66,21.18,19.53,0.0,0.0,21.77,26.21,0.0,0.0,29.925,12.58,18.14,61.13,15.085,17.98,6.63,18.5,13.29,4.68,0.0,28.27,46.64,0.0,7.47,7.47,38.485,19.32,32.755,19.26,13.12,25.6,16.0,19.09,18.825,33.92,6.64,25.815,23.575,37.88,14.76,0.0,48.4,8.8,24.2
3665,0.0,0.0,5.32,1.575,3.56,5.22,1.52,0.0,4.56,0.0,0.0,0.0,0.0,6.99,0.0,0.0,0.0,5.0,3.2,0.0,3.0,0.0,0.0,0.0,0.0,0.0,0.0,4.5,3.6,4.0,0.0,4.5,0.0,0.0,0.0,0.0,5.0,0.0,0.0,0.0,0.0,0.0,4.0,0.0,0.0,0.0,0.0,0.0,0.0,4.5,0.0,3.12,0.0,3.0,4.5,7.5,6.08,0.0,12.5,0.0,0.0,4.5,0.0,4.5,0.0,4.68,9.09,0.0,0.0,0.0,0.0,4.42,0.0,0.0,0.0,4.5,4.42,0.0,4.505,0.0,4.32,0.0,5.4,9.7,0.0,4.32,14.0,7.83,6.6,0.0,4.95,0.0,0.0,6.6,5.04,9.57,0.0,0.0,0.0,0.0,0.0,0.0,0.0,5.5,0.0,3.63,0.0,0.0,0.0,0.0,5.6,4.95,0.0,0.0,0.0,0.0,0.0,13.41,0.0,26.4,0.0,11.2,6.66,23.19,6.66,0.0,6.66,17.19,6.66,0.0,9.96,6.63,0.0,0.0,0.0,0.0,6.63,0.0,27.81,6.66,0.0,0.0,12.87,17.43,13.28,0.0,0.0,0.0,0.0,6.64,0.0,9.96,6.64,0.0,6.525,0.0,0.0,0.0,0.0,0.0
3666,3.1,12.855,20.43,9.6,30.19,53.385,9.01,15.9,38.445,6.0,5.71,8.18,8.377,5.8,23.46,34.574,32.61,78.99,39.165,32.83,83.06,20.425,17.5,26.91,11.97,30.2,27.9,23.685,16.35,16.25,102.0,38.49,21.95,34.42,17.5,14.145,23.09,26.5,42.83,13.5,29.21,28.19,31.02,4.5,22.5,34.0,13.25,10.635,4.5,12.5,26.0,40.0,11.5,35.37,19.76,14.0,41.25,13.9,13.18,11.92,4.59,29.19,9.91,60.36,0.0,9.0,5.67,26.26,18.255,31.66,47.965,35.755,9.18,7.74,17.95,34.14,29.19,132.34,31.76,9.635,40.585,165.025,37.26,47.12,37.53,76.08,58.515,27.52,26.79,19.03,42.215,36.26,20.555,32.565,109.705,64.835,47.755,42.37,57.605,55.01,109.865,145.63,29.635,225.195,47.96,267.555,46.77,74.12,27.59,48.97,101.35,27.46,44.93,153.745,53.06,61.445,45.1,54.14,44.0,128.13,21.12,61.51,32.01,48.48,78.04,34.72,43.69,60.1,46.028,73.57,62.25,35.24,37.08,91.535,63.1,44.04,26.58,50.38,34.13,43.93,33.06,29.07,86.445,38.36,73.04,57.97,41.17,49.15,81.77,16.74,56.53,77.17,70.09,36.3,34.875,55.12,14.78,35.6,46.68,4.25
3669,0.0,3.29,0.0,7.94,8.12,15.49,0.0,5.68,15.29,0.0,3.04,0.0,0.0,1.95,4.095,5.92,23.42,14.86,0.0,9.345,30.12,4.18,0.0,10.02,11.5,4.54,9.76,0.0,7.4,0.0,2.0,3.0,3.0,7.0,10.6,3.0,3.0,0.0,12.35,5.5,0.0,0.0,32.25,7.0,0.0,0.0,1.5,7.31,7.0,37.5,8.09,4.16,2.0,0.0,3.0,3.0,18.88,8.33,8.6,5.0,0.0,1.5,5.0,4.56,0.0,3.57,6.62,10.575,131.9,3.0,7.89,8.23,3.12,6.36,3.18,3.3,3.06,17.058,0.0,14.16,11.1,13.13,14.42,0.0,8.64,28.56,25.35,10.8,23.05,6.48,0.0,5.44,5.13,10.69,12.18,11.825,4.95,5.31,11.94,0.0,0.0,13.71,10.4,31.325,5.89,15.33,4.95,16.4,21.45,29.28,11.55,24.06,20.08,10.94,5.67,15.19,18.935,13.16,13.2,0.0,13.2,21.78,13.2,7.92,10.56,19.91,0.0,13.26,19.98,22.88,14.43,24.79,0.0,8.58,10.375,19.98,15.6,12.78,38.77,15.24,18.91,0.0,10.34,11.6,19.92,42.56,19.92,37.35,13.28,40.98,0.0,49.425,0.0,13.28,29.005,4.98,6.64,23.32,38.65,13.2
3670,0.0,0.0,7.52,4.94,0.0,7.15,0.0,0.0,0.0,0.0,3.8,0.0,0.0,0.0,3.04,0.0,4.56,4.6,4.95,11.06,17.84,0.0,11.02,8.82,3.0,0.0,0.0,4.8,0.0,0.0,7.9,7.2,8.5,0.0,4.5,0.0,0.0,4.5,0.0,0.0,0.0,0.0,10.28,0.0,0.0,12.3,14.36,9.25,57.0,9.0,3.38,0.0,0.0,4.42,2.5,0.0,7.64,2.5,0.0,0.0,0.0,4.56,0.0,13.54,0.0,0.0,0.0,0.0,6.76,0.0,0.0,0.0,4.42,0.0,0.0,0.0,4.0,5.74,0.0,10.4,0.0,0.0,4.95,4.845,0.0,8.82,0.0,5.04,0.0,6.6,0.0,0.0,1.8,8.55,4.275,6.555,5.22,26.27,15.4,0.0,0.0,6.6,6.6,0.0,0.0,0.0,0.0,14.7,0.0,0.0,0.0,6.6,0.0,19.8,0.0,7.7,30.9,7.3,17.22,0.0,6.6,6.66,0.0,0.0,0.0,8.82,6.66,0.0,17.02,6.63,0.0,10.36,0.0,0.0,7.77,6.64,6.66,0.0,0.0,0.0,16.39,21.025,0.0,17.015,0.0,19.92,0.0,6.64,0.0,9.96,23.32,0.0,6.64,9.88,0.0,9.68,0.0,21.42,13.2,19.8
3671,3.06,0.0,0.0,0.0,1.6,0.0,0.0,0.0,0.0,0.0,0.0,1.52,0.0,5.8,1.9,12.2,20.04,9.5,0.0,1.5,23.785,0.0,3.0,3.0,0.0,0.0,0.0,0.0,0.0,10.64,0.0,0.0,2.5,1.9,3.0,95.88,0.0,5.08,8.005,4.16,3.0,0.0,0.0,8.75,0.0,0.0,0.0,0.0,9.0,0.0,0.0,0.0,0.0,0.0,0.0,0.0,0.0,0.0,0.0,0.0,0.0,0.0,3.12,0.0,3.12,0.0,3.12,0.0,12.48,0.0,4.42,15.6,0.0,0.0,0.0,0.0,0.0,0.0,0.0,0.0,3.0,10.68,0.0,0.0,3.3,0.0,0.0,0.0,0.0,0.0,0.0,30.225,0.0,0.0,4.03,0.0,0.0,0.0,0.0,0.0,0.0,0.0,0.0,0.0,0.0,0.0,0.0,0.0,0.0,0.0,2.4,0.0,17.16,6.6,0.0,6.6,7.92,0.0,0.0,0.0,0.0,0.0,0.0,0.0,0.0,0.0,0.0,0.0,0.0,0.0,4.44,8.88,0.0,0.0,0.0,9.9,0.0,8.88,8.88,0.0,2.22,0.0,4.44,0.0,0.0,6.66,16.56,6.64,23.785,0.0,0.0,0.0,17.43,0.0,0.0,5.28,0.0,13.28,0.0,0.0
3672,21.32,28.64,38.375,35.635,62.17,113.655,28.06,23.66,24.985,6.714,36.07,12.68,10.6,14.78,32.31,51.96,101.17,73.82,38.695,44.76,146.54,35.13,38.76,27.25,11.02,32.65,15.73,26.35,10.5,13.04,14.0,59.5,48.5,30.0,21.75,38.12,25.91,51.28,67.8,25.86,39.96,64.84,11.78,49.72,18.48,15.115,24.2,44.48,31.35,32.69,11.72,32.14,42.38,8.62,20.9,27.175,77.06,23.98,11.4,11.88,6.18,36.605,16.63,47.38,41.58,45.38,31.755,43.32,21.81,3.0,45.775,76.115,3.19,11.52,125.955,23.5,62.403,21.28,23.03,61.28,35.715,59.175,45.57,54.365,25.625,74.62,29.925,20.475,56.285,51.47,99.495,84.01,113.455,111.45,138.385,78.305,60.715,70.655,123.525,104.945,75.02,27.54,79.305,75.45,280.435,161.595,96.475,78.42,122.37,104.01,192.65,187.21,101.965,288.585,218.14,320.05,154.84,147.9,161.685,87.77,65.51,123.18,190.44,163.5,96.35,126.34,73.89,185.05,137.92,197.81,124.19,101.29,16.96,79.32,49.51,105.75,78.915,92.425,87.62,161.525,126.05,87.89,157.98,105.52,175.135,169.795,205.27,47.66,109.865,136.185,90.11,120.255,126.97,126.1,138.385,165.485,35.49,72.615,81.73,101.24
3673,0.525,7.07,8.42,1.48,12.94,38.59,15.3,11.63,13.3,0.0,10.05,0.0,0.0,2.66,14.25,4.465,24.92,24.46,5.28,9.06,64.23,4.5,15.4,7.54,10.92,5.0,6.5,6.2,13.518,2.94,10.0,2.66,8.06,21.425,17.5,23.57,11.62,7.67,15.3,6.62,4.16,13.5,21.62,9.74,3.0,9.0,11.78,8.16,11.5,15.34,3.41,14.0,13.76,5.38,0.0,6.5,1.75,14.42,4.0,0.0,4.5,17.355,4.5,8.925,4.59,2.04,0.0,0.0,0.0,0.0,0.0,8.48,6.552,4.48,4.24,4.505,0.0,0.0,4.48,4.59,7.83,9.18,4.12,54.16,0.0,4.59,10.815,7.605,11.1,6.72,20.72,19.88,11.61,23.96,18.905,28.005,12.465,21.94,25.845,17.535,5.13,18.9,4.56,33.645,13.56,13.32,0.0,44.58,13.2,38.585,3.78,49.22,11.0,10.89,36.84,30.615,21.1,24.59,30.07,13.875,31.74,22.08,26.46,10.845,19.92,11.1,7.77,33.08,60.31,17.82,34.53,42.08,22.62,0.0,28.14,43.62,51.38,13.13,29.02,49.29,22.23,60.36,53.93,38.925,6.64,38.99,45.165,17.465,41.335,6.64,17.85,9.91,10.36,18.295,23.68,26.25,19.8,60.74,0.0,6.6
3675,0.0,5.96,9.62,7.09,18.11,40.78,6.2,13.97,11.81,1.52,2.09,14.75,0.0,4.56,19.74,16.96,25.85,43.58,46.82,16.295,66.485,13.06,13.0,15.5,14.88,14.0,16.4,10.5,11.3,21.9,4.5,3.0,11.0,12.8,10.5,8.0,0.0,16.89,26.91,14.16,3.0,4.5,22.0,13.5,20.5,15.0,30.0,18.0,5.0,15.0,0.0,8.5,6.58,7.5,3.0,0.0,12.125,20.115,4.5,4.5,4.505,3.35,4.505,4.5,16.645,4.42,0.0,15.38,5.75,7.8,4.4,4.0,2.55,4.42,7.84,14.46,9.01,0.0,0.0,0.0,8.74,11.55,2.2,0.0,12.65,0.0,0.0,15.66,13.235,0.0,5.5,41.97,13.08,24.275,5.5,25.87,21.355,10.5,36.38,10.02,10.1,5.4,38.415,69.83,13.215,6.6,26.27,43.915,19.03,25.75,19.8,34.85,43.785,39.84,8.91,42.79,17.75,51.68,36.73,24.37,32.34,22.44,29.76,43.5,43.58,17.7,17.7,23.68,26.64,35.83,46.53,13.32,9.6,28.6,47.4,15.0,25.3,20.0,21.43,22.16,51.105,18.26,24.07,42.085,6.64,24.07,19.94,29.77,30.47,24.645,10.12,52.545,0.0,14.52,42.64,8.8,17.86,73.49,26.52,0.0
3676,0.0,0.0,0.0,2.82,9.08,16.51,12.78,3.04,6.102,3.04,9.8,8.36,3.04,5.52,7.98,1.9,3.78,12.46,19.0,9.18,19.84,7.22,13.68,8.18,0.0,3.42,0.0,2.0,2.0,0.0,0.0,0.0,0.0,0.0,0.0,0.0,0.0,0.0,6.0,2.0,42.75,6.0,6.0,4.5,18.5,12.078,6.5,0.0,0.0,2.0,0.0,3.5,0.0,0.0,0.0,0.0,0.0,0.0,0.0,0.0,0.0,3.0,0.0,2.6,6.24,0.0,4.0,0.0,3.12,0.0,0.0,0.0,0.0,0.0,0.0,0.0,0.0,29.74,13.95,4.5,0.0,0.0,0.0,0.0,0.0,5.0,0.0,0.0,26.22,0.0,19.98,0.0,0.0,5.13,8.4,0.0,0.0,0.0,0.0,0.0,0.0,0.0,0.0,0.0,0.0,3.6,0.0,0.0,0.0,0.0,0.0,0.0,0.0,0.0,0.0,0.0,0.0,0.0,0.0,0.0,0.0,0.0,0.0,0.0,0.0,5.4,0.0,0.0,4.44,6.6,6.66,6.66,0.0,0.0,0.0,0.0,4.44,0.0,100.4,0.0,8.88,0.0,0.0,0.0,0.0,0.0,0.0,0.0,0.0,0.0,0.0,19.92,13.28,0.0,0.0,0.0,0.0,0.0,0.0,0.0
3677,25.57,8.564,19.54,59.3,160.336,214.7,53.83,76.165,97.665,13.51,35.59,37.706,32.598,47.25,98.16,78.856,130.065,201.61,106.465,134.705,283.515,76.195,65.62,112.73,59.785,50.69,61.06,42.425,50.212,83.64,68.0,55.3,38.429,48.59,41.02,49.62,10.0,118.83,64.45,49.565,102.46,93.48,126.56,100.212,86.62,125.12,53.578,33.31,154.41,44.8,35.08,39.86,34.1,58.45,15.975,13.0,14.185,31.275,49.945,7.36,21.0,51.065,88.5,95.24,74.58,62.2,59.49,23.11,20.74,48.47,13.805,34.63,20.35,23.07,43.143,17.17,50.78,13.26,113.275,46.76,39.52,129.915,44.77,33.03,24.16,83.455,84.48,59.185,76.37,113.35,113.26,62.615,264.28,204.36,157.695,198.85,121.52,156.365,199.73,72.9,68.04,42.515,133.865,232.765,133.3,206.13,147.525,258.86,44.54,116.815,171.08,207.96,135.66,149.535,372.91,263.61,210.625,320.125,234.925,254.785,106.5,121.96,194.87,177.33,214.445,268.59,294.74,261.085,201.8,182.77,189.21,335.335,38.32,200.725,181.585,122.99,84.52,137.99,295.77,317.305,350.225,171.01,202.06,202.42,159.36,128.465,221.595,153.1,322.885,197.665,187.84,314.545,219.74,352.28,199.14,208.195,140.16,291.345,184.45,48.82
3678,2.1,19.12,30.835,10.32,79.38,86.63,38.796,85.452,100.29,16.21,17.255,36.845,23.134,30.04,43.46,52.33,120.295,148.393,57.813,37.78,179.015,44.46,41.86,109.195,29.92,39.4,46.3,49.61,60.01,50.3,52.9,21.3,56.55,57.86,27.43,35.5,19.32,16.0,26.9,26.21,100.34,39.08,43.14,123.64,73.59,80.2,83.79,65.87,42.81,18.25,30.0,46.9,21.6,28.5,15.92,7.5,35.005,22.005,32.105,13.34,5.54,78.85,12.33,18.12,28.83,13.64,55.33,8.0,12.125,17.145,21.605,13.69,13.6,22.53,30.325,42.655,41.255,57.05,32.62,48.945,64.19,56.78,62.385,45.07,22.85,31.34,40.0,60.92,15.48,10.48,67.735,40.345,54.16,154.67,113.121,177.37,78.83,108.39,128.065,79.675,114.795,33.27,50.76,52.485,99.19,89.09,154.035,166.495,89.53,105.73,74.36,162.325,116.54,144.21,92.525,104.19,71.97,198.305,239.34,131.725,68.95,101.56,167.325,71.915,40.705,94.345,136.46,169.91,55.02,203.545,74.83,123.915,80.54,75.53,106.82,96.59,94.93,129.805,122.15,65.375,121.075,89.065,235.46,149.93,36.3,89.575,68.765,121.345,121.055,63.61,124.06,188.6,168.06,108.635,218.895,164.86,29.44,50.43,100.0,33.88
3682,0.0,0.0,0.0,0.0,3.04,8.72,5.96,5.94,30.73,3.04,0.0,4.18,0.0,4.18,0.0,8.93,4.18,22.34,4.56,6.46,7.54,7.54,4.5,10.95,7.54,1.56,2.0,0.0,4.5,3.5,9.0,0.0,8.0,0.0,0.0,0.0,3.0,0.0,2.5,0.0,4.0,2.0,10.25,10.0,10.0,7.88,0.0,7.5,0.0,4.5,0.0,0.0,4.0,0.0,2.34,2.0,3.0,9.58,10.0,0.0,0.0,0.0,4.59,0.0,0.0,0.0,0.0,0.0,0.0,0.0,17.08,5.83,0.0,0.0,0.0,0.0,0.0,6.16,0.0,10.8,0.0,0.0,0.0,11.0,0.0,0.0,0.0,0.0,110.08,0.0,12.84,11.787,0.0,0.0,0.0,0.0,5.5,0.0,0.0,17.675,7.98,0.0,17.775,0.0,0.0,0.0,0.0,52.17,6.6,6.6,6.6,20.74,16.5,30.36,19.5,6.6,6.6,6.6,13.2,11.84,15.84,6.6,0.0,20.765,22.11,0.0,13.32,26.66,7.8,6.66,23.68,0.0,0.0,0.0,10.36,0.0,0.0,12.52,20.72,18.5,10.36,6.66,21.56,0.0,0.0,36.105,13.28,17.16,0.0,0.0,13.28,8.5,0.0,6.0,57.0,23.99,0.0,0.0,0.0,0.0
3683,8.18,7.4,11.46,7.125,20.72,22.553,3.04,8.68,10.895,1.9,14.452,9.79,3.8,3.37,14.06,10.0,12.48,22.88,10.78,18.77,31.91,4.37,16.52,20.16,0.0,9.64,6.5,7.0,22.45,12.23,5.64,11.08,4.5,32.81,0.0,18.8,8.0,2.55,11.91,11.82,4.0,7.16,27.0,28.25,13.71,3.0,6.5,4.5,3.5,7.59,7.0,26.0,0.0,3.12,3.06,10.0,9.5,2.0,9.64,5.0,3.0,10.46,7.74,0.0,10.28,0.0,4.68,7.22,3.38,4.16,0.0,4.94,0.0,0.0,0.0,8.37,0.0,4.5,10.82,9.99,0.0,9.1,19.35,5.4,0.0,0.0,24.15,4.95,4.4,6.48,5.4,15.73,12.44,0.0,10.175,16.66,0.0,8.8,4.48,9.3,0.0,0.0,29.46,4.95,2.1,52.835,20.615,23.4,13.2,33.33,9.5,18.1,7.8,15.53,26.115,41.975,33.83,52.435,30.58,28.89,12.58,0.0,13.5,25.14,6.66,19.96,19.68,23.14,12.98,37.015,28.05,6.63,0.0,46.95,7.92,6.66,0.0,41.23,52.35,33.98,27.87,0.0,20.98,9.97,32.305,28.3,19.95,25.0,17.35,0.0,25.52,24.975,22.945,34.895,23.4,13.2,12.21,19.93,26.56,0.0
3685,4.48,5.1,1.52,19.589,19.894,60.357,18.13,30.93,60.666,3.08,11.18,11.21,17.872,13.04,40.246,29.24,53.62,61.835,52.11,15.96,133.278,4.56,16.42,35.81,18.7,14.0,27.54,27.0,5.7,99.7,21.62,18.42,16.0,30.23,7.0,3.0,7.5,7.5,0.0,13.06,9.0,5.5,10.5,11.5,36.25,24.75,13.5,13.56,6.0,0.84,2.0,9.0,4.0,9.5,29.5,21.14,14.01,17.0,17.62,8.0,10.07,6.24,0.0,15.4,0.0,4.59,115.18,3.12,14.08,0.0,35.58,7.08,2.43,4.16,9.23,10.4,0.0,8.8,10.8,14.58,15.995,8.64,20.225,15.02,0.0,40.96,4.59,11.5,14.85,13.52,0.0,23.815,19.8,26.805,65.84,15.95,42.415,19.635,30.21,33.89,154.375,0.0,48.315,36.96,10.44,12.72,19.2,43.09,6.6,68.54,22.27,34.02,39.4,34.11,52.315,50.355,68.52,88.68,59.855,109.195,188.39,103.76,96.24,66.95,117.21,12.89,52.315,105.98,88.93,35.04,20.85,67.145,41.95,43.44,38.205,33.61,11.36,23.18,53.9,21.5,47.74,29.6,62.435,116.6,13.62,135.95,64.455,41.15,72.23,52.23,7.48,94.565,62.815,36.48,22.48,59.13,13.23,19.42,17.2,0.0
3687,3.04,5.0,4.44,6.0,15.954,8.8,2.28,3.04,11.325,1.9,3.3,0.0,1.56,5.55,1.95,11.395,13.76,39.08,4.94,0.0,39.05,4.0,5.52,5.5,5.0,4.2,0.0,0.0,3.0,6.0,0.0,16.76,4.6,13.5,0.0,3.0,4.0,2.0,4.5,0.0,5.0,0.0,10.0,9.0,19.7,5.0,2.0,0.0,0.0,10.0,0.0,0.0,0.0,0.0,6.5,4.0,4.0,0.0,0.0,4.0,0.0,0.0,5.2,0.0,0.0,0.0,0.0,10.1,13.0,3.2,4.42,4.08,0.0,3.924,0.0,2.16,0.0,0.0,15.5,0.0,0.0,34.66,0.0,9.795,4.95,0.0,0.0,0.0,26.92,0.0,6.1,5.886,22.76,22.685,6.3,37.75,9.925,0.0,0.0,8.97,0.0,11.16,15.19,6.6,11.52,7.92,21.75,0.0,9.6,3.78,6.6,0.0,0.0,0.0,15.5,0.0,13.14,17.6,40.77,6.66,0.0,12.54,11.28,17.48,14.45,23.62,16.27,6.66,0.0,9.875,13.32,11.47,3.7,0.0,32.93,0.0,6.4,6.64,26.505,6.66,8.47,45.14,10.375,0.0,6.56,6.64,24.31,17.035,13.28,0.0,22.64,44.56,6.6,34.31,10.56,24.175,21.22,37.15,6.64,0.0
3688,3.04,3.0,0.0,14.06,16.25,24.05,4.56,12.84,26.204,0.0,12.22,0.0,0.0,11.39,8.94,22.36,29.26,43.615,2.0,12.625,19.77,0.0,4.41,8.1,7.0,11.0,6.0,18.92,13.62,35.554,3.0,12.5,4.5,6.5,0.0,10.64,6.25,0.0,5.0,11.98,12.0,5.0,0.0,12.5,24.09,14.58,7.5,0.0,0.0,4.0,8.0,6.0,10.0,1.56,0.0,4.0,0.0,4.0,4.5,4.5,0.0,0.0,0.0,4.5,4.5,0.0,3.12,0.0,0.0,0.0,0.0,22.84,0.0,0.0,9.5,18.578,0.0,8.64,8.06,7.18,4.16,10.055,13.2,9.6,0.0,35.8,20.52,5.4,0.0,16.62,10.92,0.0,4.125,6.05,15.05,0.0,19.8,15.76,28.975,11.655,15.94,0.0,18.84,0.0,25.335,25.6,22.84,12.7,19.4,0.0,13.09,13.25,27.105,0.0,19.51,6.615,27.6,40.7,51.72,54.995,6.66,29.85,27.92,6.66,7.665,34.34,21.24,38.68,29.06,26.47,18.26,32.17,0.0,18.605,0.0,6.66,13.68,24.33,0.0,13.29,13.28,25.35,22.2,0.0,26.56,0.0,0.0,18.57,6.64,0.0,21.91,34.73,8.61,23.84,0.0,38.865,16.3,17.94,26.44,0.0
3689,1.52,0.0,11.42,6.77,19.3,4.566,3.55,10.95,1.95,0.0,0.0,0.0,1.9,1.52,4.18,6.93,23.59,14.24,6.0,2.99,8.5,5.2,0.0,0.0,0.0,0.0,6.67,0.0,0.0,0.0,0.0,0.0,0.0,0.0,0.0,0.0,0.0,1.83,2.0,0.0,0.0,0.0,4.16,2.0,8.5,0.0,0.0,3.5,0.0,4.0,0.0,0.0,3.5,0.0,0.0,0.0,0.0,5.32,0.0,0.0,15.08,0.0,0.0,4.5,0.0,9.5,7.8,0.0,0.0,0.0,10.0,9.09,0.0,0.0,0.0,0.0,0.0,28.035,0.0,4.59,0.0,0.0,0.0,0.0,0.0,4.5,5.28,0.0,0.0,0.0,0.0,0.0,1.98,9.405,6.6,20.9,0.0,0.0,0.0,0.0,0.0,0.0,0.0,6.1,0.0,10.54,4.95,0.0,0.0,7.7,0.0,0.0,0.0,0.0,0.0,0.0,0.0,0.0,0.0,0.0,0.0,0.0,0.0,0.0,0.0,0.0,0.0,0.0,0.0,0.0,0.0,0.0,0.0,0.0,0.0,0.0,0.0,0.0,0.0,0.0,0.0,0.0,0.0,0.0,0.0,6.63,0.0,0.0,9.975,0.0,14.545,28.4,0.0,0.0,10.79,6.64,0.0,0.0,0.0,0.0
3690,51.414,59.8,73.146,82.074,144.393,324.124,72.79,162.068,204.948,49.056,52.285,29.377,34.565,66.518,73.462,106.46,227.813,239.37,96.5,93.095,406.515,54.66,72.875,197.73,159.38,77.74,102.7,93.58,137.675,123.273,93.43,104.43,59.79,108.85,78.84,50.27,82.615,109.94,93.94,61.03,172.74,116.495,133.464,103.63,108.41,153.575,82.32,114.44,162.34,83.17,69.41,25.0,89.82,67.82,115.6,84.48,155.17,85.78,136.52,130.55,70.2,82.35,111.265,138.935,79.21,51.18,70.532,84.735,125.287,115.597,127.973,131.36,43.64,33.907,96.1,35.279,147.007,100.605,68.76,117.596,88.957,94.142,165.246,192.892,169.185,111.513,111.755,133.495,205.168,289.917,144.501,223.15,282.393,373.564,484.632,435.445,158.67,283.119,195.814,176.245,122.83,133.47,210.76,154.53,300.74,370.035,239.43,381.595,228.755,331.0,363.235,276.79,318.515,567.49,787.891,554.235,909.075,548.21,714.635,617.65,417.565,415.04,519.79,279.875,530.305,409.84,284.96,526.11,577.845,403.221,520.0,496.35,201.37,238.06,314.795,323.345,351.74,465.045,274.405,442.295,351.4,234.93,372.985,521.07,255.955,305.555,431.08,483.055,485.675,384.335,431.61,424.765,377.425,528.645,314.505,519.98,213.75,426.63,226.905,40.55
3691,12.74,23.56,12.715,14.56,35.68,114.724,48.159,29.165,133.902,7.035,6.99,10.695,32.62,14.82,51.41,18.74,84.406,143.371,49.61,54.24,280.791,13.19,72.108,35.59,19.52,13.0,29.141,24.12,28.5,29.79,32.41,52.57,40.05,53.5,54.6,34.25,31.0,42.62,69.98,97.0,118.68,34.14,74.66,30.0,100.09,104.49,39.0,45.2,50.59,66.59,38.725,16.34,20.5,33.87,47.0,33.12,50.67,20.19,87.21,47.95,12.5,22.43,23.435,63.49,16.66,23.5,21.22,9.76,29.43,32.105,22.273,39.899,11.18,59.168,71.793,14.4,23.435,19.825,16.315,32.174,61.744,65.415,57.24,140.77,35.71,68.615,75.109,53.655,76.7,88.6,118.156,117.266,85.706,194.821,200.953,122.176,76.11,132.555,182.85,150.8,292.825,63.05,170.56,213.935,163.65,192.5,113.59,142.43,125.48,202.445,103.155,148.115,127.64,217.41,293.935,265.26,239.71,272.785,288.935,240.955,148.795,225.695,344.855,203.76,408.685,268.09,225.415,429.685,242.3,238.85,293.585,328.91,61.055,181.4,192.475,69.895,203.76,157.46,293.69,166.46,173.3,166.2,299.87,271.435,153.955,204.825,148.635,121.72,222.865,136.61,113.365,268.505,182.2,273.775,181.51,325.485,117.735,193.005,178.975,83.91
3694,0.0,0.0,2.1,0.0,0.0,4.864,0.0,1.56,0.34,0.0,0.0,0.0,0.0,76.145,0.0,0.0,3.04,0.0,3.185,0.0,4.5,0.0,0.0,0.0,0.0,0.0,0.0,0.0,0.0,0.0,0.0,0.0,0.0,0.0,0.0,0.0,0.0,0.0,0.0,0.0,0.0,0.0,0.0,0.0,0.0,0.0,0.0,0.0,0.0,0.0,0.0,0.0,0.0,0.0,0.0,0.0,0.0,0.0,0.0,0.0,0.0,0.0,0.0,0.0,0.0,0.0,0.0,0.0,0.0,0.0,0.0,0.0,0.0,0.0,0.0,0.0,0.0,0.0,0.0,0.0,0.0,0.0,0.0,0.0,0.0,0.0,0.0,0.0,0.0,0.0,0.0,0.0,0.0,0.0,0.0,0.0,0.0,0.0,0.0,0.0,0.0,0.0,0.0,0.0,0.0,0.0,0.0,0.0,0.0,0.0,0.0,0.0,0.0,0.0,0.0,0.0,0.0,0.0,0.0,0.0,0.0,0.0,0.0,0.0,0.0,0.0,0.0,0.0,0.0,0.0,0.0,0.0,0.0,0.0,0.0,0.0,0.0,0.0,0.0,0.0,0.0,0.0,0.0,0.0,0.0,0.0,0.0,0.0,0.0,0.0,0.0,0.0,0.0,0.0,0.0,0.0,0.0,0.0,0.0,0.0
3695,0.0,0.0,0.0,0.0,0.0,3.04,0.0,0.0,8.482,0.0,0.0,0.0,0.0,1.9,0.0,4.56,8.74,17.561,0.0,0.0,17.74,4.56,6.55,9.0,0.0,0.0,11.6,0.0,8.4,4.5,0.0,0.0,7.0,3.5,0.0,9.5,0.0,0.0,3.25,17.5,6.0,7.0,16.0,0.0,3.5,0.0,12.56,4.0,2.5,0.0,0.0,0.0,8.5,9.0,4.5,0.0,0.0,0.0,0.0,0.0,0.0,1.95,0.0,0.0,1.56,0.0,0.0,0.0,4.68,0.0,0.0,0.0,0.0,0.0,0.0,9.9,0.0,0.0,0.0,0.0,0.0,0.0,6.3,0.0,11.7,0.0,5.5,12.88,0.0,0.0,0.0,2.97,5.4,0.0,6.57,4.5,0.0,6.05,1.24,10.62,0.0,0.0,0.0,0.0,0.0,19.1,4.2,0.0,0.0,6.4,0.0,9.71,9.36,0.0,22.44,6.6,0.0,18.72,0.0,19.14,6.29,13.32,0.0,0.0,5.84,0.0,10.73,8.14,0.0,0.0,18.87,0.0,0.0,0.0,6.6,7.77,0.0,0.0,7.4,0.0,0.0,0.0,14.04,3.32,0.0,0.0,25.185,0.0,7.38,0.0,0.0,6.64,16.24,0.0,6.6,0.0,9.24,0.0,0.0,0.0
3697,0.0,8.39,1.52,0.0,9.31,13.13,4.56,0.0,9.62,0.0,9.846,4.0,0.0,0.0,9.0,4.8,9.628,9.965,9.94,2.96,17.18,0.0,0.0,6.0,5.0,6.0,2.0,15.9,0.0,0.0,0.0,7.5,0.0,3.0,0.0,12.0,0.0,0.0,4.5,26.79,12.0,20.0,0.0,4.0,0.0,10.5,0.0,3.6,0.0,0.0,0.0,0.0,0.0,8.92,0.0,0.0,0.0,9.0,3.0,0.0,0.0,7.0,0.0,0.0,9.16,0.0,3.0,0.0,3.0,0.0,0.0,4.48,0.0,0.0,0.0,2.97,0.0,0.0,4.62,2.943,0.0,0.0,3.25,4.8,0.0,5.4,0.0,5.225,0.0,0.0,25.08,18.4,0.0,13.2,6.6,6.6,3.015,4.86,0.0,12.46,6.6,16.99,0.0,0.0,4.62,0.0,10.8,5.225,0.0,0.0,0.0,0.0,0.0,5.94,0.0,0.0,38.17,13.31,14.2,14.12,0.0,7.45,6.29,0.0,0.0,0.0,0.0,6.24,11.988,28.86,19.58,6.66,9.12,0.0,0.0,0.0,0.0,0.0,0.0,32.8,0.0,14.4,13.26,7.885,0.0,8.3,19.2,0.0,13.3,13.05,17.5,7.38,37.765,0.0,0.0,13.2,19.72,25.315,6.6,0.0
3698,3.38,7.48,14.19,3.855,3.63,20.58,5.856,10.54,10.45,0.0,3.04,1.5,0.0,3.04,6.82,16.18,15.69,24.8,7.0,5.04,8.06,0.0,0.0,9.265,0.0,0.0,5.07,2.5,5.0,0.0,0.0,4.0,7.0,0.0,0.0,0.0,0.0,4.27,3.0,4.5,6.5,18.25,12.0,6.025,4.4,12.0,0.0,0.0,5.2,12.0,0.0,3.5,4.5,0.0,3.0,0.0,0.0,0.0,0.0,0.0,0.0,0.0,2.6,0.0,4.42,4.5,0.0,0.0,4.68,0.0,7.8,4.48,4.42,0.0,0.0,0.0,4.59,0.0,4.56,4.05,8.3,3.3,11.22,9.24,17.26,5.6,5.67,10.91,4.41,0.0,3.66,7.2,3.36,17.85,16.925,5.5,8.86,9.36,20.61,4.95,5.23,6.3,0.0,10.985,4.03,26.76,5.5,6.205,12.71,6.0,14.78,0.0,0.0,0.0,27.83,16.04,0.0,32.99,19.5,8.865,19.53,14.37,19.92,0.0,6.6,27.75,35.54,18.68,0.0,29.94,12.48,9.99,0.0,17.02,41.58,16.47,44.79,21.15,13.28,10.36,6.66,12.45,8.4,26.48,29.05,6.65,9.13,17.06,37.98,71.885,12.32,34.105,30.135,0.0,16.32,36.08,14.32,0.0,6.64,0.0
3699,1.52,3.04,1.11,0.0,8.5,11.78,2.585,3.85,8.74,1.52,4.56,4.78,1.9,3.42,12.0,9.0,2.0,13.44,8.45,6.12,2.0,5.4,0.0,1.14,0.0,0.0,0.0,1.5,0.0,0.0,0.0,0.0,4.5,2.0,0.0,0.0,0.0,10.2,0.0,7.0,10.0,12.5,3.0,2.5,9.0,4.5,20.5,0.0,0.0,9.36,0.0,0.0,0.0,4.5,0.0,0.0,5.0,4.68,22.5,0.0,0.0,0.0,0.0,0.0,0.0,0.0,1.56,0.0,4.42,0.0,0.0,0.0,4.16,0.0,2.08,0.0,0.0,104.23,2.08,4.48,0.0,0.0,4.32,10.19,7.21,7.84,0.0,8.5,0.0,0.0,0.0,6.2,18.55,6.6,11.62,0.0,8.25,0.0,6.615,17.5,16.95,32.64,20.16,5.6,0.0,6.615,6.6,11.45,34.25,0.0,0.0,5.25,6.6,0.0,0.0,0.0,10.5,14.0,12.81,30.36,13.31,36.05,6.6,18.04,11.27,29.65,4.68,0.0,5.2,23.88,0.0,0.0,13.27,0.0,24.22,3.9,0.0,12.885,0.0,12.94,21.78,16.6,4.84,28.94,30.42,6.64,57.565,12.865,0.0,0.0,14.43,36.405,23.26,29.15,26.85,0.0,0.0,13.28,0.0,0.0
3700,9.81,0.0,1.52,0.0,10.93,10.992,8.09,2.275,19.061,0.0,0.0,0.0,4.94,1.9,10.804,1.9,16.166,25.31,4.4,6.01,8.36,0.0,3.04,4.5,0.0,7.5,4.64,9.0,5.99,0.0,13.82,0.0,3.29,4.5,10.64,5.0,4.0,8.14,9.59,19.75,46.0,8.94,47.5,19.0,15.5,20.19,13.5,6.5,9.0,3.0,0.0,0.0,9.0,4.59,5.0,5.0,0.0,2.0,0.0,19.89,0.0,0.0,4.5,34.91,4.68,0.0,0.0,2.0,0.0,0.0,0.0,23.34,0.0,0.0,7.92,3.5,2.7,2.16,0.0,0.0,2.08,0.0,17.25,17.7,11.2,24.9,15.43,99.63,5.1,5.6,13.2,12.64,18.15,9.02,10.63,50.875,16.5,34.96,32.77,19.7,20.16,6.615,6.44,10.72,9.96,5.1,29.69,25.8,5.6,6.0,15.0,4.96,6.3,6.525,23.69,6.6,47.41,30.85,25.74,57.995,6.66,6.65,0.0,113.22,89.91,23.08,0.0,17.02,0.0,6.66,19.85,0.0,5.28,47.02,6.66,25.71,10.4,0.0,29.18,0.0,6.64,0.0,20.335,29.88,10.79,20.75,6.65,0.0,51.455,22.535,6.65,19.86,21.925,14.24,0.0,17.05,10.25,6.64,0.0,0.0
3701,0.0,4.14,5.13,0.0,4.64,14.25,0.0,3.84,10.512,0.0,1.05,0.0,0.0,9.842,10.486,0.0,16.45,8.25,4.875,4.0,17.88,0.0,1.9,6.0,20.0,3.04,4.56,6.5,9.6,19.0,25.96,11.5,8.19,2.0,4.8,0.0,6.6,3.05,0.0,2.0,33.0,46.44,87.5,44.0,15.16,4.5,18.16,2.0,6.0,0.0,1.75,0.0,0.0,14.5,4.5,0.0,1.56,4.42,0.0,0.0,0.0,0.0,0.0,5.0,5.04,12.68,33.12,0.0,0.0,3.545,0.0,26.44,0.0,0.0,0.0,7.02,16.505,13.288,0.0,0.0,0.0,6.5,0.0,6.5,8.58,33.21,4.95,8.64,4.8,9.6,0.0,0.0,0.0,11.205,28.02,57.055,0.0,0.0,24.72,63.695,49.205,26.73,33.34,10.8,62.79,13.02,0.0,37.2,1.24,45.24,6.6,13.2,9.9,3.6,5.94,6.6,79.17,37.02,11.22,46.2,6.66,37.15,39.16,41.6,30.88,6.6,42.7,10.3,65.5,29.97,7.7,225.0,0.0,39.99,0.0,17.2,0.0,29.64,23.65,18.8,33.525,17.19,7.885,36.935,6.64,26.91,19.82,0.0,34.07,30.54,19.76,0.0,27.72,9.5,6.6,25.74,6.6,14.56,20.9,0.0
3704,0.0,0.0,0.0,0.0,0.0,0.0,0.0,0.0,0.0,0.0,0.0,0.0,0.0,0.0,0.0,0.0,0.0,0.0,0.0,0.0,4.56,0.0,0.0,0.0,0.0,0.0,1.5,0.0,0.0,0.0,0.0,0.0,0.0,0.0,0.0,0.0,0.0,0.0,0.0,0.0,0.0,0.0,0.0,0.0,0.0,0.0,0.0,0.0,4.5,2.0,0.0,0.0,0.0,0.0,0.0,0.0,0.0,0.0,0.0,0.0,0.0,0.0,0.0,0.0,0.0,0.0,0.0,0.0,0.0,0.0,0.0,0.0,0.0,0.0,0.0,0.0,0.0,0.0,0.0,0.0,0.0,0.0,0.0,0.0,0.0,0.0,0.0,0.0,0.0,0.0,0.0,0.0,0.0,0.0,0.0,0.0,0.0,0.0,0.0,0.0,0.0,0.0,0.0,5.36,0.0,0.0,0.0,0.0,0.0,0.0,0.0,0.0,0.0,0.0,0.0,0.0,0.0,0.0,7.77,0.0,6.66,10.92,0.0,0.0,0.0,0.0,0.0,0.0,0.0,0.0,0.0,0.0,0.0,0.0,0.0,0.0,0.0,0.0,0.0,0.0,0.0,0.0,0.0,0.0,0.0,0.0,0.0,8.3,0.0,0.0,0.0,0.0,0.0,0.0,0.0,0.0,0.0,0.0,0.0,0.0
3705,0.0,0.0,0.0,3.42,3.04,6.82,0.0,0.0,0.0,2.66,0.0,0.0,0.0,0.0,0.0,0.0,11.424,0.0,0.0,0.0,0.0,0.0,4.556,0.0,0.0,0.0,4.5,0.0,0.0,3.0,1.5,0.0,0.0,0.0,4.0,6.0,0.0,0.0,2.5,0.0,4.5,0.0,0.0,4.5,3.5,13.5,19.5,22.0,29.5,3.0,22.5,4.5,3.0,0.0,3.0,0.0,0.0,0.0,0.0,0.0,0.0,0.0,0.0,0.0,0.0,0.0,0.0,0.0,3.06,0.0,0.0,0.0,0.0,0.0,0.0,0.0,0.0,0.0,0.0,0.0,0.0,0.0,0.0,6.213,0.0,0.0,0.0,0.0,0.0,0.0,6.54,0.0,0.0,0.0,0.0,6.6,6.27,0.0,0.0,1.65,0.0,0.0,0.0,0.0,0.0,0.0,0.0,0.0,0.0,0.0,4.9,0.0,0.0,3.96,0.0,14.52,10.5,0.0,0.0,6.6,0.0,13.32,0.0,0.0,6.5,0.0,0.0,6.66,10.84,19.98,15.42,0.0,0.0,18.4,0.0,0.0,19.4,0.0,0.0,6.64,0.0,0.0,0.0,0.0,0.0,0.0,0.0,0.0,0.0,0.0,8.8,0.0,13.32,0.0,0.0,0.0,0.0,13.28,6.6,0.0
3707,4.62,0.0,10.86,0.0,6.99,21.66,7.55,6.08,6.08,0.0,0.0,17.12,1.9,0.0,4.56,9.5,15.54,7.98,13.13,0.0,14.56,0.0,14.49,18.19,0.0,5.0,3.0,6.24,8.0,3.0,10.0,4.5,12.2,0.0,20.4,0.0,0.0,0.0,19.0,37.5,21.73,1.2,4.5,33.5,37.0,74.0,46.5,126.25,57.5,107.58,52.7,4.5,13.5,9.7,17.5,9.0,5.0,0.0,0.0,21.0,0.0,12.755,6.24,4.16,4.08,13.59,0.0,0.0,0.0,0.0,0.0,11.325,0.0,29.76,4.16,3.12,0.0,8.25,4.59,3.12,2.97,0.0,5.4,5.2,27.564,24.82,4.34,0.0,24.93,0.0,0.0,10.26,6.6,16.24,27.39,14.25,16.03,6.6,16.2,0.0,3.66,83.38,12.24,17.98,0.0,0.0,0.0,40.22,0.0,15.5,13.2,13.2,52.78,5.76,20.6,0.0,19.86,54.95,17.22,22.29,16.53,72.06,21.29,58.65,47.3,0.0,29.82,15.41,18.755,22.84,8.76,31.16,0.0,6.66,27.29,5.61,50.29,0.0,48.46,16.78,11.04,13.12,40.53,164.375,19.76,28.37,37.01,32.88,13.29,46.24,18.52,54.505,27.05,43.11,130.16,113.72,14.86,22.92,53.25,6.675
3708,0.0,0.0,0.0,0.0,0.0,0.0,0.0,0.0,0.0,0.0,0.0,0.0,3.04,0.0,0.0,0.0,2.28,0.0,0.0,0.0,4.18,0.0,0.0,0.0,0.0,0.0,0.0,0.0,0.0,0.0,0.0,0.0,0.0,0.0,0.0,0.0,0.0,0.0,3.5,0.0,3.0,0.0,0.0,0.0,0.0,8.0,3.0,0.0,0.0,0.0,0.0,0.0,0.0,0.0,0.0,0.0,0.0,0.0,0.0,0.0,0.0,0.0,0.0,0.0,0.0,0.0,0.0,0.0,0.0,0.0,0.0,0.0,0.0,0.0,0.0,0.0,0.0,0.0,0.0,0.0,0.0,0.0,0.0,0.0,0.0,5.6,0.0,0.0,0.0,0.0,0.0,0.0,1.71,0.0,0.0,0.0,0.0,6.615,0.0,0.0,0.0,0.0,0.0,0.0,0.0,0.0,0.0,0.0,0.0,0.0,0.0,0.0,0.0,0.0,0.0,0.0,0.0,0.0,0.0,0.0,0.0,0.0,0.0,0.0,0.0,0.0,10.56,4.44,6.66,0.0,25.92,0.0,0.0,0.0,0.0,0.0,0.0,0.0,0.0,0.0,0.0,0.0,15.48,0.0,0.0,0.0,0.0,0.0,0.0,0.0,0.0,0.0,0.0,0.0,0.0,23.24,0.0,0.0,0.0,0.0
3709,0.0,1.52,0.0,0.0,0.0,2.1,2.226,3.29,28.828,4.94,0.0,0.0,4.5,0.0,4.452,4.452,3.23,0.0,2.28,5.0,0.0,0.0,4.68,5.0,0.0,0.0,1.5,0.0,0.0,0.0,0.0,0.0,4.5,0.0,0.0,0.0,0.0,3.0,4.5,0.0,4.5,15.5,0.0,37.0,10.0,76.5,28.5,7.5,0.0,6.5,0.0,0.0,0.0,0.0,0.0,0.0,0.0,0.0,0.0,0.0,0.0,0.0,0.0,0.0,0.0,0.0,0.0,0.0,0.0,0.0,0.0,4.505,0.0,0.0,0.0,5.0,0.0,0.0,0.0,0.0,0.0,0.0,0.0,0.0,0.0,0.0,0.0,0.0,5.6,5.4,0.0,5.28,0.0,22.8,0.0,0.0,5.2,20.16,9.075,0.0,6.6,6.6,0.0,0.0,0.0,0.0,0.0,6.615,0.0,0.0,6.6,0.0,0.0,15.78,0.0,0.0,0.0,2.7,1.98,0.0,0.0,0.0,0.0,6.6,9.75,6.5,46.8,6.66,0.0,0.0,0.0,24.42,14.06,0.0,0.0,0.0,0.0,5.6,0.0,12.71,0.0,0.0,13.16,6.72,0.0,0.0,6.65,6.65,16.6,0.0,15.51,14.865,0.0,0.0,0.0,6.64,6.64,6.64,0.0,0.0
3711,0.0,23.28,0.0,0.0,1.54,0.0,7.02,4.56,1.52,0.0,1.52,0.0,1.9,6.0,11.68,9.46,3.04,20.06,3.2,0.0,2.66,5.19,4.0,0.0,0.0,0.0,0.0,0.0,5.0,0.0,0.0,7.75,3.29,8.0,13.59,3.0,12.3,0.0,1.56,0.0,0.0,5.0,21.0,4.5,0.0,3.0,4.4,7.0,19.5,0.0,0.0,0.0,4.6,0.0,0.0,0.0,0.0,0.0,0.0,0.0,0.0,0.0,0.0,4.68,5.805,0.0,4.59,0.0,0.0,4.68,15.42,1.56,0.0,0.0,4.59,9.52,0.0,0.0,0.0,16.23,4.59,12.24,5.6,0.0,0.0,0.0,12.21,10.53,0.0,8.19,0.0,3.99,10.65,5.4,2.16,30.52,5.4,3.72,5.28,6.6,9.39,5.5,0.0,6.3,0.0,4.95,0.0,1.89,0.0,4.64,5.8,0.0,0.0,0.0,0.0,19.8,11.55,0.0,0.0,10.23,0.0,6.48,6.75,10.56,14.35,9.9,13.29,0.0,16.66,17.5,23.47,23.56,0.0,6.66,0.0,0.0,0.0,22.6,12.45,19.03,5.395,0.0,6.4,0.0,0.0,0.0,0.0,7.885,0.0,0.0,17.12,0.0,9.96,0.0,16.72,0.0,0.0,6.6,0.0,0.0
3712,0.0,0.0,0.0,1.9,0.0,4.56,0.0,3.12,4.56,0.0,0.0,0.0,0.0,0.0,3.0,0.0,0.0,4.4,0.0,5.0,0.0,0.0,7.7,10.14,0.0,4.5,0.0,5.0,0.0,0.0,14.5,0.0,1.89,3.0,2.4,0.0,44.8,0.0,0.0,4.5,0.0,0.0,0.0,0.0,0.0,12.0,10.5,0.0,3.0,0.0,0.0,3.0,0.0,0.0,0.0,0.0,0.0,0.0,0.0,0.0,0.0,0.0,4.42,0.0,0.0,0.0,0.0,0.0,0.0,0.0,0.0,0.0,0.0,0.0,0.0,0.0,3.36,0.0,0.0,4.59,0.0,0.0,0.0,0.0,0.0,0.0,0.0,0.0,0.0,0.0,0.0,0.0,0.0,0.0,13.46,6.6,6.49,11.87,0.0,15.93,0.0,10.66,4.95,1.77,0.0,0.0,0.0,0.0,0.0,0.0,0.0,5.61,99.99,0.0,0.0,6.5,99.99,14.52,0.0,4.81,0.0,23.68,0.0,1.98,0.0,99.0,0.0,11.6,10.36,0.0,13.32,3.12,0.0,0.0,0.0,6.63,24.05,0.0,0.0,15.21,21.84,16.59,0.0,16.32,0.0,0.0,0.0,0.0,14.94,0.0,0.0,0.0,0.0,0.0,10.56,9.0,7.48,0.0,0.0,0.0
3713,2.16,0.0,9.525,3.82,3.42,1.52,3.01,0.0,4.62,4.44,4.995,0.0,4.08,1.52,3.94,4.5,6.32,20.16,12.41,8.6,7.5,4.8,4.0,4.37,0.0,0.0,9.4,0.0,19.57,1.6,5.07,3.0,0.0,3.0,7.0,3.12,7.5,10.59,6.0,0.0,3.0,8.91,9.89,3.0,3.05,23.5,18.0,20.0,0.0,3.0,0.0,3.0,4.0,17.51,0.0,0.0,0.0,0.0,3.12,4.68,3.06,0.0,0.0,16.06,14.46,9.005,0.0,0.0,4.59,9.54,11.0,0.0,1.56,0.0,4.5,9.8,0.0,9.14,11.67,3.12,4.505,11.78,42.0,0.0,6.05,7.84,0.0,0.0,6.05,0.0,0.0,15.245,98.01,9.18,9.84,6.51,0.0,4.8,0.0,6.05,19.2,6.6,0.0,0.0,0.0,28.35,31.5,11.68,6.6,0.0,13.8,6.6,6.3,15.3,13.2,0.0,6.66,0.0,0.0,13.2,6.66,0.0,17.49,5.28,12.87,11.84,5.55,16.64,0.0,28.86,19.92,21.55,0.0,6.66,8.97,13.27,18.5,4.07,24.07,6.4,15.33,6.64,84.02,28.635,14.33,0.0,43.16,6.64,0.0,13.32,0.0,20.75,14.7,13.43,22.44,0.0,13.2,10.12,0.0,0.0
3714,1.54,10.04,4.94,2.08,15.94,47.748,8.49,37.58,32.15,1.52,14.355,3.04,9.065,12.08,22.565,18.95,70.08,52.57,8.98,25.87,52.945,11.475,19.605,11.17,0.0,19.2,34.42,13.52,15.56,12.09,13.14,48.66,15.0,20.79,46.75,19.0,7.0,45.5,43.22,6.5,41.72,29.0,20.81,26.0,46.16,17.0,23.0,17.0,23.5,17.5,4.0,4.5,10.9,4.0,14.5,0.0,18.34,108.73,0.0,13.46,0.0,11.54,11.96,37.97,13.59,77.01,4.0,4.16,21.06,17.82,8.48,8.4,4.77,17.55,4.42,4.41,6.885,0.0,30.02,41.105,16.47,4.95,119.79,9.42,12.04,74.405,17.745,112.08,27.7,15.36,0.0,42.205,13.36,15.125,33.04,28.675,24.765,48.33,24.62,5.1,6.6,10.45,19.935,5.5,6.6,11.945,23.91,117.21,32.34,23.45,60.93,11.25,143.85,42.6,48.98,15.84,47.035,47.85,12.15,47.16,32.46,50.63,46.05,34.18,12.6,37.3,34.88,44.07,50.79,47.88,81.83,70.45,0.0,6.66,39.62,34.17,39.82,45.78,139.48,34.06,66.62,47.585,58.3,28.655,0.0,70.52,54.71,32.45,36.31,97.86,70.17,38.63,6.6,49.775,22.32,75.7,21.74,42.08,14.83,0.0
3715,1.61,0.0,0.0,0.0,1.95,1.98,0.0,0.0,0.0,0.0,0.0,0.0,0.0,0.0,3.938,0.0,0.0,8.58,0.0,0.0,9.53,0.0,4.5,3.6,0.0,0.0,0.0,0.0,0.0,0.0,0.0,2.0,0.0,0.0,4.24,0.0,0.0,0.0,0.0,0.0,4.0,2.0,0.0,0.0,0.0,4.5,0.0,0.0,0.0,0.0,0.0,6.5,0.0,0.0,0.0,0.0,3.0,0.0,3.5,5.0,4.42,0.0,0.0,0.0,0.0,0.0,0.0,0.25,3.71,0.0,0.0,0.0,7.0,0.0,9.18,0.0,5.0,0.0,5.0,5.4,0.0,0.0,0.0,0.0,0.0,5.13,0.0,0.0,0.0,0.0,10.08,0.0,0.0,0.0,0.0,0.0,12.6,13.8,6.05,0.0,0.0,5.44,10.4,4.03,5.5,6.6,0.0,0.0,0.0,13.2,0.0,6.6,9.0,0.0,0.0,0.0,0.0,6.6,13.2,27.26,0.0,11.1,0.0,0.0,0.0,0.0,0.0,6.6,0.0,0.0,6.66,15.84,0.0,9.9,4.4,0.0,12.48,15.54,9.96,0.0,15.6,10.53,6.64,6.64,0.0,0.0,0.0,13.28,7.92,0.0,7.92,0.0,0.0,0.0,13.2,0.0,0.0,6.64,0.0,9.96
3717,0.0,5.87,6.37,12.94,32.065,21.405,6.2,24.74,17.62,12.166,13.41,2.2,8.74,2.88,9.44,9.4,80.15,37.46,13.98,29.9,72.365,30.345,0.0,43.91,3.2,15.7,30.44,8.0,12.98,33.65,15.12,13.5,15.0,15.5,12.5,9.0,6.4,15.4,11.74,23.0,18.0,9.0,7.5,12.0,61.078,73.5,9.0,15.5,8.0,11.75,11.25,25.5,17.0,12.0,16.5,4.0,7.62,9.0,11.66,3.0,17.72,13.68,13.36,0.0,23.86,8.0,10.04,9.0,16.78,18.275,16.64,12.74,0.0,34.51,37.1,6.58,14.95,12.96,13.51,28.45,21.215,22.58,102.96,57.155,10.5,23.17,37.1,25.8,27.93,47.66,22.82,12.96,36.52,20.135,42.78,37.98,19.52,54.26,29.69,2.92,21.1,11.4,19.6,7.15,27.385,29.9,43.59,37.155,15.78,33.015,4.4,88.155,20.36,35.79,19.24,22.95,65.52,59.22,55.555,14.22,30.34,55.395,74.39,108.635,84.52,71.425,16.28,16.65,87.545,39.1,68.77,47.24,13.29,68.31,74.67,44.1,49.51,28.8,0.0,64.515,113.04,27.09,55.77,71.68,34.86,39.61,52.405,0.0,78.645,6.65,46.82,40.33,31.185,55.285,30.17,132.855,24.2,17.015,43.0,0.0
3718,0.0,0.0,0.0,0.0,0.0,2.42,0.0,0.0,0.0,0.0,0.0,0.0,0.0,0.0,0.0,0.0,0.0,0.0,0.0,9.5,0.0,0.0,0.0,0.0,0.0,0.0,0.0,0.0,0.0,4.5,0.0,0.0,0.0,0.0,10.0,0.0,0.0,0.0,0.0,3.0,0.0,0.0,0.0,0.0,0.0,4.5,6.0,0.0,0.0,0.0,0.0,0.0,0.0,0.0,0.0,0.0,0.0,0.0,0.0,16.0,0.0,0.0,0.0,0.0,0.0,0.0,0.0,4.59,1.5,0.0,0.0,0.0,0.0,0.0,0.0,0.0,0.0,0.0,0.0,0.0,0.0,5.2,2.12,0.0,0.0,0.0,0.0,0.0,4.86,0.0,0.0,0.0,0.0,2.565,0.0,3.3,6.05,0.0,0.0,0.0,0.0,0.0,0.0,0.0,0.0,0.0,0.0,5.225,0.0,0.0,0.0,0.0,0.0,0.0,0.0,0.0,0.0,0.0,6.6,0.0,0.0,0.0,0.0,13.2,0.0,0.0,6.66,0.0,6.66,0.0,0.0,0.0,0.0,0.0,0.0,0.0,0.0,0.0,0.0,0.0,0.0,0.0,0.0,0.0,0.0,0.0,0.0,4.98,0.0,0.0,13.28,0.0,0.0,0.0,0.0,0.0,0.0,0.0,0.0,0.0
3719,0.0,2.28,3.0,0.0,1.9,0.0,0.0,19.875,11.455,0.0,4.92,0.0,0.0,0.0,0.0,3.04,3.04,0.0,4.0,11.615,7.24,0.0,0.0,1.56,0.0,0.0,7.4,6.0,4.0,0.0,0.0,3.5,0.0,0.0,9.0,0.53,0.0,0.0,4.6,4.5,0.0,0.0,0.0,0.0,3.0,0.0,5.5,0.0,4.5,4.5,0.0,0.0,4.5,0.0,3.0,0.0,0.0,11.78,0.0,17.79,3.0,0.0,3.445,4.42,7.3,9.18,4.335,0.0,4.5,0.0,0.0,0.0,0.0,4.59,0.0,8.1,0.0,0.0,7.02,0.0,0.0,9.52,5.5,99.0,0.0,0.0,0.0,0.0,0.0,8.7,15.675,4.32,0.0,10.02,9.99,0.0,0.0,3.24,0.0,0.0,0.0,0.0,0.0,6.6,0.0,9.0,6.05,4.95,0.0,0.0,19.25,9.9,3.96,0.0,14.67,6.6,24.84,0.0,3.96,11.44,0.0,6.6,13.26,0.0,28.86,19.98,0.0,0.0,0.0,0.0,11.67,14.73,0.0,0.0,12.48,22.2,17.7,11.1,0.0,10.79,0.0,7.47,7.8,0.0,4.68,6.64,24.9,0.0,0.0,0.0,11.62,0.0,0.0,10.12,13.3,13.2,0.0,11.0,0.0,0.0
3720,0.0,0.0,0.0,9.68,5.12,10.96,0.0,0.0,7.35,0.0,2.04,4.94,0.0,0.0,1.52,4.56,12.905,11.075,4.18,0.0,14.0,0.0,0.0,10.795,8.55,0.0,23.522,12.5,0.0,9.2,5.5,3.5,4.5,23.0,0.0,10.0,0.0,3.0,0.0,11.0,0.0,7.0,0.0,0.0,0.0,4.5,4.5,8.92,1.5,0.0,0.0,6.12,0.0,0.0,4.88,0.0,0.0,3.0,9.0,0.0,0.0,0.0,4.0,0.0,7.0,4.5,12.48,9.16,0.0,4.42,0.0,4.505,0.0,29.8,9.09,29.9,4.59,12.45,0.0,4.505,12.96,3.24,0.0,20.16,5.2,65.03,0.0,0.0,21.09,0.0,0.0,21.48,0.0,0.0,6.6,0.0,26.37,11.55,11.815,13.1,0.0,25.8,11.275,35.91,0.0,0.0,13.2,0.0,6.6,27.32,0.0,12.95,5.23,0.0,0.0,6.6,39.75,106.15,6.84,0.0,0.0,19.55,8.88,21.4,14.03,0.0,26.94,6.66,9.6,12.58,4.2,39.2,0.0,0.0,25.16,13.32,0.0,21.79,53.21,0.0,27.04,6.66,17.43,27.67,0.0,9.96,0.0,17.015,0.0,12.48,20.935,27.35,10.2,49.8,15.4,10.45,6.6,7.04,13.2,25.69
3722,18.81,4.37,21.96,33.155,54.279,57.216,5.26,23.12,58.92,4.5,6.34,13.176,10.56,18.775,20.88,19.7,104.395,75.27,17.76,39.98,128.18,31.83,54.94,37.03,4.56,27.0,30.615,24.59,1.5,25.205,50.755,22.23,9.5,17.885,20.0,36.485,34.69,2.0,37.12,20.64,28.84,20.96,21.5,24.75,11.6,33.5,22.955,41.5,20.5,6.59,4.5,17.12,2.0,7.15,18.5,7.5,19.5,19.5,76.54,43.49,6.0,10.96,20.89,26.99,39.1,11.44,9.185,34.05,17.0,26.22,40.975,28.57,31.45,71.9,27.56,26.38,66.22,67.905,41.41,21.18,125.18,62.58,122.78,36.06,28.89,5.94,120.7,52.01,78.145,64.05,44.64,63.215,67.715,69.95,79.0,109.77,36.48,83.385,80.165,32.14,137.49,30.09,20.38,42.79,56.03,96.02,149.255,103.48,18.84,37.965,84.57,165.3,106.93,101.025,80.29,85.7,119.22,186.24,117.68,157.29,16.46,74.775,105.6,27.78,154.14,106.52,148.21,204.99,107.27,170.4,132.0,174.82,25.56,85.41,59.39,90.5,80.99,77.39,96.175,180.32,62.91,53.85,111.1,148.24,39.18,83.95,173.425,57.655,72.81,115.89,61.42,105.24,149.89,218.305,145.48,110.61,56.22,70.25,59.68,42.85
3723,0.0,10.03,17.39,23.16,31.189,53.898,3.635,26.16,82.545,7.615,0.0,7.58,0.0,9.12,6.04,16.1,50.38,26.195,11.08,19.32,41.83,15.5,22.17,10.1,1.68,9.11,0.0,13.76,4.5,15.975,3.0,22.5,16.6,8.0,18.59,50.995,12.96,26.68,7.56,14.0,10.75,4.5,3.0,12.14,12.5,36.5,24.68,0.0,7.01,13.68,19.58,3.5,33.21,10.51,16.5,16.0,24.0,7.0,25.66,25.62,3.12,12.14,9.69,43.09,3.0,14.5,16.815,4.68,13.5,19.66,36.75,19.155,6.4,19.08,0.0,12.365,7.38,12.21,17.42,32.04,20.9,8.41,21.16,40.89,0.0,16.15,6.03,21.85,11.44,20.625,28.445,33.27,14.55,54.945,52.16,57.865,46.58,61.385,32.55,49.12,28.015,31.81,50.32,9.36,16.83,36.645,28.14,37.74,35.67,29.49,25.21,95.335,52.72,53.76,73.22,63.6,100.685,91.18,50.23,116.175,16.65,59.03,81.64,20.8,53.94,53.48,79.45,56.12,82.03,41.07,84.4,17.895,22.86,24.79,74.42,47.575,53.93,19.89,42.12,46.25,31.695,86.245,27.72,97.185,54.89,83.015,13.395,23.205,39.64,29.47,39.765,38.18,71.38,95.81,91.66,59.645,5.33,57.56,84.04,64.08
3724,0.0,0.0,0.0,0.0,0.0,0.0,0.0,0.0,4.995,2.5,0.0,0.0,0.0,4.5,0.0,0.0,4.5,2.0,0.0,0.0,4.5,0.0,0.0,4.5,0.0,0.0,0.0,0.0,0.0,0.0,0.0,0.0,0.0,8.58,0.0,0.0,0.0,0.0,0.0,0.0,0.0,0.0,0.0,0.0,0.0,0.0,0.0,0.0,0.0,0.0,4.16,0.0,0.0,0.0,0.0,7.0,0.0,0.0,0.0,3.5,0.0,0.0,0.0,0.0,0.0,0.0,0.0,0.0,0.0,0.0,0.0,0.0,0.0,0.0,0.0,0.0,0.0,0.0,0.0,0.0,10.0,0.0,0.0,0.0,0.0,0.0,0.0,0.0,15.39,0.0,0.0,0.0,5.5,0.0,0.0,0.0,0.0,0.0,0.0,0.0,0.0,0.0,0.0,0.0,0.0,0.0,0.0,0.0,0.0,0.0,0.0,0.0,0.0,0.0,0.0,0.0,0.0,0.0,0.0,0.0,0.0,0.0,0.0,0.0,70.3,0.0,0.0,0.0,0.0,0.0,0.0,0.0,0.0,0.0,0.0,0.0,0.0,0.0,0.0,0.0,0.0,0.0,0.0,0.0,0.0,0.0,0.0,0.0,0.0,0.0,0.0,0.0,0.0,0.0,0.0,0.0,0.0,0.0,0.0,0.0
3725,0.0,0.0,2.565,0.0,1.92,3.0,9.56,4.935,6.17,0.0,0.0,0.0,0.0,0.0,0.0,8.59,4.6,9.31,0.0,3.0,8.64,0.0,4.94,0.0,1.96,0.0,0.0,3.5,0.0,0.0,2.35,4.5,12.25,0.0,14.5,3.0,3.06,4.5,4.0,0.0,8.0,0.0,0.0,0.0,3.5,7.62,16.62,4.16,0.0,0.0,0.0,4.48,4.5,9.0,4.95,0.0,4.59,0.0,0.0,4.5,0.0,0.0,0.0,0.0,7.62,0.0,0.0,0.0,1.53,0.0,0.0,4.42,4.59,0.0,0.0,0.0,4.59,6.18,0.0,4.59,12.96,0.0,11.85,0.0,0.0,8.48,24.24,0.0,0.0,6.6,1.375,2.16,5.13,16.365,8.1,0.0,3.3,22.985,6.6,0.0,10.175,6.3,12.72,6.6,23.07,0.0,6.6,6.6,0.0,0.0,7.8,0.0,11.22,0.0,6.6,6.66,19.85,0.0,0.0,6.5,9.99,13.26,22.48,0.0,0.0,5.92,6.66,25.9,5.92,6.66,3.75,32.52,0.0,0.0,7.5,0.0,44.01,41.76,4.07,27.36,0.0,0.0,0.0,6.64,6.64,0.0,8.3,0.0,6.63,0.0,0.0,9.68,0.0,0.0,0.0,28.27,6.6,0.0,26.98,0.0
3726,0.0,0.0,0.0,0.0,6.48,10.66,1.9,9.56,1.9,0.0,0.0,0.0,0.0,0.0,6.59,4.18,4.52,10.3,0.0,0.0,15.02,8.66,1.6,1.5,7.5,7.0,12.62,9.06,4.25,3.5,0.0,0.0,0.0,0.0,0.0,0.0,3.0,0.0,0.0,0.0,6.12,0.0,0.0,0.0,4.0,6.5,11.5,4.5,0.0,0.0,0.0,0.0,3.0,8.0,0.0,0.0,4.5,0.0,2.0,0.0,0.0,0.0,4.5,4.16,0.0,0.0,0.0,2.55,3.06,0.0,0.0,4.48,0.0,0.0,0.0,2.16,0.0,8.2,0.0,0.0,8.25,0.0,0.0,8.6,0.0,5.4,18.36,0.0,3.18,0.0,6.48,0.0,0.0,6.48,0.0,10.5,0.0,3.6,6.6,6.6,6.6,0.0,0.0,19.845,0.0,7.565,25.2,10.2,0.0,24.84,0.0,0.0,0.0,0.0,0.0,5.94,13.32,0.0,0.0,0.0,0.0,6.66,0.0,0.0,0.0,0.0,0.0,0.0,0.0,0.0,0.0,0.0,0.0,7.77,0.0,9.6,0.0,0.0,0.0,0.0,0.0,8.715,0.0,0.0,0.0,10.79,12.645,0.0,11.62,0.0,0.0,0.0,0.0,0.0,7.47,6.64,13.24,21.56,0.0,0.0
3727,0.0,0.0,1.48,0.0,0.0,7.035,1.9,1.57,0.0,0.0,0.0,0.0,0.0,0.0,0.0,0.0,1.5,4.5,0.0,2.09,3.86,0.0,0.0,0.0,8.54,3.5,0.0,4.5,9.0,0.0,3.5,0.0,4.5,22.0,0.0,0.0,0.0,4.5,0.0,5.5,0.0,0.0,4.59,10.0,0.0,0.0,0.0,3.5,0.0,0.0,0.0,0.0,0.0,4.5,0.0,4.0,0.0,0.0,0.0,2.5,0.0,0.0,0.0,4.56,0.0,0.0,0.0,0.0,0.0,4.505,0.0,0.0,0.0,0.0,0.0,0.0,0.0,10.82,0.0,0.0,0.0,0.0,3.38,4.86,0.0,0.0,0.0,5.4,0.0,0.0,0.0,0.0,0.0,0.0,2.205,7.55,8.25,0.0,2.2,0.0,0.0,18.7,0.0,0.0,10.41,0.0,0.0,4.29,0.0,0.0,0.0,0.0,0.0,0.0,0.0,0.0,14.88,0.0,4.95,0.0,0.0,0.0,6.66,0.0,0.0,0.0,8.25,6.66,3.96,0.0,0.0,0.0,5.85,6.66,0.0,0.0,0.0,9.25,0.0,15.375,0.0,0.0,6.64,7.47,9.13,0.0,0.0,0.0,0.0,6.64,0.0,0.0,0.0,0.0,0.0,12.865,0.0,6.64,0.0,0.0
3728,0.0,0.0,9.2,3.0,3.04,7.12,0.0,7.98,13.64,1.5,4.9,0.0,4.18,5.265,8.02,1.14,27.56,9.74,5.12,4.0,9.56,0.0,2.66,1.6,1.56,5.265,0.0,0.0,17.0,4.0,6.0,3.0,2.0,6.0,0.0,5.0,3.0,8.0,0.0,5.0,5.0,2.0,0.0,5.0,7.0,8.25,4.2,16.5,0.0,0.0,0.0,0.0,0.0,3.0,4.0,2.0,0.0,0.0,5.2,0.0,0.0,9.28,0.0,0.0,0.0,0.0,0.0,4.59,5.2,2.65,0.0,0.0,0.0,0.0,0.0,6.0,0.0,6.24,0.0,0.0,0.0,32.94,0.0,5.4,2.655,0.0,0.0,4.86,0.0,0.0,5.94,0.0,0.0,0.0,0.0,15.47,7.98,0.0,13.2,0.0,5.4,16.845,0.0,0.0,6.6,5.67,13.2,19.8,0.0,11.0,19.8,0.0,22.455,13.2,10.56,0.0,0.0,6.6,12.52,0.0,0.0,0.0,0.0,22.23,0.0,0.0,0.0,6.75,0.0,28.89,0.0,6.24,0.0,0.0,6.66,14.78,6.64,0.0,10.17,17.54,16.48,16.66,25.02,3.85,0.0,26.57,0.0,0.0,36.385,6.66,10.79,29.1,21.58,6.63,0.0,46.44,0.0,6.64,0.0,0.0
3730,30.164,15.98,42.52,66.12,52.721,194.014,32.32,53.19,138.12,20.68,19.635,23.05,7.875,58.93,74.05,77.135,125.472,298.76,89.84,70.92,142.97,20.46,48.86,81.9,24.23,82.77,83.61,97.33,54.3,53.83,51.74,150.79,30.0,56.865,36.535,36.0,12.0,36.0,57.14,39.165,53.1,26.1,57.5,29.25,38.44,22.5,88.57,25.5,16.62,50.76,37.75,31.06,16.66,42.0,51.72,9.0,129.0,21.0,9.75,26.66,19.0,36.91,24.66,10.56,38.62,38.92,74.73,74.14,19.94,15.3,74.48,75.78,9.9,37.0,20.08,44.445,64.362,136.75,57.245,32.71,29.755,33.84,46.025,72.62,29.45,183.545,117.175,30.0,63.9,38.985,44.25,102.72,84.665,127.985,144.915,75.49,56.34,152.415,108.68,98.545,87.8,50.08,240.845,102.65,96.005,95.015,82.005,242.585,66.12,67.995,112.185,133.4,164.2,206.8,194.095,156.8,164.17,195.885,93.985,100.17,96.08,137.05,279.56,238.25,109.84,116.74,152.785,95.65,157.285,150.79,178.5,172.76,47.1,129.26,162.18,138.56,65.28,186.97,133.12,97.0,96.03,137.295,165.47,237.37,48.575,224.61,155.11,144.585,178.56,107.33,244.125,212.405,142.155,180.16,170.275,158.855,152.625,135.285,120.68,70.24
3732,0.0,1.48,0.0,0.0,2.06,15.66,7.98,6.377,6.365,0.0,0.0,2.544,0.0,9.896,0.0,3.0,4.56,11.04,0.0,14.99,9.0,14.5,6.5,5.86,3.2,6.02,0.0,0.0,0.0,2.5,0.0,4.5,6.0,0.0,17.5,18.0,0.0,11.0,0.0,0.0,0.0,16.5,4.5,4.5,0.0,0.0,0.0,7.5,0.0,4.5,0.0,0.0,6.0,0.0,0.0,3.0,15.0,0.0,0.0,0.0,0.0,0.0,0.0,0.0,0.0,0.0,0.0,0.0,0.0,0.0,0.0,6.06,0.0,0.0,4.42,0.0,9.1,0.0,0.0,4.64,0.0,0.0,0.0,0.0,0.0,10.45,0.0,15.4,0.0,0.0,22.48,0.0,13.1,24.71,11.4,4.95,6.48,0.0,1.995,0.0,6.03,12.0,0.0,5.4,19.72,13.2,6.6,17.985,0.0,5.4,0.0,0.0,0.0,0.0,23.12,0.0,6.66,15.36,13.08,23.62,0.0,52.45,31.025,0.0,6.66,19.8,0.0,0.0,23.99,0.0,6.66,0.0,9.99,0.0,22.2,0.0,0.0,13.32,19.93,20.365,6.66,0.0,6.65,6.64,0.0,0.0,0.0,6.4,10.375,34.49,12.865,18.26,0.0,13.2,0.0,49.54,0.0,13.2,12.32,0.0
3733,0.0,0.0,0.0,1.505,0.0,4.94,0.0,0.0,0.0,0.0,0.0,0.0,0.0,1.52,0.0,0.0,1.52,1.52,0.0,0.0,4.23,4.8,0.0,5.0,5.0,0.0,0.0,1.5,0.0,6.04,0.0,0.0,0.0,0.0,0.0,0.0,0.0,4.0,0.0,0.0,0.0,0.0,0.0,0.0,0.0,0.0,0.0,0.0,0.0,0.0,0.0,0.0,0.0,0.0,0.0,0.0,0.0,0.0,0.0,0.0,0.0,0.0,2.08,5.0,0.0,3.12,0.0,0.0,0.0,0.0,99.855,4.8,0.0,0.0,0.0,0.0,0.0,2.04,0.0,0.0,0.0,0.0,0.0,0.0,0.0,0.0,0.0,0.0,0.0,0.0,0.0,3.3,0.0,4.32,0.0,11.115,5.225,0.0,0.0,0.0,0.0,4.27,0.0,5.7,0.0,0.0,31.5,44.4,0.0,6.3,0.0,0.0,6.3,0.0,0.0,0.0,6.6,0.0,0.0,0.0,0.0,6.66,0.0,17.02,0.0,0.0,0.0,4.29,0.0,0.0,0.0,0.0,0.0,0.0,0.0,0.0,9.99,0.0,0.0,0.0,0.0,17.015,0.0,0.0,0.0,8.3,0.0,0.0,0.0,4.98,0.0,0.0,0.0,0.0,0.0,0.0,0.0,0.0,0.0,0.0
3735,0.0,0.0,0.0,0.0,0.0,2.0,0.0,6.02,0.0,0.0,0.0,0.0,0.0,0.0,3.04,9.37,11.18,17.86,3.0,0.0,8.68,0.0,0.0,2.5,3.25,4.5,0.0,0.0,0.0,0.0,5.5,4.5,4.59,0.0,0.0,2.0,8.985,0.0,3.0,4.59,0.0,0.0,0.0,29.5,27.25,6.12,0.0,4.0,0.0,4.5,0.0,16.5,0.0,7.0,0.0,0.0,4.5,0.0,11.0,0.0,0.0,0.0,0.0,0.0,0.0,0.0,0.0,3.5,0.0,0.0,0.0,5.3,0.0,0.0,0.0,0.0,0.0,5.13,5.6,9.72,0.0,0.0,0.0,0.0,0.0,0.0,20.16,0.0,6.6,0.0,0.0,5.4,0.0,4.55,15.32,0.0,9.975,10.8,0.0,6.6,0.0,0.0,0.0,0.0,0.0,0.0,13.215,6.6,9.3,6.6,0.0,15.675,6.6,0.0,3.9,0.0,8.05,6.6,18.6,41.49,9.9,0.0,46.26,0.0,10.73,6.4,28.71,0.0,0.0,6.66,10.73,14.06,0.0,109.86,4.55,0.0,0.0,7.4,6.66,8.97,0.0,0.0,0.0,10.375,21.165,13.28,0.0,0.0,0.0,17.26,6.64,6.64,0.0,0.0,14.52,0.0,10.56,0.0,10.56,0.0
3736,0.0,0.0,0.0,0.0,0.0,1.52,0.0,4.6,0.0,0.0,0.0,1.52,0.0,14.06,0.0,0.0,4.18,0.0,0.0,0.0,4.29,0.0,0.0,0.0,0.0,0.0,0.0,0.0,0.0,2.5,4.5,0.0,0.0,0.0,0.0,0.0,0.0,0.0,0.0,0.0,3.0,0.0,0.0,37.5,0.0,0.0,0.0,0.0,0.0,0.0,0.0,0.0,0.0,0.0,0.0,0.0,0.0,3.0,0.0,0.0,0.0,0.0,0.0,0.0,0.0,0.0,0.0,20.4,0.0,0.0,0.0,0.0,0.0,0.0,14.72,0.0,1.5,0.0,0.0,0.0,0.0,0.0,0.0,0.0,0.0,0.0,0.0,0.0,0.0,0.0,0.0,0.0,0.0,0.0,0.0,6.27,0.0,0.0,0.0,0.0,0.0,5.58,0.0,0.0,0.0,0.0,0.0,7.54,0.0,0.0,0.0,0.0,0.0,0.0,0.0,0.0,0.0,0.0,0.0,0.0,0.0,0.0,0.0,0.0,0.0,0.0,0.0,0.0,0.0,0.0,0.0,0.0,0.0,0.0,0.0,0.0,0.0,0.0,0.0,0.0,0.0,0.0,0.0,0.0,0.0,0.0,0.0,0.0,0.0,0.0,0.0,0.0,0.0,10.12,0.0,0.0,0.0,0.0,0.0,0.0
3737,6.08,10.64,20.54,13.22,31.44,62.345,30.43,7.44,18.005,2.88,2.47,8.02,4.948,7.6,31.52,27.55,53.92,106.98,35.08,64.31,113.705,25.12,47.21,26.56,10.35,12.0,45.4,9.0,52.77,42.5,4.5,15.91,0.0,12.58,12.0,5.0,3.0,37.02,21.08,11.5,23.5,11.5,11.5,32.0,27.5,5.0,15.5,36.53,4.5,21.5,30.64,9.3,8.0,10.82,5.92,101.0,8.9,17.0,13.0,4.505,0.0,27.3,11.59,8.635,16.28,0.0,28.135,4.665,14.16,3.42,0.0,8.25,13.66,0.0,11.79,10.49,19.66,13.12,11.82,122.54,16.5,32.215,43.395,11.705,7.56,22.305,10.57,29.44,33.325,33.96,22.335,31.68,8.58,44.946,28.45,40.075,25.5,5.36,38.917,56.18,42.92,19.52,21.26,0.0,16.98,36.16,95.325,150.47,40.175,27.3,119.82,18.47,21.81,31.185,89.32,51.66,60.52,75.32,65.9,97.52,80.09,93.84,33.38,124.015,48.41,60.4,119.095,55.1,83.22,50.59,63.23,70.6,22.26,61.63,58.93,68.79,37.36,19.08,42.95,35.35,28.22,25.77,15.77,97.035,10.89,74.14,63.7,52.095,72.73,56.07,68.785,118.465,73.24,40.88,28.72,25.585,64.24,71.855,32.64,13.2
3738,0.0,0.0,0.0,0.0,0.0,2.04,0.0,0.0,4.4,0.0,0.0,0.0,0.0,0.0,0.0,3.2,0.0,8.68,4.18,9.12,0.0,0.0,4.5,0.0,0.0,6.0,0.0,0.0,0.0,0.0,6.0,0.0,0.0,0.0,0.0,0.0,0.0,0.0,0.0,3.0,7.5,9.0,0.0,5.0,4.0,0.0,0.0,0.0,0.0,0.0,0.0,0.0,0.0,0.0,0.0,0.0,0.0,0.0,0.0,0.0,0.0,4.5,1.5,0.0,0.0,0.0,0.0,0.0,0.0,0.0,3.0,0.0,0.0,0.0,4.59,0.0,0.0,0.0,0.0,0.0,25.11,0.0,0.0,0.0,0.0,0.0,0.0,0.0,0.0,0.0,0.0,0.0,1.65,0.0,0.0,0.0,0.0,0.0,0.0,5.025,0.0,0.0,6.615,0.0,28.6,0.0,0.0,13.2,3.6,0.0,0.0,0.0,0.0,0.0,0.0,0.0,0.0,0.0,0.0,0.0,0.0,0.0,0.0,0.0,0.0,0.0,0.0,0.0,0.0,11.7,0.0,0.0,0.0,7.41,0.0,0.0,0.0,6.66,0.0,0.0,3.12,0.0,0.0,12.45,0.0,0.0,30.65,6.6,0.0,44.0,0.0,0.0,6.16,0.0,6.64,0.0,0.0,0.0,0.0,0.0
3739,0.0,0.0,0.0,3.05,1.85,0.0,0.0,0.0,0.0,0.0,0.0,1.9,0.0,4.5,0.0,0.0,0.0,4.5,0.0,5.0,12.98,0.0,0.0,5.0,0.0,0.0,0.0,0.0,0.0,0.0,0.0,7.5,0.0,7.5,53.0,0.0,0.0,0.0,4.5,4.5,0.0,0.0,0.0,4.5,0.0,0.0,0.0,6.425,0.0,0.0,0.0,10.0,3.025,0.0,0.0,0.0,0.0,0.0,0.0,4.16,0.0,0.0,0.0,0.0,0.0,0.0,0.0,0.0,0.0,0.0,0.0,0.0,0.0,0.0,0.0,0.0,0.0,0.0,0.0,5.035,0.0,0.0,0.0,0.0,7.92,0.0,0.0,0.0,1.71,0.0,0.0,0.0,0.0,0.0,0.0,5.695,0.0,0.0,4.4,0.0,0.0,0.0,0.0,0.0,0.0,0.0,10.5,3.6,0.0,0.0,11.22,9.9,16.5,19.8,0.0,8.58,0.0,0.0,0.0,5.28,0.0,0.0,0.0,0.0,0.0,8.91,0.0,0.0,18.0,0.0,0.0,0.0,0.0,24.06,0.0,0.0,0.0,0.0,0.0,0.0,22.33,0.0,72.76,0.0,0.0,16.6,0.0,0.0,0.0,0.0,0.0,0.0,0.0,0.0,0.0,0.0,0.0,0.0,0.0,0.0
3740,1.6,1.48,1.52,2.22,1.842,4.98,0.0,2.1,19.0,1.52,0.0,0.0,1.14,10.64,0.0,6.02,9.28,30.29,7.3,10.24,30.18,12.0,21.0,16.12,5.79,6.0,9.0,7.0,1.6,2.0,1.5,8.5,4.5,15.2,0.0,57.0,2.0,4.0,0.0,4.5,2.0,0.0,0.0,12.0,4.0,0.0,4.5,0.0,4.0,3.0,7.8,0.0,0.0,4.5,19.66,0.0,4.16,11.58,0.0,8.32,4.0,6.24,3.12,6.5,8.92,0.0,25.14,4.16,0.0,13.72,4.25,5.5,4.59,0.0,17.34,0.0,10.72,9.96,4.5,8.37,4.4,0.0,4.4,0.0,9.9,7.26,10.26,11.55,6.12,9.68,0.0,0.0,6.05,6.0,4.875,3.99,6.09,9.69,36.31,10.8,11.37,4.95,5.7,28.425,0.0,0.0,0.0,19.26,26.4,0.0,6.6,0.0,0.0,18.98,14.2,9.9,13.25,7.26,6.65,13.86,25.28,6.6,6.66,5.92,0.0,10.59,0.0,12.58,20.72,12.21,19.59,0.0,11.83,11.84,0.0,13.32,6.66,0.0,19.71,22.18,15.04,6.65,12.64,6.45,11.88,24.42,26.56,38.51,36.82,21.005,58.34,26.14,45.45,13.2,73.73,13.2,10.56,54.18,0.0,8.8
3741,2.16,8.86,11.18,16.826,13.024,74.184,4.725,14.615,22.562,0.0,5.379,2.28,6.9,9.88,20.27,0.0,40.489,70.63,18.62,51.701,51.38,9.92,13.9,20.02,9.44,10.27,14.45,4.5,11.3,5.0,21.0,12.5,17.5,5.0,21.59,0.0,7.5,1.5,6.0,14.5,42.91,12.5,12.5,12.0,11.0,6.5,39.4,15.08,7.25,3.5,12.98,14.5,14.25,19.92,10.0,8.14,23.91,8.4,28.94,58.825,3.135,49.335,29.58,25.245,14.24,2.6,4.16,11.36,13.16,9.32,15.48,9.095,34.24,0.0,19.85,4.5,17.82,4.29,8.7,33.34,4.32,23.7,11.77,24.52,33.37,58.755,25.67,34.155,37.39,28.465,14.92,59.775,59.29,29.655,94.025,54.435,6.555,21.567,25.75,4.8,79.77,21.77,25.365,29.285,32.48,142.721,18.26,39.725,2.9,31.85,3.465,8.82,104.35,12.24,16.445,28.08,38.16,28.37,70.55,20.87,23.44,78.185,33.05,44.35,52.08,49.23,50.85,78.695,6.84,54.995,63.54,49.51,30.99,40.53,84.16,56.34,34.07,54.515,60.575,34.97,55.33,66.095,76.785,44.015,34.485,53.575,38.19,81.945,25.7,24.32,55.16,31.24,118.87,51.31,40.37,110.35,57.665,29.22,28.24,0.0
3744,0.0,2.37,2.16,1.44,3.18,9.573,0.72,0.0,4.4,0.0,1.52,0.0,1.56,4.94,3.08,7.68,3.0,12.27,3.5,0.0,7.5,0.0,0.0,0.0,6.3,4.95,0.0,0.0,0.0,0.0,0.0,4.0,0.0,3.0,0.0,0.0,1.95,0.0,2.295,4.5,10.0,0.0,0.0,0.0,4.525,0.0,0.0,0.0,8.0,0.0,11.9,0.0,0.0,0.0,0.0,4.4,0.0,9.0,8.925,0.0,0.0,4.4,9.41,0.0,2.475,0.0,4.03,0.0,0.0,0.0,0.0,0.0,0.0,2.8,4.59,0.0,0.0,4.29,0.0,3.24,0.0,3.48,0.0,0.0,6.27,0.0,0.0,0.0,0.0,5.4,0.0,0.0,0.0,0.0,0.0,0.0,0.0,4.02,5.695,0.0,13.155,0.0,7.44,0.0,0.0,15.51,7.92,13.2,0.0,5.94,0.0,0.0,13.2,0.0,4.62,5.28,0.0,5.28,9.4,0.0,10.89,0.0,29.65,13.26,0.0,13.26,31.146,0.0,13.32,6.6,0.0,0.0,0.0,9.6,20.67,0.0,0.0,10.53,7.77,0.0,0.0,13.26,10.79,10.14,11.205,0.0,0.0,10.66,4.92,0.0,6.6,0.0,3.52,6.64,0.0,0.0,13.2,0.0,0.0,0.0
3746,2.22,0.0,0.0,0.0,13.68,15.76,3.515,8.75,6.152,1.05,1.52,6.84,5.972,1.9,6.08,5.0,4.5,10.38,0.0,0.0,18.8,0.0,4.5,3.04,0.0,5.58,0.0,0.0,2.5,0.0,0.0,0.0,4.6,0.0,4.5,0.0,4.0,7.0,0.0,0.0,8.0,4.5,0.0,22.0,10.5,7.0,0.0,0.0,0.0,4.5,0.0,0.0,0.0,0.0,0.0,0.0,0.0,0.0,0.0,0.0,0.0,3.445,4.505,0.0,0.0,4.505,0.0,0.0,10.66,0.0,0.0,3.06,0.0,0.0,0.0,0.0,0.0,0.0,0.0,0.0,0.0,0.0,4.4,0.0,0.0,0.0,6.48,0.0,0.0,6.48,0.0,5.4,0.0,26.575,3.25,0.0,0.0,13.44,5.4,17.05,0.0,3.42,0.0,6.6,0.0,0.0,0.0,0.0,0.0,0.0,0.0,3.96,0.0,6.65,0.0,10.18,6.51,0.0,23.09,0.0,0.0,28.9,0.0,0.0,0.0,6.66,0.0,3.7,13.86,6.63,0.0,13.5,0.0,4.29,17.58,0.0,7.47,10.36,0.0,0.0,0.0,0.0,18.58,2.22,0.0,0.0,6.64,0.0,0.0,0.0,0.0,0.0,7.885,11.88,25.23,19.8,0.0,0.0,7.48,0.0
3747,7.04,21.12,14.02,21.544,39.76,59.274,24.44,50.572,44.831,13.34,25.434,10.64,24.47,16.28,8.34,96.085,91.175,124.255,20.45,22.99,92.34,8.55,10.74,32.915,16.56,15.825,49.74,10.21,15.4,16.3,37.92,51.41,3.0,12.62,9.0,31.135,15.5,15.78,42.0,38.87,28.0,23.5,22.27,85.88,40.0,39.58,59.26,23.0,3.0,48.375,30.72,21.37,3.8,14.42,15.22,0.0,15.78,15.51,15.005,8.0,5.0,13.87,4.505,23.695,9.56,11.78,28.42,4.5,6.885,14.355,4.59,7.54,0.0,4.4,29.95,8.82,36.13,28.858,3.71,36.44,33.2,65.52,62.778,51.45,15.93,35.225,15.695,18.94,31.98,24.11,37.74,44.625,31.342,50.28,49.84,156.01,30.155,56.98,26.481,76.295,137.65,27.56,36.06,22.77,60.96,59.165,36.005,49.19,32.22,51.25,34.0,25.64,6.6,30.61,54.81,63.87,76.15,102.64,122.14,80.06,131.6,47.75,90.29,169.27,64.395,67.87,65.29,59.46,52.7,67.46,79.15,165.82,44.025,26.13,49.335,66.38,38.36,20.76,79.06,86.815,63.89,42.9,126.12,118.35,45.775,64.23,65.935,63.8,63.465,69.115,92.68,137.975,139.93,108.295,101.395,86.88,24.64,88.38,65.68,0.0
3749,6.953,0.0,4.94,14.094,6.735,13.23,6.896,3.15,33.51,0.0,1.9,8.18,10.07,3.04,9.5,14.355,37.74,25.38,23.64,16.655,81.795,8.74,10.885,12.1,3.04,7.95,5.6,4.0,2.0,12.75,14.57,17.5,7.0,5.29,12.2,33.96,20.0,14.0,7.88,4.5,16.5,6.5,12.5,15.0,8.0,20.5,14.1,4.0,3.5,0.0,4.5,5.0,12.25,30.0,5.58,0.0,13.16,13.18,0.0,90.48,3.18,0.0,4.5,0.0,10.0,3.38,7.74,10.92,9.42,83.15,9.12,13.52,0.0,0.0,7.164,5.9,14.03,4.578,0.0,16.656,104.18,245.44,90.67,57.744,19.86,9.24,5.94,7.2,20.52,28.98,25.83,8.58,16.5,1.89,31.71,55.545,22.11,18.105,21.505,18.305,36.34,25.78,0.0,13.775,10.98,10.51,23.23,71.07,13.26,13.3,25.33,21.605,29.515,40.93,10.35,15.75,32.69,34.87,54.68,45.18,6.66,12.81,30.79,47.07,23.08,72.3,14.66,27.88,33.59,46.13,16.58,31.09,28.12,33.82,29.255,26.37,17.91,4.0,39.16,60.83,13.22,34.13,18.25,27.955,28.75,39.49,16.795,14.05,46.66,15.33,44.73,44.33,17.04,36.22,9.84,50.775,26.04,26.98,7.79,0.0
3750,0.0,0.0,0.0,0.0,1.52,1.52,0.0,4.94,4.725,3.04,0.0,5.32,0.0,7.98,10.3,16.97,12.84,28.4,20.13,9.79,20.32,3.2,4.85,17.07,13.52,2.4,11.54,18.0,11.19,10.0,20.35,13.254,8.5,16.5,0.0,19.75,8.0,24.676,13.5,17.645,35.6,22.1,24.25,25.0,28.0,34.25,4.5,43.58,12.5,25.25,44.1,75.5,52.0,33.25,46.545,40.13,57.12,52.16,26.15,45.49,21.54,38.895,66.86,51.9,21.8,14.13,11.01,35.92,15.26,18.46,17.66,134.555,45.79,24.995,22.51,7.83,33.515,13.98,77.77,99.775,63.18,91.335,116.77,43.485,40.895,44.73,101.0,61.205,34.985,76.91,101.545,80.6,197.62,223.995,240.095,279.25,158.425,150.55,193.465,134.53,78.54,62.58,30.985,91.83,300.84,380.945,395.425,357.68,417.555,363.375,355.71,206.825,355.505,570.765,561.485,119.545,72.915,628.255,995.105,876.29,591.33,584.655,538.165,457.69,538.725,557.205,517.725,532.92,345.07,482.2,530.48,422.865,123.47,245.535,226.575,145.98,334.21,252.955,321.085,255.87,312.765,254.815,243.19,323.74,187.025,247.88,309.56,214.02,257.77,236.97,443.535,390.2,366.87,395.6,538.745,410.845,236.625,200.805,249.13,99.29
3751,0.0,0.0,0.0,0.0,4.995,0.0,0.0,0.0,1.9,0.0,0.0,0.0,0.0,0.0,0.0,0.0,0.0,0.0,5.0,2.14,0.0,0.0,0.0,0.0,0.0,0.0,0.0,0.0,0.0,0.0,0.0,0.0,0.0,0.0,0.0,0.0,0.0,0.0,0.0,0.0,14.5,0.0,0.0,0.0,0.0,0.0,0.0,0.0,0.0,0.0,0.0,0.0,0.0,0.0,0.0,0.0,0.0,0.0,0.0,0.0,0.0,4.5,0.0,0.0,0.0,0.0,0.0,0.0,0.0,0.0,0.0,64.48,0.0,4.5,0.0,4.32,0.0,0.0,0.0,0.0,0.0,0.0,0.0,0.0,0.0,0.0,0.0,0.0,0.0,0.0,0.0,0.0,0.0,0.0,0.0,0.0,0.0,0.0,6.615,0.0,0.0,0.0,0.0,0.0,0.0,0.0,0.0,0.0,0.0,0.0,0.0,0.0,0.0,0.0,0.0,0.0,0.0,0.0,0.0,0.0,18.5,0.0,0.0,0.0,0.0,0.0,0.0,0.0,0.0,6.66,0.0,0.0,0.0,0.0,0.0,0.0,6.16,0.0,0.0,0.0,0.0,0.0,0.0,6.24,0.0,0.0,0.0,0.0,0.0,0.0,0.0,0.0,11.18,0.0,0.0,0.0,0.0,0.0,0.0,0.0
3752,16.184,39.145,38.764,16.08,43.189,68.635,25.3,38.765,44.62,6.18,28.23,23.97,24.08,40.78,49.52,76.97,113.585,153.975,105.812,59.2,88.03,44.02,28.8,32.66,16.33,38.56,43.0,56.34,47.61,15.54,46.19,45.75,26.5,26.79,32.05,45.145,34.5,135.715,83.145,72.56,68.5,49.8,58.0,56.98,62.6,63.5,46.25,52.45,27.5,27.66,48.5,73.74,54.6,42.58,48.41,57.68,86.53,42.72,16.5,48.74,37.62,50.74,32.89,50.98,20.665,41.5,31.26,25.74,61.36,65.615,80.51,10.5,13.48,7.47,9.15,45.57,37.975,19.64,32.88,36.91,25.27,72.9,91.565,29.33,49.99,85.85,115.23,48.13,66.88,175.39,56.865,140.855,58.36,234.72,153.155,153.135,100.06,154.38,198.14,120.38,75.255,53.5,129.865,69.1,209.615,138.1,119.755,167.42,134.77,303.54,197.91,169.035,139.94,174.82,208.17,52.38,8.925,206.475,335.63,197.89,128.91,279.44,232.905,268.63,239.56,243.805,174.33,211.59,126.39,199.8,170.09,145.375,96.99,127.22,152.385,91.79,136.84,160.895,253.43,108.415,145.805,236.525,140.695,110.54,65.7,177.07,157.27,86.835,122.255,99.245,157.425,147.28,76.845,228.42,189.495,195.06,150.35,138.09,139.705,64.5
3753,1.52,0.0,2.09,0.0,0.0,2.16,0.0,6.84,5.92,3.04,0.0,0.0,0.0,5.89,5.25,1.56,3.0,14.16,4.52,3.04,17.445,7.84,6.55,3.4,1.6,0.0,13.25,8.2,0.0,10.0,15.0,0.0,9.96,9.0,9.5,2.28,4.0,0.0,10.5,10.5,4.94,8.5,0.0,0.0,5.0,0.0,5.0,10.0,5.0,0.0,8.5,3.0,7.6,2.0,25.86,10.43,27.0,11.0,7.5,13.6,13.51,4.5,2.6,3.64,8.66,7.44,18.52,5.2,4.16,9.215,8.92,8.92,4.42,13.57,0.0,0.0,7.95,4.59,4.59,45.57,9.78,0.0,0.0,12.4,20.79,10.4,16.8,16.44,23.55,14.72,12.65,19.6,15.682,19.2,52.515,36.3,36.91,45.605,25.215,42.783,10.3,15.5,13.2,51.03,24.9,84.035,103.62,87.21,60.75,56.065,96.75,33.03,51.18,66.84,94.565,19.86,79.695,90.57,100.02,96.905,38.85,79.81,90.27,126.64,52.92,111.13,50.5,109.63,39.96,34.41,64.01,64.365,52.1,77.565,46.56,26.49,50.88,33.875,86.315,44.29,40.92,16.74,50.65,62.445,52.485,137.355,71.33,45.895,68.935,75.23,155.84,129.64,103.18,81.975,100.97,171.975,98.49,75.5,93.76,15.44
3754,21.62,30.634,48.52,39.87,46.2,97.72,54.255,56.95,75.12,12.645,34.26,31.85,18.24,41.63,52.93,84.78,138.725,193.725,52.49,80.09,209.49,57.8,62.72,92.17,55.87,38.72,62.254,26.52,33.124,47.477,66.42,68.741,40.985,82.25,55.217,102.79,168.303,128.2,108.5,117.7,137.02,86.25,120.02,100.83,68.75,93.92,91.98,121.14,42.19,107.885,71.59,164.45,66.16,81.12,70.9,86.13,201.62,78.34,86.98,54.16,61.56,105.98,56.78,94.135,95.9,114.535,70.03,46.28,74.46,70.608,173.32,83.575,59.32,92.645,91.112,48.425,116.095,127.035,49.45,90.278,65.4,123.895,148.03,116.495,100.56,119.65,145.396,150.305,206.815,109.815,160.535,123.895,268.65,314.915,428.18,252.135,334.74,364.345,493.905,319.61,200.62,99.385,211.795,255.525,341.22,480.08,561.29,471.055,420.93,588.25,469.095,394.505,355.185,535.605,668.645,134.55,21.25,579.165,1030.485,840.53,701.77,565.725,559.445,671.12,465.195,499.78,620.225,529.945,440.36,482.295,457.4,395.845,187.75,322.875,390.03,286.845,304.015,360.765,496.93,450.77,388.14,333.02,500.26,399.935,250.115,511.02,240.58,365.235,408.03,432.915,563.94,419.475,483.715,430.405,468.795,485.685,231.52,357.92,400.435,119.28
3755,0.0,0.0,1.52,0.0,0.0,0.0,3.99,0.0,0.0,0.0,0.0,0.0,0.0,0.0,0.0,1.52,4.73,3.85,0.0,0.0,0.0,0.0,0.0,0.0,0.0,2.4,0.0,0.0,3.18,0.0,0.0,0.0,0.0,0.0,0.0,0.0,0.0,0.0,0.0,0.0,0.0,0.0,3.0,0.0,3.0,0.0,0.0,9.0,0.0,0.0,0.0,0.0,0.0,0.0,4.5,0.0,0.0,0.0,0.0,0.0,0.0,0.0,0.0,0.0,3.57,0.0,4.68,0.0,0.0,0.0,0.0,0.0,0.0,0.0,2.6,0.0,0.0,0.0,0.0,0.0,0.0,0.0,5.2,0.0,0.0,0.0,0.0,5.13,0.0,6.0,0.0,6.12,0.0,0.0,0.0,6.6,0.0,0.0,0.0,0.0,0.0,6.6,0.0,0.0,7.2,0.0,0.0,0.0,0.0,50.16,0.0,0.0,0.0,0.0,13.2,0.0,0.0,0.0,0.0,0.0,0.0,0.0,36.42,0.0,13.2,0.0,0.0,0.0,0.0,0.0,0.0,0.0,0.0,0.0,0.0,0.0,10.14,0.0,0.0,0.0,0.0,0.0,0.0,0.0,0.0,0.0,0.0,6.64,0.0,0.0,9.96,7.02,0.0,0.0,0.0,0.0,0.0,9.96,0.0,0.0
3756,4.53,21.42,19.14,29.46,26.055,97.852,55.14,42.129,84.11,9.06,14.06,11.725,25.04,18.83,52.78,64.375,88.78,81.32,69.1,43.75,90.75,27.68,24.845,37.45,8.5,22.56,18.81,43.09,47.47,23.29,31.73,33.03,33.73,32.3,32.5,30.35,64.0,32.05,54.0,66.12,58.26,11.5,63.62,13.5,65.3,46.75,47.75,35.5,21.5,35.06,12.5,27.5,21.4,39.5,25.42,24.055,33.42,24.66,29.02,40.245,30.88,79.06,40.74,25.48,33.125,42.98,13.57,28.73,36.64,39.51,43.215,97.96,28.29,39.49,28.77,47.265,31.0,25.72,36.0,25.8,42.17,101.93,101.18,26.09,11.78,59.79,63.94,43.53,79.23,48.73,56.92,95.01,110.975,59.44,79.73,67.855,62.64,74.21,114.73,114.235,63.23,60.98,123.785,81.62,53.86,118.9,126.85,91.695,90.735,284.37,225.97,76.965,145.52,235.135,262.455,65.42,85.97,185.16,212.705,239.59,173.71,202.21,210.725,299.975,188.13,217.54,196.485,191.14,159.47,192.29,280.43,207.56,126.8,102.54,82.56,95.74,102.55,177.675,129.125,130.33,122.785,136.385,174.9,216.49,91.59,227.385,93.495,33.22,147.405,152.11,305.88,265.51,153.47,215.075,129.99,190.41,105.13,166.68,133.57,33.04
3757,13.14,26.635,39.819,14.955,39.74,52.112,35.56,30.14,51.1,15.78,9.12,4.94,12.98,24.15,20.96,26.94,57.15,59.572,49.09,51.535,46.43,16.77,25.98,29.045,10.7,14.3,13.2,38.07,19.3,32.7,40.45,15.78,12.6,31.0,16.25,37.33,28.75,47.5,27.4,87.75,55.62,22.5,30.25,5.7,17.5,23.25,18.2,41.18,18.5,11.22,35.0,29.28,22.5,12.5,15.05,33.75,21.975,14.44,9.1,54.52,4.0,48.26,25.29,79.275,8.925,36.02,21.865,19.55,27.621,25.08,29.62,43.24,23.35,40.38,24.5,22.83,39.645,30.555,43.59,34.35,26.85,32.22,38.205,135.8,19.75,36.615,72.985,30.0,52.99,47.78,56.545,83.355,35.879,201.305,41.985,326.06,90.055,115.715,77.05,40.445,75.095,83.34,60.67,55.255,34.71,47.33,18.775,125.28,39.585,133.315,59.865,57.915,93.94,56.73,72.27,0.0,36.54,75.61,85.18,128.345,23.34,62.85,49.06,53.49,177.48,85.04,84.86,229.71,71.05,79.92,68.45,283.23,31.44,63.715,78.72,63.33,38.02,40.78,114.545,122.05,106.435,36.095,99.355,97.42,67.26,90.555,65.985,113.475,42.755,71.135,89.07,79.675,126.455,148.655,75.59,52.6,33.0,62.39,89.065,6.64
3758,7.13,4.48,3.04,4.56,10.04,28.334,0.0,11.07,35.69,3.42,0.0,1.56,0.0,0.0,14.12,1.9,17.52,29.5,16.625,17.39,37.79,4.73,3.99,7.93,0.0,10.4,7.68,22.58,5.4,2.0,14.0,0.0,4.5,3.0,13.8,6.0,17.35,4.5,22.0,10.5,13.0,8.0,0.0,23.58,1.5,20.75,7.0,0.0,8.55,0.0,12.5,11.0,0.0,4.5,13.605,3.5,4.42,0.0,0.0,4.5,4.0,0.0,17.5,9.0,12.82,2.04,4.42,4.68,17.93,4.5,0.0,13.6,4.42,0.0,0.0,8.3,10.35,13.77,24.93,8.31,18.155,12.03,5.1,0.0,28.09,10.53,0.0,8.74,15.12,19.805,10.325,15.125,17.08,25.855,31.4,25.7,13.2,18.15,10.96,0.0,17.12,0.0,7.325,12.78,6.6,23.06,19.04,4.95,0.0,21.855,26.88,10.53,12.75,49.845,6.57,24.29,6.6,9.99,21.34,25.47,36.585,6.66,131.29,6.66,1.11,43.87,24.54,49.15,0.0,6.66,24.33,37.72,10.3,30.3,9.99,24.52,6.6,12.8,0.0,13.27,19.91,0.0,26.61,25.71,0.0,6.64,0.0,9.975,63.83,23.8,36.935,16.185,27.805,54.535,38.82,16.72,6.6,13.28,0.0,8.8
3759,10.08,2.96,1.665,1.52,9.92,6.0,7.26,9.645,7.44,0.0,0.0,5.92,0.0,4.37,0.0,6.5,4.94,11.29,2.14,19.68,17.8,4.8,10.0,22.82,0.0,0.0,0.0,0.0,0.0,5.0,0.0,0.0,0.0,0.0,4.5,0.0,0.0,4.0,0.0,4.5,0.0,0.0,7.5,2.5,8.0,0.0,11.0,36.68,30.98,4.5,0.0,9.5,1.5,0.0,0.0,0.0,14.9,0.0,0.0,0.0,0.0,0.0,0.0,17.42,17.8,4.42,4.16,2.6,11.44,4.68,7.71,29.113,16.64,8.77,10.105,13.23,14.59,0.0,0.0,0.0,12.8,11.17,5.4,30.98,10.14,6.48,4.69,5.22,0.0,0.0,0.0,3.9,0.0,15.6,8.3,8.88,0.0,10.2,33.895,0.0,9.155,10.26,0.0,15.9,6.6,0.0,6.615,21.03,6.615,9.9,10.57,0.0,35.11,13.2,12.9,13.3,21.0,38.32,19.58,19.74,37.77,24.48,0.0,0.0,14.98,9.42,35.08,0.0,6.66,2.96,17.55,31.53,0.0,0.0,0.0,0.0,10.125,10.375,23.4,10.14,5.55,17.015,13.87,21.995,5.395,0.0,0.0,0.0,30.52,9.84,56.5,6.8,13.12,0.0,0.0,24.64,0.0,11.0,0.0,0.0
3760,0.0,0.0,0.0,0.0,4.52,8.97,0.0,1.52,4.56,0.0,0.0,1.56,0.0,0.0,1.64,0.0,0.0,24.076,7.685,0.0,7.26,0.0,3.0,3.5,0.0,0.0,0.0,0.0,0.0,0.0,10.0,0.0,0.0,0.0,0.0,5.2,4.25,0.0,3.5,0.0,0.0,0.0,0.0,3.5,0.0,7.0,0.0,4.5,0.0,4.5,0.0,0.0,2.75,0.0,0.0,4.16,0.0,0.0,0.0,0.0,0.0,0.0,0.0,0.0,0.0,0.0,0.0,0.0,0.0,0.0,0.0,0.0,0.0,0.0,0.0,0.0,0.0,0.0,12.26,0.0,0.0,0.0,0.0,5.13,5.36,0.0,0.0,0.0,0.0,0.0,0.0,0.0,8.1,0.0,0.0,0.0,0.0,0.0,6.6,0.0,5.5,0.0,0.0,0.0,0.0,0.0,0.0,0.0,0.0,0.0,3.96,0.0,5.28,0.0,0.0,0.0,0.0,3.63,6.66,29.6,0.0,0.0,0.0,0.74,0.0,0.0,3.7,0.0,18.07,0.0,6.57,2.96,0.0,0.0,0.0,0.0,0.0,6.63,39.36,0.0,0.0,0.0,13.26,6.66,0.0,0.0,0.0,0.0,0.0,10.56,6.63,0.0,0.0,0.0,0.0,0.0,0.0,0.0,0.0,0.0
3761,4.32,0.0,4.18,0.0,3.92,19.01,11.56,5.18,10.48,0.0,7.909,0.0,0.0,0.0,10.46,4.07,22.23,29.636,4.5,3.12,6.0,0.0,0.0,4.5,0.0,0.0,4.5,3.84,3.0,8.53,2.005,4.5,0.0,4.23,0.0,0.0,3.5,4.61,0.0,0.0,6.5,18.5,0.0,4.58,5.64,16.87,1.5,0.0,4.5,4.5,5.25,3.38,0.0,2.0,0.0,9.005,0.0,5.035,16.25,2.0,1.25,0.0,0.0,8.665,4.41,4.5,0.0,4.5,8.75,0.0,4.505,9.075,0.0,3.18,6.06,0.0,4.86,4.29,0.0,4.86,0.0,4.56,9.04,5.4,0.0,15.99,17.094,0.0,0.0,29.08,0.0,6.0,0.0,16.47,22.0,24.7,5.77,0.0,13.605,6.3,0.0,0.0,0.0,19.325,4.2,4.65,0.0,6.6,6.51,20.2,17.595,16.36,12.925,6.54,6.0,0.0,0.0,6.6,45.71,40.26,16.645,8.58,9.9,6.6,11.1,13.2,13.32,22.76,44.16,38.47,34.72,32.58,26.94,20.89,9.25,6.63,15.6,31.84,5.92,12.58,13.28,6.56,13.9,34.44,0.0,23.6,0.0,0.0,0.0,0.0,51.815,0.0,13.3,13.3,29.28,0.0,0.0,10.56,7.695,0.0
3762,0.0,0.0,0.0,0.0,0.0,10.14,0.0,4.94,0.0,0.0,0.0,0.0,0.0,0.0,0.0,5.0,0.0,2.28,0.0,0.0,0.0,0.0,0.0,4.5,0.0,0.0,0.0,0.0,0.0,0.0,0.0,0.0,0.0,0.0,0.0,0.0,0.0,0.0,0.0,8.5,0.0,0.0,0.0,0.0,4.59,4.5,0.0,0.0,0.0,0.0,0.0,0.0,0.0,0.0,4.5,0.0,0.0,0.0,0.0,0.0,0.0,0.0,0.0,0.0,0.0,0.0,0.0,0.0,0.0,4.59,0.0,0.0,4.5,0.0,0.0,0.0,0.0,4.59,0.0,4.42,0.0,0.0,0.0,0.0,0.0,0.0,0.0,0.0,0.0,0.0,0.0,0.0,0.0,0.0,0.0,0.0,0.0,0.0,0.0,0.0,0.0,0.0,0.0,3.72,0.0,0.0,0.0,6.93,0.0,0.0,0.0,0.0,0.0,0.0,0.0,0.0,0.0,0.0,0.0,0.0,0.0,0.0,0.0,0.0,0.0,0.0,0.0,0.0,0.0,0.0,0.0,0.0,0.0,0.0,9.99,0.0,0.0,0.0,0.0,0.0,0.0,0.0,6.63,0.0,29.88,0.0,4.84,10.375,0.0,0.0,0.0,0.0,0.0,7.92,0.0,0.0,0.0,0.0,0.0,0.0
3763,0.0,10.84,3.6,0.0,4.64,5.88,6.16,17.32,3.08,6.96,3.42,0.0,3.42,3.04,3.0,8.12,14.61,9.12,0.0,13.13,22.1,12.41,6.46,4.32,6.16,3.6,16.39,8.0,3.0,1.6,8.5,10.0,2.5,5.8,0.0,6.5,0.0,4.5,4.0,3.0,5.78,0.0,14.43,2.0,7.5,6.5,21.0,15.5,12.0,2.0,2.5,3.4,0.0,22.42,0.0,11.5,14.2,7.0,4.42,0.0,4.94,0.0,32.005,3.0,0.0,4.5,4.42,4.5,18.02,26.25,9.36,9.005,4.505,0.0,4.5,4.0,3.12,0.0,14.92,0.0,5.8,9.81,7.14,6.76,0.0,14.58,10.445,4.64,0.0,5.2,8.8,11.14,13.18,0.0,40.655,0.0,6.6,31.055,21.93,12.51,32.1,53.6,6.12,6.6,6.4,13.2,3.42,6.6,6.46,6.3,34.355,18.165,12.85,9.57,6.65,0.0,39.9,0.0,26.54,13.86,13.35,33.8,0.0,6.3,6.75,13.2,6.66,33.24,12.48,16.8,39.97,84.81,22.72,24.05,37.19,6.66,6.63,19.18,6.4,22.16,0.0,14.22,27.5,22.16,45.85,43.23,5.18,38.765,27.585,6.64,16.46,83.52,22.685,19.665,16.32,15.93,14.485,14.85,23.35,0.0
3764,21.54,11.335,13.82,22.355,28.31,45.216,14.37,49.677,77.5,7.41,7.63,3.61,15.64,18.515,43.92,23.84,64.775,82.83,52.03,37.83,53.615,36.49,25.0,42.08,29.115,28.54,35.82,15.2,42.3,32.59,16.5,17.61,50.01,32.5,48.82,7.5,37.95,38.8,14.07,34.2,30.53,31.6,58.31,17.09,18.5,23.0,26.5,35.7,9.5,27.28,44.54,6.75,9.25,13.0,24.075,17.42,32.66,12.445,12.12,4.59,16.04,12.0,25.44,9.99,20.63,17.505,23.57,40.68,36.03,29.1,28.38,48.54,24.34,9.74,13.12,28.47,28.52,47.91,39.014,19.725,47.62,57.805,21.005,31.44,37.66,68.05,57.94,128.12,85.15,22.07,58.97,85.01,78.62,52.695,75.17,32.71,60.84,137.24,44.81,69.875,22.53,37.895,45.83,40.605,90.915,118.715,46.92,82.925,59.21,80.5,83.205,115.185,113.98,91.09,91.83,54.82,142.215,73.72,84.445,125.79,95.235,110.7,152.955,141.58,69.46,71.91,83.81,97.8,158.04,113.61,105.825,170.64,65.19,36.71,81.165,27.65,78.34,89.31,48.93,75.775,140.605,190.295,64.79,113.51,28.93,125.135,81.38,99.565,67.56,127.61,177.085,141.28,127.34,78.64,95.96,110.72,132.96,120.02,73.04,0.0
3765,5.92,10.25,16.06,10.205,14.04,27.73,3.68,6.46,14.59,6.32,10.64,10.45,4.6,3.04,15.28,11.11,15.27,40.635,0.0,23.87,33.86,12.5,0.0,27.32,10.9,4.4,12.9,14.12,10.85,12.0,9.6,3.0,119.34,11.5,54.05,10.0,17.5,24.5,11.0,13.0,18.0,15.8,28.25,15.5,25.59,29.03,20.5,9.59,18.95,12.5,9.5,15.02,15.5,4.75,9.88,9.0,12.5,10.0,6.03,8.92,9.58,9.5,7.62,19.5,34.9,19.375,4.34,15.7,6.7,10.745,102.9,51.315,8.09,4.42,8.1,11.74,13.26,0.0,4.94,6.8,5.13,20.55,29.23,5.22,10.26,20.685,20.75,3.85,18.42,23.645,5.4,17.84,30.725,45.02,23.025,18.575,38.6,38.625,46.135,36.53,8.7,53.7,6.6,34.385,49.94,29.355,33.37,46.25,0.0,16.98,35.42,57.345,25.31,26.04,58.765,28.04,0.0,37.9,44.715,51.17,28.06,25.3,56.26,15.48,83.03,81.55,27.72,73.44,22.06,43.18,26.31,68.15,13.91,25.74,13.29,42.45,31.23,23.415,13.32,11.975,30.885,181.22,97.235,62.99,23.3,90.965,51.66,38.5,22.43,28.96,47.875,54.45,58.53,69.29,38.905,61.24,54.17,84.435,65.56,16.32
3766,0.0,0.0,0.0,0.0,1.48,0.0,0.0,0.0,2.35,0.0,4.94,0.0,3.04,0.0,0.0,8.345,2.0,2.34,9.0,0.0,6.25,0.0,1.52,0.0,0.0,4.0,0.0,0.0,0.0,0.0,0.0,3.0,0.0,0.0,0.0,2.5,3.05,4.0,9.12,0.0,0.0,0.0,0.0,0.0,0.0,0.0,2.2,0.0,0.0,0.0,0.0,2.5,0.0,1.5,8.5,0.0,0.0,4.5,0.0,4.0,0.0,4.08,4.08,2.0,3.06,3.06,0.0,0.0,9.16,3.27,0.0,0.0,9.01,4.16,0.0,0.0,0.0,0.0,4.2,0.0,4.86,4.24,0.0,10.64,0.0,4.05,11.88,0.0,5.8,0.0,0.0,0.0,0.0,4.69,8.96,13.2,0.0,11.55,3.465,0.0,7.98,0.0,0.0,0.0,6.21,0.0,6.615,0.0,6.6,9.8,23.1,11.88,0.0,0.0,0.0,10.56,0.0,4.92,0.0,0.0,6.48,5.4,0.0,0.0,6.66,0.0,19.71,7.92,0.0,4.8,8.79,23.31,19.3,0.0,20.455,0.0,13.22,0.0,6.6,6.66,10.58,0.0,9.12,17.005,16.6,0.0,13.29,17.565,25.14,0.0,6.64,0.0,13.28,15.6,8.36,30.34,0.0,14.96,0.0,0.0
3767,0.0,0.0,2.0,0.0,0.0,0.0,0.0,3.0,0.0,0.0,0.0,1.9,0.0,0.0,0.0,0.0,1.5,4.0,0.0,0.0,0.0,0.0,0.0,0.0,0.0,0.0,4.5,0.0,0.0,3.75,0.0,0.0,0.0,2.0,1.5,0.0,0.0,0.0,4.5,3.0,2.0,4.0,5.0,0.0,0.0,0.0,0.0,0.0,4.5,0.0,0.0,0.0,0.0,4.5,0.0,0.0,0.0,0.0,0.0,3.64,0.0,3.12,7.56,4.0,0.0,4.53,0.0,4.5,0.0,0.0,0.0,0.0,0.0,0.0,0.0,0.0,4.48,0.0,0.0,29.925,0.0,7.27,2.32,0.0,0.0,0.0,9.2,0.0,0.0,0.0,0.0,4.93,0.0,0.0,7.7,6.615,0.0,0.0,0.0,0.0,0.0,0.0,0.0,0.0,9.45,0.0,0.0,0.0,0.0,5.94,0.0,6.2,0.0,0.0,6.6,0.0,0.0,0.0,6.6,0.0,0.0,0.0,9.99,50.0,7.77,0.0,16.29,0.0,0.0,6.63,0.0,28.36,0.0,6.63,4.44,0.0,0.0,0.0,0.0,13.04,0.0,10.0,3.9,0.0,14.49,6.65,5.81,6.65,0.0,13.28,14.545,6.16,0.0,26.28,0.0,0.0,0.0,16.72,0.0,10.45
3770,4.88,0.0,4.95,7.26,14.57,20.54,3.04,8.24,1.7,0.0,1.52,1.56,6.04,3.99,13.79,22.88,16.34,31.87,1.56,14.01,15.01,19.36,11.5,5.6,22.97,0.0,12.14,16.0,9.078,10.0,5.0,4.5,2.0,15.4,5.0,13.49,7.5,59.4,26.16,28.5,25.0,0.0,20.3,3.0,29.6,19.25,18.0,17.5,11.5,15.0,11.0,32.5,4.0,46.65,0.0,9.7,0.0,0.0,13.0,4.5,5.0,13.11,0.0,0.0,0.0,19.38,4.48,0.0,14.665,9.01,0.0,99.84,9.095,4.16,28.04,43.21,9.33,89.85,52.83,17.565,111.84,16.175,140.97,180.685,33.51,0.0,44.645,42.57,87.66,11.118,47.15,20.975,38.365,19.97,22.555,208.73,9.86,31.78,107.74,32.34,0.0,3.41,29.925,20.175,44.645,36.59,26.255,39.21,14.16,18.48,134.04,55.95,32.09,6.6,115.81,12.64,78.3,136.41,37.525,76.2,15.48,19.98,17.22,33.98,17.55,67.37,49.31,22.63,30.475,52.79,24.6,58.4,0.0,29.88,16.99,0.0,6.0,27.92,32.07,17.845,13.32,16.6,13.28,44.32,16.6,26.4,21.165,47.58,46.73,130.71,12.3,44.8,13.28,81.59,66.385,27.89,21.54,0.0,13.2,49.35
3775,4.32,3.8,14.0,12.705,18.022,25.834,6.1,14.78,14.46,0.0,2.905,12.16,5.7,7.41,14.16,14.1,8.23,48.49,14.44,16.57,18.085,9.14,0.0,5.68,4.92,8.5,2.4,2.25,25.39,9.44,11.25,11.29,9.5,3.2,10.06,19.2,10.1,5.0,9.0,7.8,16.0,4.5,25.0,22.24,11.74,30.0,12.24,13.8,20.5,11.0,8.0,0.0,21.5,20.5,25.0,12.75,17.825,115.16,27.42,7.0,8.96,27.735,12.65,1.2,4.5,8.23,11.39,10.38,12.33,88.725,14.22,30.55,17.745,4.93,0.0,99.84,17.91,24.92,36.17,8.145,23.34,19.78,24.85,50.11,6.68,36.905,31.49,6.48,84.36,18.52,23.91,85.005,18.54,39.705,15.565,62.0,28.91,28.795,140.99,13.53,36.255,3.9,28.1,17.555,15.28,0.0,62.58,47.785,19.75,93.525,42.93,62.685,30.225,34.33,67.35,6.66,6.66,13.26,82.79,27.01,34.78,26.64,47.56,11.84,15.3,0.0,28.26,79.04,41.17,67.21,72.969,19.71,20.36,27.69,54.53,6.64,26.82,57.4,145.04,73.86,27.44,93.675,19.84,92.612,105.33,65.71,61.305,12.825,19.94,53.725,35.39,25.94,53.69,167.72,26.9,55.115,31.24,39.6,46.85,0.0
3777,3.33,24.905,34.72,33.6,20.5,67.979,27.31,23.415,72.36,7.97,11.74,8.44,13.11,12.36,22.13,30.513,56.12,74.377,26.13,25.95,90.1,22.595,22.73,46.78,13.4,15.55,37.49,20.94,29.06,16.75,34.24,11.5,38.94,24.4,28.78,44.115,18.97,46.515,35.23,20.19,26.96,42.29,39.08,19.5,57.09,17.73,42.96,25.08,2.0,35.08,39.38,28.75,33.2,15.19,18.08,26.5,29.16,37.64,40.64,3.0,46.46,53.58,11.005,16.96,47.63,6.12,37.64,25.39,12.48,23.47,25.62,121.76,15.97,10.95,28.48,41.72,41.35,28.27,48.52,35.87,81.73,25.67,23.25,51.53,8.8,36.845,16.8,61.73,77.65,133.775,93.18,64.13,43.375,118.785,182.745,193.89,171.44,187.275,97.59,35.285,49.36,26.175,2.48,65.46,44.36,42.095,49.23,81.3,61.165,67.995,83.67,173.805,66.7,191.78,137.77,13.2,0.0,121.165,141.62,273.95,62.665,26.15,80.4,72.425,97.53,177.44,154.38,85.59,47.0,60.03,59.16,314.255,36.48,128.86,39.47,79.569,85.015,51.015,114.93,82.145,192.535,83.955,88.5,97.19,74.615,71.725,48.795,95.61,153.45,102.225,55.845,79.09,82.78,192.345,86.55,142.305,37.575,52.62,12.8,18.92
3778,0.0,0.0,0.0,1.56,0.0,0.0,2.82,0.0,0.0,1.52,0.0,3.99,0.0,0.0,0.0,0.0,0.0,0.0,2.66,0.0,0.0,0.0,12.57,5.0,3.75,0.0,0.0,0.0,0.0,0.0,0.0,0.0,0.0,4.5,4.5,0.0,0.0,5.0,0.0,0.0,0.0,0.0,0.0,0.0,0.0,0.0,0.0,0.0,0.0,0.0,0.0,10.0,0.0,0.0,0.0,0.0,4.42,0.0,0.0,0.0,0.0,0.0,0.0,0.0,0.0,0.0,0.0,0.0,0.0,0.0,0.0,0.0,0.0,0.0,0.0,10.75,8.84,0.0,0.0,5.4,6.49,0.0,0.0,0.0,0.0,0.0,0.0,0.0,0.0,0.0,0.0,5.58,0.0,0.0,0.0,0.0,0.0,0.0,11.2,0.0,7.8,5.5,9.9,0.0,0.0,0.0,0.0,0.0,0.0,0.0,0.0,0.0,0.0,0.0,0.0,0.0,0.0,6.6,0.0,9.99,0.0,0.0,0.0,0.0,0.0,0.0,6.66,2.96,7.92,6.66,0.74,0.0,6.63,0.0,0.0,0.0,0.0,0.0,0.0,0.0,0.0,8.3,12.8,6.65,0.0,0.0,10.45,6.64,0.0,0.0,0.0,6.64,0.0,0.0,0.0,0.0,0.0,0.0,0.0,0.0
3779,0.0,7.6,0.0,0.0,6.09,4.94,0.0,0.0,4.56,0.0,0.0,0.0,4.18,13.495,15.08,0.0,0.0,0.0,0.0,0.0,3.0,0.0,6.04,2.28,2.0,6.6,0.0,0.0,0.0,0.0,3.0,3.0,2.0,3.0,0.0,1.75,0.0,16.5,18.0,2.5,10.5,1.5,7.14,36.0,0.0,0.0,0.0,0.0,0.0,0.0,5.0,0.0,0.0,4.5,0.0,0.0,4.0,4.5,0.0,14.82,0.0,13.34,4.42,5.0,4.0,0.0,0.0,2.34,4.68,0.0,0.0,0.0,0.0,0.0,0.0,0.0,0.0,0.0,0.0,0.0,0.0,14.66,11.88,102.96,0.0,0.0,0.0,30.6,10.53,0.0,0.0,0.0,3.99,11.88,13.65,0.0,15.4,16.86,0.0,0.0,9.1,3.3,8.4,6.0,5.04,4.96,0.0,4.95,21.77,0.0,14.82,15.295,13.2,0.0,0.0,12.45,14.85,3.7,56.66,6.66,0.0,0.0,0.0,0.0,6.66,53.52,4.46,2.8,12.89,6.66,9.99,0.0,6.66,6.63,6.66,34.26,6.64,0.0,13.22,14.64,6.64,0.0,9.96,6.64,0.0,7.77,21.58,0.0,120.545,6.64,0.0,5.1,0.0,0.0,0.0,0.0,0.0,17.05,0.0,0.0
3781,2.09,1.52,10.34,5.26,14.062,13.13,12.52,12.09,17.24,2.82,3.42,8.68,4.63,1.9,9.16,20.83,3.61,13.88,10.2,3.0,21.82,3.0,2.34,10.0,1.6,14.37,9.5,1.6,10.75,4.32,15.98,2.07,10.0,20.1,13.0,10.5,3.5,17.0,6.5,4.5,3.5,4.65,18.1,0.0,11.5,3.0,23.5,6.0,1.5,7.0,3.0,11.5,2.0,3.12,2.0,0.0,0.0,4.5,13.82,7.56,0.0,0.0,7.48,9.46,8.24,11.6,4.53,13.25,4.42,0.0,4.5,4.42,0.0,16.15,0.0,0.0,0.0,8.71,6.5,20.21,12.18,0.0,4.94,5.13,18.94,5.12,22.83,10.54,9.72,3.78,5.13,19.46,17.325,20.69,21.61,31.71,20.395,65.12,25.475,32.35,64.57,3.2,29.58,5.985,12.48,16.595,30.35,11.64,37.35,3.96,26.4,4.95,18.36,34.95,6.6,0.0,0.0,15.24,73.36,21.78,19.26,49.95,45.08,34.425,29.54,19.86,33.21,37.86,9.99,41.265,0.0,31.73,6.66,41.19,56.74,33.41,40.585,27.325,13.29,0.0,24.815,34.86,8.2,0.0,19.92,6.64,11.62,38.34,19.7,41.34,32.58,12.035,20.21,29.69,13.16,14.255,0.0,27.045,10.12,0.0
3782,8.22,18.91,9.18,18.404,18.984,30.79,10.9,21.72,13.63,1.4,3.42,1.56,0.0,20.18,9.73,15.4,63.37,60.14,11.11,12.13,42.39,3.0,6.0,37.26,14.7,3.2,12.5,11.92,6.52,4.4,8.1,17.54,8.5,11.5,24.23,31.2,15.25,17.0,13.5,22.43,28.56,6.24,14.18,28.5,37.75,31.09,12.34,27.25,3.5,12.5,0.0,8.5,11.0,12.42,13.68,19.5,30.92,40.85,15.0,27.0,15.88,29.62,9.71,8.75,13.58,8.68,4.53,19.46,10.14,3.9,14.71,19.925,26.71,20.855,17.25,39.115,7.8,27.46,17.3,36.83,22.8,20.9,9.06,33.06,7.33,29.48,53.45,22.79,8.97,31.79,50.715,74.915,33.24,22.825,46.675,58.23,24.635,63.91,67.725,30.265,26.13,57.225,32.175,58.5,39.66,38.54,16.89,53.125,25.395,67.765,69.575,50.31,27.55,53.93,98.785,11.88,0.0,37.6,103.605,30.025,36.86,24.04,85.94,37.24,48.56,48.98,63.02,60.065,25.16,78.905,37.81,150.48,24.01,24.57,61.82,25.33,23.02,26.25,53.66,82.15,55.69,49.18,46.885,146.425,35.365,113.68,43.19,29.465,83.765,48.93,63.495,43.665,69.545,40.325,32.61,79.3,61.67,44.455,22.57,7.04
3783,3.7,1.9,11.18,13.3,5.464,7.98,5.232,8.77,13.36,3.04,5.94,1.56,0.0,1.52,14.06,6.515,4.94,21.54,2.14,11.78,17.58,0.0,5.0,0.0,10.5,8.0,4.0,6.1,6.84,13.5,8.39,0.0,0.0,0.0,13.92,12.0,0.0,9.0,13.74,13.43,0.0,7.5,13.4,12.0,0.0,13.0,5.0,4.5,8.5,8.34,8.0,15.0,16.5,4.5,0.0,16.12,9.44,19.88,3.0,3.0,4.5,4.5,3.41,4.5,9.88,17.33,4.42,7.02,1.53,10.28,5.2,7.74,0.0,0.0,3.18,2.08,6.84,41.2,4.48,5.2,18.1,14.87,0.0,4.5,7.25,0.0,0.0,16.065,25.67,16.2,31.08,5.775,18.8,21.275,37.0,17.77,0.0,6.6,18.64,6.6,0.0,0.0,32.41,6.6,7.875,10.14,15.01,4.41,6.3,0.0,25.73,23.145,6.6,35.12,12.87,6.0,0.0,6.57,48.98,16.5,36.8,64.615,113.18,70.43,35.15,78.27,24.57,5.4,18.87,19.61,27.38,23.65,17.36,42.19,23.16,13.26,0.0,6.66,13.23,7.21,39.82,27.215,12.56,28.45,16.36,24.07,13.3,15.355,16.0,0.0,41.88,16.76,0.0,10.79,15.79,15.2,11.62,17.21,1.56,0.0
3785,0.0,0.0,0.0,0.0,0.0,0.0,0.0,0.0,0.0,0.0,0.0,0.0,0.0,0.0,0.0,0.0,0.0,0.0,0.0,0.0,0.0,0.0,0.0,0.0,0.0,0.0,0.0,0.0,0.0,0.0,0.0,0.0,0.0,0.0,0.0,0.0,0.0,0.0,0.0,0.0,0.0,0.0,0.0,0.0,0.0,0.0,0.0,0.0,0.0,0.0,0.0,0.0,0.0,0.0,0.0,0.0,0.0,0.0,0.0,0.0,0.0,0.0,0.0,0.0,0.0,0.0,0.0,0.0,0.0,0.0,0.0,0.0,0.0,0.0,0.0,0.0,0.0,0.0,0.0,0.0,0.0,0.0,0.0,0.0,0.0,0.0,0.0,0.0,0.0,0.0,0.0,0.0,0.0,0.0,0.0,0.0,0.0,0.0,0.0,0.0,0.0,0.0,0.0,0.0,0.0,0.0,0.0,0.0,0.0,0.0,0.0,0.0,0.0,0.0,0.0,0.0,0.0,0.0,0.0,0.0,0.0,0.0,0.0,0.0,0.0,0.0,0.0,6.66,0.0,0.0,0.0,0.0,0.0,5.32,0.0,0.0,0.0,0.0,0.0,0.0,0.0,0.0,0.0,0.0,0.0,0.0,0.0,0.0,0.0,0.0,0.0,0.0,0.0,0.0,0.0,0.0,0.0,0.0,0.0,0.0
3786,0.0,0.0,1.52,3.02,6.35,6.46,0.0,4.5,4.5,0.0,0.0,0.0,0.0,4.18,4.64,3.0,4.5,0.0,0.0,0.0,0.0,0.0,0.0,0.0,0.0,0.0,0.0,0.0,0.0,0.0,3.0,5.0,7.5,0.0,0.0,4.5,10.0,8.2,0.0,0.0,0.0,0.0,0.0,4.5,0.0,4.0,3.5,13.34,0.0,0.0,0.0,3.5,0.0,0.0,0.0,0.0,0.0,0.0,4.5,4.59,0.0,0.0,3.0,0.0,5.16,0.0,3.06,3.06,0.0,3.12,0.0,3.66,0.0,0.0,9.43,0.0,0.0,0.0,12.96,7.64,0.0,6.6,0.0,0.0,19.7,0.0,0.0,6.16,3.48,0.0,5.4,0.0,0.0,0.0,5.22,6.6,0.0,0.0,6.48,0.0,0.0,20.16,0.0,0.0,0.0,12.915,22.44,6.3,20.01,18.2,9.87,13.0,6.6,0.0,0.0,0.0,9.9,0.0,19.01,13.32,0.0,12.93,16.07,23.28,7.92,6.66,0.0,6.66,0.0,18.72,41.16,0.0,0.0,0.0,7.98,6.63,0.0,5.28,39.215,13.2,16.93,17.02,12.705,29.85,31.89,20.56,30.97,0.0,6.64,0.0,6.64,19.46,37.37,28.22,0.0,13.25,0.0,0.0,12.32,10.56
3787,0.0,0.0,0.0,0.0,3.06,2.1,1.52,0.0,3.04,0.0,0.0,0.0,0.0,1.52,4.44,1.56,0.0,0.0,2.0,0.0,0.0,0.0,0.0,5.0,0.0,0.0,0.0,0.0,0.0,0.0,0.0,0.0,0.0,0.0,0.0,0.0,0.0,0.0,0.0,0.0,0.0,0.0,0.0,0.0,0.0,0.0,0.0,9.0,0.0,0.0,5.0,3.06,4.4,0.0,0.0,0.0,0.0,3.0,2.0,0.0,0.0,0.0,0.0,0.0,0.0,2.6,4.5,0.0,4.505,0.0,0.0,0.0,0.0,0.0,5.6,0.0,4.16,0.0,0.0,0.0,0.0,6.6,0.0,6.555,0.0,0.0,0.0,0.0,0.0,0.0,0.0,11.73,0.0,0.0,26.94,14.64,3.84,14.185,0.0,0.0,0.0,0.0,0.0,0.0,0.0,0.0,0.0,0.0,0.0,0.0,0.0,0.0,0.0,0.0,6.6,0.0,0.0,0.0,7.0,12.95,6.66,6.66,6.66,0.0,0.0,0.0,6.66,0.0,20.35,11.47,0.0,0.0,0.0,7.41,0.0,0.0,6.36,0.0,0.0,10.12,16.62,0.0,9.62,0.0,14.825,6.64,13.29,0.0,0.0,6.6,18.04,20.095,6.66,0.0,0.0,0.0,13.2,6.56,0.0,12.32
3788,3.5,0.0,0.0,1.52,4.68,2.96,0.0,0.0,0.0,0.0,1.52,0.0,0.0,7.92,4.68,4.576,7.055,5.9,14.44,2.96,7.45,0.0,0.0,0.0,0.0,6.92,2.88,5.0,0.0,0.0,0.0,0.0,0.0,10.0,0.0,9.0,2.75,5.0,3.185,4.5,0.0,0.0,0.0,0.0,14.0,4.5,0.0,7.58,0.0,4.5,0.0,0.0,0.0,0.0,0.0,0.0,0.0,0.0,0.0,4.16,0.0,0.0,1.04,0.0,7.02,11.925,5.1,0.0,0.0,0.0,29.64,8.96,0.0,0.0,12.16,10.4,8.91,0.0,0.0,0.0,0.0,0.0,5.5,3.24,0.0,0.0,9.45,2.16,4.86,0.0,14.58,0.0,0.0,0.0,0.0,25.325,19.325,12.09,0.0,9.66,13.2,12.8,0.0,4.48,6.615,3.96,45.45,7.75,0.0,12.95,9.2,17.295,0.0,13.6,6.66,0.0,0.0,7.2,27.78,0.0,0.0,6.66,0.0,0.0,11.7,0.0,22.85,5.92,13.32,14.8,12.62,20.35,0.0,0.0,25.99,10.5,0.0,7.77,7.92,12.85,0.0,8.6,10.925,12.0,0.0,13.27,0.0,20.935,14.11,0.0,36.46,0.0,23.76,0.0,16.77,44.28,20.405,7.04,10.25,17.16
3789,0.0,0.0,0.0,0.0,0.0,0.0,0.0,0.0,0.0,0.0,0.0,0.0,0.0,0.0,0.0,0.0,0.0,0.0,0.0,3.5,0.0,0.0,0.0,0.0,0.0,0.0,0.0,0.0,0.0,0.0,0.0,0.0,0.0,0.0,0.0,0.0,3.0,0.0,2.115,0.0,0.0,0.0,4.5,0.0,0.0,0.0,0.0,0.0,0.0,0.0,0.0,0.0,0.0,0.0,0.0,0.0,0.0,0.0,0.0,0.0,0.0,5.0,0.0,0.0,0.0,0.0,0.0,0.0,0.0,0.0,0.0,0.0,0.0,0.0,0.0,0.0,0.0,0.0,19.71,3.24,0.0,0.0,5.3,6.48,0.0,0.0,0.0,0.0,0.0,0.0,0.0,0.0,0.0,0.0,0.0,0.0,0.0,0.0,0.0,0.0,0.0,0.0,0.0,0.0,0.0,0.0,0.0,0.0,0.0,0.0,0.0,0.0,0.0,0.0,0.0,0.0,0.0,0.0,0.0,0.0,0.0,0.0,13.2,13.2,5.85,0.0,0.0,0.0,0.0,0.0,0.0,0.0,0.0,0.0,0.0,0.0,0.0,0.0,0.0,0.0,0.0,0.0,6.64,0.0,0.0,22.23,6.64,0.0,6.64,0.0,0.0,10.45,0.0,0.0,0.0,0.0,0.0,0.0,0.0,0.0
3791,5.59,0.0,1.52,0.0,0.0,11.175,0.0,0.0,3.8,0.0,0.0,0.0,0.0,1.52,0.0,1.64,0.0,4.94,0.0,0.0,5.0,2.34,0.0,0.0,0.0,0.0,0.0,9.9,0.0,4.68,4.5,0.0,0.0,0.0,0.0,15.0,5.0,4.0,0.0,0.0,4.5,0.0,0.0,0.0,0.0,2.0,0.0,5.0,0.0,17.01,0.0,0.0,5.0,0.0,7.8,0.0,0.0,0.0,0.0,0.0,0.0,0.0,4.24,4.94,3.64,0.0,4.56,0.0,3.12,0.0,0.0,0.0,0.0,0.0,0.0,4.64,0.0,0.0,4.68,0.0,0.0,0.0,5.04,0.0,0.0,0.0,13.2,0.0,16.782,10.8,0.0,0.0,12.925,9.9,18.7,0.0,9.92,0.0,37.855,4.2,0.0,6.6,14.59,4.275,19.68,0.0,0.0,11.88,29.42,5.04,13.29,6.38,20.66,0.0,0.0,6.66,13.2,3.3,0.0,13.26,12.95,16.44,8.14,30.63,24.6,0.0,6.6,0.0,6.66,0.0,13.29,20.35,0.0,6.6,13.32,18.01,0.0,6.63,0.0,15.13,6.63,0.0,12.74,0.0,8.61,10.79,13.15,19.505,40.0,6.65,6.97,17.43,42.8,0.0,12.95,11.88,0.0,33.4,0.0,0.0
3792,0.0,0.0,0.0,3.15,7.98,9.04,0.0,0.0,6.2,0.0,3.04,0.0,0.0,0.0,0.0,1.52,1.5,4.5,0.0,0.0,0.0,0.0,5.385,4.32,1.6,3.0,0.0,0.0,0.0,0.0,0.0,3.29,0.0,0.0,0.0,7.5,3.0,0.0,0.0,4.0,5.0,4.5,0.0,0.0,0.0,3.0,3.92,5.0,0.0,0.0,0.0,0.0,0.0,0.0,0.0,0.0,0.0,4.24,0.0,0.0,3.9,0.0,0.0,0.0,0.0,0.0,0.0,7.8,4.42,0.0,0.0,4.59,0.0,0.0,0.0,0.0,0.0,0.0,3.48,0.0,0.0,5.13,0.0,9.07,5.25,0.0,0.0,0.0,0.0,0.0,5.5,15.025,6.6,0.0,6.05,0.0,0.0,28.45,10.215,6.6,0.0,6.6,4.4,5.175,3.025,10.32,0.0,11.64,0.0,0.0,5.61,0.0,6.6,68.02,0.0,0.0,0.0,12.95,11.16,12.61,0.0,10.63,0.0,6.6,6.66,17.52,0.0,26.64,11.1,0.0,18.13,13.32,6.66,14.64,0.0,8.0,7.8,0.0,0.0,12.1,0.0,8.58,0.0,13.28,9.96,12.58,0.0,0.0,0.0,10.56,19.8,6.64,13.2,0.0,5.28,9.96,10.45,13.2,0.0,6.225
3793,6.12,3.7,2.04,6.0,2.2,17.15,4.94,5.7,13.96,1.9,2.66,1.56,3.04,0.0,10.64,3.01,15.405,37.26,10.98,18.72,33.595,0.0,4.94,8.5,3.0,11.1,24.24,0.0,6.5,0.0,2.0,7.5,0.0,0.0,26.0,16.75,3.0,11.52,8.18,8.96,0.0,0.0,23.0,20.75,28.0,2.5,14.5,20.0,5.75,5.0,8.0,29.5,2.5,5.0,11.74,12.1,23.64,10.0,0.0,19.125,30.0,20.175,7.54,9.08,3.06,67.89,62.685,6.76,3.64,4.68,6.24,0.0,3.18,4.68,33.71,0.0,5.3,21.92,21.685,13.6,0.0,42.605,6.48,79.186,0.0,11.42,9.6,36.02,0.0,0.0,14.94,5.28,24.96,19.02,14.23,61.79,22.11,53.385,35.18,14.59,11.33,0.0,0.0,45.92,19.35,13.215,32.845,20.355,36.33,0.0,54.995,8.34,8.775,23.1,38.145,22.155,0.0,0.0,0.0,181.855,26.34,36.2,38.25,35.62,6.66,42.12,28.8,43.18,12.58,96.025,76.0,30.89,5.92,49.21,87.885,14.82,0.0,49.29,64.435,16.59,47.25,6.64,120.75,24.9,36.23,35.985,11.48,105.28,9.73,18.465,10.0,31.54,61.48,11.0,103.315,39.2,0.0,61.085,15.66,0.0
3795,0.0,0.0,4.18,3.63,4.39,21.57,3.0,0.0,4.8,0.0,1.4,0.0,1.56,6.0,1.52,7.61,15.696,37.34,2.4,11.5,26.56,2.0,3.12,9.0,6.94,0.0,0.0,0.0,4.5,2.0,4.8,3.22,5.0,0.0,9.8,5.6,19.0,0.0,5.0,17.5,8.0,0.0,2.0,0.0,45.5,24.59,7.5,0.0,4.5,0.0,0.0,14.0,2.5,4.5,14.0,0.0,13.5,9.075,0.0,0.0,4.42,0.0,4.5,99.39,0.0,7.57,29.5,10.2,15.24,0.0,0.0,46.175,29.9,37.44,4.68,4.505,101.84,12.16,9.86,0.0,6.16,0.0,4.59,0.0,3.3,10.03,5.4,0.0,2.32,1.65,5.94,35.105,18.33,16.04,6.6,106.14,0.0,0.0,5.12,4.41,25.2,0.0,10.2,3.0,83.24,15.84,0.0,33.52,0.0,5.28,6.6,0.0,0.0,0.0,7.92,60.06,0.0,0.0,12.675,31.86,0.0,8.58,10.89,44.73,19.8,13.32,95.15,0.0,37.09,21.21,0.0,47.19,6.66,9.99,17.49,0.0,0.0,13.3,0.0,6.63,0.0,28.82,39.36,6.64,31.54,26.155,5.74,13.28,17.0,23.75,10.12,42.16,14.12,97.12,72.415,0.0,6.64,10.56,19.8,0.0
3796,8.24,27.74,17.24,10.28,17.885,31.589,7.6,11.52,4.75,3.29,5.75,7.04,3.04,14.02,24.43,9.5,37.33,42.18,17.65,19.84,41.14,9.34,19.88,31.235,8.8,12.89,14.5,11.84,19.75,17.078,19.99,2.35,9.79,10.5,17.05,23.85,9.0,16.5,31.5,32.12,22.5,12.0,13.75,13.42,40.25,25.2,36.39,28.06,10.7,34.05,13.5,19.25,15.0,0.0,13.7,4.5,13.04,3.25,12.67,22.8,23.905,40.32,6.12,15.76,38.78,33.483,2.04,2.08,15.63,2.08,23.63,48.09,11.645,15.985,24.74,6.67,1.68,21.715,26.39,28.23,0.0,7.97,54.83,26.67,0.0,36.52,5.4,17.28,54.52,45.345,21.56,17.51,25.985,85.91,26.755,69.545,3.35,54.91,36.375,158.6,10.08,27.395,36.65,14.85,10.2,100.055,19.325,32.91,51.08,82.2,84.295,62.45,36.77,52.115,85.34,25.04,10.575,11.22,46.505,100.81,56.03,41.84,85.57,77.69,10.08,52.17,55.59,100.065,39.33,80.73,55.11,72.63,21.48,58.835,17.16,45.55,32.42,49.7,62.19,125.11,83.435,41.96,79.88,160.045,90.535,108.54,83.9,34.405,68.56,88.75,49.04,66.875,72.4,51.88,89.785,34.675,52.13,47.38,24.68,6.6
3797,0.0,4.54,6.86,4.5,0.0,9.455,9.54,12.9,21.07,0.0,12.98,8.74,13.375,12.09,14.24,9.41,19.015,17.95,4.5,9.44,29.0,6.0,23.27,25.1,0.0,8.0,8.75,16.85,9.5,4.0,0.0,4.5,4.0,13.5,25.0,32.3,13.0,18.0,27.675,6.0,17.0,12.5,4.0,5.1,12.75,11.5,40.02,4.0,7.5,2.0,19.505,20.5,10.0,4.5,24.81,4.0,5.0,4.68,9.67,26.46,4.5,0.0,18.46,6.84,0.0,4.5,0.255,3.12,12.74,4.68,17.89,28.9,5.24,4.42,27.68,8.83,28.44,8.16,6.33,19.96,5.9,7.48,12.255,49.766,0.0,22.77,0.0,47.065,195.7,17.82,18.795,4.96,15.59,53.299,17.4,36.72,16.46,29.1,21.95,34.86,30.3,9.3,12.55,11.745,15.61,35.655,5.61,112.695,48.185,52.445,49.11,13.2,19.305,13.215,21.16,5.92,0.0,32.54,13.2,28.68,7.62,36.26,18.38,28.59,23.95,121.17,77.56,26.61,5.4,90.99,38.84,89.64,6.66,0.0,16.62,18.33,37.6,13.3,59.44,29.05,30.73,19.27,19.385,6.225,6.64,12.24,38.38,13.28,29.84,27.41,43.35,85.685,33.275,12.3,23.1,26.84,6.64,13.24,16.65,3.96
3799,9.7,14.99,8.04,9.13,19.755,20.12,9.06,27.07,26.875,3.08,4.56,5.08,8.58,12.39,20.64,20.5,17.64,44.21,20.33,24.79,10.03,9.4,20.6,12.94,13.5,6.71,14.905,16.2,27.47,12.5,12.85,14.0,10.06,12.75,14.5,34.75,4.5,34.25,9.82,24.93,7.5,11.0,12.0,4.5,11.25,25.75,24.6,24.0,3.0,5.75,0.0,11.94,11.0,12.45,7.13,46.135,3.1,15.88,10.92,4.0,2.86,5.0,21.58,6.63,39.58,33.72,14.66,10.83,22.13,8.145,4.68,20.31,8.52,3.06,7.0,20.54,47.82,26.41,9.18,44.7,16.89,7.515,26.78,51.43,5.035,32.02,18.915,54.765,30.78,25.16,10.23,24.88,18.6,60.74,80.905,72.43,26.03,29.69,71.495,25.858,31.585,31.3,20.81,38.84,7.695,6.3,25.89,17.4,2.8,23.76,74.523,38.535,25.99,40.62,61.8,6.6,0.0,47.34,140.425,34.25,32.94,46.44,149.985,77.04,47.96,68.05,54.1,26.64,57.54,22.2,51.84,63.32,25.89,32.3,27.88,25.22,21.89,28.77,71.67,41.385,85.31,77.82,56.09,56.19,50.75,23.45,30.67,104.29,22.635,50.595,26.52,32.59,13.28,28.49,50.006,37.535,23.215,23.37,0.0,24.64
3802,47.155,48.798,65.25,82.533,84.994,102.0,45.105,37.66,40.385,23.1,15.505,30.17,42.53,42.16,83.035,96.605,105.13,140.015,107.375,64.295,113.76,64.85,22.16,67.99,28.56,22.1,48.955,32.07,42.5,46.44,50.92,31.06,41.915,67.55,61.84,38.46,41.75,55.0,59.06,65.75,116.495,52.1,49.85,49.0,28.25,44.75,50.0,59.1,48.75,46.5,53.6,65.5,12.86,27.52,46.2,76.05,46.73,19.12,15.57,35.34,109.4,79.96,52.0,30.48,29.65,17.2,35.65,46.32,37.05,32.82,22.76,45.245,16.975,15.54,46.78,10.44,35.79,35.42,62.83,22.015,33.29,55.725,35.86,48.055,22.515,64.025,74.08,27.11,38.015,77.26,38.765,44.215,96.165,184.68,186.185,148.47,125.285,211.375,186.275,214.45,87.575,54.14,42.11,55.985,107.12,129.275,142.38,163.66,153.34,183.095,184.59,157.32,195.79,278.78,268.68,41.78,9.9,137.585,307.42,279.77,187.76,234.39,250.385,286.685,204.52,217.22,285.93,210.78,137.125,148.34,120.76,147.6,83.455,96.99,198.24,78.86,61.4,100.8,121.265,116.735,159.82,82.19,125.715,132.815,117.16,80.2,91.76,70.885,167.535,135.44,152.51,118.08,197.2,132.58,235.295,188.36,131.66,168.025,97.81,46.455
3803,7.58,14.09,13.7,17.644,34.95,39.03,7.58,16.59,25.96,8.71,7.98,4.75,10.65,25.53,49.08,34.7,85.87,73.48,46.19,37.775,79.81,16.36,32.685,31.85,22.48,18.68,13.15,26.5,11.66,7.4,38.3,24.43,17.07,18.25,74.94,60.1,26.15,18.83,6.0,99.0,66.0,74.94,23.0,20.5,45.0,11.25,50.84,48.5,55.5,27.75,61.86,72.66,61.84,196.73,61.98,47.5,17.36,22.5,65.06,22.41,10.5,16.0,30.575,53.16,42.46,10.5,76.08,13.45,10.67,91.61,35.14,69.375,0.0,35.96,15.07,21.42,22.25,7.97,24.615,270.03,44.075,70.2,29.195,97.915,28.44,20.345,65.76,40.44,34.66,180.43,109.915,194.665,117.995,64.66,83.945,100.07,95.95,127.35,103.27,169.215,139.92,41.57,30.885,39.65,52.7,132.79,107.915,187.24,82.785,114.48,127.135,151.47,203.975,290.41,186.805,49.26,58.4,171.405,94.39,86.91,98.82,143.61,198.35,143.26,411.01,132.22,124.81,249.875,243.29,160.38,269.4,115.295,68.175,66.78,58.06,78.865,32.56,36.84,60.075,49.695,55.485,78.415,48.805,220.67,25.665,273.66,80.635,91.24,70.2,311.5,112.02,147.605,68.24,64.5,56.46,171.31,63.68,74.08,40.545,21.12
3804,7.17,16.665,11.44,29.17,24.064,30.71,22.73,35.975,50.92,9.82,22.86,22.65,13.37,22.86,17.86,8.78,45.495,56.268,22.11,16.0,72.28,31.62,35.73,52.8,5.0,18.2,13.935,15.75,42.765,13.16,15.12,17.05,24.125,23.5,23.5,55.04,34.04,29.035,36.0,28.8,52.25,17.5,41.54,31.58,48.0,23.5,61.0,37.86,136.578,30.5,21.0,51.5,61.44,13.5,31.35,35.12,24.92,59.055,25.39,22.41,48.5,18.945,36.27,20.63,8.36,13.8,21.54,37.0,28.8,26.2,12.12,11.55,0.0,32.13,29.81,22.12,13.685,26.13,18.1,33.22,37.94,75.855,66.41,64.77,11.1,47.03,60.835,71.53,38.1,49.265,31.72,41.355,152.76,128.505,105.435,81.055,66.695,69.305,139.61,66.195,55.055,117.065,51.74,48.99,47.795,78.775,107.045,68.495,22.65,75.64,70.315,117.31,116.025,77.26,271.285,43.57,6.29,47.07,173.705,149.43,143.83,80.26,103.1,120.885,79.39,50.34,74.86,102.16,43.83,59.91,137.29,41.71,50.44,103.23,61.52,91.535,66.62,92.52,46.21,23.27,109.09,67.898,48.835,226.365,76.445,33.71,112.71,90.685,70.82,82.575,41.455,190.93,102.555,40.615,134.71,129.74,39.53,107.8,22.48,9.24
3805,88.834,94.24,114.81,131.74,252.984,325.805,98.05,105.849,226.785,18.87,69.02,78.17,102.39,149.05,163.12,217.72,364.623,421.945,206.94,240.515,323.558,120.62,96.71,173.98,56.76,96.92,99.86,104.715,138.49,140.108,144.66,123.695,118.445,171.42,217.26,106.42,136.51,144.84,157.3,152.86,210.17,81.3,144.54,166.61,159.75,171.965,174.715,113.18,126.035,190.06,115.25,141.0,106.19,75.52,123.025,133.785,104.205,110.795,91.025,133.845,117.155,82.3,94.645,73.97,83.395,42.27,76.95,107.345,110.475,124.345,116.8,153.435,97.015,100.84,132.963,70.815,139.14,143.89,82.865,180.64,103.135,109.59,149.015,199.53,148.055,153.84,138.405,211.75,158.51,154.095,104.16,153.81,345.555,334.53,503.85,445.39,317.025,454.875,428.925,307.8,226.215,94.85,179.285,245.89,290.54,505.56,685.4,480.3,363.965,399.875,370.135,350.47,577.905,508.055,597.655,106.83,48.49,476.465,1025.655,850.56,567.55,546.33,583.98,492.7,438.455,610.045,676.26,548.14,422.225,452.365,562.93,453.525,214.405,248.76,406.885,268.7,225.645,233.7,313.835,450.34,414.385,411.785,291.89,425.095,253.985,373.365,269.705,277.345,439.04,437.155,373.275,348.12,443.19,550.995,444.2,628.26,281.79,455.545,306.85,126.465
3806,99.518,102.795,131.895,131.53,147.495,195.515,83.73,47.78,125.186,14.86,42.826,69.65,48.67,105.81,140.068,212.44,233.5,335.65,132.964,143.655,282.195,78.87,85.64,108.98,67.2,59.4,66.2,79.9,100.125,76.38,81.89,72.99,115.65,77.53,78.33,75.98,112.07,145.75,131.63,57.09,151.36,189.7,104.94,125.02,160.44,145.05,132.3,92.55,127.39,82.69,116.7,110.86,131.37,77.21,112.66,96.67,132.4,87.22,96.835,62.92,80.31,92.11,67.83,70.955,71.18,46.1,44.045,146.505,66.365,83.83,74.965,59.355,78.33,82.19,88.299,47.66,112.62,134.815,110.665,87.76,193.12,112.52,226.05,298.325,104.335,110.485,174.245,229.82,129.7,85.82,114.666,161.62,245.745,305.42,357.565,395.63,310.845,465.525,311.915,328.49,269.32,92.285,273.867,265.75,373.095,442.77,521.505,498.325,396.52,378.775,395.78,316.63,366.44,387.905,568.71,129.4,28.74,343.91,792.6,858.565,432.415,676.945,632.45,457.185,423.645,476.99,613.4,542.31,492.83,484.395,677.46,586.715,325.025,350.79,299.56,304.72,319.15,324.93,350.37,411.945,414.04,397.125,696.995,457.845,461.895,526.535,361.33,387.725,332.93,356.79,384.65,465.905,384.335,680.385,676.59,601.805,333.84,513.98,364.485,132.145
3807,1.9,15.64,22.5,18.585,34.43,60.785,13.16,30.1,60.06,4.18,9.84,5.02,16.025,11.41,31.36,30.08,37.15,50.36,33.74,45.6,59.71,36.33,16.85,33.94,15.06,0.0,7.0,18.92,13.1,30.06,4.0,13.27,15.8,9.3,21.6,23.845,10.75,26.135,11.59,22.0,32.54,22.5,12.0,32.0,16.5,19.0,15.0,3.0,21.0,17.0,15.94,4.5,12.5,15.66,12.0,21.77,10.125,8.98,28.44,11.0,7.5,13.61,28.76,13.36,26.95,4.42,4.42,13.11,18.64,9.18,31.04,18.335,13.25,49.39,11.89,21.76,4.16,9.59,5.12,28.385,45.05,17.64,29.35,36.195,27.585,49.59,37.71,16.12,71.715,28.84,49.84,12.67,25.265,93.64,67.685,47.675,27.545,61.33,56.69,22.27,42.28,29.67,45.59,22.58,71.42,142.665,36.285,52.46,56.92,27.58,41.46,64.26,119.51,32.57,61.35,34.355,21.87,97.87,94.015,91.51,58.055,42.92,84.09,64.03,109.695,47.58,62.35,87.84,56.87,121.38,51.25,97.98,25.53,37.69,33.27,44.31,38.48,34.225,42.53,101.84,98.7,21.165,35.77,98.56,31.75,81.1,42.815,55.17,150.66,58.0,60.195,63.545,61.255,79.81,62.515,114.15,35.005,69.69,45.405,28.6
3808,0.0,11.515,1.33,21.045,15.54,40.11,4.56,7.155,24.32,12.12,1.52,4.44,3.04,16.16,8.83,12.93,20.85,67.125,25.5,4.56,19.57,12.5,2.73,19.32,4.32,0.0,4.0,9.9,8.0,20.0,8.25,13.5,13.5,0.0,0.0,15.0,3.0,5.5,5.0,3.0,23.99,0.0,35.95,0.0,10.0,5.225,26.3,5.0,12.34,10.0,24.74,9.0,4.5,0.0,0.0,7.18,9.0,4.42,14.14,15.92,9.76,9.5,4.59,4.5,0.0,0.0,4.0,0.0,38.115,3.0,0.0,9.44,4.58,4.5,0.0,10.07,9.78,23.07,0.0,16.89,11.6,0.0,13.48,9.07,0.0,21.195,10.53,21.57,37.65,13.68,39.145,18.315,17.19,26.48,28.53,80.62,19.755,41.34,23.455,14.25,4.8,0.0,24.99,10.23,47.57,47.72,22.7,22.455,30.03,12.585,47.38,21.4,5.94,6.6,14.775,23.085,9.99,44.085,68.76,62.99,10.56,18.94,55.71,93.43,22.57,78.71,85.1,35.62,50.55,6.66,36.87,66.31,0.0,86.44,7.03,6.6,24.07,6.66,43.33,33.05,52.28,39.95,50.04,48.97,19.91,5.7,111.61,24.035,55.595,36.0,9.96,10.56,13.29,40.905,23.32,31.56,23.42,23.78,4.75,13.2
3809,2.22,1.5,1.52,3.62,4.56,13.25,5.32,7.04,7.421,0.0,0.0,0.0,1.52,4.56,11.02,11.71,8.93,23.58,1.56,0.0,37.58,1.6,6.82,17.28,0.0,5.0,4.52,5.0,0.0,10.37,5.4,3.0,3.0,13.616,20.85,11.4,12.0,30.18,73.38,3.0,7.53,16.9,39.75,9.5,24.5,26.75,29.58,29.6,28.5,25.45,10.5,39.0,2.5,23.65,15.16,26.5,8.72,8.5,9.15,11.71,14.04,41.525,25.4,18.78,34.67,5.58,36.8,15.64,32.64,47.8,13.075,26.3,18.67,17.76,54.355,7.5,21.575,11.93,48.78,16.02,72.39,29.94,32.8,101.57,67.295,72.375,144.6,30.44,99.56,73.88,94.065,140.467,238.545,263.345,232.72,144.18,117.985,207.32,256.83,146.445,160.59,87.105,50.015,166.165,289.112,444.47,374.56,340.32,279.265,278.065,335.075,182.85,167.48,381.98,407.85,62.685,24.69,302.89,436.905,477.87,343.3,318.46,311.57,283.05,424.5,414.35,557.42,428.12,318.915,433.44,307.345,394.99,122.53,216.95,183.57,197.735,133.995,233.23,263.335,282.99,349.56,157.925,164.12,396.64,179.885,211.475,143.09,135.255,278.52,261.385,188.58,211.72,211.335,283.815,269.345,520.365,149.14,152.505,220.95,106.345
3810,53.52,70.549,77.75,67.585,121.191,162.31,53.545,46.674,105.762,34.46,65.404,58.9,54.445,106.565,122.575,168.835,268.005,318.955,134.205,122.285,258.205,106.475,85.12,115.215,85.88,148.389,96.8,74.15,119.395,46.52,114.56,136.08,109.074,119.8,110.85,94.86,93.55,94.93,108.17,217.1,191.31,203.34,135.15,131.05,150.97,195.99,167.51,126.25,116.59,189.58,92.25,132.1,110.25,100.95,105.78,151.69,189.37,120.84,133.5,119.3,86.455,240.2,131.04,116.94,142.195,101.885,136.135,124.35,109.47,114.86,85.13,179.752,129.623,123.725,103.97,145.715,142.14,91.875,196.385,163.87,254.565,99.38,199.185,207.715,95.02,102.98,171.453,266.695,260.24,292.53,363.755,191.13,327.505,515.59,475.58,473.95,267.33,346.025,345.425,270.465,277.555,123.025,411.99,484.26,305.19,398.55,557.295,440.375,559.19,421.815,452.37,322.58,326.575,385.82,768.635,165.47,187.505,457.275,841.39,789.01,411.605,695.27,603.33,426.955,485.94,539.655,779.185,671.08,396.44,592.95,576.4,470.23,207.05,257.19,389.37,332.555,300.41,490.775,497.27,514.335,555.49,392.415,532.5,602.28,219.49,430.2,266.04,314.795,644.185,461.56,414.845,559.53,493.565,468.905,525.64,888.335,421.325,355.405,435.14,129.71
3812,9.9,12.62,13.67,9.66,21.2,37.02,11.29,7.22,15.95,0.0,2.7,3.0,8.4,22.94,4.5,7.42,15.92,24.41,1.9,12.0,6.56,0.0,4.5,0.0,0.0,4.23,11.12,4.32,8.82,14.04,3.0,0.0,8.5,18.0,14.09,18.0,4.5,18.5,3.0,7.75,4.16,8.75,7.85,4.5,16.5,8.1,7.5,25.74,19.5,4.0,4.59,5.0,78.0,4.56,3.0,7.5,4.16,0.0,9.09,8.84,10.0,7.0,7.96,0.0,0.0,12.0,0.0,1.53,4.5,0.0,0.0,20.775,0.0,4.58,14.85,0.0,1.53,4.59,13.685,13.98,4.68,4.95,5.4,21.64,10.26,0.0,11.78,0.0,0.0,12.37,0.0,0.0,16.83,31.35,11.7,122.4,99.825,11.615,41.675,15.64,53.065,6.3,16.045,0.0,12.9,0.0,6.6,19.25,6.0,26.46,13.23,0.0,6.6,163.98,24.06,69.3,0.0,106.1,33.9,0.0,26.49,56.87,34.78,3.15,54.21,13.32,29.14,14.96,14.43,38.45,32.71,29.97,15.66,52.97,13.29,19.11,20.36,111.73,0.0,36.23,111.64,0.0,42.485,11.64,13.28,155.045,0.0,6.6,9.96,0.0,21.165,19.84,6.65,6.64,0.0,31.12,29.04,0.0,0.0,0.0
3813,0.0,0.0,0.0,0.0,0.0,5.136,0.0,1.9,11.72,4.94,0.0,0.0,0.0,2.07,3.04,6.45,3.0,6.59,0.0,0.0,4.25,4.2,0.0,0.0,0.0,0.0,1.17,0.0,8.16,4.56,0.0,0.0,6.0,0.0,4.5,3.0,3.6,0.0,3.0,3.5,4.5,7.0,2.0,8.0,12.12,3.0,3.0,0.0,2.0,0.0,0.0,0.0,0.0,0.0,0.0,0.0,3.5,0.0,4.5,5.0,0.0,0.0,0.0,0.0,0.0,0.0,0.0,20.8,0.0,5.2,4.5,0.0,0.0,0.0,3.64,19.67,0.0,0.0,5.0,2.08,0.0,17.05,21.6,0.0,5.13,10.24,20.47,5.4,0.0,0.0,0.0,0.0,0.0,12.375,3.63,4.8,4.96,7.8,11.72,19.71,12.9,6.6,0.0,0.0,19.53,50.13,0.0,18.315,0.0,12.58,12.1,0.0,0.0,9.9,27.39,0.0,0.0,0.0,6.66,0.0,0.0,6.4,6.6,57.33,46.41,0.0,5.92,0.0,6.66,4.14,0.0,0.0,11.47,0.0,3.08,5.46,8.14,30.25,31.82,3.32,0.0,12.865,17.41,20.13,6.64,393.12,19.92,10.375,10.56,0.0,550.49,0.0,34.78,39.805,9.96,21.12,29.48,0.0,0.0,0.0
3814,2.96,3.5,17.42,0.0,7.214,11.02,15.655,8.22,14.35,0.0,6.84,1.52,0.0,4.86,5.32,1.95,16.025,12.84,6.97,8.94,11.5,9.5,0.0,4.8,1.6,0.0,1.6,5.35,20.0,14.95,11.29,13.73,9.5,5.0,6.84,13.0,9.4,8.2,17.14,6.62,18.99,9.0,9.0,12.5,5.5,4.5,4.0,11.0,19.5,4.5,0.0,8.0,16.59,7.0,3.12,0.0,27.0,0.0,9.6,4.55,0.0,10.0,13.42,0.0,7.68,7.5,28.26,0.0,3.12,6.93,9.48,0.0,0.0,0.0,0.0,1.56,12.42,0.0,10.26,14.645,6.66,15.0,9.6,11.38,0.0,0.0,24.87,14.08,10.06,5.94,0.0,0.0,14.665,10.965,28.33,46.69,73.85,41.44,10.5,48.12,15.0,5.76,20.505,9.24,0.0,36.42,91.6,128.57,23.235,62.56,87.38,10.23,36.015,19.11,11.43,0.0,0.0,0.0,58.99,66.365,0.0,5.94,33.76,0.0,30.48,42.52,44.175,6.66,0.0,6.66,13.29,10.36,6.16,33.33,6.64,33.36,0.0,36.16,44.725,20.645,13.26,76.77,6.64,42.63,0.0,8.305,38.05,0.0,23.18,13.28,17.6,30.475,25.74,47.84,10.375,8.36,40.66,33.295,28.65,0.0
3815,4.94,11.55,10.73,6.08,19.38,56.22,3.04,22.29,12.3,9.405,6.08,0.0,0.0,7.0,2.0,26.2,13.15,22.03,23.27,21.11,20.68,6.36,11.34,2.66,6.0,4.0,13.12,0.0,2.75,20.5,6.0,9.0,11.5,10.5,9.5,25.5,0.0,18.5,9.0,0.0,10.0,4.0,0.0,41.7,16.25,3.0,11.54,0.0,9.06,5.0,24.5,22.31,14.41,17.56,9.45,0.0,6.525,4.5,18.0,13.96,0.0,0.0,21.92,0.0,24.56,12.58,3.0,1.5,0.0,0.0,4.5,13.26,0.0,0.0,15.99,0.0,0.0,10.08,27.39,13.9,22.17,7.26,0.0,10.26,12.45,20.24,8.6,105.33,14.935,0.0,15.58,10.175,19.71,22.75,16.5,19.65,14.82,24.29,25.67,21.71,13.2,4.95,17.93,0.0,26.115,27.225,18.0,34.5,40.71,17.45,37.02,24.555,22.155,39.015,21.445,9.9,19.8,19.86,85.33,20.29,17.56,34.98,72.405,73.15,10.96,53.33,27.18,50.53,86.87,19.69,0.0,29.19,8.0,21.34,113.17,0.0,59.915,12.88,39.64,68.995,22.785,75.79,11.84,36.0,6.64,20.75,27.72,31.615,73.405,46.39,0.0,0.0,39.09,22.22,19.92,48.92,58.13,6.64,25.74,0.0
3816,3.42,1.33,13.66,4.9,11.02,14.195,2.5,14.3,22.016,3.4,10.02,0.0,7.44,10.64,4.52,3.51,4.99,37.28,15.6,16.9,28.6,5.6,5.25,18.5,10.66,1.17,9.72,16.0,15.72,5.0,3.5,14.5,25.61,4.0,18.25,9.0,16.33,0.0,8.0,18.08,19.0,11.34,6.0,11.5,7.5,2.5,7.0,9.0,3.5,0.0,14.34,3.0,7.5,7.0,0.0,7.5,26.44,25.18,13.14,1.5,8.5,7.0,5.75,4.59,26.66,4.24,8.98,9.09,0.0,9.18,4.16,4.42,0.0,122.14,8.82,7.67,9.27,14.0,4.32,10.015,46.155,9.45,106.28,6.535,11.31,10.625,24.05,3.6,15.39,32.09,35.545,12.48,104.04,40.11,19.825,5.4,0.0,16.625,92.7,4.95,44.935,54.415,21.97,8.815,35.445,33.555,19.515,0.0,5.28,10.9,19.815,7.11,11.88,7.92,5.94,11.1,37.77,76.01,19.8,6.29,12.29,26.22,119.7,13.12,76.51,18.34,26.61,117.8,6.66,123.21,32.71,38.73,6.66,23.3,20.72,19.98,10.5,26.28,52.74,31.55,28.545,21.34,29.47,77.87,16.78,19.92,6.65,50.145,46.865,34.44,13.24,6.4,40.63,24.64,34.46,62.14,6.6,6.64,0.0,0.0
3818,34.49,53.975,98.82,72.98,111.61,141.35,45.085,49.07,84.055,19.775,30.755,20.94,24.16,55.888,25.08,65.91,91.77,93.805,31.52,68.29,128.955,56.88,24.6,25.695,21.45,31.65,25.39,23.24,45.48,32.266,59.43,37.04,43.984,46.25,56.92,42.26,47.3,55.668,63.25,22.5,70.785,28.545,44.6,43.6,45.99,46.37,40.825,35.925,28.63,17.2,71.41,37.0,24.81,48.17,28.01,54.54,20.035,43.565,37.08,93.47,15.24,39.83,51.89,56.59,16.82,31.33,36.34,57.89,48.63,102.11,24.63,92.35,35.01,78.03,37.68,50.47,59.035,163.015,31.445,52.09,116.98,127.1,90.555,318.8,100.955,18.2,96.025,127.93,79.48,119.13,159.82,99.35,81.13,140.93,263.575,117.48,151.515,103.81,148.245,131.945,114.975,71.22,39.42,94.195,97.515,128.535,123.465,89.99,43.615,103.21,169.015,106.79,89.765,128.54,150.055,183.63,227.06,166.735,136.09,264.55,125.54,196.795,211.54,156.515,155.705,291.97,153.52,149.555,99.35,134.535,336.74,233.25,79.29,135.5,133.79,111.815,118.545,104.72,257.975,147.115,139.295,118.485,97.51,281.49,132.46,126.275,134.17,154.155,122.945,105.48,108.42,246.905,220.885,168.465,203.08,195.065,117.625,66.17,124.19,37.655
3820,27.38,43.73,68.24,68.245,57.81,152.438,29.127,42.9,53.644,19.32,21.2,14.28,20.705,16.905,25.3,47.92,120.895,101.865,61.43,51.575,150.96,35.29,38.115,45.62,18.69,28.08,41.26,51.46,38.41,45.064,41.798,40.42,29.923,46.5,34.0,26.7,48.775,28.1,47.325,73.36,57.0,31.94,89.6,44.25,47.12,25.425,35.03,35.06,29.66,92.21,59.36,22.92,46.77,52.67,121.79,55.48,42.62,13.96,30.5,82.59,21.285,120.52,43.06,98.06,43.51,37.4,30.8,36.27,116.18,47.39,12.47,88.358,69.11,96.185,53.4,32.775,59.39,152.07,49.94,71.785,104.465,59.54,77.015,70.82,51.61,89.385,82.685,173.33,75.275,164.31,79.19,164.86,120.445,111.685,80.51,151.805,101.195,128.095,240.27,195.145,56.375,143.24,160.405,66.84,116.27,149.07,171.14,137.707,107.005,157.95,99.975,64.53,107.025,184.645,124.075,136.395,274.765,231.25,182.445,182.415,189.93,232.255,94.86,172.265,206.75,154.13,204.025,231.935,81.995,129.015,278.84,171.405,121.8,88.9,112.52,103.56,204.58,221.02,173.56,196.685,182.415,246.86,222.65,238.1,277.085,163.875,142.68,199.72,201.075,300.41,262.635,123.56,312.63,170.895,189.42,240.75,129.775,174.105,160.13,16.795
3821,3.54,11.16,10.6,12.22,35.15,45.691,12.47,11.84,34.54,1.5,23.88,12.1,5.0,0.0,2.28,17.04,19.4,37.08,4.5,18.5,29.06,6.92,15.96,15.56,7.0,0.0,0.0,27.87,28.82,9.5,23.54,48.53,4.5,34.64,13.5,8.5,6.5,6.075,4.5,16.0,20.0,38.09,22.27,11.53,27.08,4.5,1.0,10.36,0.0,9.03,6.5,9.0,9.1,9.5,12.49,7.98,9.9,7.14,0.0,0.0,14.59,0.0,27.33,7.8,20.21,4.59,8.3,0.0,0.0,4.5,0.0,11.54,16.16,4.5,0.0,4.505,42.89,19.76,10.435,10.33,10.26,0.0,104.445,16.2,0.0,13.575,32.47,20.975,0.0,18.51,67.565,80.97,15.6,10.52,18.68,34.18,37.89,48.565,12.365,21.835,41.545,99.0,11.34,10.8,0.0,39.02,15.4,25.99,0.0,56.8,30.525,97.08,26.955,25.08,3.78,19.8,40.21,119.0,97.02,73.81,27.585,27.97,67.635,46.17,30.1,19.97,16.56,74.87,36.4,35.75,27.27,83.25,20.52,49.53,21.84,19.89,43.04,43.79,32.4,31.07,44.82,36.52,78.81,51.505,36.235,27.33,0.0,0.0,38.53,0.0,34.32,44.62,52.44,80.29,15.905,18.26,18.48,25.155,6.6,0.0
3822,0.0,8.74,19.06,1.54,8.0,13.5,3.04,0.0,24.058,0.0,9.26,0.0,2.5,4.995,23.0,3.04,17.29,0.0,4.94,21.665,10.36,0.0,7.5,0.0,0.0,0.0,0.0,8.0,10.04,0.0,19.34,1.17,0.0,0.0,4.32,9.0,5.0,3.0,7.0,0.0,13.0,6.0,0.0,0.0,0.0,7.59,7.0,6.0,0.0,0.0,0.0,0.0,0.0,2.0,0.0,0.0,4.59,4.5,4.94,0.0,5.0,0.0,0.0,4.0,0.0,0.0,0.0,0.0,0.0,0.0,0.0,0.0,0.0,4.505,0.0,0.0,0.0,0.0,0.0,4.59,0.0,0.0,0.0,0.0,16.53,5.94,0.0,2.16,0.0,0.0,5.31,13.0,0.0,11.91,11.55,4.02,0.0,0.0,6.615,0.0,5.89,11.825,0.0,9.37,11.73,19.6,20.475,0.0,12.025,0.0,6.6,23.37,6.6,1.98,0.0,6.6,6.66,8.03,0.0,5.94,0.0,0.0,8.14,15.54,0.0,32.44,0.0,33.18,0.0,0.0,10.4,12.9,6.66,5.92,0.0,0.0,9.68,0.0,66.4,0.0,12.21,8.3,18.675,19.8,0.0,14.725,5.2,19.84,17.16,6.0,0.0,5.16,0.0,0.0,29.53,0.0,18.96,0.0,0.0,13.2
3823,1.5,6.18,9.78,8.09,10.715,19.305,6.165,5.98,16.71,0.0,7.59,0.0,9.62,1.52,15.64,16.56,31.24,38.282,8.06,14.975,25.05,4.5,20.48,12.0,6.0,0.0,5.0,6.03,3.71,3.0,8.64,4.5,8.5,12.0,4.0,0.0,14.71,4.0,2.0,3.0,10.2,14.56,9.6,21.5,19.37,10.0,60.0,11.96,0.0,3.0,2.5,10.62,0.0,11.0,13.0,4.42,0.0,8.68,14.0,3.0,0.0,0.0,8.92,0.0,0.0,0.0,0.0,0.0,15.12,9.09,14.355,18.8,0.0,3.12,19.35,3.57,17.28,8.18,0.0,2.32,10.38,28.22,4.5,113.97,9.515,13.19,0.0,7.83,10.24,32.405,10.4,20.405,52.845,25.395,14.42,2.475,4.8,9.8,5.52,6.6,0.0,6.6,0.0,17.16,17.93,60.365,6.2,18.32,20.385,31.07,37.49,86.46,29.48,6.6,16.79,105.86,12.04,41.64,14.87,27.31,12.5,34.11,13.26,19.86,14.4,40.63,19.58,6.66,6.66,11.84,24.99,22.48,43.28,40.22,35.46,12.87,17.39,5.7,34.4,60.905,23.09,34.03,66.585,35.94,13.28,49.325,5.81,6.64,59.84,58.06,6.64,10.56,42.84,19.89,24.64,57.82,12.9,26.01,0.0,4.84
3824,0.0,9.21,4.52,8.11,27.49,43.15,7.76,8.844,24.58,17.619,29.46,15.87,6.9,3.04,6.46,11.4,54.25,42.5,40.96,25.255,38.405,6.195,11.0,31.19,23.48,2.5,11.06,21.0,10.42,11.74,29.96,37.09,28.26,27.5,17.25,13.5,12.93,18.0,22.32,17.62,9.0,34.365,13.0,17.22,6.425,22.18,12.0,11.0,7.59,20.0,15.198,20.99,8.59,22.8,11.13,101.905,9.0,4.25,0.0,14.4,16.84,9.25,9.65,3.06,9.2,16.42,11.25,24.94,0.0,3.135,21.02,20.985,6.67,2.08,3.12,12.52,32.86,4.55,36.01,28.845,41.02,21.435,12.83,25.96,11.44,47.04,17.44,27.09,17.28,19.45,20.12,11.8,30.35,19.3,28.34,34.08,13.2,38.635,100.51,31.39,47.75,27.865,34.59,50.24,17.29,19.78,49.255,33.015,30.425,44.82,117.23,49.83,36.22,37.305,20.05,50.39,55.46,46.45,28.47,11.88,53.96,12.865,26.21,53.14,6.66,36.94,39.21,38.72,73.095,29.94,94.24,62.02,29.99,116.16,51.7,19.525,26.76,19.96,32.65,17.2,38.515,57.4,81.365,53.64,63.85,53.805,104.7,52.065,27.475,55.14,31.84,53.87,51.495,29.56,36.56,45.83,16.72,46.355,24.02,11.44
3825,43.135,45.885,75.86,52.53,99.51,150.52,56.59,111.1,97.9,45.24,52.68,35.2,30.99,45.9,80.195,112.06,222.301,255.295,64.89,105.73,186.81,70.72,83.0,86.97,47.93,60.0,74.7,66.245,84.7,74.38,47.33,70.1,80.75,68.39,114.115,37.12,34.0,97.91,94.955,64.43,130.68,75.81,96.26,68.96,36.34,82.48,73.08,44.34,64.33,49.5,37.54,33.18,25.04,51.38,138.35,46.23,26.14,45.32,38.005,84.26,44.75,36.6,23.63,26.09,74.16,30.6,47.16,23.71,180.78,33.88,53.05,59.99,26.18,58.775,34.97,40.85,77.34,59.745,89.655,54.565,65.685,162.575,68.695,81.485,27.225,65.43,68.525,230.32,154.55,55.725,117.215,109.915,39.42,156.475,156.98,116.15,100.245,217.32,191.85,137.48,73.65,33.55,62.05,70.31,151.88,231.305,106.73,181.68,187.335,85.225,280.37,152.96,90.54,170.09,146.685,99.08,99.915,142.59,229.05,124.32,114.99,248.18,180.08,231.74,82.59,202.97,150.825,158.04,192.45,141.185,127.81,133.64,68.485,125.76,88.0,69.93,103.21,85.26,152.5,130.59,193.88,233.82,277.89,156.455,127.945,190.31,243.41,126.74,174.32,137.555,183.905,143.55,173.455,160.195,106.825,297.655,112.435,125.94,116.87,52.355
3831,0.0,4.07,5.36,9.99,9.12,29.4,1.4,12.5,17.42,3.04,15.08,12.6,9.75,1.9,12.54,10.34,12.04,25.0,10.7,3.8,35.02,9.02,5.5,17.0,5.98,0.0,9.0,4.6,4.5,5.0,2.5,5.0,4.5,11.56,5.62,4.5,4.5,28.8,11.0,4.5,11.5,7.0,7.75,11.875,7.74,5.5,11.0,13.82,10.1,1.5,7.91,14.0,3.5,18.0,4.0,9.0,8.66,3.72,0.0,7.8,16.005,9.0,4.08,3.06,21.1,0.0,0.0,4.96,0.0,14.12,9.7,4.56,0.0,4.59,4.95,13.14,13.25,11.91,43.12,17.93,6.44,4.24,10.66,10.4,0.0,17.74,20.16,6.44,23.77,81.91,18.675,23.42,6.6,15.305,12.03,0.0,22.49,38.05,14.875,12.0,7.44,17.65,0.0,16.65,19.74,45.515,11.3,11.7,20.33,16.5,21.145,13.1,20.32,6.6,47.58,11.55,19.46,42.945,8.14,6.66,23.69,15.91,6.135,6.66,35.86,10.945,25.08,19.86,18.075,99.0,49.62,69.93,0.0,0.0,19.14,13.3,3.33,8.355,19.375,61.39,17.25,0.0,33.79,50.09,6.63,54.97,26.56,19.92,4.92,0.0,21.58,24.64,13.2,106.32,28.795,98.12,0.0,8.715,0.0,0.0
3832,0.0,0.0,1.48,0.0,1.85,1.52,0.0,0.0,0.0,0.0,2.6,0.0,0.0,0.0,0.0,0.0,2.28,9.5,2.14,0.0,0.0,0.0,0.0,5.4,0.0,0.0,0.0,0.0,3.0,0.0,0.0,0.0,0.0,0.0,0.0,24.4,0.0,0.0,0.0,6.0,0.0,0.0,0.0,0.0,2.5,0.0,0.0,0.0,0.0,0.0,0.0,0.0,0.0,0.0,0.0,0.0,0.0,0.0,4.59,0.0,4.5,24.18,0.0,2.08,0.0,0.0,0.0,0.0,13.46,0.0,0.0,6.54,0.0,0.0,5.2,0.0,0.0,0.0,0.0,0.0,0.0,0.0,0.0,0.0,0.0,0.0,0.0,9.99,0.0,0.0,0.0,6.6,0.0,0.0,0.0,1.675,20.4,5.4,0.0,12.3,14.4,0.0,0.0,0.0,0.0,6.6,0.0,7.68,0.0,0.0,3.3,0.0,13.2,0.0,0.0,0.0,10.2,7.3,0.0,7.0,5.11,0.0,0.0,6.66,0.0,0.0,0.0,0.0,0.0,0.0,10.395,29.7,0.0,0.0,0.0,0.0,3.9,0.0,0.0,4.25,0.0,0.0,0.0,0.0,0.0,0.0,0.0,33.2,13.08,19.08,6.64,0.0,0.0,0.0,0.0,0.0,0.0,0.0,0.0,0.0
3833,0.0,0.0,0.0,0.0,0.0,2.0,1.52,5.32,0.0,0.0,2.6,0.0,0.0,0.0,0.0,8.736,0.0,0.0,2.22,0.0,5.0,10.52,0.0,0.0,1.52,0.0,3.0,4.78,4.6,0.0,4.5,0.0,8.5,0.0,0.0,0.0,0.0,0.0,0.0,0.0,0.0,0.0,0.0,0.0,6.5,0.0,0.0,0.0,4.5,1.5,0.0,6.71,0.0,0.0,0.0,3.0,0.0,0.0,0.0,0.0,0.0,0.0,0.0,0.0,0.0,0.0,0.0,0.0,0.0,0.0,0.0,0.0,0.0,0.0,10.54,0.0,0.0,0.0,0.0,0.0,15.66,0.0,4.68,0.0,5.015,0.0,0.0,0.0,0.0,5.49,0.0,0.0,0.0,0.0,6.48,5.5,1.375,0.0,0.0,4.2,0.0,0.0,0.0,0.0,3.15,99.45,5.94,0.0,0.0,3.85,0.0,21.45,0.0,0.0,0.0,5.53,3.85,0.0,5.6,6.66,3.33,0.0,19.98,0.0,0.0,5.92,0.0,3.7,6.66,0.0,0.0,6.66,0.0,0.0,5.55,0.0,0.0,11.68,0.0,0.0,12.97,0.0,11.84,6.66,14.875,16.6,19.0,0.0,0.0,0.0,0.0,0.0,0.0,0.0,0.0,0.0,0.0,6.6,0.0,0.0
3835,0.0,0.0,0.0,1.9,6.16,3.04,0.0,0.0,1.52,0.0,0.0,5.64,0.0,0.0,0.0,1.9,2.0,1.95,0.0,12.48,0.0,4.5,1.5,1.52,4.5,0.0,0.0,0.0,1.75,0.0,18.0,4.5,0.0,0.0,0.0,0.0,0.0,0.0,3.0,0.0,0.0,9.0,25.0,9.0,8.5,0.0,0.0,0.0,0.0,8.0,4.5,0.0,0.0,0.0,0.0,0.0,0.0,0.0,0.0,28.0,0.0,3.18,0.0,0.0,3.64,3.12,5.5,0.0,0.0,0.0,0.0,0.0,0.0,0.0,0.0,0.0,4.5,4.42,0.0,0.0,0.0,94.5,5.2,0.0,0.0,0.0,0.0,0.0,0.0,0.0,0.0,0.0,0.0,0.0,0.0,7.7,0.0,0.0,0.0,29.325,0.0,19.98,12.49,0.0,45.675,23.58,0.0,25.64,0.0,5.28,0.0,0.0,0.0,0.0,0.0,0.0,9.9,0.0,0.0,0.0,0.0,10.62,0.0,0.0,0.0,0.0,6.63,0.0,0.0,0.0,6.66,13.32,0.0,0.0,4.68,0.0,0.0,17.5,0.0,0.0,13.27,12.45,9.96,0.0,24.48,0.0,0.0,9.13,0.0,99.0,0.0,30.24,0.0,6.64,0.0,4.98,11.0,7.055,0.0,0.0
3840,48.125,45.474,24.62,38.535,46.355,73.37,20.555,55.668,78.315,13.9,30.78,42.278,10.04,19.35,42.32,62.585,99.085,159.16,55.085,119.065,157.22,37.895,67.24,74.76,43.89,67.08,53.51,67.78,58.298,81.47,55.08,12.5,36.0,16.5,66.54,87.5,18.33,45.5,33.57,108.59,78.55,47.5,96.79,27.77,39.5,101.17,24.32,17.68,36.84,43.0,35.375,30.15,77.59,34.0,29.2,65.52,36.49,60.09,17.68,25.7,9.0,12.39,40.72,31.18,64.54,6.12,33.16,52.15,12.75,54.14,36.125,199.09,32.43,11.56,157.275,33.16,64.515,171.93,98.07,72.095,82.585,93.05,120.095,91.14,61.93,237.77,80.625,75.36,35.89,384.87,67.325,36.905,93.66,114.41,61.34,148.025,35.945,79.055,63.69,119.79,148.79,53.855,71.475,136.21,56.735,221.745,108.805,272.065,33.0,79.035,327.955,118.15,24.85,71.715,221.97,84.34,222.895,180.71,212.33,164.54,99.33,222.32,199.055,210.56,128.57,120.25,143.7,306.665,90.385,106.34,127.85,146.605,56.64,89.83,156.24,107.45,135.89,385.15,125.965,99.8,86.44,217.135,68.73,218.995,89.555,96.09,136.54,129.985,98.275,221.05,119.97,126.855,47.405,126.61,186.44,175.645,45.4,136.385,69.52,11.44
3842,17.27,24.83,15.07,4.56,14.71,16.14,8.148,14.319,26.725,7.36,9.52,0.0,1.52,6.27,10.26,25.6,18.09,32.41,17.22,46.49,35.39,26.8,28.37,20.325,13.58,18.06,17.38,28.14,36.81,4.56,10.06,18.56,4.5,25.29,23.0,3.0,0.0,10.66,3.0,12.5,38.5,11.67,26.29,14.5,21.65,3.06,24.54,4.59,2.5,16.15,0.0,8.5,7.0,11.5,0.0,7.5,16.4,19.47,12.86,5.5,3.06,6.63,18.37,2.6,4.16,0.0,0.0,0.0,4.68,0.0,10.59,5.16,2.08,15.53,12.83,0.0,6.32,4.425,3.2,38.69,8.0,40.14,36.81,58.05,0.0,10.34,5.2,26.98,8.94,32.71,53.315,43.65,15.315,27.615,19.34,23.375,37.945,37.79,29.78,9.9,5.4,25.5,5.225,11.15,26.4,22.815,28.875,16.095,46.13,30.29,45.47,27.44,11.25,38.01,56.89,28.38,36.07,23.87,14.58,61.41,26.5,38.59,29.04,26.3,24.175,40.62,21.175,25.9,17.855,25.1,56.615,12.75,18.5,25.03,38.48,26.58,31.735,50.85,30.78,28.95,29.71,134.265,7.885,57.725,12.035,17.43,15.355,60.255,36.52,35.235,63.12,66.94,38.63,6.4,49.255,6.56,34.39,52.42,13.16,0.0
3844,99.53,71.203,67.545,88.345,116.77,196.275,142.73,119.315,150.743,49.425,63.687,36.04,27.59,29.57,80.16,66.655,204.825,251.595,64.53,130.11,344.56,41.85,45.38,145.45,61.27,74.59,54.62,80.43,64.84,102.81,41.01,46.79,57.03,55.98,68.77,66.04,32.2,36.39,129.385,105.93,84.34,100.83,140.05,71.81,102.76,78.07,75.76,69.06,44.38,54.52,127.06,81.55,16.18,58.38,59.95,43.315,78.355,95.62,63.79,114.04,80.35,40.87,19.145,71.75,50.11,113.3,69.95,112.385,103.515,90.98,35.35,50.55,28.72,74.76,65.47,62.535,259.395,78.885,155.935,123.26,61.615,138.515,179.817,157.66,197.86,107.385,110.385,113.315,165.05,113.395,165.885,278.79,205.83,195.1,218.57,141.525,153.19,252.38,270.62,176.84,185.905,143.645,136.565,178.975,231.53,142.875,255.185,289.445,161.62,139.11,356.095,318.855,239.04,246.935,231.875,214.225,162.75,297.405,325.48,304.805,201.75,294.435,415.32,213.6,236.44,428.23,188.965,303.27,299.14,278.48,304.39,516.35,168.185,172.89,460.015,179.28,154.14,313.44,164.79,327.955,219.065,273.065,256.105,321.265,189.96,244.29,238.55,376.38,292.22,182.27,168.24,149.06,181.92,294.29,190.23,288.475,95.75,375.56,137.47,34.445
3847,12.31,2.16,8.5,6.46,14.33,23.57,6.65,25.23,13.895,0.0,5.32,0.0,1.9,2.5,13.18,1.56,4.0,32.25,5.5,11.68,19.18,21.15,0.0,18.09,4.0,4.73,0.0,3.5,10.72,16.0,24.7,15.96,10.28,10.3,4.5,0.0,1.75,11.56,8.5,4.5,0.0,4.0,2.0,6.25,14.59,2.0,6.5,7.5,0.0,6.5,3.0,6.0,2.0,0.0,3.0,0.0,30.0,14.16,8.5,4.5,0.0,18.16,0.0,2.385,15.27,10.58,0.0,0.0,3.06,2.04,0.0,9.12,0.0,0.0,4.42,8.98,11.04,0.0,15.72,0.0,0.0,7.93,33.855,20.52,45.1,28.77,21.44,14.745,10.03,7.29,11.78,58.795,40.205,58.32,6.6,75.97,13.75,0.0,46.69,14.455,0.0,79.8,18.2,6.2,12.8,26.58,12.67,28.845,6.6,6.6,33.03,6.6,25.08,28.2,6.6,13.26,11.165,54.3,32.32,53.49,11.76,55.5,50.07,21.09,34.86,24.67,32.5,12.58,2.96,11.46,11.84,120.85,6.63,6.24,0.0,16.46,6.6,17.22,13.16,26.565,2.34,27.24,17.56,42.635,0.0,37.335,108.23,28.86,40.71,62.36,0.0,40.08,39.8,76.735,0.0,73.255,15.4,6.64,0.0,0.0
3850,53.055,40.385,63.885,46.86,62.42,149.835,66.76,74.785,191.655,13.69,40.532,19.9,14.52,29.51,35.46,24.305,70.785,203.086,41.86,93.35,125.81,19.16,39.06,50.09,39.94,26.5,25.5,31.44,64.97,9.18,24.3,17.66,26.32,19.75,27.5,34.55,48.0,69.16,38.61,0.0,20.2,28.85,31.64,27.075,19.435,92.69,20.59,50.56,12.5,53.94,30.0,70.3,68.28,153.73,19.06,137.02,64.92,56.22,100.0,68.74,16.5,19.17,70.39,39.46,24.68,16.9,15.7,26.15,38.92,227.7,8.49,9.5,53.906,51.27,42.24,61.51,65.54,61.79,28.43,302.155,27.49,59.64,86.31,63.655,48.42,64.52,50.325,130.5,48.91,108.77,34.02,83.375,34.45,63.27,123.235,76.85,120.81,105.595,55.595,57.485,183.21,40.39,58.855,60.18,46.695,38.75,90.485,118.305,41.145,79.815,96.21,100.69,176.78,193.6,77.74,201.56,117.11,117.645,50.08,150.17,76.22,77.14,134.78,68.74,69.09,122.23,102.66,129.35,149.36,75.895,170.02,153.07,89.45,46.21,76.03,62.63,119.57,90.07,178.865,241.595,82.21,139.255,63.675,106.27,62.735,130.775,124.525,80.485,114.105,114.125,83.665,130.985,139.455,89.7,67.915,144.765,54.465,101.06,69.08,13.2
3851,25.72,22.97,28.72,30.965,44.085,69.34,23.99,30.06,121.183,9.72,15.259,31.54,6.75,42.68,16.82,36.37,71.74,108.6,76.31,37.815,100.91,19.9,17.7,53.88,27.55,6.255,21.43,21.3,45.12,28.97,37.09,33.0,37.14,29.06,37.43,17.51,10.5,42.18,32.3,15.81,36.49,51.24,50.81,11.5,40.68,64.5,22.495,34.23,9.0,4.25,28.59,16.6,13.09,18.24,22.22,3.5,42.97,24.405,11.55,27.77,16.32,13.09,22.58,41.91,20.67,11.96,50.51,11.275,15.13,11.96,7.5,22.54,3.99,30.02,10.24,2.16,23.23,21.44,35.88,16.715,24.28,58.045,81.055,40.525,23.745,40.06,44.49,51.71,41.5,70.98,70.02,43.2,63.08,40.295,43.95,27.31,48.32,75.005,143.015,81.605,95.545,93.505,54.51,53.65,23.14,94.385,114.4,55.215,43.75,55.5,88.315,64.37,84.21,93.61,56.07,141.32,143.81,51.6,68.065,190.86,6.6,89.51,215.38,140.05,36.14,63.62,128.49,79.09,113.46,61.7,43.29,139.23,31.45,36.7,126.28,52.49,51.71,29.98,48.57,82.765,34.36,27.73,74.9,64.75,45.17,99.355,36.185,59.73,44.235,164.88,47.735,180.505,67.225,57.885,59.155,91.485,21.65,54.06,20.72,0.0
3852,0.0,0.0,0.0,0.0,0.0,0.0,0.0,0.0,0.0,0.0,0.0,0.0,0.0,0.0,0.0,0.0,0.0,0.0,0.0,0.0,0.0,0.0,0.0,0.0,0.0,0.0,0.0,0.0,0.0,0.0,0.0,0.0,0.0,0.0,0.0,0.0,0.0,0.0,0.0,0.0,0.0,0.0,4.5,0.0,0.0,0.0,0.0,0.0,0.0,0.0,0.0,0.0,0.0,0.0,0.0,0.0,0.0,0.0,0.0,0.0,0.0,0.0,0.0,0.0,0.0,0.0,0.0,0.0,0.0,0.0,0.0,0.0,0.0,0.0,0.0,0.0,0.0,0.0,0.0,4.56,99.9,0.0,0.0,0.0,0.0,0.0,0.0,0.0,0.0,0.0,0.0,0.0,0.0,0.0,0.0,0.0,0.0,0.0,0.0,0.0,0.0,0.0,0.0,0.0,0.0,0.0,0.0,0.0,0.0,0.0,0.0,0.0,0.0,0.0,0.0,0.0,0.0,0.0,0.0,0.0,0.0,0.0,0.0,0.0,0.0,0.0,0.0,0.0,0.0,0.0,0.0,0.0,0.0,0.0,0.0,0.0,6.66,0.0,0.0,0.0,0.0,0.0,0.0,0.0,0.0,0.0,0.0,0.0,0.0,0.0,0.0,0.0,0.0,0.0,0.0,0.0,0.0,0.0,0.0,0.0
3853,0.0,0.0,0.0,5.0,0.0,1.71,0.0,0.0,0.0,0.0,0.0,0.0,0.0,0.0,0.0,7.79,0.0,0.0,0.0,0.0,0.0,0.0,0.0,0.0,0.0,0.0,0.0,3.0,0.0,0.0,0.0,0.0,0.0,0.0,0.0,0.0,0.0,0.0,0.0,0.0,0.0,0.0,0.0,0.0,0.0,4.5,0.0,0.0,0.0,0.0,0.0,0.0,5.1,0.0,0.0,4.59,0.0,0.0,0.0,0.0,0.0,0.0,0.0,0.0,0.0,0.0,0.0,0.0,0.0,0.0,0.0,0.0,4.675,0.0,0.0,0.0,0.0,0.0,0.0,0.0,0.0,0.0,0.0,0.0,0.0,0.0,0.0,0.0,0.0,0.0,0.0,0.0,0.0,0.0,0.0,0.0,0.0,0.0,0.0,0.0,0.0,0.0,0.0,0.0,0.0,0.0,0.0,0.0,0.0,0.0,0.0,0.0,0.0,0.0,0.0,0.0,0.0,0.0,0.0,0.0,0.0,0.0,0.0,0.0,0.0,0.0,0.0,0.0,0.0,0.0,0.0,0.0,0.0,0.0,0.0,0.0,0.0,0.0,0.0,0.0,0.0,0.0,0.0,0.0,0.0,0.0,0.0,0.0,0.0,0.0,0.0,0.0,0.0,0.0,0.0,0.0,0.0,0.0,0.0,0.0
3854,5.32,6.06,0.0,3.8,0.0,20.1,4.44,18.3,16.525,2.66,0.0,0.0,0.0,0.0,3.0,4.465,0.0,10.61,12.57,4.5,23.36,14.5,1.5,10.82,0.0,0.0,0.0,0.0,0.0,12.06,0.0,4.5,9.0,20.5,0.0,6.06,0.0,13.0,0.0,0.0,10.5,12.5,1.5,3.0,0.0,13.5,4.5,0.0,9.0,2.5,4.5,3.0,0.0,4.5,4.96,7.5,6.0,10.69,3.12,0.0,7.13,4.59,5.0,0.0,0.0,4.5,0.0,4.0,0.0,4.59,0.0,10.83,0.0,13.68,29.34,0.0,13.0,52.25,0.0,4.32,10.8,15.08,0.0,3.3,0.0,5.13,5.85,0.0,0.0,19.94,5.28,0.0,0.0,0.0,5.94,65.965,10.92,0.0,11.56,0.0,6.6,5.04,4.355,5.12,6.39,33.595,10.85,6.6,13.2,12.36,3.3,0.0,0.0,21.78,26.4,11.88,10.56,19.8,27.6,8.88,6.65,36.6,6.63,13.66,40.58,19.98,14.37,23.68,5.92,31.95,19.02,11.1,25.765,19.98,13.2,6.66,0.0,19.92,12.8,33.21,10.375,14.94,20.335,9.96,12.88,15.77,28.74,0.0,8.8,35.57,0.0,16.93,14.38,33.665,17.64,23.84,13.24,0.0,0.0,0.0
3856,1.5,3.05,6.12,0.0,0.0,14.06,0.0,18.94,10.32,0.0,2.66,3.04,0.0,0.0,4.18,5.6,0.0,14.34,9.0,6.24,17.08,7.77,0.0,15.88,1.5,4.0,0.0,10.06,9.09,2.0,0.0,8.68,8.0,0.0,0.0,9.0,4.5,0.0,9.0,7.0,15.5,11.0,6.0,4.5,9.15,5.0,0.0,6.795,0.0,0.0,1.86,0.0,0.0,4.5,0.0,13.0,10.62,14.83,4.5,0.0,4.5,9.0,4.59,7.59,18.95,11.13,4.59,0.0,24.06,4.59,4.59,0.0,5.38,10.4,4.59,11.44,9.18,4.425,0.0,5.13,14.92,10.98,5.28,0.0,4.86,9.98,4.95,5.13,0.0,4.16,8.58,6.5,20.06,0.0,10.98,0.0,0.0,6.21,0.0,0.0,6.6,13.44,106.23,0.0,9.0,29.065,5.12,16.83,0.0,18.48,11.8,114.09,6.6,21.78,6.6,6.3,0.0,0.0,4.81,9.99,0.0,6.66,29.54,0.0,0.0,9.62,0.0,6.6,18.87,6.66,6.66,0.0,0.0,0.0,0.0,37.53,0.0,19.83,25.26,3.735,6.64,0.0,13.16,18.33,0.0,4.92,0.0,16.77,8.3,0.0,6.64,4.98,19.09,0.0,14.125,28.09,0.0,0.0,0.0,0.0
3857,0.0,0.0,0.0,0.0,3.12,10.43,4.995,1.5,10.02,0.0,0.0,0.0,1.44,0.0,0.0,0.0,0.0,6.52,0.0,0.0,7.68,0.0,0.0,6.5,16.5,0.0,0.0,0.0,0.0,2.25,0.0,9.5,0.0,0.0,0.0,0.0,0.0,3.5,0.0,0.0,0.0,4.59,0.0,0.0,8.0,0.0,0.0,0.0,0.0,0.0,3.5,4.59,0.0,0.0,0.0,0.0,0.0,0.0,0.0,3.5,0.0,0.0,5.0,0.0,0.0,0.0,0.0,0.0,0.0,0.0,4.59,0.0,0.0,0.0,0.0,3.2,0.0,4.48,0.0,0.0,0.0,10.05,0.0,0.0,0.0,0.0,0.0,3.3,0.0,19.8,0.0,4.95,0.0,0.0,0.0,0.0,11.12,0.0,5.13,6.0,0.0,0.0,9.72,0.0,4.96,1.8,0.0,6.46,12.06,26.9,0.0,0.0,6.6,0.0,4.95,0.0,4.95,10.375,0.0,9.9,0.0,0.0,0.0,19.98,0.0,34.2,0.0,0.0,0.0,0.0,3.33,0.0,0.0,8.14,0.0,6.6,0.0,0.0,14.43,0.0,0.0,18.26,0.0,0.0,0.0,13.26,5.395,0.0,0.0,0.0,0.0,0.0,0.0,30.58,0.0,14.94,0.0,0.0,0.0,0.0
3858,11.42,3.12,12.56,18.77,30.4,41.76,4.74,19.29,29.24,6.46,1.92,7.015,0.0,0.0,0.0,0.0,15.56,34.615,4.56,11.32,19.92,1.5,7.44,17.94,0.0,6.06,7.5,4.0,8.5,28.82,17.9,10.5,16.5,10.5,17.07,16.0,0.0,19.25,42.57,16.5,17.194,5.0,9.0,19.15,14.0,0.0,62.25,12.1,9.15,10.59,4.75,0.0,7.5,0.0,3.0,5.0,4.03,10.0,3.0,0.0,4.0,3.06,9.27,14.69,22.86,15.78,1.53,8.075,9.68,0.0,9.54,22.915,2.2,0.0,8.9,4.0,13.875,4.5,12.98,4.68,75.32,12.64,76.18,11.07,17.1,14.54,47.33,92.8,14.43,5.31,40.13,31.015,89.045,24.96,13.62,128.865,0.0,19.5,36.44,99.885,37.035,26.07,45.445,58.01,10.23,169.08,5.985,162.74,38.44,48.615,80.54,15.72,119.2,15.12,141.97,34.665,162.085,105.67,52.675,147.2,51.64,22.94,158.9,50.54,38.65,112.72,55.01,11.0,91.61,26.83,63.08,6.63,14.43,5.18,22.71,16.8,11.7,19.93,90.67,19.86,44.1,52.515,57.13,39.755,2.05,61.42,38.795,158.935,53.44,26.52,35.47,73.62,68.79,29.385,40.53,0.0,13.29,13.24,0.0,0.0
3859,0.0,2.64,0.0,0.0,0.0,22.65,0.0,0.0,25.568,3.04,0.0,0.0,0.0,4.485,9.915,4.5,3.0,7.04,5.0,4.0,7.56,0.0,5.5,0.0,0.0,10.789,8.0,3.27,29.4,0.0,2.0,6.68,7.5,4.5,5.0,8.5,0.0,8.16,0.0,2.43,32.0,3.5,0.0,8.5,0.0,30.0,0.0,2.295,0.0,3.5,100.0,0.0,0.0,0.0,0.0,4.5,26.02,10.0,10.0,36.12,0.0,15.0,0.0,0.0,5.0,0.0,18.32,0.0,15.08,5.2,4.59,9.635,4.77,8.03,0.0,0.0,10.86,0.0,0.0,11.7,0.0,0.0,0.0,3.24,30.24,14.04,0.0,10.83,21.05,55.265,5.13,9.9,11.46,0.0,5.28,59.85,9.9,0.0,0.0,0.0,66.135,4.125,47.13,0.0,91.98,0.0,50.46,99.0,0.0,0.0,17.16,6.6,72.0,15.18,0.0,0.0,33.02,19.8,0.0,0.0,25.41,13.32,0.0,0.0,6.66,0.0,15.17,6.66,0.0,0.0,0.0,14.66,6.63,0.0,35.48,0.0,11.31,17.94,0.0,57.92,87.245,33.9,22.75,15.88,68.36,0.0,49.065,0.0,9.96,61.54,68.27,21.525,20.4,7.92,13.28,14.48,0.0,0.0,0.0,0.0
3860,12.205,33.665,39.87,31.58,40.455,182.05,75.085,44.255,78.4,3.7,5.13,34.8,12.25,13.405,20.835,9.42,21.12,69.61,54.0,34.36,112.64,8.0,18.0,45.64,18.41,30.82,35.97,25.255,58.97,15.0,3.0,27.33,12.75,32.11,14.09,17.54,12.38,8.86,23.15,22.0,48.57,30.15,14.1,21.5,9.0,8.58,13.68,16.0,11.5,13.5,18.07,20.67,6.0,29.0,25.06,32.09,29.45,48.91,17.5,6.0,23.86,3.12,33.62,9.44,9.11,24.875,22.86,20.695,16.435,48.53,15.6,43.5,13.34,7.35,21.38,18.34,17.38,8.9,24.02,46.705,13.14,96.56,19.905,78.83,98.945,45.755,15.45,95.8,24.42,28.9,30.42,98.05,97.27,49.89,53.14,48.38,15.655,179.55,97.165,113.34,24.16,45.28,26.245,56.905,111.715,63.785,30.55,29.55,29.0,59.475,32.55,48.64,42.22,45.05,70.59,40.96,119.16,123.85,112.6,72.77,43.6,71.21,151.55,116.85,16.62,161.38,33.4,33.67,76.145,70.03,27.76,18.5,6.66,20.7,30.83,31.2,67.73,26.24,55.52,172.01,95.9,33.02,59.585,175.145,0.0,32.695,54.78,85.015,77.55,135.36,29.96,91.395,35.515,102.865,17.69,103.435,57.25,39.275,52.795,0.0
3862,5.63,13.56,6.35,17.31,19.995,57.56,19.9,11.01,45.365,13.031,11.43,16.87,5.13,18.44,10.5,18.41,40.4,30.78,48.82,13.74,62.63,14.9,25.54,22.0,9.5,7.5,27.3,20.82,4.0,8.04,15.18,18.0,10.68,28.34,20.0,4.5,12.5,12.5,4.0,12.0,0.0,13.7,20.59,25.84,30.125,41.96,10.1,11.6,7.59,10.5,12.75,9.09,14.5,16.8,21.14,14.5,9.63,33.63,35.0,7.71,12.215,3.0,4.59,11.16,3.5,9.3,14.37,18.54,0.0,12.04,55.06,27.42,4.59,13.442,13.66,10.66,17.27,10.12,4.578,0.0,13.32,47.875,7.905,96.17,4.95,0.0,59.025,19.685,34.895,33.8,12.69,39.34,23.93,7.32,13.02,115.97,6.6,34.915,14.2,19.73,143.82,0.0,17.61,44.12,29.56,31.1,12.915,38.9,42.52,11.63,0.0,22.965,27.6,23.4,50.16,42.02,81.27,56.64,38.54,71.52,35.13,40.85,32.81,60.99,20.48,72.4,78.01,27.9,11.725,27.36,59.53,33.87,11.5,21.76,13.32,9.9,77.3,0.0,42.255,77.86,13.01,25.02,41.145,50.25,0.0,29.06,61.595,35.99,36.065,19.92,50.04,42.45,119.27,28.33,48.535,50.345,29.17,86.425,29.04,13.35
3864,0.0,0.0,0.0,3.04,3.04,12.94,0.0,1.48,0.0,0.0,0.0,1.5,0.0,0.0,0.0,0.0,4.5,4.18,1.52,0.0,0.0,0.0,0.0,3.0,0.0,0.0,0.0,0.0,0.0,0.0,4.5,0.0,5.0,0.0,30.0,4.0,0.0,0.0,0.0,0.0,2.5,0.0,4.5,0.0,0.0,0.0,4.59,0.0,0.0,3.0,0.0,0.0,0.0,4.59,4.5,4.0,0.0,0.0,0.0,3.5,0.0,0.0,0.0,0.0,0.0,0.0,0.0,0.0,6.24,0.0,0.0,0.0,0.0,0.0,0.0,0.0,3.42,9.156,0.0,0.0,25.65,0.0,0.0,5.13,0.0,0.0,4.68,0.0,0.0,0.0,0.0,0.0,0.0,0.0,0.0,0.0,0.0,0.0,0.0,0.0,5.27,0.0,0.0,5.1,0.0,0.0,0.0,5.28,0.0,0.0,0.0,0.0,0.0,6.29,0.0,0.0,0.0,6.4,0.0,0.0,0.0,0.0,6.66,0.0,0.0,0.0,6.66,0.0,11.84,0.0,0.0,0.0,0.0,0.0,0.0,0.0,0.0,0.0,6.64,52.43,0.0,0.0,0.0,0.0,0.0,7.47,6.64,5.81,10.37,47.46,0.0,0.0,0.0,0.0,0.0,6.6,0.0,0.0,14.56,0.0
3865,0.0,0.0,0.0,2.28,18.43,11.455,3.04,0.0,0.0,0.0,4.796,0.0,0.0,2.0,5.7,0.0,1.9,4.62,8.79,3.04,10.04,0.0,0.0,0.0,0.0,0.0,0.0,2.0,0.0,0.0,4.5,9.4,0.0,0.0,0.0,6.5,0.0,6.0,6.0,0.0,10.0,5.0,0.0,4.25,0.0,7.5,0.0,0.0,4.59,2.5,0.0,0.0,0.0,45.0,0.0,0.0,0.0,0.0,0.0,0.0,0.0,0.0,24.0,0.0,0.0,13.505,0.0,0.0,4.578,0.0,0.0,0.0,0.0,3.06,0.0,0.0,0.0,0.0,4.56,0.0,15.105,4.95,5.8,24.975,0.0,9.75,3.64,13.25,5.31,0.0,0.0,39.385,0.0,10.45,20.5,0.0,0.0,0.0,7.35,0.0,39.49,0.0,0.0,0.0,0.0,99.83,5.28,6.6,27.36,12.98,11.88,0.0,10.59,6.5,19.11,4.62,6.6,29.16,58.32,0.0,5.18,6.6,0.0,13.32,12.58,0.0,13.78,8.14,5.18,0.0,6.6,6.63,0.0,35.66,9.99,0.0,6.66,0.0,0.0,0.0,16.24,0.0,0.0,5.07,0.0,0.0,6.64,0.0,0.0,6.6,10.79,0.0,0.0,9.03,0.0,10.4,7.565,0.0,0.0,0.0
3869,0.0,2.82,7.52,7.16,3.42,20.69,2.1,12.1,13.68,3.0,1.71,8.555,1.52,8.87,10.09,1.9,22.22,17.56,0.0,9.5,46.88,8.95,10.62,15.81,4.5,7.62,10.64,6.0,15.91,6.12,4.0,4.5,6.0,4.5,8.0,4.5,6.1,18.5,4.5,9.0,25.5,3.5,0.0,16.14,11.6,4.59,0.0,0.0,0.0,10.61,4.5,5.03,0.0,4.0,13.68,7.65,0.0,6.0,0.0,14.0,0.0,0.0,0.0,8.72,2.6,0.0,0.0,3.64,13.17,4.5,3.0,0.0,4.59,0.0,0.0,4.5,17.68,23.735,7.778,18.36,35.33,4.86,14.58,24.1,0.0,12.5,10.26,0.0,3.9,10.7,5.31,10.405,12.7,5.5,1.62,44.49,13.2,5.12,17.22,10.8,22.8,0.0,15.75,6.05,3.6,17.0,46.56,17.06,12.8,6.6,60.72,15.77,0.0,10.89,29.79,30.03,11.78,29.29,35.85,20.65,28.74,0.0,9.96,15.17,0.0,21.12,9.99,32.02,42.12,9.25,12.9,41.27,0.0,38.48,54.36,10.26,6.6,6.66,37.92,17.97,32.72,6.64,36.52,71.78,27.805,12.45,18.675,0.0,27.825,0.0,32.745,33.795,25.595,16.935,18.92,6.6,0.0,11.44,7.29,0.0
3870,1.5,3.56,10.93,7.22,14.1,19.43,27.3,0.0,20.245,3.61,9.638,8.3,0.0,0.0,0.0,4.56,4.0,4.94,16.32,0.0,15.94,3.0,0.0,9.0,4.56,0.0,4.5,7.64,0.0,12.01,7.5,9.0,2.0,4.5,14.5,0.0,7.5,6.12,4.125,0.0,6.5,15.23,16.0,10.0,2.0,0.0,4.5,4.59,4.59,13.77,7.0,2.0,0.0,4.5,0.0,4.5,0.0,0.0,10.5,9.59,4.59,0.0,0.0,0.0,9.01,0.0,7.94,7.8,0.0,0.0,0.0,0.0,0.0,4.68,13.23,4.5,9.07,0.0,1.62,0.0,7.49,4.505,0.0,0.0,0.0,4.48,0.0,16.275,0.0,0.0,0.0,12.37,9.85,5.76,5.4,29.5,0.0,6.405,0.0,0.0,5.28,27.54,15.08,55.3,5.04,18.44,22.285,0.0,0.0,12.03,8.37,18.48,0.0,77.885,6.65,0.0,13.2,6.66,6.6,0.0,15.54,25.75,0.0,10.17,5.55,29.125,15.0,6.66,14.04,12.625,0.0,5.46,19.56,0.0,23.22,6.63,0.0,10.375,12.55,5.395,24.06,14.94,6.64,12.6,10.34,0.0,0.0,6.4,0.0,6.64,0.0,15.365,15.66,7.92,26.4,22.44,6.23,0.0,6.6,0.0
3871,10.64,6.045,11.98,11.72,38.81,22.17,29.77,13.295,22.11,4.94,15.955,1.14,11.395,6.08,0.0,10.18,21.56,52.27,5.0,9.94,30.84,0.0,20.96,27.06,17.66,19.12,4.0,11.99,30.704,3.2,0.0,13.62,9.67,11.0,9.0,111.0,7.5,8.5,4.5,31.675,24.77,7.0,33.9,20.24,9.09,10.5,19.24,0.0,12.06,18.0,0.0,4.5,15.59,3.0,0.0,0.0,7.99,13.86,7.505,10.4,0.0,7.26,0.0,11.01,10.66,9.01,0.0,18.54,4.16,9.36,14.19,4.42,17.4,6.56,0.0,7.59,30.27,4.42,22.2,24.4,13.94,58.15,10.0,4.32,2.16,55.61,9.76,4.8,26.65,26.24,6.5,5.2,16.85,11.73,5.11,9.8,17.075,24.805,8.96,17.165,29.59,35.595,73.065,34.425,11.0,17.295,120.99,38.18,5.4,32.41,9.22,5.94,6.6,28.05,10.23,18.6,25.24,18.48,17.2,32.77,18.6,13.26,31.08,32.56,97.37,98.28,59.73,20.7,9.68,41.33,37.67,37.5,13.32,34.59,29.92,12.8,0.0,22.38,64.355,28.845,24.46,27.23,44.515,63.265,21.58,30.295,16.185,12.975,15.355,18.54,21.4,6.6,35.37,7.6,40.32,11.205,36.34,7.92,10.56,0.0
3873,0.0,2.5,0.0,3.15,0.0,5.335,1.52,5.13,0.0,0.0,0.0,0.0,0.0,0.0,0.0,0.0,4.18,5.7,0.0,3.04,0.0,8.12,0.0,3.12,4.5,4.5,0.0,13.1,0.0,0.0,8.0,15.0,0.0,0.0,4.5,0.0,0.0,4.0,4.5,0.0,4.5,3.0,0.0,0.0,0.0,0.0,0.0,6.12,9.3,0.0,0.0,0.0,0.0,7.0,0.0,0.0,18.5,0.0,27.59,0.0,0.0,6.0,0.0,0.0,0.0,0.0,0.0,0.0,0.0,0.0,0.0,0.0,0.0,0.0,23.26,0.0,4.5,0.0,0.0,3.24,0.0,0.0,0.0,0.0,0.0,5.4,0.0,0.0,4.59,15.12,0.0,11.59,0.0,0.0,0.0,0.0,3.66,10.52,0.0,0.0,0.0,0.0,3.08,13.2,0.0,6.48,0.0,0.0,6.6,0.0,6.12,8.58,0.0,0.0,0.0,0.0,13.2,0.0,12.15,0.0,0.0,0.0,20.81,6.66,0.0,6.66,11.88,0.0,0.0,10.73,0.0,0.0,0.0,0.0,0.0,0.0,0.0,13.2,14.68,0.0,6.66,0.0,0.0,0.0,6.225,0.0,9.96,2.96,0.0,0.0,8.8,99.75,0.0,0.0,0.0,0.0,6.6,0.0,0.0,0.0
3874,0.0,5.12,4.48,3.04,7.17,9.16,4.67,3.04,15.01,0.0,0.0,0.0,1.52,5.46,4.18,8.5,14.67,12.66,19.5,0.0,6.96,0.0,8.75,6.4,15.0,10.64,2.0,0.0,0.0,0.0,0.0,3.0,3.0,0.0,9.0,0.0,0.0,7.5,0.0,3.0,4.5,4.59,1.5,11.5,4.0,1.86,1.0,0.0,0.0,0.0,0.0,5.0,2.0,1.6,4.0,3.06,18.36,0.0,0.0,0.0,0.0,0.0,3.06,0.0,0.0,0.0,4.59,0.0,11.44,0.0,0.0,3.0,0.0,0.0,0.0,0.0,0.0,0.0,0.0,14.16,8.925,18.39,5.44,0.0,3.45,0.0,0.0,5.3,0.0,0.0,0.0,0.0,0.0,57.36,76.95,13.0,17.16,12.76,12.6,6.6,24.64,0.0,0.0,0.0,16.4,0.0,16.66,6.6,3.15,0.0,6.6,0.0,6.0,0.0,6.6,0.0,6.6,0.0,25.24,15.42,0.0,6.6,0.0,0.0,0.0,6.27,0.0,19.8,0.0,0.0,5.4,6.66,6.66,6.66,25.53,0.0,5.07,0.0,13.32,6.64,0.0,5.2,23.73,0.0,0.0,6.64,0.0,10.01,6.375,24.6,50.94,23.74,0.0,6.64,6.675,0.0,0.0,0.0,11.88,0.0
3875,42.47,64.62,68.75,73.99,100.745,202.803,31.86,68.14,134.794,37.374,43.776,39.921,16.932,20.56,23.695,45.85,170.105,307.125,89.79,90.38,254.52,10.985,57.1,93.66,48.31,74.15,44.05,49.63,175.08,49.44,79.64,59.2,59.02,154.6,108.96,67.39,47.6,51.51,63.69,84.48,124.885,109.57,80.61,92.39,129.78,57.06,117.66,85.86,69.14,100.59,116.98,82.87,79.28,94.31,54.58,41.73,12.61,26.65,29.68,78.98,9.01,17.705,25.11,15.2,38.89,28.38,26.81,31.325,39.828,32.75,63.788,108.925,74.389,66.868,63.155,65.243,165.2,71.792,71.103,43.045,61.457,56.75,83.645,100.422,72.362,151.805,229.995,112.551,218.852,218.4,195.775,192.695,156.335,243.488,201.46,259.658,97.815,136.825,155.28,265.955,207.325,78.55,117.105,223.87,193.33,173.175,172.71,200.245,118.605,156.765,268.85,85.405,257.16,312.49,201.831,254.85,161.45,248.0,234.01,257.47,172.0,224.8,155.94,202.665,140.42,319.075,280.315,162.16,257.89,282.66,295.015,304.81,78.27,207.02,173.14,140.7,140.355,164.0,178.055,198.29,335.245,315.85,281.769,422.23,103.9,151.53,213.155,89.19,163.475,421.185,120.17,234.965,280.17,166.255,237.2,144.085,85.79,132.715,87.49,17.16
3878,0.0,1.48,1.54,4.52,18.86,14.24,9.95,3.04,12.144,0.0,0.0,0.0,2.09,0.0,5.78,32.2,9.12,30.91,8.04,12.0,25.65,0.0,7.42,7.73,0.0,6.61,4.5,0.76,4.5,0.0,3.0,4.59,13.0,18.75,7.56,9.0,7.2,3.0,13.59,9.0,15.06,5.0,0.0,9.29,3.0,4.5,0.0,30.0,0.0,3.5,0.0,0.0,7.5,0.0,0.0,4.5,3.0,4.5,0.0,0.0,0.0,0.0,6.5,0.0,0.0,12.32,0.0,0.0,4.88,0.0,0.0,9.04,0.0,16.84,0.0,16.02,10.83,9.138,7.29,6.27,2.7,9.04,9.37,0.0,9.07,0.0,4.845,0.0,11.25,0.0,9.72,5.88,14.56,29.88,10.685,0.0,28.4,19.38,4.32,10.725,19.71,6.49,1.65,5.015,26.105,33.175,21.72,13.695,10.08,13.14,6.6,18.96,18.28,13.0,8.61,2.275,6.66,47.89,57.035,13.2,24.48,23.66,25.465,0.0,6.66,23.68,5.55,51.66,6.66,82.82,41.715,19.72,6.66,0.0,7.02,20.6,30.07,0.0,14.8,6.63,6.4,6.64,26.56,32.655,7.65,13.28,34.03,10.41,7.65,19.8,12.72,16.405,0.0,27.765,34.225,6.6,20.665,6.6,15.05,0.0
3880,12.46,12.69,15.13,18.53,38.0,52.99,11.11,9.72,32.025,6.04,9.44,18.26,17.67,18.05,8.59,14.345,40.27,32.78,39.79,36.26,65.34,0.0,31.88,46.8,7.47,8.06,14.24,11.5,28.5,10.078,22.8,0.0,16.0,39.73,17.5,23.0,13.0,19.56,6.08,22.5,13.0,13.0,22.425,15.58,13.42,13.59,15.03,11.88,3.0,12.0,10.5,6.0,4.25,12.07,16.23,13.08,4.505,11.42,41.845,15.75,0.0,1.53,0.0,9.5,4.5,3.0,13.89,19.71,2.8,19.58,19.918,5.232,7.714,0.0,19.612,12.62,32.825,18.37,17.657,12.435,26.452,27.583,4.845,18.425,4.56,35.81,28.63,39.18,151.62,4.96,8.64,17.85,24.49,40.68,31.7,84.63,22.895,55.755,26.205,39.84,33.77,24.605,26.64,14.56,19.235,37.5,81.62,5.2,20.56,30.93,32.97,33.37,64.65,36.265,55.32,53.745,140.03,90.445,63.82,51.87,71.95,73.39,19.61,64.98,58.87,6.66,61.66,20.69,38.1,27.35,56.61,83.21,78.12,11.39,43.35,12.95,27.87,20.245,73.76,70.135,38.15,44.13,18.775,84.04,36.52,59.64,19.39,69.36,23.35,42.28,91.75,83.005,36.485,60.63,69.03,28.715,31.005,22.14,10.12,16.72
3882,4.56,3.04,1.52,4.94,3.04,9.61,4.56,6.08,7.585,0.0,8.2,9.112,0.0,7.98,0.0,4.9,11.64,38.035,0.0,3.0,11.68,9.37,4.6,7.0,0.0,0.0,3.0,8.5,14.0,0.0,9.0,0.0,5.0,2.0,3.0,9.09,0.0,0.0,3.57,4.5,0.0,9.09,4.5,10.02,0.0,15.0,7.5,4.5,11.99,0.0,15.5,0.0,11.5,6.5,10.0,4.5,2.0,25.5,0.0,0.0,0.0,13.24,0.0,4.505,4.59,4.59,12.24,13.5,4.578,8.64,0.0,11.97,10.04,9.156,10.64,0.0,0.0,10.72,0.0,11.58,0.0,4.845,6.07,7.98,0.0,0.0,6.76,5.035,12.03,6.36,33.41,6.48,0.0,48.98,21.34,19.69,0.0,8.26,13.005,9.8,39.4,6.49,8.26,36.275,14.31,24.72,0.0,11.88,5.28,3.63,19.68,13.89,14.8,0.0,22.95,13.0,49.6,30.31,17.06,6.6,6.5,0.0,22.66,6.6,6.6,0.0,13.26,59.76,11.88,6.63,23.625,14.07,0.0,0.0,8.36,27.3,6.545,11.425,14.52,36.395,6.63,30.72,28.555,23.26,14.11,6.64,6.64,7.92,13.175,16.125,15.58,6.8,6.64,14.11,25.195,18.755,16.355,6.16,0.0,0.0
3885,3.56,4.05,23.615,7.125,21.055,11.455,5.24,6.08,15.89,0.0,3.0,1.92,1.44,1.95,14.51,5.0,11.67,38.755,7.32,4.5,12.56,0.0,3.0,20.1,4.0,5.0,3.5,4.56,9.6,9.0,9.5,11.09,16.08,15.56,2.5,10.71,6.0,0.0,1.88,17.25,0.0,13.0,11.0,12.09,6.59,18.0,43.5,12.0,7.14,10.66,4.5,14.0,26.58,28.09,6.5,29.035,10.0,1.53,34.5,4.5,16.0,7.14,23.8,0.0,0.0,3.18,4.04,0.0,26.17,10.92,7.65,16.38,0.0,32.96,35.51,4.578,39.75,4.59,2.7,1.62,0.0,4.59,14.25,0.0,0.0,10.53,0.0,4.95,4.95,13.7,24.266,4.95,1.65,6.03,7.44,11.45,20.42,13.69,6.5,10.85,28.02,0.0,5.31,38.91,0.0,39.4,17.0,15.14,14.5,10.075,1.98,45.43,5.94,6.15,6.0,32.24,12.58,19.54,0.0,19.8,6.6,55.705,5.28,28.88,0.0,21.58,27.61,9.735,22.16,34.78,16.18,0.0,0.0,0.0,6.66,22.9,25.08,25.35,13.32,19.9,37.28,30.2,31.51,22.63,14.44,32.935,19.94,19.73,13.4,18.59,20.295,13.24,10.465,26.265,13.115,22.88,8.8,6.6,0.0,6.6
3886,0.0,6.85,6.59,0.0,0.0,4.0,0.0,3.8,4.56,0.0,0.0,0.0,0.0,0.0,4.18,0.0,0.0,3.04,5.0,7.5,7.5,0.0,4.0,4.0,0.0,0.0,11.64,0.0,0.0,3.0,0.0,5.0,0.0,4.0,0.0,0.0,4.5,3.57,0.0,0.0,4.59,0.0,0.0,3.0,2.0,0.0,0.0,0.0,0.0,0.0,6.0,0.0,0.0,0.0,0.0,0.0,0.0,2.0,0.0,0.0,0.0,0.0,0.0,2.385,0.0,0.0,0.0,2.08,3.0,4.59,4.5,0.0,0.0,0.0,0.0,3.08,0.0,0.0,14.83,0.0,0.0,0.0,4.95,4.845,0.0,0.0,31.54,0.0,5.31,13.74,0.0,0.0,4.95,0.0,0.0,0.0,0.0,6.05,10.03,6.6,0.0,0.0,0.0,0.0,0.0,0.0,0.0,6.615,0.0,6.6,10.56,0.0,0.0,6.4,5.5,6.4,19.31,46.94,0.0,6.6,0.0,0.0,3.3,13.32,0.0,0.0,6.6,0.0,0.0,5.18,0.0,0.0,0.0,11.07,68.4,0.0,0.0,0.0,0.0,33.2,0.0,7.885,0.0,0.0,0.0,0.0,0.0,0.0,0.0,0.0,0.0,0.0,0.0,0.0,0.0,0.0,0.0,0.0,0.0,0.0
3887,0.0,1.48,0.0,4.575,3.52,0.0,0.0,0.0,3.04,0.0,0.0,0.0,0.0,0.0,0.0,3.995,0.0,13.7,0.0,7.22,0.0,0.0,0.0,3.0,0.0,0.0,0.0,0.0,0.0,4.0,3.5,0.0,0.0,0.0,4.5,0.0,0.0,7.5,6.56,0.0,7.14,0.0,4.59,34.5,0.0,15.0,0.0,0.0,0.0,26.0,0.0,0.0,0.0,0.0,0.0,4.5,0.0,0.0,0.0,0.0,0.0,0.0,0.0,0.0,0.0,0.0,0.0,0.0,0.0,4.42,3.06,9.18,0.0,14.04,4.42,0.0,23.945,0.0,4.59,0.0,0.0,0.0,0.0,0.0,0.0,0.0,0.0,0.0,14.0,0.0,0.0,9.6,0.0,6.3,6.0,0.0,0.0,1.74,0.0,0.0,14.3,0.0,0.0,0.0,5.67,0.0,0.0,0.0,0.0,0.0,0.0,0.0,4.59,0.0,0.0,0.0,7.92,4.62,0.0,0.0,0.0,0.0,0.0,17.02,0.0,0.0,6.66,0.0,13.32,0.0,0.0,7.77,0.0,0.0,16.08,0.0,0.0,18.0,0.0,0.0,111.54,101.76,0.0,6.64,0.0,8.4,13.3,0.0,13.2,0.0,0.0,7.38,18.95,0.0,0.0,18.42,0.0,0.0,0.0,0.0
3888,14.7,10.91,9.53,9.529,11.405,52.37,6.18,18.805,33.57,1.65,6.225,3.04,2.96,1.9,15.54,25.48,43.64,25.3,15.86,6.185,49.42,10.75,27.5,15.08,0.0,16.31,56.92,15.5,17.25,15.56,11.0,14.04,4.0,32.0,10.1,24.6,6.88,6.5,48.25,6.0,11.06,6.0,24.6,42.58,2.0,34.21,17.0,10.71,0.0,20.0,12.0,6.39,4.5,4.0,0.0,12.09,16.69,22.25,39.54,2.4,8.68,0.0,7.42,26.62,19.12,12.24,4.65,0.0,6.77,11.03,10.2,8.738,4.08,1.785,7.09,13.51,1.5,6.27,47.47,4.02,39.045,30.215,76.67,41.7,0.0,22.28,12.64,17.84,75.3,51.95,38.7,29.6,16.3,19.125,24.44,94.96,6.48,13.27,36.23,38.51,11.18,34.965,6.48,83.215,22.35,18.4,17.975,11.67,18.77,29.5,29.95,30.11,43.84,25.735,44.06,6.29,28.8,26.71,50.355,94.78,6.66,13.32,33.48,116.815,101.72,38.55,38.62,19.14,19.2,54.02,37.0,26.64,58.86,54.36,0.0,81.0,14.43,0.0,6.66,28.62,24.225,6.64,33.335,56.88,6.65,18.02,67.875,20.94,8.3,3.825,14.52,60.0,18.96,21.6,60.125,28.63,26.44,44.53,6.64,6.675
3889,0.0,0.18,2.05,0.0,0.0,2.16,0.0,0.0,0.0,0.0,0.0,0.0,0.0,0.0,4.18,0.0,0.0,4.9,1.5,0.0,1.6,0.0,0.0,0.0,0.0,0.0,0.0,0.0,3.5,0.0,0.0,0.0,0.0,0.0,0.0,0.0,0.0,0.0,0.0,0.0,0.0,0.0,0.0,0.0,4.5,0.0,0.0,0.0,0.0,0.0,0.0,0.0,0.0,0.0,0.0,0.0,0.0,0.0,0.0,0.0,0.0,18.5,0.0,4.59,7.54,0.0,0.0,0.0,0.0,0.0,0.0,0.0,0.0,0.0,0.0,0.0,0.0,0.0,0.0,0.0,0.0,0.0,0.0,0.0,0.0,0.0,0.0,0.0,0.0,0.0,0.0,15.93,10.464,0.0,5.225,0.0,0.0,0.0,0.0,0.0,0.0,0.0,0.0,0.0,8.34,0.0,0.0,0.0,0.0,0.0,0.0,0.0,0.0,0.0,0.0,0.0,0.0,0.0,0.0,22.95,0.0,0.0,6.6,6.6,6.66,13.32,0.0,5.18,0.0,0.0,0.0,6.66,0.0,0.0,12.26,0.0,0.0,13.6,0.0,0.0,0.0,0.0,6.6,6.56,0.0,7.885,5.1,0.0,0.0,0.0,0.0,0.0,0.0,0.0,0.0,12.32,0.0,0.0,0.0,0.0
3890,0.0,0.0,0.0,1.9,19.05,0.0,0.0,0.0,3.04,0.0,0.0,0.0,0.0,0.0,4.37,1.0,1.9,0.0,0.0,1.9,0.0,0.0,0.0,4.432,0.0,0.0,0.0,0.0,0.0,0.0,11.36,0.0,3.0,4.5,0.0,0.0,0.0,4.59,0.0,0.0,0.0,0.0,0.0,8.0,0.0,0.0,0.0,0.0,0.0,0.0,0.0,0.0,1.5,0.0,0.0,0.0,7.21,0.0,4.08,0.0,2.0,0.0,0.0,0.0,3.5,0.0,0.0,0.0,0.78,0.0,0.0,4.59,0.0,12.54,0.0,3.24,51.92,0.0,0.0,4.56,0.0,0.0,0.0,0.0,0.0,0.0,7.28,0.0,0.0,0.0,3.3,0.81,0.0,0.0,0.0,0.0,0.0,0.0,0.0,0.0,23.56,0.0,0.0,2.79,12.24,0.0,0.0,0.0,0.0,0.0,0.0,9.55,16.46,0.0,5.94,11.88,6.6,0.0,1.98,13.34,0.0,0.0,0.0,0.0,3.3,7.8,0.0,5.18,0.0,21.09,0.0,0.0,0.0,6.66,0.0,6.5,0.0,0.0,0.0,0.0,0.0,0.0,0.0,0.0,0.0,0.0,0.0,0.0,0.0,31.54,4.92,19.0,0.0,0.0,0.0,18.26,0.0,0.0,0.0,0.0
3891,0.0,0.0,0.0,0.0,1.52,0.0,0.0,1.52,0.0,0.0,0.0,0.0,0.0,0.0,0.0,0.0,0.0,0.0,0.0,0.0,4.5,0.0,0.0,0.0,0.0,1.0,0.0,0.0,0.0,0.0,0.0,2.0,3.5,0.0,0.8,11.0,2.0,0.0,4.5,0.0,0.0,0.0,27.0,0.0,0.0,0.0,0.0,0.0,0.0,0.0,0.0,0.0,0.0,0.5,0.0,0.0,0.0,0.0,0.0,0.0,0.0,0.0,0.0,0.0,0.0,0.0,1.96,0.0,0.0,0.0,0.0,0.0,0.0,0.0,0.0,0.0,0.0,0.0,0.0,0.0,0.0,0.0,0.0,0.0,0.0,0.0,0.0,0.0,0.0,0.0,0.0,0.0,0.0,0.0,0.0,0.0,0.0,0.0,1.65,0.0,0.0,8.58,6.0,0.0,0.0,6.0,4.65,0.0,0.0,0.0,0.0,0.0,0.0,0.0,0.0,0.0,0.0,4.62,0.0,0.0,6.6,0.0,12.0,0.0,0.0,4.8,0.0,0.0,0.0,0.0,14.16,0.0,0.0,0.0,0.0,0.0,6.66,0.0,0.0,0.0,0.0,0.0,0.0,0.0,0.0,0.0,12.48,0.0,8.3,0.0,0.0,0.0,0.0,0.0,0.0,0.0,0.0,7.125,0.0,0.0
3892,0.0,17.51,41.94,0.0,39.55,4.28,0.0,4.935,12.96,0.0,0.0,0.0,0.0,0.0,6.46,0.0,0.0,9.94,1.92,0.0,17.1,0.0,0.0,3.0,0.0,0.0,0.0,0.0,0.0,1.75,14.5,8.0,0.0,6.18,18.0,0.0,23.5,12.09,11.0,5.0,6.0,7.525,4.5,0.0,4.5,7.5,8.09,1.962,0.0,0.0,0.0,0.0,0.0,0.0,0.0,0.0,0.0,6.0,3.57,0.0,3.1,4.94,0.0,8.16,0.0,0.0,0.0,0.0,8.06,0.0,4.5,2.616,0.0,0.0,0.0,0.0,0.0,0.0,6.54,4.5,0.0,14.704,5.12,0.0,0.0,0.0,14.58,6.6,90.42,4.32,65.5,0.0,0.0,7.59,36.57,9.92,0.0,3.78,3.135,5.58,17.2,26.92,10.8,0.0,8.8,6.4,11.55,5.89,0.0,6.48,6.6,30.0,12.76,31.02,17.86,0.0,20.74,10.46,17.15,15.74,6.66,17.15,6.6,42.33,15.42,15.3,20.82,13.32,3.7,30.975,6.63,18.5,0.0,27.18,21.46,15.77,37.12,0.0,23.27,0.0,19.53,10.45,42.16,14.21,13.28,21.925,13.28,22.41,27.905,20.08,6.6,12.11,10.41,85.635,15.44,6.64,9.975,28.595,13.715,8.72
3893,0.0,0.0,0.0,0.0,0.0,0.0,0.0,0.0,0.0,0.0,0.0,0.0,0.0,0.0,0.0,0.0,0.0,0.0,0.0,0.0,0.0,0.0,0.0,0.0,0.0,0.0,0.0,0.0,0.0,0.0,0.0,0.0,0.0,0.0,0.0,0.0,0.0,0.0,0.0,0.0,0.0,0.0,0.0,0.0,0.0,0.0,0.0,0.0,0.0,0.0,0.0,0.0,0.0,0.0,16.32,0.0,0.0,0.0,0.0,0.0,0.0,0.0,0.0,0.0,0.0,0.0,0.0,0.0,0.0,0.0,0.0,0.0,0.0,0.0,0.0,0.0,0.0,0.0,0.0,0.0,0.0,0.0,0.0,4.32,0.0,0.0,0.0,0.0,0.0,0.0,10.915,0.0,0.0,0.0,0.0,0.0,0.0,0.0,0.0,0.0,0.0,0.0,0.0,0.0,0.0,0.0,0.0,0.0,0.0,0.0,0.0,0.0,0.0,0.0,0.0,0.0,0.0,0.0,0.0,0.0,0.0,0.0,0.0,0.0,0.0,0.0,0.0,0.0,0.0,0.0,0.0,0.0,0.0,7.26,0.0,0.0,0.0,0.0,0.0,0.0,0.0,0.0,0.0,0.0,0.0,0.0,0.0,0.0,0.0,0.0,0.0,0.0,0.0,0.0,0.0,0.0,0.0,0.0,0.0,0.0
3895,0.0,0.0,0.0,0.0,0.0,0.0,0.0,0.0,0.0,0.0,0.0,0.0,0.0,1.52,0.0,0.0,0.0,4.41,0.0,0.0,9.0,0.0,0.0,0.0,0.0,0.0,0.0,0.0,0.0,0.0,0.0,0.0,0.0,0.0,0.0,0.0,0.0,0.0,3.5,0.0,7.56,0.0,2.0,0.0,10.5,0.0,0.0,0.0,0.0,0.0,2.0,5.0,0.0,0.0,0.0,5.0,0.0,0.0,0.0,0.0,0.0,0.0,0.0,0.0,0.0,0.0,4.16,0.0,0.0,0.0,0.0,10.26,0.0,0.0,14.82,0.0,0.0,0.0,0.0,0.0,0.0,3.24,0.0,0.0,0.0,0.0,0.0,0.0,0.0,0.0,0.0,0.0,0.0,0.0,0.0,0.0,0.0,0.0,6.2,6.48,7.7,10.45,6.6,0.0,0.0,0.0,0.0,6.035,0.0,0.0,0.0,0.0,0.0,0.0,6.6,0.0,0.0,0.0,0.0,0.0,0.0,0.0,0.0,0.0,0.0,0.0,6.6,4.44,13.29,0.0,0.0,0.0,0.0,0.0,0.0,0.0,0.0,0.0,0.0,6.4,0.0,0.0,0.0,6.64,0.0,32.14,8.5,0.0,6.66,8.3,0.0,0.0,0.0,0.0,0.0,0.0,0.0,0.0,0.0,0.0
3896,0.0,0.0,0.0,0.0,7.36,2.35,0.0,0.0,0.0,0.0,0.0,0.0,0.0,0.0,0.0,0.0,15.2,0.0,0.0,1.5,0.0,0.0,0.0,0.0,0.0,0.0,0.0,0.0,3.0,0.0,0.0,4.5,4.5,4.59,0.0,3.0,0.0,28.47,3.0,0.0,0.0,0.0,11.0,7.5,3.1,10.0,6.0,0.0,0.0,3.0,0.0,0.0,0.0,0.0,0.0,0.0,0.0,0.0,0.0,4.59,0.0,0.0,0.0,0.0,10.76,0.0,0.0,4.59,0.0,0.0,0.0,10.2,0.0,31.5,9.18,0.0,0.0,0.0,0.0,0.0,0.0,6.595,0.0,7.48,12.15,0.0,0.0,0.0,0.0,2.2,20.71,0.0,1.98,0.0,0.0,3.0,0.0,6.6,7.26,0.0,0.0,0.0,0.0,0.0,7.8,0.0,5.28,0.0,0.0,0.0,0.0,0.0,0.0,6.27,0.0,0.0,6.6,0.0,10.45,10.64,0.0,0.0,4.9,0.0,13.26,0.0,0.0,6.6,0.0,0.0,0.0,18.63,0.0,0.0,0.0,0.0,0.0,0.0,0.0,0.0,6.63,0.0,9.62,0.0,18.34,8.5,0.0,0.0,42.5,14.76,6.64,0.0,0.0,0.0,0.0,0.0,0.0,0.0,0.0,0.0
3898,0.0,0.0,1.4,1.53,1.52,0.0,0.0,0.0,6.46,0.0,8.455,0.0,8.36,0.0,0.88,3.52,3.12,0.0,0.0,0.0,9.14,0.0,0.0,27.05,0.0,0.0,4.218,0.0,5.0,0.0,0.0,4.5,2.4,0.0,0.0,2.025,0.0,0.0,0.0,4.5,6.0,4.0,2.0,8.5,0.0,0.0,0.0,0.0,0.0,0.0,10.0,0.0,0.0,10.12,0.0,0.0,0.0,27.54,0.0,0.0,6.82,0.0,2.08,0.0,10.25,0.0,2.65,6.24,0.0,0.0,0.0,8.755,0.0,0.0,3.975,9.18,15.36,10.24,0.0,0.0,8.82,18.09,3.96,38.925,4.68,13.37,0.0,1.8,0.0,18.375,32.44,9.72,0.0,0.0,14.35,0.0,49.5,0.0,0.0,9.84,14.58,0.0,13.98,0.0,4.4,5.04,8.0,3.63,0.0,4.62,0.0,0.0,0.0,0.0,2.97,0.0,6.5,0.0,36.69,23.7,16.17,5.85,6.66,11.84,0.0,8.36,5.2,6.66,0.0,23.277,5.395,19.5,0.0,3.33,24.8,0.0,6.63,0.0,10.26,42.0,0.0,0.0,22.905,0.0,0.0,0.0,6.64,14.11,10.2,1.66,6.64,0.0,5.95,0.0,8.55,0.0,0.0,0.0,33.225,0.0
3900,0.0,0.0,0.0,0.0,0.0,3.04,0.0,1.9,0.0,0.0,0.0,0.0,0.0,0.0,0.0,0.0,0.0,6.2,0.0,0.0,4.5,0.0,0.0,0.0,0.0,0.0,0.0,0.0,3.29,0.0,0.0,0.0,0.0,0.0,0.0,0.0,0.0,0.0,0.0,0.0,9.0,0.0,0.0,0.0,7.5,0.0,0.0,0.0,0.0,3.5,0.0,0.0,0.0,0.0,0.0,0.0,0.0,0.0,0.0,3.0,0.0,0.0,0.0,0.0,0.0,4.42,0.0,0.0,0.0,0.0,0.0,0.0,0.0,0.0,4.59,4.59,9.36,0.0,0.0,0.0,0.0,0.0,0.0,0.0,0.0,0.0,0.0,0.0,0.0,0.0,0.0,0.0,10.075,0.0,0.0,0.0,0.0,0.0,14.8,5.4,0.0,0.0,0.0,6.6,0.0,0.0,0.0,0.0,0.0,0.0,0.0,0.0,0.0,0.0,0.0,2.64,0.0,0.0,7.8,0.0,0.0,0.0,6.6,0.0,0.0,0.0,0.0,0.0,0.0,0.0,0.0,6.4,0.0,0.0,14.43,0.0,0.0,15.0,0.0,0.0,0.0,0.0,0.0,8.0,0.0,0.0,0.0,0.0,0.0,17.0,0.0,4.15,0.0,0.0,0.0,0.0,0.0,0.0,0.0,0.0
3902,4.9,0.0,3.04,0.0,0.0,5.12,4.08,0.0,8.035,0.0,0.0,6.072,4.935,0.0,0.0,0.0,0.0,7.5,1.9,0.0,6.76,0.0,0.0,4.32,0.0,1.6,3.0,0.0,0.0,0.0,0.0,0.0,3.06,0.0,3.06,0.0,5.0,0.0,0.0,6.0,0.0,4.5,0.0,0.0,0.0,0.0,0.0,4.5,0.0,0.0,0.0,9.0,0.0,0.0,0.0,0.0,7.0,0.0,9.09,0.0,0.0,0.0,0.0,0.0,2.5,0.0,0.0,0.0,0.0,0.0,0.0,0.0,0.0,0.0,4.42,0.0,0.0,0.0,0.0,0.0,0.0,0.0,0.0,1.35,0.0,0.0,0.0,0.0,14.9,0.0,16.17,27.44,0.0,0.0,0.0,28.035,2.2,12.0,9.44,0.0,5.4,4.95,0.0,4.13,6.49,0.0,0.0,6.2,5.04,12.95,0.0,0.0,5.28,17.64,20.9,21.17,3.96,9.24,10.56,0.0,0.0,0.0,0.0,0.0,0.0,6.29,13.26,6.66,3.795,11.1,8.51,0.0,0.0,0.0,0.0,0.0,0.0,0.0,0.0,0.0,0.0,0.0,10.79,0.0,0.0,0.0,0.0,0.0,0.0,5.74,31.08,0.0,12.32,0.0,0.0,0.0,0.0,0.0,0.0,0.0
3903,0.0,0.0,8.42,7.52,3.04,4.26,0.0,5.89,14.82,0.0,4.0,8.3,0.0,13.4,7.615,1.64,13.34,13.68,10.56,9.0,23.94,11.28,0.0,9.3,0.0,4.5,0.0,0.0,13.0,8.59,4.5,0.0,0.0,15.93,4.5,14.09,9.0,29.0,2.0,0.0,0.0,0.0,0.0,4.5,0.0,16.5,9.0,0.0,0.0,4.5,0.0,0.0,0.0,13.5,0.0,4.5,0.0,4.5,0.0,4.5,0.0,0.0,4.505,0.0,0.0,0.0,0.0,10.77,0.0,0.0,7.73,4.48,0.0,0.0,0.0,0.0,6.16,4.578,0.0,9.81,0.0,5.22,0.0,0.0,0.0,4.845,5.2,3.12,0.0,0.0,5.22,10.6,5.225,0.0,6.195,3.245,14.85,5.31,3.2,5.04,9.69,0.0,11.165,0.0,0.0,0.0,16.84,0.0,6.5,0.0,43.92,0.0,5.94,0.0,9.8,8.505,8.05,0.0,0.0,0.0,0.0,14.8,0.0,0.0,5.18,10.24,9.075,0.0,9.3,7.4,0.0,6.66,6.66,13.32,6.4,6.63,13.03,0.0,7.58,7.77,8.0,13.2,12.94,20.515,13.28,0.0,27.39,13.28,24.155,17.36,13.12,32.855,0.0,0.0,36.255,0.0,0.0,0.0,19.8,0.0
3904,6.08,0.0,9.82,9.55,19.94,21.44,12.67,8.4,15.486,0.0,7.285,3.08,0.7,3.14,6.452,24.582,4.9,23.94,6.9,4.8,21.46,7.49,12.38,6.6,0.0,8.5,5.0,4.5,9.18,12.0,17.0,0.0,12.57,16.06,29.345,13.54,9.0,8.16,16.62,0.0,4.5,9.54,5.5,2.0,0.0,4.5,5.75,3.5,18.6,8.5,2.805,11.84,9.09,3.0,3.0,5.5,4.59,9.24,7.6,23.51,0.0,3.06,12.201,0.0,4.42,12.455,5.0,38.17,4.16,32.87,8.688,3.42,4.56,15.08,9.15,7.044,7.86,6.16,9.28,4.48,9.36,0.0,7.848,9.705,0.0,28.05,21.715,9.795,24.748,10.51,3.0,10.495,24.54,9.618,10.415,5.31,20.35,12.31,35.04,18.6,0.0,0.0,7.0,30.73,48.325,55.995,18.7,22.98,10.48,38.72,34.1,12.37,26.0,11.68,22.04,24.53,39.17,50.07,39.19,12.9,26.34,48.61,14.8,22.88,28.46,11.83,34.42,26.52,42.18,49.95,13.29,21.27,11.58,31.08,23.68,7.2,6.24,28.83,16.63,31.79,17.48,6.64,23.24,41.89,13.28,31.125,15.175,14.685,9.96,13.12,26.295,50.85,28.93,46.55,27.77,29.04,20.97,52.91,21.195,0.0
3909,22.965,27.9,53.555,21.24,41.02,86.62,24.12,67.4,85.335,12.72,14.34,24.43,14.43,23.555,43.94,21.72,110.51,184.315,50.93,57.82,185.9,26.94,50.94,67.03,23.12,36.18,24.74,15.5,50.09,55.74,59.12,49.37,27.18,67.01,28.12,36.0,5.7,42.25,4.0,49.575,41.69,45.59,66.8,45.34,38.48,36.5,24.09,56.43,18.56,26.5,41.0,16.92,15.22,31.3,39.49,29.0,60.06,33.0,61.59,41.39,8.5,10.8,4.59,9.095,15.09,58.55,7.65,13.84,13.44,7.28,32.31,33.165,10.75,15.98,22.87,24.76,28.385,26.19,75.192,22.44,4.56,20.32,36.04,77.09,23.74,27.175,51.2,60.795,132.81,56.65,130.638,73.045,40.72,40.88,166.93,137.19,28.005,121.4,51.81,32.08,125.505,124.2,33.825,33.44,22.53,75.255,81.635,76.495,28.49,52.94,80.165,68.865,77.725,77.48,89.45,51.89,84.06,109.76,68.43,46.49,90.895,101.395,120.13,90.69,42.305,85.27,59.835,170.59,91.475,116.885,91.44,35.3,14.07,56.73,87.92,32.12,193.64,69.06,72.28,83.47,76.38,109.14,106.225,135.2,26.965,67.785,111.18,89.64,117.045,89.195,125.67,105.945,136.93,81.445,80.325,68.8,38.795,43.57,37.04,9.24
3910,32.634,36.899,58.795,27.894,119.065,117.615,72.36,34.305,74.845,6.65,6.08,35.57,43.52,49.425,92.085,79.57,141.94,143.915,61.985,51.12,100.37,36.92,25.09,36.7,24.016,68.21,21.6,42.76,34.43,38.46,83.26,84.67,18.3,48.5,74.829,33.89,64.0,46.26,67.86,39.2,93.1,114.72,95.15,48.03,97.5,42.75,31.82,56.5,43.0,52.05,41.89,40.75,42.2,54.93,60.57,55.94,34.25,18.78,56.29,41.215,21.66,41.6,29.43,39.115,18.47,15.36,18.44,49.13,31.2,81.552,43.2,46.32,35.01,32.71,75.135,29.64,39.235,12.08,49.245,60.93,48.79,15.03,67.965,113.575,46.92,74.82,71.32,53.105,82.875,122.215,94.785,101.895,141.945,122.23,133.185,208.96,127.21,205.86,136.905,114.4,82.98,64.055,103.625,64.26,83.145,117.815,117.095,140.85,159.25,169.41,73.315,67.845,151.33,136.035,162.35,25.785,25.91,71.84,238.685,170.64,125.07,188.91,192.035,220.045,161.945,175.38,224.415,161.26,149.235,134.9,168.53,169.03,60.72,133.24,171.3,85.71,173.12,88.276,209.53,67.25,265.99,126.815,156.84,246.365,259.61,186.85,203.015,95.25,126.435,151.2,235.015,213.56,263.7,78.49,160.675,205.305,93.69,149.38,157.1,68.2
3911,5.55,3.32,0.0,4.18,14.685,18.79,3.04,22.97,14.82,3.0,0.0,3.42,2.28,4.56,7.41,5.04,21.3,36.64,13.18,6.15,38.82,0.0,9.48,28.0,0.0,4.6,31.5,7.0,3.0,17.75,5.0,15.0,7.9,2.4,47.1,10.72,9.75,14.92,31.1,28.0,41.76,5.54,5.0,15.77,14.6,15.0,11.5,0.0,2.0,10.0,21.75,5.0,5.1,19.42,68.0,2.0,26.15,5.2,60.0,7.44,17.8,14.82,10.2,7.0,26.57,57.39,22.53,3.12,17.68,21.0,19.73,0.0,5.3,7.86,5.1,17.8,15.355,20.92,4.505,16.4,9.99,33.9,9.86,15.655,11.1,25.35,27.8,44.87,24.93,21.71,63.88,27.03,44.19,16.77,26.48,46.69,24.585,66.515,32.175,73.85,18.6,32.61,16.115,16.17,22.98,41.715,46.91,23.43,11.655,31.9,27.84,55.205,41.25,29.415,23.82,0.0,11.88,33.89,47.91,58.77,14.74,38.25,121.75,21.29,15.91,58.4,77.225,13.32,9.99,17.97,47.94,0.0,12.87,62.29,40.07,0.0,50.74,59.68,48.9,13.17,14.36,16.63,30.47,44.405,19.92,10.375,11.205,39.03,16.6,55.47,26.4,32.37,46.525,33.09,67.68,10.56,43.12,10.12,17.6,0.0
3912,25.76,20.98,16.305,36.54,50.33,98.646,53.6,31.259,71.335,7.32,3.04,13.0,53.91,22.72,39.33,54.42,146.79,86.27,39.515,42.12,94.59,39.4,20.29,34.84,17.56,61.66,20.27,44.6,35.94,25.12,33.23,42.72,35.5,28.2,31.14,55.65,5.15,65.95,36.68,31.5,66.46,38.995,54.1,62.0,76.12,54.75,45.75,85.15,57.0,83.0,23.92,49.2,69.86,75.2,28.31,20.7,46.5,28.18,10.78,48.8,7.0,3.24,28.34,21.14,26.12,8.12,61.28,72.45,34.32,17.94,39.98,58.44,26.63,28.665,9.08,12.285,129.76,22.71,93.825,54.48,69.75,60.97,55.17,71.99,85.555,52.655,63.925,59.175,29.955,81.84,51.455,174.89,67.04,86.81,96.64,183.275,96.39,105.515,153.395,80.275,25.79,47.175,39.36,47.78,82.655,88.785,94.145,196.455,47.995,74.92,205.0,80.19,92.1,90.31,186.485,45.54,0.0,56.455,285.01,224.685,97.57,178.46,197.03,168.725,124.64,136.445,151.95,173.34,108.34,91.365,187.945,185.48,74.05,64.1,176.805,38.775,95.8,145.27,189.99,95.37,136.4,106.6,106.82,219.845,91.235,168.22,145.42,124.32,155.65,112.305,77.99,190.325,113.54,100.895,162.74,143.31,51.2,100.37,72.6,55.14
3913,4.12,16.38,2.34,10.805,24.41,28.95,11.54,4.6,25.245,0.0,7.95,0.38,4.05,14.46,18.86,18.24,24.38,17.22,12.42,23.74,18.5,6.0,2.5,5.62,4.6,17.94,9.1,3.2,10.0,4.75,13.52,23.94,15.0,6.0,25.6,8.5,8.0,8.05,17.0,6.0,13.504,20.0,10.0,16.0,3.0,35.0,0.0,10.0,5.75,5.0,0.0,3.0,10.0,0.0,17.7,0.0,14.0,11.18,12.5,0.0,15.2,6.0,19.54,10.2,7.16,3.18,5.2,8.8,4.42,20.02,39.365,0.0,20.39,12.84,0.0,0.0,29.51,5.4,0.0,15.36,12.61,19.99,5.67,42.12,0.0,9.66,5.13,0.0,0.0,5.13,43.94,27.445,23.64,18.54,6.16,12.6,47.4,18.47,47.97,25.92,0.0,123.6,3.84,35.12,16.74,30.545,18.48,39.63,12.65,58.865,45.54,44.55,20.22,20.36,80.605,0.0,0.0,34.66,155.295,31.11,91.08,34.49,37.87,65.12,40.05,17.83,6.66,57.51,25.16,28.82,59.23,55.155,8.58,15.99,32.365,37.7,27.66,16.73,14.82,57.15,93.995,43.86,0.0,69.65,20.75,29.06,51.905,26.44,49.1,73.5,69.54,26.24,0.0,28.87,0.0,12.36,13.29,6.16,71.76,0.0
3915,20.96,14.02,18.48,18.875,31.464,41.1,20.85,16.505,24.605,3.02,11.4,22.88,7.22,9.12,24.515,14.67,39.29,51.95,36.81,19.15,23.47,20.61,8.0,20.66,6.0,25.96,81.78,21.64,27.84,14.5,22.5,16.0,37.5,16.0,32.14,29.2,5.0,28.5,27.12,8.0,45.93,27.7,37.3,26.0,31.7,11.12,24.5,15.98,26.0,24.9,48.24,40.5,16.0,18.68,4.0,14.0,34.12,30.74,10.3,5.0,6.0,22.78,53.58,19.87,10.28,37.02,15.045,22.82,25.72,32.34,53.45,15.85,13.05,4.5,38.28,23.08,35.84,28.2,54.15,24.7,69.38,13.23,52.51,114.05,45.2,107.005,18.9,57.79,48.73,127.32,55.185,129.78,60.29,43.2,149.73,21.89,30.205,62.325,184.58,167.485,40.066,20.075,55.565,114.96,52.34,61.855,38.295,73.28,50.795,52.105,92.835,87.47,156.015,96.875,229.74,51.11,14.045,85.025,218.79,100.37,250.875,109.56,99.07,48.855,87.425,115.975,114.25,49.32,98.82,81.63,92.29,53.145,37.13,13.29,88.955,38.65,130.18,112.97,73.445,170.485,74.16,137.87,98.34,124.96,108.23,69.73,85.665,43.705,99.235,57.06,41.865,224.35,131.775,53.56,76.405,93.265,19.76,55.53,61.6,12.76
3916,2.97,0.0,2.35,0.0,1.41,19.886,3.04,0.0,3.99,1.52,12.36,2.82,1.665,0.0,0.0,8.46,19.58,6.51,4.0,3.43,6.49,5.0,3.2,3.12,0.0,11.5,2.4,0.0,5.0,0.0,17.0,0.0,5.0,16.0,3.64,0.0,4.0,0.0,8.0,5.5,13.0,9.5,10.0,26.0,0.0,8.74,13.24,87.88,0.0,0.0,0.0,15.0,11.49,2.5,0.0,1.0,14.08,12.0,2.08,3.0,1.5,3.0,0.0,0.0,0.0,10.4,10.2,0.0,0.0,15.96,6.24,0.0,3.2,4.86,16.73,0.0,5.04,10.9,40.08,8.12,8.7,0.0,0.0,9.72,5.5,15.0,11.895,54.31,25.323,0.0,21.6,6.0,10.17,16.185,0.0,13.8,0.0,5.31,5.2,0.0,15.98,36.33,25.18,9.24,0.0,10.62,26.84,8.4,7.875,17.56,19.515,15.51,9.75,42.93,19.27,19.175,39.15,30.975,82.705,53.73,31.82,33.49,30.34,26.52,0.0,35.15,12.6,29.87,50.04,4.98,38.48,5.55,15.85,12.51,24.0,18.75,17.5,6.66,5.46,17.22,7.2,22.4,13.28,68.92,7.885,26.815,74.95,6.66,44.04,10.08,16.6,54.295,41.64,41.155,83.52,6.6,46.82,55.84,3.96,0.0
3918,7.58,15.66,6.1,18.19,8.94,41.53,16.59,9.84,20.31,6.46,5.89,8.32,2.28,8.11,5.13,21.8,23.405,77.81,28.9,19.49,21.87,16.34,15.5,8.75,13.5,9.4,9.25,13.46,1.92,7.23,5.0,14.77,8.5,3.0,40.5,14.0,5.0,31.1,13.0,0.0,15.25,10.0,8.1,12.0,26.5,19.08,10.0,9.5,5.0,18.9,15.5,11.0,7.0,0.0,13.5,19.0,25.7,2.0,6.75,8.42,12.92,11.44,7.1,5.0,39.02,16.2,6.44,3.12,11.98,16.17,13.0,22.68,7.56,14.48,8.32,5.4,6.38,15.37,4.56,5.13,5.72,18.72,29.75,17.82,10.53,18.0,31.17,20.715,29.765,6.2,16.74,43.835,14.37,14.76,43.71,8.71,55.17,72.75,41.84,71.86,16.565,6.2,55.685,113.505,52.8,61.8,70.87,72.92,81.68,93.095,73.345,59.925,27.37,12.27,125.31,9.96,6.6,29.97,74.27,74.59,51.72,4.62,17.02,37.38,53.25,27.88,22.51,36.44,20.72,94.14,48.77,52.16,53.55,25.485,40.22,53.02,18.98,47.165,25.35,12.48,24.27,44.74,19.92,26.55,23.655,16.785,17.43,13.28,45.415,30.435,51.82,42.41,15.12,45.25,43.25,19.36,0.0,17.765,16.28,6.6
3919,6.74,1.52,3.04,3.855,9.93,18.48,0.0,4.98,6.46,0.0,0.0,0.0,1.52,5.52,9.48,8.3,14.67,29.55,10.81,10.94,21.53,3.52,6.04,0.0,8.4,6.4,6.715,11.19,15.5,5.94,13.8,0.0,0.0,0.0,4.5,14.5,8.13,8.5,16.0,22.7,8.5,7.44,18.0,0.0,2.0,12.5,13.1,16.06,7.0,10.0,4.75,13.25,3.0,29.78,5.5,8.0,9.0,5.0,15.91,0.0,0.0,0.0,2.04,3.9,3.25,6.0,5.2,7.59,14.46,2.52,2.08,0.0,0.0,4.32,12.36,4.16,2.5,5.4,9.82,11.68,16.52,8.64,10.33,17.87,0.0,28.17,5.94,16.77,4.86,6.66,13.71,7.585,27.68,21.95,22.87,12.09,9.42,23.57,43.815,12.6,12.015,6.3,12.64,29.555,31.185,11.64,22.28,4.95,41.91,4.2,17.895,6.6,13.9,17.88,68.37,0.0,0.0,28.26,41.25,7.4,11.84,21.6,41.27,10.36,14.8,31.05,33.3,12.95,12.47,10.95,9.42,97.44,0.0,13.22,3.735,12.48,14.025,29.47,36.15,22.37,17.42,43.295,29.88,12.45,31.54,32.785,46.96,19.92,29.545,37.215,26.0,44.42,11.58,19.36,22.545,27.535,0.0,7.04,17.16,11.0
3921,2.1,0.0,15.62,0.0,0.0,5.08,0.0,0.0,0.0,0.0,2.96,10.334,0.0,0.0,0.0,2.5,0.0,0.0,0.0,0.0,0.64,0.0,0.0,0.0,0.0,0.0,0.0,0.0,1.52,0.0,0.0,0.0,0.0,0.0,1.56,2.0,0.0,0.0,0.8,0.0,2.205,0.0,0.0,0.0,0.0,0.0,10.92,6.5,0.0,0.0,0.0,0.0,0.0,0.0,0.0,0.0,3.75,3.12,0.0,0.0,6.0,0.0,0.0,5.94,0.0,3.6,0.0,0.0,0.0,0.0,0.0,9.44,0.0,6.2,0.0,0.0,0.0,2.79,0.0,11.8,4.96,0.0,0.0,0.0,12.4,0.0,0.0,0.0,5.13,0.0,0.0,0.0,0.0,0.0,0.0,0.0,0.0,6.2,0.0,0.0,0.0,0.0,0.0,4.8,0.0,8.505,0.0,0.0,7.44,7.6,19.2,0.0,0.0,33.75,0.0,0.0,0.0,0.0,0.0,5.57,0.0,0.0,0.0,0.0,0.0,10.36,1.28,5.28,0.0,0.0,11.835,14.393,7.26,0.0,0.0,4.0,0.0,0.0,0.0,0.0,0.0,0.0,3.735,0.0,0.0,7.47,0.0,0.0,0.0,20.335,0.0,0.0,13.54,4.3,4.3,0.0,0.0,0.0,0.0,0.0
3922,18.18,26.97,27.24,28.84,41.48,73.968,16.03,33.37,66.56,10.58,15.45,15.735,6.65,12.74,30.56,38.6,40.16,68.085,31.61,27.385,97.17,20.68,16.32,31.41,20.8,8.5,23.7,57.6,44.013,35.85,44.195,58.24,49.5,90.91,26.333,59.5,24.5,21.16,43.21,37.08,49.16,26.115,39.99,47.0,35.24,65.18,15.59,7.0,31.34,24.79,22.56,12.81,19.0,65.12,31.08,7.1,41.98,7.6,32.92,36.19,24.17,21.36,42.94,43.5,31.9,19.52,26.305,37.1,16.72,12.65,81.28,144.605,15.97,51.12,16.38,25.53,74.355,54.485,19.765,85.11,122.93,64.05,52.57,42.64,79.655,178.95,55.415,90.625,74.4,96.13,114.096,81.76,152.18,173.245,175.275,150.115,77.24,124.91,246.95,198.07,102.225,55.425,96.67,118.675,62.2,262.85,130.105,271.005,106.97,127.1,142.785,160.57,64.05,232.115,137.03,132.915,235.53,184.125,205.1,201.8,149.46,154.155,134.38,224.18,330.34,191.48,271.28,176.36,130.15,203.92,87.01,171.82,80.175,123.755,123.88,115.89,76.44,202.225,118.53,200.28,198.145,165.84,126.66,205.125,133.415,87.815,133.04,21.89,156.82,140.355,144.21,179.355,272.655,139.535,285.255,162.145,82.01,136.21,132.585,15.2
3923,0.0,4.89,1.52,7.37,16.53,17.29,4.94,0.0,3.8,3.04,1.52,0.0,3.08,0.0,0.0,1.52,7.3,8.95,5.02,0.0,9.04,0.0,7.5,3.0,0.0,3.04,4.5,17.0,6.5,3.29,4.145,5.5,0.0,12.27,8.23,0.0,5.0,0.0,0.0,0.0,0.0,0.0,0.0,0.0,1.5,4.5,0.0,0.0,0.0,3.5,0.0,4.5,0.0,3.0,8.42,3.25,0.0,8.06,4.94,0.0,0.0,0.0,4.59,3.12,4.68,0.0,0.0,0.0,0.0,0.0,4.59,4.08,11.23,5.7,4.4,0.0,0.0,7.12,5.2,15.65,6.82,0.0,5.4,0.0,10.165,11.23,0.0,6.44,7.655,5.61,0.0,0.0,6.1,10.26,15.645,10.24,19.71,40.98,6.4,6.3,6.6,25.415,11.25,11.775,0.0,6.6,11.955,0.0,0.0,12.6,13.2,6.27,6.0,6.6,0.0,16.68,7.59,10.62,19.2,5.18,18.785,0.0,13.32,5.92,13.26,0.0,17.39,0.0,0.0,6.66,0.0,32.025,13.32,13.32,0.0,5.92,11.1,6.66,27.54,12.45,9.96,17.91,5.81,6.225,26.145,41.085,13.28,7.92,19.8,6.64,16.77,0.0,21.16,30.91,17.015,13.25,23.86,17.05,0.0,0.0
3925,8.02,5.2,7.42,9.88,21.994,33.996,5.74,9.525,16.54,24.8,13.22,3.12,3.56,12.98,9.98,23.94,19.445,47.435,16.65,15.76,37.26,4.76,13.68,8.5,18.5,6.0,1.6,9.71,11.5,8.9,14.185,19.93,18.79,20.0,8.5,5.0,28.23,16.25,8.08,13.0,3.85,8.5,11.06,24.0,8.5,8.5,14.25,22.0,1.75,7.0,13.31,13.84,10.62,0.0,103.0,22.12,12.005,28.06,10.86,28.6,0.0,37.72,2.0,3.12,11.915,3.06,3.0,5.0,13.52,18.54,23.7,41.795,21.24,21.68,12.64,6.48,42.335,16.69,14.27,19.14,14.67,45.13,33.61,39.64,5.2,30.58,193.5,28.675,33.73,53.875,19.81,43.855,25.04,49.44,55.0,65.54,123.525,74.095,62.515,35.385,69.04,64.525,85.32,23.055,33.6,60.985,30.225,29.815,31.02,72.93,19.8,24.015,70.49,68.67,85.53,75.95,61.71,63.69,77.42,55.41,68.67,36.09,74.55,67.63,44.46,75.84,78.09,164.8,90.7,115.46,194.39,70.63,51.98,67.43,57.89,49.2,46.35,57.98,72.12,70.89,91.555,71.62,62.595,70.875,75.055,93.41,96.69,65.06,104.705,61.58,56.01,80.165,29.095,93.045,124.845,68.75,86.76,61.79,40.44,18.92
3926,2.22,11.16,9.85,15.326,13.72,44.105,16.085,4.6,29.0,1.48,0.0,11.15,0.0,12.39,18.216,17.52,19.27,44.36,29.09,24.45,74.46,1.6,4.77,26.7,12.1,8.2,6.2,12.84,7.8,0.0,28.2,14.0,7.0,13.0,33.0,11.47,7.0,2.5,7.199,3.825,13.8,15.0,9.0,22.0,15.75,20.0,32.0,22.5,22.07,7.5,17.0,14.0,44.65,30.4,5.0,3.0,0.0,14.42,14.22,20.06,0.0,5.0,20.82,4.0,8.22,24.48,39.0,24.98,20.78,0.0,19.82,23.605,9.72,27.23,26.963,12.4,32.355,9.445,10.07,13.28,17.486,31.15,13.08,23.71,23.13,17.23,17.52,9.99,13.4,30.78,5.415,45.365,43.01,24.775,74.881,41.3,23.6,38.35,73.19,47.155,6.0,4.125,22.23,26.555,26.165,31.67,24.805,37.585,26.14,42.6,8.2,6.615,11.725,94.7,54.25,22.76,4.95,46.31,118.505,73.365,49.96,54.59,58.53,65.62,55.35,118.8,79.44,122.985,42.44,34.41,62.35,60.48,26.75,70.16,30.4,33.825,30.94,44.04,78.145,20.84,46.5,23.385,49.72,121.33,26.32,59.0,89.51,33.92,6.64,51.99,37.24,57.92,46.855,77.32,65.045,27.66,27.48,42.96,20.63,13.2
3927,5.825,1.56,0.0,1.48,8.06,15.39,11.79,2.09,6.98,0.0,0.0,0.0,0.0,0.0,2.96,16.43,7.85,22.04,3.08,9.22,13.2,5.0,0.0,0.0,0.0,0.0,0.0,4.5,4.0,0.0,3.0,0.0,12.2,0.0,29.65,4.0,5.0,0.0,0.0,9.0,7.0,25.5,8.0,3.0,9.0,11.25,11.5,21.0,6.75,13.13,4.0,7.0,3.0,6.04,3.06,13.0,5.0,4.96,5.43,8.2,10.58,2.0,4.08,12.72,5.04,5.0,0.0,8.925,5.2,22.913,0.0,0.0,0.0,5.72,6.775,11.18,4.42,0.0,8.43,4.68,0.0,9.62,0.0,4.94,22.57,23.635,27.012,14.39,5.5,15.75,3.05,8.08,18.235,10.04,69.95,45.555,2.475,0.0,34.365,58.385,26.3,12.17,16.38,20.38,12.46,7.425,18.95,45.525,13.2,10.48,8.58,47.105,26.215,5.28,27.495,0.0,0.0,19.92,72.41,10.4,39.1,38.34,34.05,24.22,42.08,24.38,34.43,9.62,57.09,37.49,50.12,31.86,0.0,14.46,16.97,5.81,52.95,40.33,31.98,16.77,17.3,19.92,49.57,17.02,22.825,48.94,19.685,43.15,3.2,6.6,26.96,81.115,35.25,23.76,48.99,6.64,11.44,48.4,57.2,27.0
3928,0.0,0.0,1.61,0.0,1.56,2.08,0.0,0.0,3.04,0.0,0.0,0.0,0.0,0.0,15.656,0.0,0.0,6.75,0.0,9.3,13.9,0.0,0.0,10.31,0.0,0.0,0.0,0.0,1.44,12.5,0.0,18.0,0.0,0.0,0.0,5.6,30.0,0.0,25.0,3.5,0.0,5.0,0.0,0.0,5.0,0.0,4.5,0.0,0.0,0.0,5.0,3.0,0.0,0.0,0.0,5.0,18.14,5.46,0.0,0.0,0.0,0.0,0.0,10.4,0.0,0.0,3.0,38.75,28.08,0.0,10.07,0.0,0.0,0.0,34.12,0.0,0.0,5.12,10.05,4.69,0.0,30.09,10.53,11.0,3.36,14.275,2.24,0.0,27.195,0.0,0.0,0.0,8.525,6.3,0.0,14.4,0.0,0.0,13.155,0.0,3.0,0.0,0.0,10.2,0.0,31.68,0.0,19.8,3.025,10.56,9.9,0.0,5.61,0.0,37.5,9.585,7.92,38.145,17.16,9.62,19.29,0.0,8.75,0.0,0.0,0.0,0.0,0.0,18.87,6.16,0.0,0.0,0.0,0.0,0.0,5.55,34.86,6.8,11.84,52.5,39.96,27.805,27.75,0.0,0.0,0.0,8.14,44.03,0.0,8.36,0.0,0.0,12.71,24.8,6.6,65.425,9.24,25.8,0.0,0.0
3929,4.18,0.0,7.31,14.44,2.08,13.78,5.0,3.42,12.785,4.935,0.0,0.0,3.04,1.52,0.0,0.0,3.02,0.0,12.62,0.0,15.9,8.1,2.56,3.0,5.94,4.9,5.1,0.0,1.5,0.0,8.0,10.31,0.0,3.0,0.0,29.335,3.0,11.95,5.0,13.5,0.0,9.81,0.0,19.85,7.5,10.1,3.0,12.07,0.0,5.0,25.24,9.45,9.0,15.2,4.86,5.5,4.0,9.88,10.415,0.0,4.5,6.12,10.66,15.48,4.5,5.0,0.0,0.0,0.0,7.62,0.0,17.92,0.0,8.352,9.435,0.0,7.725,7.95,3.2,5.4,6.21,0.0,6.54,83.585,0.0,9.67,5.44,25.6,5.13,21.82,39.85,8.4,24.99,40.71,51.42,52.33,0.0,13.37,30.645,49.8,4.4,8.235,0.0,6.08,66.94,16.33,24.84,39.61,6.66,29.26,42.41,29.07,35.7,19.605,5.28,19.15,0.0,61.62,22.19,60.52,23.0,14.8,61.91,22.06,7.77,6.66,42.89,104.48,6.66,56.56,73.83,69.87,16.6,31.985,89.41,10.36,51.25,6.24,49.56,23.01,19.41,12.21,53.01,33.2,11.62,0.0,27.04,19.84,19.21,22.41,6.225,72.9,91.995,104.24,68.6,26.38,89.36,14.11,10.56,24.18
3930,18.05,31.835,39.01,37.66,48.26,105.718,20.56,35.26,30.26,7.61,13.055,11.54,9.88,11.9,20.47,48.11,65.25,95.35,35.46,26.945,102.21,19.19,7.08,38.65,29.3,51.5,40.9,44.964,20.52,24.5,14.9,48.06,21.83,35.5,35.645,35.25,18.69,71.09,45.19,41.92,21.12,30.0,41.5,77.34,32.4,48.25,50.52,56.5,41.75,101.3,9.0,22.08,20.5,25.75,54.96,56.41,37.35,42.505,40.733,41.84,13.6,9.68,37.12,9.06,51.855,24.74,39.44,41.055,43.81,62.145,38.415,68.556,29.225,36.18,27.08,50.095,46.385,60.512,73.64,41.79,52.747,53.63,44.015,101.98,126.13,75.67,120.005,108.106,73.76,74.025,61.795,105.645,112.775,83.76,112.935,147.31,134.61,229.83,121.08,118.21,156.98,102.79,154.62,66.41,85.585,207.325,75.48,123.62,87.06,160.46,124.52,199.525,68.115,156.27,138.995,13.2,14.91,106.8,295.54,344.355,88.76,145.84,244.64,126.57,122.485,124.26,231.43,184.29,148.405,140.85,221.505,269.405,97.67,238.68,90.385,100.415,66.015,79.395,115.3,306.56,222.235,235.745,199.295,141.165,150.7,127.735,194.375,240.935,253.535,136.895,219.99,151.59,189.12,289.225,173.395,238.5,151.53,166.9,80.095,39.59
3931,32.589,48.004,50.415,59.39,83.684,141.394,38.205,36.355,76.115,8.045,11.345,23.9,24.17,54.56,88.431,63.26,97.226,149.095,37.74,59.04,97.86,42.91,19.87,47.5,26.32,25.4,48.31,43.595,23.13,25.14,14.15,40.232,59.9,61.5,67.045,45.12,46.55,60.12,56.4,63.73,70.565,76.0,59.315,28.0,52.93,74.8,79.64,49.84,68.8,64.5,37.58,34.0,22.95,50.7,38.12,46.06,43.7,25.69,34.37,27.985,24.55,33.04,34.08,59.56,45.785,36.92,20.86,91.78,39.13,21.12,31.625,29.51,12.42,99.93,52.92,58.185,79.84,55.58,94.19,38.29,32.635,55.34,80.637,80.53,105.835,85.82,69.275,56.395,68.585,42.815,104.105,113.46,68.145,121.33,233.015,157.65,108.48,298.29,89.465,145.907,65.46,41.53,104.955,167.092,109.335,183.44,226.5,200.435,190.03,298.245,170.945,213.43,146.68,112.155,138.44,35.19,26.5,130.86,284.56,227.52,209.72,249.77,166.38,278.63,252.12,217.325,185.62,154.08,171.245,315.18,170.4,240.28,103.18,159.67,189.27,173.3,233.48,169.42,221.4,217.225,240.98,190.795,221.69,243.69,123.495,168.885,304.725,168.825,183.725,299.935,150.33,184.865,133.405,170.245,211.16,207.845,70.67,182.485,109.035,27.87
3933,0.0,0.0,0.0,8.115,3.78,14.37,2.28,4.94,4.94,1.5,0.0,0.0,0.0,3.8,0.0,0.0,1.56,30.76,0.0,9.88,71.96,0.0,0.0,16.0,0.0,0.0,5.06,6.6,5.0,0.0,39.0,24.0,5.0,0.0,10.0,7.0,13.0,0.0,9.2,12.5,10.1,0.0,85.5,30.0,18.25,10.2,11.12,0.0,0.0,0.0,10.0,4.5,0.0,4.0,0.0,19.0,0.0,0.0,10.14,0.0,0.0,24.4,0.0,15.7,0.0,0.0,0.0,10.0,8.96,0.0,28.08,8.32,0.0,3.36,5.76,32.7,12.42,0.0,0.0,0.0,9.99,0.0,25.0,0.0,18.69,53.85,0.0,0.0,5.94,0.0,10.8,49.04,13.2,14.0,70.585,6.16,6.6,6.6,0.0,37.2,6.555,0.0,5.04,0.0,5.4,0.0,13.2,184.045,13.3,21.44,0.0,6.6,5.1,18.0,0.0,0.0,0.0,6.6,0.0,28.24,11.1,13.25,5.92,13.32,7.26,4.44,13.2,0.0,10.01,0.0,19.98,13.3,0.0,19.8,18.11,34.75,6.64,0.0,11.2,0.0,30.64,22.41,8.58,39.82,10.79,10.36,0.0,0.0,23.01,18.53,79.99,0.0,0.0,6.64,13.2,31.96,48.51,10.79,11.205,0.0
3934,16.924,20.165,33.45,49.018,69.905,105.372,37.505,33.08,75.53,4.43,12.13,40.325,12.48,42.54,43.98,46.12,89.55,104.475,39.645,44.815,98.9,31.3,37.845,42.64,30.8,24.15,43.36,63.464,34.64,23.0,45.7,45.504,20.04,62.25,54.635,43.33,17.91,29.83,51.0,30.71,36.128,27.94,43.45,28.08,73.0,58.84,93.172,49.1,43.41,45.65,54.6,20.0,24.35,65.72,15.0,32.08,47.37,37.28,22.5,52.78,22.5,20.52,44.425,26.46,14.265,50.77,13.06,34.705,20.94,36.585,55.55,59.942,39.15,36.68,62.93,35.27,82.37,47.03,40.1,36.24,55.37,105.45,60.293,68.749,111.665,74.29,72.0,152.455,84.25,40.985,85.075,72.195,101.72,171.365,163.67,150.48,169.54,147.113,98.055,111.865,76.557,85.885,107.23,170.295,67.86,84.375,124.54,281.15,145.095,151.705,157.98,168.5,156.935,118.1,237.945,20.2,35.7,161.3,262.01,246.475,146.99,215.965,194.47,147.15,174.09,146.28,186.72,142.0,137.85,195.895,252.085,249.23,93.72,133.345,181.51,193.345,133.855,118.78,190.325,352.865,194.275,159.255,277.565,232.78,110.04,230.775,159.2,212.265,207.725,185.615,255.265,163.41,217.835,135.29,194.61,177.28,94.645,161.5,165.195,69.31
3936,15.43,14.425,6.12,28.53,22.83,83.684,13.32,26.075,28.945,0.0,15.04,4.54,5.13,38.975,41.28,61.24,52.05,74.816,27.03,18.96,75.045,16.04,16.565,52.726,15.29,23.455,30.16,27.03,42.84,25.524,17.0,21.58,31.915,32.1,16.0,62.71,46.17,22.27,32.56,16.0,9.0,7.0,24.75,57.19,34.55,42.84,43.74,123.31,28.54,27.18,28.43,45.1,31.15,31.7,18.96,42.66,15.305,17.12,44.37,24.34,23.165,37.36,51.49,12.04,19.82,8.12,26.125,41.33,32.94,44.04,31.38,62.76,18.42,29.23,59.1,15.96,53.15,35.48,7.63,37.96,61.48,30.32,38.645,60.683,62.36,43.795,53.79,16.19,18.3,44.195,96.67,85.29,59.705,96.845,153.705,79.192,29.43,92.819,65.2,82.345,164.395,30.39,38.41,74.255,54.38,65.565,84.84,95.72,52.565,131.055,139.39,92.15,63.535,104.265,77.74,28.86,31.55,116.545,269.73,254.99,101.54,176.36,167.39,157.02,87.49,116.04,238.82,99.79,54.015,190.455,88.095,97.29,105.21,127.23,93.81,127.535,112.445,76.62,67.08,163.57,149.275,119.885,148.05,106.285,112.965,94.365,125.72,107.445,73.06,85.485,134.385,213.54,99.36,147.91,166.94,223.815,70.555,92.98,80.69,65.63
3937,6.44,3.04,0.0,3.08,11.35,7.78,3.12,2.28,20.33,3.5,0.0,1.54,6.9,0.0,9.89,0.0,20.0,25.59,17.46,5.5,11.25,10.8,20.0,8.6,3.2,5.0,4.0,5.0,11.0,3.0,10.0,0.0,0.8,0.0,7.0,8.42,11.12,4.5,8.0,18.0,7.4,0.0,10.0,0.0,4.0,5.0,19.0,25.75,0.0,8.1,15.0,5.0,0.0,17.84,3.0,30.0,10.0,4.16,0.0,15.08,0.0,5.0,0.0,0.0,10.14,15.5,5.3,18.36,5.2,0.0,8.14,35.17,5.4,0.0,21.26,0.0,59.28,0.0,70.74,25.085,0.0,8.58,10.17,39.625,22.302,0.0,25.74,17.84,0.0,0.0,0.0,10.17,11.685,8.42,20.79,6.05,5.985,99.82,15.26,15.125,10.2,38.28,0.0,21.82,16.76,31.915,19.325,26.12,17.195,5.4,19.74,33.225,8.75,75.505,48.1,16.25,15.76,159.79,56.15,11.22,0.0,31.79,7.92,46.38,23.22,32.61,31.5,17.02,29.91,24.82,54.69,43.66,3.25,15.91,80.825,5.92,76.645,53.14,4.98,89.425,17.455,48.4,65.41,54.415,10.375,40.265,44.315,76.53,35.74,36.91,35.46,13.03,38.85,19.08,80.28,37.08,9.5,68.745,29.5,0.0
3938,4.92,1.56,3.82,8.81,12.38,29.65,8.92,12.08,13.728,0.0,1.9,2.96,0.0,6.42,10.14,10.02,16.36,18.52,17.12,15.52,15.216,22.35,3.0,19.66,7.2,9.0,4.0,1.6,4.0,8.04,10.5,9.6,8.68,5.0,15.0,16.5,1.5,8.0,2.0,2.0,10.0,14.0,7.06,3.0,5.0,21.98,7.5,3.0,17.0,4.25,0.0,6.5,14.03,0.0,41.25,2.0,1.5,7.0,8.32,4.62,15.12,9.09,3.12,7.58,9.26,4.16,1.04,26.31,0.0,5.2,20.4,12.7,10.432,6.3,9.97,4.16,12.4,5.28,9.63,20.6,16.86,29.7,5.3,20.24,7.3,39.21,35.68,3.9,5.4,9.44,4.2,0.0,24.865,11.825,19.39,20.32,14.05,34.575,17.452,35.595,21.595,24.215,10.89,20.55,22.155,15.225,13.2,15.34,17.405,35.65,23.1,23.955,35.35,34.81,50.91,6.6,14.92,48.39,56.74,30.285,31.51,19.72,41.13,20.19,31.95,18.12,45.16,26.06,36.26,31.48,30.535,37.515,21.23,20.605,26.52,13.05,17.97,19.46,60.635,16.35,46.75,34.92,62.53,51.885,31.76,19.785,38.795,18.665,44.075,3.7,13.28,17.675,16.785,46.96,23.76,14.995,53.86,33.44,65.18,13.2
3939,19.52,20.525,28.45,48.9,58.749,94.112,27.895,33.955,37.39,10.72,21.225,33.32,16.96,64.6,27.38,51.85,73.03,84.155,39.405,48.015,52.29,53.29,22.38,94.88,32.0,39.02,45.275,31.28,59.95,15.0,28.45,29.77,40.4,18.5,39.435,60.42,36.62,49.17,7.0,33.44,68.45,46.27,38.25,20.41,52.0,57.31,50.45,39.0,169.5,31.0,63.25,26.98,44.0,53.93,31.78,23.98,31.0,42.575,29.36,36.08,44.94,58.17,18.64,38.33,27.93,36.72,35.64,49.18,29.12,48.37,39.28,54.7,59.28,36.075,151.325,48.595,19.725,35.6,61.92,71.05,43.88,60.499,46.135,86.77,79.665,53.71,111.205,25.67,16.31,21.4,65.42,67.23,66.28,52.735,57.895,412.03,90.6,236.035,276.167,184.345,104.18,64.53,31.645,139.555,85.82,128.88,71.195,115.785,107.1,87.945,105.015,100.59,107.63,110.735,258.79,276.76,27.21,98.41,283.855,275.175,68.36,169.86,115.33,191.285,137.305,171.42,163.925,147.545,59.615,116.235,211.75,167.244,106.51,96.005,88.62,113.65,173.7,138.195,159.04,156.185,149.81,166.735,198.715,217.955,159.46,135.78,118.645,71.64,151.345,196.605,189.99,156.31,141.49,45.04,184.355,191.845,113.975,132.535,136.24,39.2
3940,0.0,6.06,1.52,6.72,12.65,12.61,5.26,5.32,3.42,6.025,0.0,8.36,6.04,12.92,13.855,5.42,33.25,20.59,3.0,11.73,22.05,30.52,6.4,4.88,3.11,10.055,3.5,13.81,13.1,8.0,3.0,7.0,5.0,1.5,14.0,12.5,3.0,17.1,8.5,6.25,13.0,3.0,5.0,5.0,16.25,19.0,19.1,7.0,13.5,9.5,8.0,5.0,35.2,0.0,14.82,0.0,10.14,0.0,15.91,5.2,5.0,3.0,4.08,6.98,6.54,3.18,6.2,4.08,13.16,7.7,0.0,5.67,5.0,0.0,7.74,3.18,4.05,19.48,5.6,3.24,3.24,7.02,10.34,7.15,3.9,9.53,19.12,13.54,10.76,47.2,0.0,18.52,17.945,0.0,26.02,5.13,18.275,28.42,29.16,37.5,26.9,5.67,5.7,6.615,36.285,25.25,10.02,44.4,91.655,23.61,24.45,0.0,26.205,41.16,56.43,19.8,7.92,43.115,59.005,40.95,11.1,73.41,35.87,18.44,20.81,3.63,15.17,17.47,49.58,56.32,39.93,135.44,11.1,17.22,19.59,21.65,31.18,15.55,13.26,48.59,19.495,28.65,14.04,138.06,6.64,19.88,13.24,6.64,36.105,15.76,16.925,35.52,15.355,25.33,13.2,30.5,13.2,25.275,27.72,13.24
3941,22.77,14.35,31.56,30.305,52.805,104.44,41.805,24.045,31.244,11.62,7.25,6.04,8.04,22.64,37.07,33.14,77.01,91.574,31.7,63.53,74.3,36.06,42.37,43.32,50.34,9.96,8.65,27.01,49.59,27.0,8.5,23.8,49.8,24.18,19.41,31.81,19.06,33.225,56.87,27.0,21.5,19.7,45.0,22.8,29.2,44.0,70.6,61.41,36.1,42.11,26.8,29.29,27.2,26.46,46.1,46.825,34.98,27.42,12.0,18.22,4.16,39.44,13.56,35.24,21.56,18.69,13.4,52.11,42.07,56.09,15.02,50.545,60.165,26.692,50.095,44.652,28.42,45.82,17.875,48.56,37.81,28.485,18.5,67.815,71.51,61.91,73.145,77.786,86.62,44.78,78.035,74.31,95.38,111.985,121.86,67.585,110.075,121.033,76.855,83.95,59.795,119.69,28.77,68.855,72.225,87.565,120.345,97.675,67.185,86.07,131.075,95.74,137.57,148.32,120.675,53.46,38.09,116.705,237.845,177.62,137.22,145.65,163.095,184.55,145.045,97.01,183.87,125.14,122.49,187.77,184.08,169.065,36.97,229.475,178.825,154.8,148.395,128.9,144.96,253.795,148.325,99.075,181.235,317.05,116.695,142.36,75.68,85.465,185.675,141.22,107.615,228.55,221.325,134.84,85.2,199.905,134.85,184.16,66.35,53.105
3942,0.0,3.04,5.15,14.11,23.8,16.545,0.0,9.204,14.276,0.0,0.75,7.5,0.0,2.0,21.0,1.9,10.635,13.18,3.97,5.21,33.93,9.86,4.07,8.0,3.56,7.2,7.0,5.0,3.0,0.0,14.74,2.5,20.0,6.0,10.0,5.0,18.25,11.12,17.0,6.0,5.5,8.0,5.0,14.575,11.0,6.3,12.695,4.16,6.5,3.0,10.17,13.0,5.0,5.5,0.0,9.5,24.707,14.04,7.5,17.6,0.0,5.2,8.04,13.402,2.04,0.0,0.0,16.97,17.332,0.0,5.83,26.43,4.32,0.0,18.07,5.22,9.6,20.285,6.48,3.0,14.565,5.13,12.15,21.099,21.6,2.2,13.98,0.0,18.9,16.58,18.765,8.34,19.905,25.56,40.575,29.075,15.665,27.625,19.6,6.6,18.33,17.31,5.22,51.49,23.885,24.875,56.95,38.52,13.215,11.19,63.1,30.32,49.47,32.415,26.15,6.65,41.4,38.59,42.69,72.1,46.02,63.76,73.09,45.72,28.98,29.86,33.3,58.13,84.84,38.76,71.02,81.38,27.6,37.27,26.29,11.04,31.37,70.77,51.175,20.66,10.375,49.3,49.565,66.875,10.295,31.53,124.32,81.32,69.99,69.555,127.1,29.08,80.32,67.732,34.87,34.6,0.0,49.96,29.04,8.36
3943,8.4,2.89,4.53,9.22,13.13,32.648,11.64,3.04,11.57,0.0,1.36,2.28,0.0,0.0,1.9,8.06,3.42,13.13,8.02,3.04,22.19,5.7,0.0,11.59,0.0,9.5,3.0,1.56,5.28,2.5,0.0,0.0,0.0,9.53,15.14,7.0,10.0,11.0,24.44,2.25,15.17,25.0,2.5,0.0,12.75,21.1,20.6,5.0,9.0,21.5,10.0,5.0,7.5,0.0,0.0,7.5,17.59,4.5,21.175,9.0,3.64,9.75,8.84,2.0,0.0,0.0,0.0,1.53,12.18,5.3,40.822,0.0,4.89,11.48,13.385,28.54,12.6,4.5,6.44,22.58,44.21,17.975,12.045,53.4,9.51,28.94,5.4,18.36,20.9,18.74,21.125,16.15,35.85,16.935,47.255,10.065,21.38,11.145,39.44,32.445,39.64,57.155,32.75,53.685,12.06,11.82,58.04,36.9,7.0,6.6,21.535,27.77,55.38,57.665,43.1,17.55,8.76,13.0,27.275,62.32,6.65,10.95,21.09,22.835,44.95,68.43,82.275,35.03,28.33,81.82,30.63,46.88,0.0,46.87,31.545,27.015,26.03,40.28,9.96,14.525,86.45,64.72,79.07,75.635,19.165,26.58,105.59,29.64,45.865,76.5,85.97,33.16,102.33,113.44,81.63,45.32,32.145,25.725,3.52,5.76
3944,1.5,1.52,1.52,6.5,1.52,3.445,1.56,0.0,3.76,0.0,6.52,4.93,5.485,5.92,2.64,1.52,6.13,6.16,0.0,0.0,0.0,0.0,1.95,10.5,0.0,0.0,18.5,5.0,5.0,5.0,0.0,0.0,0.0,5.75,0.0,12.47,4.0,10.0,2.75,2.0,8.0,0.0,10.0,9.867,5.0,18.0,0.0,5.0,5.0,0.0,10.0,0.0,0.0,0.0,5.0,0.0,10.0,5.75,7.12,0.0,4.5,0.0,30.48,0.0,0.0,10.26,6.24,0.0,8.64,0.0,4.04,0.0,0.0,13.66,0.0,10.1,32.96,0.0,20.816,3.24,0.0,0.0,0.0,22.41,0.0,14.64,5.94,20.19,0.0,12.76,0.0,5.13,4.5,10.2,4.02,32.94,0.0,18.0,30.16,0.0,0.0,15.725,6.6,17.28,12.57,12.505,0.0,30.5,0.0,42.87,17.175,0.0,15.62,32.47,14.85,14.8,0.0,10.36,23.665,20.75,34.19,9.25,14.8,34.35,0.0,23.17,9.62,0.0,15.13,22.81,128.8,45.82,22.31,16.76,24.96,22.265,19.46,19.505,38.9,119.57,36.4,54.39,30.85,6.97,6.0,0.0,69.885,28.95,64.585,0.0,46.86,45.615,34.76,16.6,54.96,15.99,18.4,0.0,40.09,10.56
3945,0.0,6.28,0.0,11.68,4.18,14.23,14.725,5.32,4.94,3.66,3.42,0.0,0.0,1.52,2.28,4.22,10.495,15.198,3.0,3.0,20.12,0.0,4.08,7.95,4.56,3.5,17.9,10.0,7.5,11.5,5.0,5.0,11.5,0.0,4.5,8.0,3.5,3.0,4.6,7.0,0.0,0.75,11.298,0.0,0.0,14.77,14.0,7.5,0.0,4.34,2.0,0.0,0.0,8.08,9.0,4.59,3.0,7.5,0.0,4.88,7.48,0.0,4.5,1.5,9.0,12.09,4.42,0.0,4.5,3.64,3.12,4.5,4.68,5.99,0.0,8.59,9.68,11.26,0.0,4.13,0.0,4.59,10.17,1.89,11.71,0.0,0.0,6.5,18.36,11.15,7.565,12.0,27.18,4.95,24.005,19.2,9.625,39.805,134.65,39.9,17.955,8.65,0.0,21.735,5.04,10.0,0.0,16.845,0.0,41.58,56.58,6.615,6.6,0.0,13.2,10.2,0.0,26.4,19.8,0.0,0.0,2.22,9.62,6.66,13.26,25.75,6.66,15.28,14.8,6.66,12.52,27.45,6.66,0.0,30.06,19.86,7.92,9.62,14.96,0.0,8.715,49.445,22.4,64.13,0.0,6.64,33.94,0.0,12.32,0.0,0.0,16.185,7.92,0.0,41.255,12.865,0.0,0.0,19.8,0.0
3946,0.0,0.0,0.0,0.0,4.935,2.28,0.0,3.99,3.99,0.0,0.0,0.0,0.0,0.0,4.5,0.0,0.0,0.0,4.5,0.0,0.0,3.31,0.0,9.0,0.0,0.0,0.0,0.0,9.0,0.0,0.0,0.0,0.0,1.5,8.5,0.0,0.0,0.0,4.5,0.0,0.0,0.0,0.0,0.0,0.0,0.0,0.0,0.0,0.0,0.0,0.0,0.0,4.0,0.0,0.0,0.0,0.0,0.0,0.0,0.0,0.0,0.0,0.0,0.0,0.0,0.0,0.0,4.5,0.0,0.0,0.0,0.0,0.0,4.42,0.0,0.0,0.0,0.0,0.0,0.0,0.0,0.0,24.92,0.0,3.24,0.0,0.0,0.0,0.0,0.0,0.0,8.26,12.1,6.5,0.0,0.0,0.0,0.0,0.0,6.5,0.0,4.2,4.8,0.0,0.0,0.0,0.0,0.0,0.0,0.0,0.0,21.42,13.2,7.92,0.0,0.0,0.0,0.0,0.0,6.6,0.0,0.0,56.61,4.95,25.2,0.0,0.0,0.0,9.75,0.0,0.0,0.0,22.68,0.0,6.64,0.0,0.0,12.23,0.0,17.52,0.0,6.64,0.0,6.64,0.0,0.0,0.0,0.0,0.0,9.96,0.0,0.0,0.0,7.92,0.0,0.0,6.65,0.0,0.0,6.6
3950,7.18,6.12,9.79,24.24,19.0,54.829,31.76,19.36,65.935,30.81,8.54,2.5,16.62,7.34,3.99,12.54,37.01,70.675,17.595,9.115,29.32,3.2,27.97,34.52,0.0,8.9,43.07,23.04,37.905,32.47,7.0,9.962,4.5,29.0,16.85,3.6,7.5,12.078,15.5,32.0,13.48,20.0,16.0,8.25,40.48,19.6,3.0,3.0,28.09,0.0,4.5,27.34,32.16,37.2,10.75,8.825,8.68,11.5,16.21,17.68,11.3,19.52,14.5,60.93,6.89,5.04,15.75,13.04,9.07,25.6,13.77,4.505,8.12,20.25,50.71,104.43,41.76,27.355,27.85,16.905,30.57,136.97,60.72,22.68,13.81,16.98,70.33,27.17,81.31,90.89,35.92,10.59,27.73,105.595,55.43,113.48,25.745,29.13,15.84,28.05,55.745,14.725,6.6,12.73,9.6,20.58,41.145,28.485,0.0,32.21,53.605,22.855,20.26,64.2,6.6,62.87,28.965,48.88,24.73,37.6,0.0,40.69,17.3,114.06,0.0,86.04,96.24,52.17,12.58,11.1,23.68,123.57,6.66,61.54,47.18,4.68,32.25,31.47,29.405,54.18,92.48,21.28,65.575,100.19,39.25,34.16,32.38,41.915,50.685,32.96,52.76,75.76,80.305,23.705,42.115,76.515,28.82,65.7,39.65,8.8
3951,0.0,10.0,5.26,0.0,7.16,19.145,8.77,14.38,22.22,0.0,6.8,0.0,0.0,1.9,3.04,0.0,4.56,0.0,8.96,0.0,20.5,3.9,9.92,0.0,0.0,2.0,0.0,2.0,7.578,12.27,4.25,0.0,5.0,14.886,4.5,10.5,4.5,8.5,3.0,0.0,0.0,9.75,9.0,0.0,4.5,5.06,0.0,4.5,0.0,8.0,3.0,4.5,0.0,0.0,4.5,0.0,0.0,12.25,0.0,0.0,3.57,10.22,4.42,0.0,0.0,0.0,0.0,0.0,0.0,3.975,4.42,12.19,0.0,0.0,0.0,0.0,10.77,0.0,0.0,0.0,0.0,38.88,20.38,3.96,0.0,0.0,0.0,10.17,20.69,27.63,8.78,23.23,51.565,33.91,48.08,6.0,11.8,0.0,20.515,6.6,6.525,23.445,12.35,0.0,0.0,7.41,25.57,20.13,6.6,23.36,21.645,22.955,0.0,0.0,6.6,19.875,0.0,0.0,80.19,9.6,9.99,39.6,13.32,10.36,0.0,64.75,22.56,17.39,25.635,13.32,6.4,19.24,0.0,6.6,19.98,5.28,6.63,13.395,6.225,20.28,14.94,35.67,0.0,0.0,0.0,17.73,16.6,6.64,13.16,6.6,0.0,6.6,11.0,15.4,13.2,0.0,0.0,0.0,0.0,0.0
3953,19.715,29.44,51.295,27.635,43.54,75.862,60.35,85.355,74.36,26.73,32.06,7.44,2.28,30.43,23.21,29.285,40.16,81.91,41.13,33.47,79.39,20.24,24.18,62.896,2.4,22.84,23.4,17.73,73.78,48.954,43.25,53.88,69.278,31.5,68.315,2.0,3.0,13.5,23.67,23.88,63.73,20.0,24.0,7.0,27.34,26.5,28.09,17.56,25.59,11.68,7.5,25.0,27.0,13.0,17.92,15.0,27.21,25.71,13.42,12.5,4.59,13.74,10.335,24.6,27.57,17.16,38.74,10.5,26.05,7.71,26.68,68.18,22.9,38.37,66.205,35.605,155.845,20.255,87.89,56.56,49.025,28.29,78.43,78.47,17.28,38.515,74.105,94.175,66.185,53.27,94.44,35.24,65.135,70.975,130.78,55.565,92.68,160.29,61.52,78.49,55.91,93.04,27.61,88.31,21.1,36.535,75.175,131.895,25.855,35.51,36.04,19.08,83.34,171.815,79.72,55.445,147.025,59.42,85.32,142.41,19.92,94.78,92.78,72.29,22.29,78.63,141.81,119.495,58.98,25.5,38.28,201.16,13.23,19.96,46.89,59.92,60.77,76.15,90.19,176.45,9.13,78.595,110.135,86.52,29.91,85.285,33.585,126.37,151.335,64.66,122.06,164.815,93.22,103.46,39.72,62.48,77.4,86.34,51.04,23.8
3954,0.0,0.0,20.08,1.52,6.08,4.07,4.93,1.9,0.0,0.0,0.0,0.0,9.12,0.0,4.56,0.0,5.0,5.0,2.14,4.0,4.6,0.0,0.0,4.0,0.0,0.0,0.0,0.0,0.0,3.0,12.0,4.5,0.0,4.5,4.0,15.0,0.0,0.0,0.0,5.0,0.0,0.0,9.25,0.0,0.0,4.5,0.0,4.5,0.0,0.0,0.0,4.59,0.0,0.0,0.0,0.0,0.0,4.5,0.0,0.0,0.0,0.0,0.0,4.0,0.0,0.0,0.0,0.0,0.0,0.0,0.0,0.0,0.0,0.0,0.0,0.0,2.04,0.0,0.0,5.0,0.0,0.0,8.75,2.565,0.0,3.025,0.0,6.875,5.94,22.72,0.0,0.0,2.2,0.0,0.0,0.0,6.3,0.0,0.0,0.0,0.0,0.0,0.0,0.0,13.095,12.27,6.5,0.0,6.5,0.0,0.0,0.0,5.61,0.0,6.6,15.84,0.0,0.0,0.0,0.0,0.0,0.0,25.9,0.0,0.0,0.0,13.14,13.32,0.0,16.59,0.0,0.0,12.95,6.4,0.0,0.0,0.0,5.46,0.0,0.0,0.0,0.0,0.0,6.64,0.0,0.0,6.63,0.0,0.0,8.4,0.0,12.45,0.0,0.0,0.0,0.0,0.0,0.0,0.0,0.0
3956,17.51,6.9,7.6,4.57,17.795,56.44,24.597,19.46,33.06,7.41,0.99,4.64,3.6,8.12,5.04,31.0,24.83,64.725,11.15,35.245,42.79,16.5,33.88,31.085,7.5,5.26,30.705,22.89,41.978,27.87,11.29,9.0,11.0,13.0,18.405,24.5,30.2,17.81,7.0,7.84,17.16,40.955,29.38,24.56,20.6,11.09,3.0,8.5,9.04,48.06,25.5,11.275,8.54,2.0,1.5,14.5,0.0,15.18,22.56,18.5,5.0,7.5,22.78,4.42,18.44,0.0,19.5,19.24,3.0,16.72,12.745,17.66,19.47,17.3,16.12,2.97,18.34,18.465,0.0,90.155,17.895,27.7,35.9,28.66,3.24,24.65,7.75,35.815,35.9,65.575,18.65,13.365,27.69,49.14,64.08,86.355,71.435,53.315,34.155,12.0,54.565,13.75,121.2,42.99,46.65,23.28,28.185,34.18,70.29,36.905,18.48,40.275,31.045,6.6,17.74,17.64,40.8,42.63,65.4,13.26,39.84,37.47,87.12,26.82,58.28,30.71,24.23,59.99,174.97,26.64,48.07,50.33,42.03,31.51,105.035,47.75,43.37,16.77,42.91,76.465,171.99,40.98,36.78,80.605,33.22,76.97,26.595,65.56,60.82,6.225,35.3,6.6,36.61,37.52,41.09,82.45,26.53,59.46,23.69,13.2
3957,0.0,0.0,0.0,1.98,0.0,7.64,4.86,2.052,7.752,0.0,0.0,1.56,0.0,0.0,0.0,0.0,0.0,3.0,4.0,4.56,0.0,0.0,0.0,0.0,0.0,0.0,0.0,0.0,0.0,0.0,0.0,3.0,9.0,0.0,13.578,0.0,0.0,0.0,0.0,0.0,0.0,0.0,7.5,1.75,0.0,7.09,4.5,0.0,0.0,7.5,0.0,0.0,0.0,0.0,4.5,0.0,0.0,0.0,0.0,0.0,0.0,0.0,0.0,0.0,3.12,2.2,0.0,0.0,0.0,0.0,0.0,0.0,0.0,0.0,0.0,9.18,0.0,4.48,7.02,14.6,0.0,0.0,0.0,6.48,0.0,0.0,0.0,0.0,0.0,0.0,0.0,0.0,0.0,0.0,0.0,0.0,0.0,0.0,0.0,0.0,25.935,0.0,5.985,0.0,34.2,0.0,0.0,40.26,0.0,12.87,1.65,0.0,99.66,0.0,13.2,0.0,6.6,6.66,32.085,0.0,0.0,0.0,71.72,6.66,0.0,0.0,0.0,0.0,0.0,0.0,14.43,0.0,6.29,0.0,10.36,27.72,0.0,0.0,0.0,0.0,0.0,0.0,0.0,0.0,0.0,8.715,0.0,6.64,6.375,0.0,0.0,0.0,0.0,0.0,0.0,6.64,6.6,0.0,0.0,0.0
3958,0.0,0.0,0.0,0.0,1.5,6.24,3.99,0.0,4.465,0.0,0.0,0.0,0.0,0.0,0.0,0.0,0.0,8.5,7.66,0.0,0.0,0.0,0.0,0.0,0.0,0.0,0.0,0.0,0.0,0.0,0.0,0.0,0.0,0.0,0.0,0.0,0.0,3.24,0.0,0.0,0.0,0.0,0.0,4.0,0.0,0.0,0.0,0.0,0.0,0.0,0.0,0.0,0.0,0.0,0.0,0.0,0.0,0.0,0.0,0.0,0.0,0.0,0.0,0.0,0.0,0.0,0.0,0.0,0.0,0.0,4.505,0.0,0.0,0.0,0.0,4.59,0.0,15.66,0.0,0.0,0.0,9.8,11.88,3.54,0.0,9.156,0.0,0.0,0.0,0.0,5.31,0.0,0.0,0.0,0.0,12.6,0.0,0.0,0.0,0.0,6.6,6.05,0.0,0.0,0.0,0.0,0.0,0.9,8.04,0.0,0.0,0.0,0.0,0.0,0.0,0.0,6.6,0.0,0.0,0.0,0.0,19.86,0.0,0.0,0.0,0.0,0.0,0.0,0.0,3.7,6.66,0.0,0.0,0.0,0.0,0.0,13.26,0.0,28.48,0.0,6.64,0.0,0.0,0.0,0.0,0.0,13.28,0.0,6.225,0.0,0.0,0.0,0.0,0.0,0.0,0.0,0.0,0.0,6.6,0.0
3959,18.82,5.67,7.88,4.98,17.08,65.48,20.415,3.21,26.16,1.9,6.31,0.0,5.43,0.0,7.31,0.0,17.05,13.91,0.0,19.54,19.69,2.0,10.0,1.44,4.14,3.0,16.37,4.56,11.5,14.42,4.5,0.57,2.4,3.24,12.0,1.0,4.0,7.0,0.0,10.5,19.0,8.5,20.09,18.5,8.85,5.0,0.0,12.5,3.0,2.75,8.5,10.5,9.59,12.5,0.0,0.0,10.0,11.0,11.0,3.18,2.0,0.0,0.0,0.0,4.59,4.77,0.0,10.07,0.0,0.0,0.0,2.08,9.22,1.59,3.24,2.6,4.505,6.21,0.0,49.57,82.88,10.08,4.4,13.16,20.72,0.0,44.13,0.0,19.0,5.94,3.3,3.2,15.325,4.125,11.28,22.98,7.695,20.76,14.9,18.73,30.935,0.0,10.26,6.3,12.44,48.55,4.29,36.435,5.94,13.045,26.64,0.0,6.6,24.42,33.565,30.85,12.9,26.73,66.1,17.85,5.28,31.94,27.0,0.0,27.08,27.72,16.65,15.84,26.28,80.04,0.0,29.12,12.58,86.58,38.33,13.32,35.14,2.0,6.63,33.66,9.96,0.0,15.355,48.38,25.11,29.465,47.35,23.24,13.28,22.72,6.64,59.72,46.92,0.0,7.92,28.16,13.24,13.2,11.0,0.0
3960,5.98,7.68,11.64,24.46,32.94,76.49,35.431,17.41,48.7,0.0,7.18,4.56,9.0,4.94,10.92,9.24,38.25,26.798,11.5,21.098,59.735,5.12,2.0,2.0,7.25,6.5,17.1,9.1,11.0,9.578,12.0,19.6,23.5,11.0,0.0,0.0,3.0,17.0,21.5,13.5,31.0,10.25,39.0,30.84,23.5,9.5,20.22,27.59,0.0,13.0,15.0,9.0,5.31,23.3,16.56,9.5,14.87,20.42,59.85,5.0,4.5,5.1,16.0,10.5,15.28,34.18,4.5,9.1,7.05,10.77,105.24,4.5,7.71,4.48,20.02,24.57,14.85,26.975,13.985,17.91,0.0,2.75,0.0,39.8,0.0,74.61,55.91,11.15,48.185,10.33,18.97,6.05,12.925,11.01,6.6,4.4,69.01,9.075,28.125,6.6,12.515,16.04,98.415,8.94,11.6,104.055,30.575,45.495,38.06,52.035,9.9,26.555,42.975,11.835,16.98,34.26,49.17,6.17,25.19,40.0,0.0,27.78,73.94,48.685,6.66,27.22,83.56,19.04,33.015,39.61,31.4,52.91,6.4,49.92,21.09,32.34,50.81,6.4,6.63,58.67,27.49,20.72,45.475,15.64,31.57,61.36,32.44,37.37,36.33,67.655,25.8,0.0,49.09,9.02,38.345,35.4,13.2,20.365,6.6,0.0
3962,1.48,5.32,11.36,8.76,14.74,22.74,6.27,13.815,18.955,3.04,1.5,0.57,6.08,0.0,1.5,3.0,0.0,22.6,0.0,10.25,27.11,0.0,3.2,4.4,3.0,7.8,0.0,13.5,4.5,9.75,0.0,3.25,8.0,7.0,1.82,10.18,3.0,0.0,9.0,9.31,9.195,0.0,30.5,5.5,8.0,4.5,0.0,0.0,0.0,0.0,0.0,14.0,0.0,0.0,3.0,0.0,6.0,4.505,16.42,4.5,0.0,0.0,0.0,7.5,2.08,0.0,3.12,0.0,0.0,4.59,6.18,0.0,0.0,7.53,0.0,0.0,4.0,0.0,15.475,0.0,3.54,0.0,0.0,15.58,0.0,4.48,13.18,5.5,10.08,0.0,39.05,6.5,6.6,0.0,5.12,0.0,6.4,63.88,11.0,13.2,0.0,0.0,0.0,10.065,6.6,0.0,6.6,0.0,98.8,10.56,0.0,4.62,0.0,13.56,12.11,0.0,6.6,18.42,15.82,13.26,0.0,19.65,6.66,0.0,6.6,6.6,1.98,0.0,19.1,11.1,0.0,13.65,0.0,0.0,5.18,0.0,13.29,5.28,0.0,5.395,0.0,0.0,33.44,5.94,0.0,0.0,13.14,3.32,13.3,18.145,6.64,0.0,19.92,0.0,0.0,0.0,0.0,6.6,6.6,8.3
3964,3.42,0.0,0.0,0.0,0.0,5.55,3.04,4.94,7.3,1.5,0.0,0.0,0.0,0.0,0.0,4.0,5.0,0.0,0.0,0.0,0.0,0.0,0.0,0.0,0.0,0.0,0.0,0.0,0.0,0.0,0.0,0.0,0.0,0.0,3.0,0.0,3.12,0.0,0.0,0.0,0.0,0.0,4.0,7.0,3.0,0.0,3.0,0.0,0.0,0.0,4.5,0.0,0.0,0.0,0.0,0.0,0.0,0.0,0.0,4.5,0.0,0.0,0.0,0.0,0.0,0.0,0.0,0.0,0.0,0.0,0.0,0.0,0.0,0.0,0.0,0.0,4.5,4.5,0.0,4.16,0.0,0.0,0.0,0.0,0.0,0.0,0.0,0.0,0.0,0.0,0.0,7.15,0.0,0.0,6.3,0.0,0.0,0.0,0.0,6.2,0.0,0.0,0.0,0.0,0.0,0.0,0.0,0.0,0.0,0.0,6.3,0.0,0.0,0.0,0.0,0.0,0.0,0.0,0.0,0.0,0.0,6.6,0.0,0.0,0.0,0.0,0.0,0.0,0.0,0.0,0.0,6.66,0.0,0.0,0.0,0.0,0.0,0.0,0.0,0.0,0.0,0.0,0.0,0.0,6.225,0.0,14.94,0.0,6.66,6.3,0.0,0.0,0.0,0.0,0.0,0.0,0.0,0.0,0.0,0.0
3965,0.0,2.96,1.52,7.48,0.0,6.16,0.0,7.356,2.88,0.0,0.0,0.0,0.0,0.0,0.0,0.0,0.0,4.51,1.52,0.0,10.3,7.5,0.0,0.0,0.0,0.0,0.0,0.0,0.0,0.0,0.0,0.0,14.0,3.0,0.0,0.0,0.0,0.0,0.0,4.0,0.0,0.0,0.0,5.0,0.0,4.5,0.0,0.0,0.0,0.0,0.0,0.0,0.0,0.0,8.5,4.59,0.0,0.0,0.0,0.0,0.0,0.0,0.0,0.0,0.0,4.5,0.0,4.68,0.0,0.0,4.42,0.0,0.0,0.0,0.0,0.0,5.12,0.0,4.425,0.0,0.0,0.0,0.0,5.4,0.0,10.98,6.5,0.0,0.0,0.0,0.0,6.27,0.0,6.6,0.0,0.0,0.0,0.0,6.3,0.0,0.0,0.0,0.0,0.0,0.0,0.0,0.0,6.6,3.3,0.0,0.0,3.25,0.0,18.26,4.62,0.0,0.0,0.0,0.0,14.2,0.0,0.0,0.0,13.2,54.45,0.0,0.0,10.36,3.7,0.0,20.37,0.0,0.0,6.66,0.0,0.0,0.0,0.0,7.41,6.66,11.62,0.0,1.17,0.0,19.92,6.64,12.45,0.0,0.0,0.0,0.0,0.0,0.0,0.0,12.32,0.0,0.0,0.0,10.56,0.0
3966,0.0,1.52,3.04,3.04,0.0,5.89,0.0,4.8,0.0,3.04,1.5,1.56,0.0,0.0,0.0,3.04,1.5,6.5,0.0,3.04,0.0,0.0,3.04,0.0,6.18,3.2,0.0,0.0,9.5,9.23,12.645,4.5,0.0,0.0,0.0,2.0,0.0,0.0,8.985,0.0,6.68,0.0,0.0,0.0,0.0,0.0,2.0,0.0,0.0,0.0,10.5,0.0,0.0,0.0,0.0,0.0,0.0,4.5,8.5,0.0,4.5,0.0,4.94,3.0,0.0,0.0,0.0,0.0,0.0,0.0,7.14,0.0,0.0,0.0,3.24,0.0,0.0,0.0,0.0,0.0,15.13,0.0,0.0,5.12,0.0,9.8,15.7,0.0,0.0,9.98,0.0,39.9,8.8,25.44,0.0,0.0,3.025,0.0,0.0,0.0,5.13,0.0,45.6,0.0,25.11,6.4,13.005,2.64,46.4,6.6,0.0,0.0,5.28,0.0,0.0,7.59,0.0,0.0,0.0,0.0,0.0,11.78,6.66,0.0,6.66,0.0,7.92,6.66,4.95,0.0,0.0,6.63,0.0,0.0,6.16,5.18,6.4,0.0,5.395,6.66,0.0,0.0,19.92,0.0,19.5,0.0,0.0,0.0,0.0,6.6,5.395,0.0,17.08,0.0,13.3,0.0,0.0,0.0,0.0,0.0
3967,1.4,1.52,0.0,0.0,0.0,4.18,0.0,0.0,0.0,2.0,0.0,0.0,0.0,0.0,0.0,0.0,0.0,4.5,0.0,0.0,0.0,0.0,0.0,0.0,0.0,0.0,0.0,0.0,0.0,0.0,0.0,0.0,0.0,0.0,0.0,0.0,0.0,0.0,2.0,0.0,0.0,17.0,0.0,0.0,0.0,0.0,0.0,7.0,0.0,0.0,0.0,0.0,0.0,4.59,2.0,0.0,0.0,0.0,0.0,0.0,0.0,0.0,0.0,0.0,4.0,0.0,0.0,0.0,0.0,0.0,0.0,0.0,0.0,0.0,0.0,0.0,0.0,14.58,9.72,0.0,0.0,5.13,0.0,0.0,0.0,0.0,0.0,0.0,0.0,0.0,17.87,0.0,0.0,0.0,0.0,0.0,0.0,0.0,0.0,0.0,0.0,0.0,0.0,0.0,0.0,0.0,0.0,0.0,0.0,0.0,0.0,0.0,0.0,0.0,0.0,0.0,6.6,0.0,0.0,0.0,0.0,6.6,0.0,0.0,0.0,0.0,0.0,0.0,34.72,0.0,0.0,0.0,0.0,0.0,18.5,0.0,0.0,0.0,0.0,0.0,0.0,9.96,0.0,0.0,0.0,0.0,0.0,0.0,0.0,0.0,0.0,0.0,0.0,0.0,0.0,0.0,0.0,0.0,0.0,0.0
3971,6.24,16.37,16.44,29.42,14.13,87.915,14.955,50.245,108.889,0.0,9.3,25.24,20.17,6.14,19.36,8.13,30.01,67.91,37.573,10.69,51.305,9.07,6.0,24.12,12.7,12.64,15.5,28.34,36.18,37.2,9.32,27.0,12.0,10.5,32.0,11.54,0.0,24.24,25.0,18.5,26.5,30.19,26.0,4.5,21.4,25.18,0.0,13.68,15.0,8.32,25.62,12.0,20.95,0.0,10.5,0.0,13.92,20.5,4.5,4.5,0.0,0.0,7.8,25.09,14.58,9.0,17.71,3.06,9.005,9.24,11.0,7.71,4.16,25.6,10.85,0.0,24.345,20.79,33.245,37.43,15.46,20.31,24.395,68.34,4.94,32.025,36.3,22.37,16.2,19.91,68.065,39.665,39.83,15.94,4.55,4.5,11.46,66.185,44.925,18.66,33.905,10.11,87.995,0.0,78.095,18.265,26.415,26.64,11.195,66.75,24.42,11.085,43.4,64.29,30.28,17.16,6.4,36.3,32.66,159.36,19.89,14.43,42.34,31.8,20.225,81.02,45.86,30.71,47.4,122.58,34.63,24.43,19.86,67.4,17.71,13.29,26.475,45.085,21.24,71.67,18.26,79.34,30.815,39.1,59.015,69.49,127.155,32.815,40.395,178.56,35.87,35.13,158.3,13.28,66.425,19.84,34.64,36.15,32.895,0.0
3975,16.625,35.4,34.2,41.005,74.388,64.39,29.48,19.84,74.582,8.74,10.48,27.65,30.0,44.28,61.45,69.215,107.955,138.21,71.76,58.2,119.64,55.42,51.55,23.575,35.34,19.33,34.555,33.62,30.05,46.04,47.3,74.75,53.79,77.54,46.376,46.82,59.5,46.38,63.66,59.52,52.12,43.65,55.1,47.86,59.6,53.5,73.5,76.0,64.37,70.52,60.03,33.46,60.28,45.78,64.41,32.84,63.68,35.26,60.875,53.845,66.46,81.415,83.7,23.87,18.5,38.295,17.08,30.68,28.72,38.78,45.145,29.11,59.405,39.57,29.13,23.39,33.38,38.7,22.96,57.325,109.22,33.51,40.8,54.91,26.64,31.96,48.22,69.76,104.155,55.62,50.615,76.16,171.585,225.82,265.965,284.775,204.185,166.755,195.665,85.735,87.945,75.895,74.18,200.27,172.515,206.47,344.78,215.08,227.665,263.81,222.31,250.535,150.77,192.16,383.945,122.835,123.435,194.1,367.96,386.89,211.51,248.64,274.735,169.33,198.18,188.72,286.02,172.49,142.83,322.36,178.625,274.14,54.65,193.07,97.7,80.99,114.545,55.465,125.925,130.25,88.97,160.98,134.56,303.32,48.03,138.6,107.995,81.5,157.615,67.32,135.895,163.37,204.797,229.87,169.66,182.445,93.08,236.43,62.765,119.47
3976,34.36,31.34,58.244,43.328,56.124,79.628,29.959,34.565,47.78,4.35,26.1,40.57,30.98,54.6,74.87,88.985,119.13,183.56,88.785,68.02,89.9,59.13,55.24,61.28,72.49,45.295,36.11,57.32,43.52,54.64,53.75,32.5,42.0,63.75,82.7,34.775,62.0,93.65,72.9,83.93,64.23,62.6,40.58,82.25,66.55,71.76,65.25,51.4,59.5,43.5,54.9,33.08,22.92,49.18,70.0,33.295,38.25,53.6,13.37,55.08,47.51,60.2,41.52,59.84,17.75,26.08,18.88,33.09,42.89,50.27,19.11,56.44,27.04,31.76,22.88,24.32,45.4,18.17,19.835,44.37,25.52,69.715,27.22,50.97,42.55,58.065,83.72,32.2,59.88,59.155,137.805,53.957,113.705,174.61,193.54,113.86,128.08,159.41,128.24,171.915,56.38,25.305,55.115,182.3,120.96,135.17,259.27,293.875,133.235,181.19,132.725,120.76,225.345,170.985,333.9,43.98,6.6,163.76,359.055,439.04,213.87,239.565,269.04,218.28,236.84,255.48,275.665,196.65,150.58,144.18,174.595,114.21,90.1,108.54,85.69,99.015,64.22,97.45,116.085,126.46,101.39,104.16,181.06,136.625,91.715,111.58,86.36,130.325,215.125,111.97,205.54,163.55,157.235,84.76,165.5,191.49,77.035,109.83,142.88,51.525
3977,124.134,119.855,204.039,162.663,296.164,349.996,155.994,129.42,272.746,67.12,84.141,92.535,132.32,186.948,341.58,326.748,527.475,504.205,307.26,279.515,380.57,146.26,168.08,228.41,129.77,163.26,124.62,168.52,142.49,164.89,164.535,163.372,136.575,267.98,278.58,159.12,244.065,256.985,272.33,206.84,312.08,268.828,351.54,397.615,362.9,301.15,352.77,270.91,325.635,223.265,294.585,173.81,238.5,245.02,286.36,246.73,197.518,258.08,316.33,420.02,254.555,366.85,263.505,265.535,243.61,206.48,234.61,283.82,286.48,252.07,253.46,258.99,338.105,315.608,246.665,177.685,294.775,236.265,307.485,440.439,369.555,279.875,485.265,360.815,347.855,462.675,448.39,393.68,517.45,458.675,459.615,687.135,973.48,1175.745,1365.565,862.55,1033.675,938.99,1090.665,1048.36,560.285,218.015,411.365,749.7,1065.92,1465.175,1649.705,1530.74,1190.91,1377.155,1106.695,759.93,977.88,1246.315,1666.4,293.625,98.305,1449.42,2307.94,1942.75,1224.1,1152.11,1529.53,1488.465,1098.06,1180.54,1670.45,1303.51,1050.44,1244.48,1197.125,872.8,382.12,744.37,755.245,552.84,998.795,770.435,856.085,929.47,1098.125,905.365,824.73,1346.56,915.695,846.005,900.65,803.465,1076.12,962.345,820.91,969.925,872.28,899.875,1089.05,1248.985,763.195,1066.515,947.645,250.755
3978,2.04,0.0,0.0,0.0,0.0,6.57,4.995,0.0,8.04,0.0,1.52,1.56,0.0,11.4,9.5,5.42,8.61,11.16,5.0,8.56,17.68,15.54,2.78,3.0,6.36,0.0,29.89,16.06,12.91,7.504,2.0,3.0,7.0,7.5,39.35,33.57,110.985,21.5,54.25,21.75,60.06,20.0,29.48,43.0,37.59,33.85,20.6,37.09,6.5,13.8,48.42,17.5,36.575,26.42,28.72,43.17,58.38,86.278,36.59,95.33,37.5,47.42,68.53,33.61,44.18,53.75,63.18,62.16,70.005,44.27,76.075,102.505,70.73,78.0,99.565,71.4,103.32,46.82,101.275,76.56,109.755,98.375,118.59,187.29,159.385,142.6,155.975,226.64,347.735,191.405,262.852,330.847,515.425,786.42,709.46,654.24,598.5,652.34,681.935,502.609,435.24,169.145,226.84,716.48,723.975,1120.53,1213.245,1040.615,1081.475,901.23,750.835,525.81,684.84,847.265,1057.46,236.525,68.11,795.485,1574.855,1268.82,736.27,872.545,1071.08,730.04,684.69,910.07,895.97,900.225,708.61,1066.01,880.895,926.765,368.88,587.07,430.84,364.865,490.48,442.18,557.78,585.16,745.11,539.185,581.82,804.41,671.075,645.425,411.755,609.21,629.37,555.435,620.91,673.205,760.6,680.655,1023.555,1306.88,627.365,898.28,741.045,237.05
3979,0.0,0.0,0.0,0.0,9.12,4.6,3.32,3.99,6.0,0.0,0.0,0.0,4.56,3.91,0.0,0.0,0.0,9.5,0.0,0.0,4.56,6.24,3.75,0.0,0.0,0.0,0.0,8.25,0.0,5.0,0.0,0.0,0.0,0.0,5.0,0.0,0.0,11.0,0.0,0.0,0.0,4.0,4.5,4.5,4.5,0.0,4.0,0.0,0.0,0.0,8.59,3.0,0.0,0.0,0.0,4.5,11.5,0.0,0.0,0.0,0.0,0.0,4.5,0.0,0.0,4.68,0.0,0.0,4.16,2.08,0.0,0.0,0.0,0.0,0.0,0.0,8.75,5.0,0.0,0.0,0.0,9.3,0.0,0.0,0.0,0.0,0.0,0.0,0.0,12.42,0.0,0.0,0.0,0.0,6.51,16.08,0.0,11.16,6.3,0.0,0.0,0.0,12.2,15.42,6.55,0.0,0.0,0.0,0.0,6.6,0.0,0.0,14.85,0.0,0.0,6.6,0.0,0.0,13.2,43.6,0.0,6.6,0.0,4.62,0.0,8.88,11.1,0.0,12.5,0.0,0.0,6.66,0.0,0.0,0.0,0.0,6.63,0.0,0.0,0.0,0.0,17.02,0.0,0.0,0.0,0.0,0.0,16.48,0.0,28.5,0.0,0.0,23.175,0.0,0.0,13.28,0.0,9.96,10.12,0.0
3980,1.9,7.6,14.61,10.16,8.4,9.26,10.28,0.0,24.66,4.94,1.14,7.24,4.95,4.52,9.5,20.48,21.92,31.455,9.28,11.85,35.78,8.74,13.58,5.0,7.4,11.2,6.5,16.5,22.265,6.5,20.35,3.4,2.35,16.5,9.88,5.0,8.16,16.5,22.24,9.0,7.62,3.0,15.67,19.0,39.59,42.66,19.5,7.0,21.09,43.0,17.0,9.0,9.0,17.0,11.5,9.5,13.5,21.34,17.0,0.0,5.0,4.0,0.0,72.86,17.01,0.0,19.68,5.0,20.14,8.89,13.03,20.38,10.99,3.64,25.12,6.71,7.95,6.83,4.59,19.93,18.76,15.85,14.9,51.92,7.855,5.94,18.56,26.43,29.355,6.27,38.94,48.43,28.505,99.72,120.01,14.3,32.7,33.89,32.58,12.17,51.435,6.6,21.245,21.28,12.585,23.46,13.2,13.2,19.8,25.44,13.465,31.35,63.955,20.46,87.92,19.05,6.93,31.8,15.0,47.15,26.52,9.99,65.155,21.83,36.45,53.24,20.955,71.75,45.96,18.85,21.62,29.57,16.65,38.9,38.54,19.93,14.43,74.985,28.68,46.45,49.35,0.0,36.125,26.56,26.975,57.15,61.19,18.7,119.795,68.46,33.735,17.845,38.465,41.755,26.49,17.16,13.2,10.335,49.72,0.0
3981,11.4,3.02,11.49,13.925,30.15,26.15,25.64,24.545,30.7,1.9,15.5,0.0,5.89,18.58,23.4,41.38,39.91,59.85,30.42,33.4,19.93,8.72,2.4,8.5,1.6,0.0,6.069,1.6,5.759,17.76,8.62,7.79,16.0,11.0,17.04,9.38,12.0,38.38,28.88,14.0,18.75,28.25,11.25,15.1,9.25,4.5,10.5,20.0,16.75,5.0,15.0,11.0,5.0,11.0,17.14,21.0,9.0,0.0,9.94,7.34,10.0,31.34,14.175,20.1,55.755,21.92,19.29,9.6,25.03,9.84,4.5,52.8,7.3,84.455,9.195,8.91,6.64,17.84,9.63,39.29,29.53,41.62,38.0,213.72,35.11,52.33,68.525,6.72,28.55,63.08,60.88,126.735,74.57,46.585,29.27,45.595,41.37,44.905,50.125,53.115,20.375,123.57,17.65,27.855,29.945,37.605,26.355,18.615,34.05,41.05,48.69,30.47,39.83,59.03,41.07,13.1,39.6,276.52,95.68,53.72,38.97,40.89,305.29,157.26,216.82,148.63,184.14,83.855,62.925,31.02,62.875,70.96,64.31,27.24,15.99,18.13,30.625,186.18,34.73,63.06,59.44,40.59,100.085,43.99,64.04,59.76,26.6,79.86,94.72,75.64,46.075,66.65,60.24,39.165,52.85,28.16,30.8,26.945,58.08,33.04
3984,12.38,12.72,5.72,15.61,28.79,44.604,11.0,58.5,24.925,8.5,8.97,11.02,0.0,8.74,14.31,22.48,23.57,36.28,11.78,29.81,66.91,32.32,15.44,25.93,3.6,19.25,16.12,26.42,36.16,24.85,31.578,17.75,14.5,21.5,59.9,58.25,17.8,30.0,41.025,17.0,32.94,22.5,23.75,31.63,24.5,15.5,24.45,51.0,58.68,70.078,25.18,17.25,11.1,13.6,43.51,16.86,16.09,21.22,14.925,19.92,19.555,29.81,40.115,24.47,4.5,25.52,26.14,20.23,16.98,9.0,34.845,26.215,13.06,33.12,35.1,35.34,26.705,35.3,27.16,77.1,25.9,94.675,30.665,64.75,0.0,40.21,62.54,44.615,43.54,5.13,29.545,37.95,28.74,55.51,83.86,77.205,31.855,51.42,64.01,41.145,76.585,29.6,22.01,90.515,54.905,97.625,112.82,84.25,29.525,132.045,168.935,113.96,150.165,125.085,162.62,19.2,108.89,70.74,67.955,196.66,89.81,95.85,185.755,91.29,199.775,72.67,76.73,195.79,74.0,133.84,135.65,107.07,69.86,105.085,143.53,87.94,112.33,52.395,78.22,59.97,98.77,91.51,154.045,141.45,72.355,66.35,89.69,42.21,84.675,117.2,105.755,108.135,106.93,72.32,18.22,75.11,88.48,96.38,122.4,13.2
3987,1.9,11.28,3.04,1.52,22.5,13.02,3.57,4.5,3.04,0.0,3.06,0.0,0.0,6.46,12.54,3.04,7.61,20.125,5.73,0.0,10.01,4.5,5.2,27.33,4.5,2.0,0.0,4.465,4.5,6.5,2.0,3.0,9.04,9.91,0.0,16.65,8.5,2.0,10.578,6.5,5.2,3.5,11.5,8.25,4.5,5.0,7.5,1.0,9.0,5.0,9.0,4.0,4.5,13.5,3.5,4.0,0.0,0.0,0.0,0.0,0.0,13.03,5.12,11.5,0.0,14.18,6.73,5.0,4.505,0.0,0.0,14.97,0.0,4.42,29.58,19.4,13.23,7.62,0.0,19.95,11.97,21.315,26.47,4.77,15.28,8.07,18.15,4.95,11.93,0.0,12.1,30.57,13.2,24.6,0.0,13.11,26.31,63.1,35.515,7.8,24.68,0.0,5.225,16.0,0.0,8.305,12.87,8.43,27.295,6.6,6.6,6.6,19.83,6.27,13.08,0.0,19.86,6.66,18.48,43.23,18.81,5.76,5.92,0.0,19.48,0.0,19.245,9.36,0.0,16.28,6.66,0.0,14.77,37.86,55.69,17.59,0.0,0.0,6.66,0.0,6.6,12.45,0.0,6.56,25.54,0.0,27.35,0.0,17.2,18.255,15.02,22.395,34.15,6.6,6.65,0.0,6.6,0.0,15.4,0.0
3988,10.72,6.47,8.41,1.52,4.56,23.37,18.86,1.52,14.5,0.0,3.04,5.0,2.5,1.52,0.0,3.24,2.28,4.94,0.0,0.0,12.67,4.22,13.8,12.5,0.0,0.0,2.4,0.0,3.27,0.0,9.0,0.0,0.0,0.0,12.0,12.0,0.0,15.62,10.0,7.5,0.0,11.52,36.0,3.0,9.0,18.0,0.0,5.0,0.0,3.0,0.0,0.0,12.0,3.12,3.57,4.5,14.54,4.0,0.0,5.0,6.9,5.0,0.0,1.5,0.0,4.505,0.0,25.8,6.24,0.0,0.0,0.0,0.0,0.0,0.0,0.0,4.5,0.0,0.0,0.0,7.02,12.52,6.16,0.0,10.26,3.9,89.78,0.0,25.51,24.675,72.38,31.06,6.6,0.0,0.0,16.38,25.01,10.725,10.76,6.3,18.5,0.0,0.0,7.875,6.21,17.655,20.46,0.0,0.0,0.0,0.0,0.0,5.94,12.89,0.0,16.5,39.46,42.12,6.66,13.2,0.0,26.58,6.66,9.99,0.0,4.81,6.75,6.66,0.0,13.32,6.66,0.0,6.48,0.0,3.9,99.9,0.0,4.44,10.25,1.48,0.0,0.0,13.28,11.59,26.56,17.865,11.205,0.0,9.96,6.6,6.64,27.53,32.12,0.0,0.0,21.12,11.58,9.96,0.0,0.0
3990,4.47,0.0,2.28,0.0,3.8,0.0,0.0,0.0,3.29,0.0,0.0,0.0,1.98,0.0,9.18,0.0,3.12,0.0,8.4,4.8,0.0,0.0,0.0,0.0,0.0,0.0,0.0,0.0,0.0,0.0,0.0,0.0,7.0,0.0,0.0,0.0,0.0,0.0,0.0,0.0,0.0,0.0,0.0,9.0,0.0,0.0,3.0,0.0,0.0,3.0,0.0,3.0,0.0,0.0,0.0,0.0,0.0,3.5,9.0,0.0,0.0,0.0,4.5,0.0,0.0,0.0,0.0,0.0,0.0,0.0,0.0,0.0,0.0,0.0,0.0,0.0,0.0,0.0,0.0,0.0,0.0,3.9,0.0,0.0,0.0,3.36,0.0,0.0,5.4,0.0,0.0,0.0,6.05,0.0,0.0,0.0,0.0,0.0,0.0,0.0,0.0,0.0,0.0,0.0,0.0,0.0,0.0,0.0,0.0,0.0,0.0,6.6,0.0,0.0,0.0,0.0,0.0,46.62,0.0,0.0,0.0,0.0,0.0,0.0,0.0,0.0,0.0,0.0,0.0,0.0,0.0,0.0,0.0,0.0,0.0,0.0,0.0,51.48,0.0,0.0,0.0,0.0,0.0,0.0,0.0,0.0,0.0,0.0,0.0,0.0,0.0,6.64,0.0,0.0,0.0,0.0,0.0,0.0,0.0,0.0
3991,0.0,0.0,0.0,3.29,7.6,1.52,2.052,6.44,5.685,0.0,0.0,0.0,0.0,0.0,0.0,6.12,4.15,1.52,0.0,0.0,6.0,0.0,0.0,5.0,0.0,0.0,9.39,0.0,0.0,11.0,4.23,3.0,9.0,0.0,2.5,0.0,11.5,13.0,0.0,0.0,4.0,0.0,3.0,0.0,0.0,3.0,4.5,0.0,0.0,0.0,0.0,4.5,0.0,0.0,3.0,0.0,0.0,0.0,17.68,19.7,4.5,0.0,0.0,4.5,6.89,0.0,0.0,3.06,11.9,0.0,0.0,0.0,0.0,0.0,4.48,4.42,0.0,0.0,5.34,0.0,0.0,9.1,10.24,0.0,3.78,5.94,0.0,5.5,4.86,0.0,5.13,3.35,0.0,5.5,0.0,12.1,10.08,0.0,0.0,6.6,19.185,6.6,0.0,0.0,18.84,0.0,6.6,6.3,0.0,0.0,17.175,0.0,0.0,6.6,0.0,6.6,6.6,9.99,0.0,7.92,0.0,0.0,6.6,6.66,0.0,0.0,0.0,6.63,0.0,25.74,6.6,11.84,0.0,16.8,18.995,5.18,6.64,0.0,0.0,9.68,6.64,0.0,13.28,0.0,0.0,6.64,50.12,0.0,0.0,13.2,10.56,12.865,0.0,0.0,6.64,6.64,0.0,13.2,0.0,0.0
3992,4.95,0.0,13.3,4.56,7.99,3.65,3.99,3.72,10.2,3.52,1.52,4.935,0.0,0.0,5.0,6.52,11.15,9.0,4.32,6.84,20.82,4.5,1.6,3.04,2.4,0.0,0.0,4.5,12.0,7.25,2.5,9.0,4.5,4.5,5.0,2.5,4.5,8.45,9.0,2.5,0.0,21.25,9.18,0.0,0.0,5.0,2.0,4.5,0.0,17.0,0.0,0.0,0.0,10.62,0.0,0.0,0.0,4.5,13.42,3.5,3.0,3.12,0.0,0.0,0.0,0.0,9.0,4.16,0.0,0.0,12.75,5.1,0.0,0.0,6.48,0.0,0.0,10.05,16.2,18.14,20.19,7.56,10.19,6.48,10.08,0.0,16.015,0.0,3.78,17.97,0.0,10.53,36.0,10.55,10.89,0.0,20.835,0.0,0.0,0.0,0.0,43.45,16.5,0.0,18.35,10.975,6.05,0.0,6.6,6.615,0.0,17.1,0.0,7.56,5.94,9.25,28.07,4.62,11.88,0.0,0.0,64.14,19.92,40.92,9.93,27.38,52.255,33.3,13.32,18.07,6.24,38.85,0.0,10.36,19.67,13.03,13.97,9.68,12.615,8.14,31.82,14.84,6.64,61.77,35.69,34.405,24.47,6.225,21.52,11.58,41.265,23.615,13.25,74.74,40.08,22.7,10.12,6.6,13.2,0.0
3995,7.81,15.88,52.07,37.29,71.735,99.65,43.267,39.896,72.622,36.215,36.63,54.935,6.8,34.59,23.94,55.81,59.4,149.47,51.405,40.57,95.205,43.84,53.83,59.03,18.64,28.54,40.33,61.76,84.62,74.95,49.64,25.29,36.04,61.8,39.0,49.94,14.0,28.0,12.58,44.22,52.19,27.97,42.15,31.25,30.12,27.5,38.0,54.1,6.5,118.59,29.75,39.64,24.0,14.09,9.54,22.26,16.0,69.01,41.0,51.92,30.66,24.54,32.96,82.49,25.95,18.67,42.36,78.93,26.6,25.105,50.19,38.415,27.58,25.15,34.64,50.225,73.905,31.115,42.445,41.63,32.87,65.135,102.72,70.11,39.33,92.875,52.685,111.01,48.955,166.2,75.75,51.975,75.415,124.795,104.925,173.26,82.195,209.125,127.515,104.68,184.645,71.645,44.375,61.403,104.12,117.315,68.655,152.83,98.205,183.96,128.2,96.335,65.65,68.555,111.25,98.05,203.105,207.73,99.12,180.27,67.74,153.245,118.96,128.71,236.825,93.06,225.99,157.77,192.44,96.48,212.18,269.19,129.595,169.48,170.76,95.6,117.75,105.91,220.7,98.765,120.69,113.05,231.405,202.6,116.09,290.16,86.075,66.415,112.35,106.52,187.345,163.84,173.025,211.595,119.64,217.84,93.06,137.18,72.505,0.0
3996,19.94,14.525,20.24,38.43,42.22,83.615,31.851,28.705,77.112,3.02,11.96,11.88,6.56,8.32,14.975,56.17,62.86,102.85,34.185,44.71,70.63,24.01,16.39,25.63,6.64,3.0,10.06,15.72,33.16,30.21,27.38,25.32,41.095,36.54,21.5,22.0,19.5,33.25,14.34,25.5,49.0,12.0,17.0,25.06,16.5,8.0,33.09,26.65,28.06,11.0,25.5,12.0,8.07,13.5,11.6,16.0,16.5,13.12,23.87,19.38,5.83,17.16,14.06,77.34,36.02,6.28,6.21,15.715,24.46,14.49,20.11,41.74,28.91,21.79,23.655,31.41,18.98,31.135,12.805,29.92,46.425,43.092,194.505,34.29,37.655,30.54,46.105,42.645,50.575,32.0,76.27,10.25,42.75,82.11,123.985,132.13,133.63,93.605,79.77,61.4,70.235,134.05,56.445,0.0,56.265,94.935,81.509,194.12,39.785,54.855,60.2,85.86,97.115,77.99,57.73,54.72,131.625,104.615,65.815,155.38,56.79,54.02,116.86,84.12,67.72,88.2,107.92,116.69,19.98,27.69,60.535,63.04,29.91,42.47,47.03,46.42,56.58,46.76,135.375,96.8,166.26,72.575,82.175,72.48,88.78,84.235,72.585,138.33,90.365,60.155,117.53,80.1,78.1,67.84,93.875,87.755,51.405,63.92,42.895,19.435
8576,0.0,0.0,1.9,0.0,0.0,0.0,0.0,0.0,0.0,0.0,0.0,0.0,0.0,0.0,0.0,0.0,0.0,4.94,0.0,0.0,0.0,0.0,0.0,0.0,0.0,0.0,0.0,0.0,0.0,0.0,0.0,0.0,0.0,0.0,0.0,0.0,0.0,0.0,0.0,0.0,0.0,0.0,0.0,0.0,0.0,0.0,0.0,0.0,0.0,0.0,0.0,0.0,0.0,0.0,0.0,0.0,0.0,0.0,0.0,0.0,0.0,0.0,0.0,0.0,0.0,0.0,0.0,0.0,0.0,0.0,0.0,0.0,0.0,0.0,0.0,0.0,0.0,0.0,0.0,0.0,0.0,0.0,0.0,0.0,0.0,0.0,0.0,0.0,0.0,0.0,0.0,0.0,0.0,0.0,0.0,0.0,0.0,0.0,0.0,0.0,0.0,0.0,0.0,0.0,0.0,0.0,0.0,0.0,0.0,0.0,0.0,0.0,0.0,0.0,0.0,0.0,0.0,0.0,0.0,0.0,0.0,0.0,0.0,0.0,0.0,0.0,0.0,0.0,0.0,0.0,0.0,0.0,0.0,0.0,0.0,0.0,0.0,0.0,0.0,0.0,0.0,0.0,0.0,0.0,0.0,0.0,0.0,0.0,0.0,0.0,0.0,0.0,0.0,0.0,0.0,0.0,0.0,0.0,0.0,0.0
