"Taxation statistics 2012–13 Individuals: Selected items, by state/territory and postcode, 2012–13 income year",,,,,,,,,,,,,,,,,,,,,,,,,,,,,,,,,,,,,,,,,,,,,,,,,,,,,,,,,,,,,,,,,,,,,,,,,,,,,,,,,,,,,,,,,,,,,,,,,,,,,,,,,,,,,,,,,,,,,,,,,,,,,,,,,,,,,,,,,,,
,,,,,,,,,,,,,,,,,,,,,,,,,,,,,,,,,,,,,,,,,,,,,,,,,,,,,,,,,,,,,,,,,,,,,,,,,,,,,,,,,,,,,,,,,,,,,,,,,,,,,,,,,,,,,,,,,,,,,,,,,,,,,,,,,,,,,,,,,,,
State/Territory1,Postcode,"Number of individuals
no.",Number of individuals with private health insurance no.,"Taxable income or loss
no.","Taxable income or loss
$","Gross tax
no.","Gross tax
$","Medicare levy
no.","Medicare levy
$","Medicare levy surcharge
no.","Medicare levy surcharge
$","Net tax
no.","Net tax
$","HELP assessment debt
no.","HELP assessment debt
$","Salary or wages
no.","Salary or wages
$","Allowances, earnings, tips, director’s fees etc
no.","Allowances, earnings, tips, director’s fees etc
$","Employer lump sum payments - Amount A in lump sum payments box
no.","Employer lump sum payments - Amount A in lump sum payments box
$","Employment termination payments (ETP) - taxable component
no.","Employment termination payments (ETP) - taxable component
$","Australian Government allowances and payments like newstart, youth allowance and austudy payment
no.","Australian Government allowances and payments like newstart, youth allowance and austudy payment
$","Australian Government pensions and allowances
no.","Australian Government pensions and allowances
$","Australian annuities and superannuation income streams - taxable component - taxed element
no.","Australian annuities and superannuation income streams - taxable component - taxed element
$","Australian annuities and superannuation income streams - taxable component - untaxed element
no.","Australian annuities and superannuation income streams - taxable component - untaxed element
$","Gross interest
no.","Gross interest
$","Dividends - unfranked amount
no.","Dividends - unfranked amount
$","Dividends - franked amount
no.","Dividends - franked amount
$","Dividends - franking credit
no.","Dividends - franking credit
$","Total Income or Loss3
no.","Total Income or Loss3
$","Total work-related car expenses
no.","Total work-related car expenses
$","Work-related travel expenses
no.","Work-related travel expenses
$","Total work-related uniform/clothing expenses
no.","Total work-related uniform/clothing expenses
$","Total work-related self-education expenses
no.","Total work-related self-education expenses
$","Other work-related expenses
no.","Other work-related expenses
$","Low value pool deduction
no.","Low value pool deduction
$","Interest deductions
no.","Interest deductions
$","Dividend deductions
no.","Dividend deductions
$","Gifts or donations
no.","Gifts or donations
$","Cost of managing tax affairs
no.","Cost of managing tax affairs
$","Total Deductions3
no.","Total Deductions3
$","Australian superannuation income stream tax offset
no.","Australian superannuation income stream tax offset
$","Total reportable fringe benefits amount
no.","Total reportable fringe benefits amount
$","Reportable employer superannuation contributions
no.","Reportable employer superannuation contributions
$","Net primary production amount
no.","Net primary production amount
$","Net non-primary production amount
no.","Net non-primary production amount
$","Share of franking credit from franked dividends
no.","Share of franking credit from franked dividends
$","Personal services income - Net PSI - transferred from item P1
no.","Personal services income - Net PSI - transferred from item P1
$","Deferred non-commercial business losses - primary production deferred losses
no.","Deferred non-commercial business losses - primary production deferred losses
$","Deferred non-commercial business losses - non-primary production deferred losses
no.","Deferred non-commercial business losses - non-primary production deferred losses
$","Net capital gain
no.","Net capital gain
$","Total current year capital gains
no.","Total current year capital gains
$","Net capital losses carried forward to later income years
no.","Net capital losses carried forward to later income years
$","Assessable foreign source income
no.","Assessable foreign source income
$","Other net foreign source income
no.","Other net foreign source income
$","Foreign income tax offset
no.","Foreign income tax offset
$","Gross rent
no.","Gross rent
$","Rent - interest deductions
no.","Rent - interest deductions
$","Rent - capital works deductions
no.","Rent - capital works deductions
$","Rent - other rental deductions
no.","Rent - other rental deductions
$","Net rent – profit
no.","Net rent – profit
$","Net rent – loss
no.","Net rent – loss
$","Net rent3
no.","Net rent3
$","Other income - Category 1
no.","Other income - Category 1
$","Other income - Category 2
no.","Other income - Category 2
$","Personal superannuation contributions
no.","Personal superannuation contributions
$","Other deductions
no.","Other deductions
$","Zone or overseas forces tax offset
no.","Zone or overseas forces tax offset
$","Total net medical expenses tax offset
no.","Total net medical expenses tax offset
$","Low income tax offset
no.","Low income tax offset
$","Mature age worker tax offset
no.","Mature age worker tax offset
$","Employment termination payment tax offset
no.","Employment termination payment tax offset
$","Total business income - Primary production4 
no.","Total business income - Primary production4 
$","Total business income - Non-primary production4 
no.","Total business income - Non-primary production4 
$","Total business income3
no.","Total business income3
$","Total business expenses3
no.","Total business expenses3
$","Net income or loss from business - Primary production4 
no.","Net income or loss from business - Primary production4 
$","Net income or loss from business - Non-primary production4 
no.","Net income or loss from business - Non-primary production4 
$","Total Net income or loss from business3
no.","Total Net income or loss from business3
$"
VIC,3000,"17,110","5,910","16,875","888,834,192","11,735","210,523,652","8,410","10,490,226",280,"349,096","10,965","216,418,155",655,"2,643,549","14,435","669,282,963","1,500","10,156,519",140,"1,868,384",195,"2,583,446",480,"2,458,217",125,"1,339,306",55,"727,764",65,"1,650,733","9,165","19,661,177",690,"713,700","1,875","30,541,226","1,865","13,050,802","16,920","929,122,520","1,445","4,220,213","1,905","2,889,781","4,100","1,043,666",800,"2,142,899","7,465","8,035,848",215,"125,175",520,"2,212,803",220,"1,488,279","3,585","4,598,137","5,330","5,892,946","11,060","38,657,060",75,"189,280",740,"15,643,603",945,"5,945,917",35,"-834,612","1,300","64,392,215",500,"7,917,263",140,"3,100,728",15,"975,532",135,"1,331,511",455,"41,386,859",675,"88,523,383",795,"67,507,701",600,"4,394,236",510,"1,513,412",495,"825,172","2,025","51,915,784","1,605","31,522,076",920,"4,034,892","2,040","22,863,626",845,"9,136,459","1,210","-15,641,269","2,060","-6,504,810",890,"1,701,891",155,"2,982,864",170,"3,533,467",545,"2,294,898",45,"32,460",385,"310,760","7,380","2,377,492",310,"125,055",210,"827,864",74,"3,093,650","1,011","134,527,540","1,075","138,122,871",980,"82,733,169",85,"-1,527,812","1,040","57,224,982","1,120","52,995,616"
VIC,3002,"3,575","2,565","3,550","367,504,837","3,090","110,985,492","2,830","5,174,115",80,"90,427","2,955","114,165,910",345,"1,553,792","2,770","215,403,602",485,"3,964,887",55,"911,452",50,"859,990",140,"715,513",70,"697,073",75,"1,538,980",55,"2,579,914","2,530","12,076,001",470,"1,569,793","1,125","25,952,420","1,120","11,113,363","3,560","387,995,346",685,"1,804,148",500,"1,094,416",765,"201,701",230,"744,493","1,875","3,094,801",100,"104,832",165,"926,951",190,"1,985,874","1,415","3,749,645","1,635","1,686,223","2,950","19,376,784",100,"433,846",380,"8,959,255",460,"4,802,506",35,"-2,405,077",810,"54,231,963",395,"9,626,424",45,"1,131,508",10,"822,528",70,"999,637",280,"15,705,086",440,"35,210,279",490,"21,656,896",425,"4,481,582",385,"3,378,660",355,"294,894",605,"19,498,245",455,"12,467,195",245,"853,518",595,"9,588,053",265,"4,207,007",345,"-7,617,528",610,"-3,410,521",345,"656,650",70,"349,670",135,"3,046,913",240,"913,411",0,"3,535",185,"187,099","1,430","426,454",235,"95,896",85,"473,180",34,"1,971,390",403,"68,307,955",425,"70,274,125",425,"39,386,711",41,"-2,088,059",424,"31,826,890",455,"29,733,917"
VIC,3003,"2,655","1,315","2,640","149,872,721","2,060","32,930,314","1,785","1,991,006",55,"72,453","1,960","33,705,296",200,"869,723","2,325","128,395,653",390,"1,769,902",35,"359,802",40,"410,749",185,"999,198",25,"249,317",15,"233,100",20,"465,060","1,585","2,645,996",180,"236,867",460,"2,026,796",460,"868,030","2,640","156,305,169",495,"1,316,944",400,"561,628",785,"209,214",180,"514,408","1,470","1,825,066",35,"17,228",100,"227,393",45,"184,356",875,"368,613","1,015","379,465","2,030","6,330,430",15,"44,764",185,"4,188,545",220,"1,478,617",15,"-150,276",260,"6,952,513",95,"676,128",40,"1,176,987",0,"41,458",45,"344,261",80,"1,036,020",135,"3,039,294",205,"3,801,604",135,"1,187,195",115,"266,864",105,"587,651",400,"8,362,477",320,"5,222,963",150,"444,833",400,"3,495,231",150,"1,599,848",250,"-2,400,398",400,"-800,550",145,"145,505",35,"154,712",15,"299,014",135,"377,424",10,"3,938",80,"44,705","1,255","395,254",70,"26,447",55,"78,756",14,"144,258",234,"14,747,038",250,"16,448,115",230,"10,321,463",15,"53,893",243,"5,843,413",260,"5,890,506"
VIC,3004,"6,365","3,945","6,275","522,337,650","5,230","144,738,373","4,435","6,909,487",160,"192,302","5,000","148,688,992",335,"1,486,659","4,840","349,989,903",900,"9,093,518",105,"1,255,546",130,"2,595,516",175,"905,338",100,"927,404",65,"1,411,605",60,"2,233,874","4,075","15,986,661",590,"1,177,525","1,470","32,992,367","1,465","14,135,270","6,285","552,172,718","1,280","4,650,992",995,"1,854,028","1,465","441,724",370,"1,449,455","3,235","4,953,265",180,"114,454",265,"1,419,147",210,"1,259,373","2,150","4,999,292","2,915","2,687,229","5,050","28,624,194",100,"365,433",550,"15,033,304",620,"5,777,854",20,"-12,474","1,025","71,286,694",445,"11,982,963",85,"4,267,274",10,"305,121",70,"598,093",320,"15,489,344",520,"41,710,831",690,"40,630,892",510,"4,670,853",425,"1,195,224",380,"766,848","1,125","30,260,003",855,"16,892,845",530,"2,324,045","1,125","13,284,865",450,"6,540,401",690,"-8,782,153","1,140","-2,241,752",545,"1,083,127",105,"418,538",150,"3,393,646",380,"1,335,850",20,"14,788",340,"312,445","2,475","742,769",330,"127,180",170,"622,830",48,"2,419,019",460,"73,776,661",505,"77,283,531",475,"58,875,255",65,"-864,457",476,"18,606,657",535,"18,194,632"
VIC,3006,"9,640","4,970","9,565","675,314,618","7,795","172,496,035","6,655","8,896,016",250,"313,061","7,475","178,128,366",660,"2,805,851","8,190","513,465,549","1,295","13,539,075",140,"1,580,240",160,"3,917,506",300,"1,518,426",80,"686,047",70,"847,987",50,"1,670,174","6,085","14,044,561",610,"1,248,279","1,730","26,357,133","1,720","11,293,649","9,580","706,106,604","1,870","5,621,487","1,575","2,848,553","2,715","826,543",670,"2,740,892","5,270","7,083,787",180,"129,361",365,"745,706",215,"1,047,573","3,025","1,976,599","3,685","2,415,469","7,450","29,512,143",80,"207,236",645,"16,660,163",800,"5,519,384",30,"-329,144",940,"47,281,684",450,"7,269,489",120,"3,699,743",20,"282,957",115,"1,945,246",375,"36,165,931",585,"78,521,316",740,"31,885,195",550,"5,871,126",465,"2,800,558",425,"976,083","1,500","34,228,192","1,250","21,597,596",785,"3,373,166","1,510","16,627,879",470,"4,987,080","1,050","-12,357,529","1,515","-7,370,449",610,"1,208,614",120,"743,847",130,"2,759,521",445,"1,165,736",20,"11,565",350,"259,139","4,340","1,309,342",250,"103,459",220,"575,590",47,"1,047,340",611,"76,732,751",660,"77,844,677",620,"59,663,901",55,"-8,884",639,"17,655,386",695,"17,716,165"
VIC,3008,"5,460","2,720","5,410","421,270,017","4,465","113,676,723","3,445","5,307,838",145,"167,842","4,245","116,905,596",235,"939,234","4,740","301,085,839",680,"5,141,005",100,"1,638,880",120,"2,627,187",170,"812,361",50,"415,120",50,"1,052,065",25,"953,507","3,465","6,874,033",320,"201,276",880,"12,495,592",870,"5,352,128","5,415","437,624,274","1,020","3,756,454",880,"1,291,155","1,405","370,440",340,"1,069,819","3,135","4,305,296",110,"59,444",195,"460,035",125,"536,498","1,480","657,171","2,095","1,133,707","4,175","15,470,948",50,"213,578",345,"7,093,338",460,"3,586,816",10,"-165,410",555,"30,437,631",220,"3,488,914",65,"2,956,103",0,"209,721",55,"430,305",185,"57,002,592",280,"62,252,833",375,"9,559,097",230,"1,558,087",190,"886,651",195,"316,911",880,"21,229,821",750,"15,503,142",440,"2,326,163",875,"10,000,740",250,"2,404,684",635,"-9,004,908",885,"-6,600,224",335,"707,807",60,"373,763",55,"1,060,131",255,"727,294",15,"6,939",165,"110,561","2,445","745,972",180,"70,172",155,"686,748",17,"257,159",295,"22,561,914",310,"22,819,073",280,"13,999,000",20,"-928,547",310,"9,127,462",330,"8,198,915"
VIC,3010,70,35,70,"5,242,186",55,"1,400,611",45,"67,535",0,"1,004",50,"1,436,199",0,"8,271",65,"4,880,762",0,"16,535",0,"84,180",0,"140,419",0,"11,407",0,"65,375",0,"4,359",0,"24,671",40,"36,214",0,717,15,"57,114",15,"24,454",70,"5,476,148",20,"30,812",10,"5,127",25,"6,839",0,"9,540",40,"51,306",0,305,0,55,0,0,25,"97,118",30,"19,836",55,"225,605",0,654,0,"319,717",10,"143,165",0,0,10,"164,160",0,"2,739",0,0,0,0,0,"1,325",0,335,10,"81,323",10,"68,060",0,"7,068",0,"3,847",0,595,10,"347,145",10,"236,252",0,"15,502",10,"165,976",0,"82,495",0,"-153,080",10,"-70,585",0,222,0,"4,815",0,0,0,"4,667",0,57,0,507,30,"9,105",0,554,0,"17,933",0,0,3,"31,917",0,"31,917",0,"12,594",0,0,3,"19,323",0,"19,323"
VIC,3011,"11,220","4,300","11,175","540,117,394","9,050","99,726,874","7,715","7,088,354",210,"226,731","8,425","103,350,452",750,"2,882,986","9,805","483,997,413","1,810","5,550,324",195,"2,056,269",200,"2,297,210","1,070","6,132,607",285,"2,963,915",65,"727,518",55,"1,277,161","5,955","7,854,476",610,"193,628","1,530","3,950,054","1,525","1,692,130","11,185","562,459,276","2,625","6,153,212","1,435","1,497,488","4,780","1,297,319",595,"1,360,581","6,485","6,654,580",160,"76,508",320,"268,900",135,"386,601","3,925","1,348,965","5,370","1,267,958","8,940","21,721,495",75,"136,149",740,"14,700,015",855,"4,711,489",10,"1,615",810,"15,454,147",290,"689,197",150,"2,611,288",10,"52,681",165,"1,110,390",260,"5,964,548",370,"12,860,752",525,"10,433,404",335,"867,372",305,"283,888",285,"250,852","1,400","23,962,757","1,215","17,917,775",540,"1,437,784","1,410","10,407,824",415,"3,350,974",995,"-9,151,600","1,415","-5,800,626",460,"523,822",95,"148,218",45,"633,175",425,"747,514",20,"15,197",395,"231,262","6,205","1,993,726",395,"166,498",270,"509,377",33,"460,420","1,142","68,574,742","1,165","68,793,982","1,095","47,126,445",44,"-137,796","1,177","21,342,449","1,210","21,097,423"
VIC,3012,"13,325","5,430","13,275","670,725,745","11,090","126,031,080","9,680","8,963,620",205,"238,657","10,385","130,726,818",835,"3,000,327","11,615","607,137,343","2,400","8,781,404",240,"2,607,618",260,"2,868,456","1,145","6,530,597",420,"4,015,455",65,"615,154",80,"1,486,073","7,065","8,223,645",710,"337,575","1,975","5,001,160","1,965","2,142,849","13,280","700,725,503","3,770","9,574,504","1,655","1,928,956","6,420","1,800,347",700,"1,603,945","8,270","8,958,976",185,"69,421",420,"377,532",160,"592,426","5,230","1,367,850","6,895","1,655,395","11,050","29,625,218",95,"163,753",870,"16,427,884","1,080","5,397,430",20,"-220,955","1,020","23,203,426",370,"1,776,236",160,"2,797,488",10,"238,703",135,"845,722",305,"3,652,771",430,"7,925,006",620,"9,538,540",425,"895,487",365,"313,063",330,"112,551","1,860","29,004,977","1,640","21,942,762",710,"1,915,930","1,880","12,776,584",550,"4,123,683","1,340","-11,753,982","1,890","-7,630,299",565,"739,320",110,"168,581",55,"600,170",615,"1,035,286",15,"8,494",520,"313,564","7,455","2,338,548",580,"251,273",340,"742,447",63,"1,118,576","1,220","71,926,505","1,280","72,928,668","1,190","49,549,462",70,"64,442","1,242","22,735,024","1,305","22,722,627"
VIC,3013,"8,380","4,940","8,350","522,776,055","7,205","114,309,540","6,620","7,366,230",180,"199,662","6,820","118,826,501",500,"1,936,104","7,240","462,858,089","1,515","6,330,629",185,"2,545,440",180,"2,992,019",510,"2,728,832",225,"2,272,946",65,"721,661",55,"1,262,352","4,895","7,145,186",680,"459,540","1,815","7,896,063","1,805","3,383,191","8,360","546,460,856","2,585","7,532,790","1,250","1,601,137","3,205","846,482",415,"1,032,908","5,515","6,658,783",155,"81,742",275,"305,757",190,"742,425","3,735","1,284,908","4,455","1,369,133","7,160","23,377,789",80,"156,101",745,"13,936,296",975,"6,315,714",15,"-587,417",965,"24,536,510",420,"2,915,503",75,"1,805,860",10,"100,573",125,"1,065,306",320,"3,902,639",455,"11,675,414",640,"11,556,169",490,"1,258,087",440,"340,077",405,"275,931","1,525","25,477,196","1,340","19,280,343",635,"1,654,065","1,530","11,589,051",465,"3,432,224","1,075","-10,478,487","1,540","-7,046,263",515,"621,985",110,"341,323",60,"864,847",525,"986,270",20,"12,348",545,"318,650","4,000","1,223,110",360,"152,212",255,"606,016",37,"443,649",799,"47,095,381",835,"47,538,421",805,"30,153,043",43,"-102,882",834,"16,949,608",870,"16,848,253"
VIC,3015,"9,700","5,850","9,655","602,848,678","8,245","132,173,044","7,550","8,442,486",175,"221,423","7,800","137,017,261",490,"1,790,872","8,245","530,361,001","1,835","9,443,949",210,"2,360,191",240,"3,743,369",560,"2,690,077",255,"2,294,768",115,"1,817,639",90,"2,247,063","5,615","9,934,460",825,"328,388","2,180","8,634,327","2,170","3,699,877","9,665","630,336,310","3,080","9,231,140","1,405","1,571,824","3,870","1,057,926",465,"970,607","6,245","7,447,744",175,"91,054",410,"742,107",215,"636,131","4,205","1,374,713","5,210","1,591,182","8,285","27,179,348",125,"328,017",775,"13,915,090","1,130","7,488,648",20,"116,085","1,160","25,031,732",470,"1,206,623",100,"1,876,115",10,"61,513",120,"1,236,413",370,"6,244,183",550,"15,445,711",755,"12,705,844",495,"1,216,121",435,"269,769",420,"222,100","1,745","29,128,558","1,525","21,182,261",735,"2,114,400","1,760","13,857,567",520,"4,067,601","1,255","-12,093,271","1,775","-8,025,670",610,"944,266",155,"300,357",85,"1,051,667",590,"1,231,829",20,"14,705",585,"327,498","4,595","1,403,968",515,"218,386",315,"906,603",30,"532,706",926,"86,762,706",950,"86,269,620",935,"65,872,752",43,"187,982",950,"20,294,382",990,"19,889,341"
VIC,3016,"9,370","6,615","9,315","677,971,333","7,775","168,826,792","7,050","9,531,002",175,"205,047","7,250","173,310,836",320,"1,251,050","7,305","508,691,200","1,620","9,744,236",195,"4,338,477",185,"5,035,818",410,"2,238,585",360,"3,360,607",170,"2,550,129",155,"4,270,624","5,815","14,993,656","1,210","902,903","2,970","26,485,664","2,965","11,324,584","9,330","709,893,382","2,560","8,013,027","1,130","1,546,817","2,875","746,042",300,"686,663","5,465","7,276,179",195,"103,379",505,"1,438,313",380,"1,626,538","4,075","2,245,121","4,890","2,234,841","7,760","31,029,278",215,"592,294",880,"16,795,620","1,460","12,925,380",40,"-14,560","1,965","73,508,214",845,"5,668,129",75,"1,655,300",15,"385,606",120,"1,522,067",595,"8,501,398",855,"23,082,555","1,075","23,013,888",840,"3,059,526",760,"1,382,481",690,"337,466","2,070","40,607,396","1,680","28,118,412",790,"2,674,145","2,075","19,202,086",720,"6,422,614","1,370","-15,809,861","2,095","-9,387,247",775,"1,136,653",165,"527,953",170,"3,067,246",655,"1,931,105",15,"5,401",670,"433,933","3,865","1,204,709",660,"276,898",275,"1,848,514",42,"1,556,662",772,"99,403,777",810,"100,971,639",795,"72,649,634",62,"-85,447",803,"27,388,737",860,"27,309,738"
VIC,3018,"7,220","3,805","7,185","387,314,003","5,965","77,831,775","5,250","5,255,983",145,"177,307","5,460","79,501,165",250,"905,334","5,715","326,574,884","1,345","5,482,411",135,"2,269,020",190,"3,388,478",380,"1,954,800",415,"4,029,970",100,"1,371,176",125,"2,940,978","4,325","9,786,035",745,"390,617","1,840","8,625,178","1,840","3,695,439","7,190","405,264,254","2,040","5,989,787",760,"1,031,206","3,110","863,707",305,"631,653","4,340","4,820,151",160,"57,852",285,"314,720",165,"414,713","3,200","867,766","3,990","1,041,921","6,035","17,690,123",140,"335,940",470,"8,144,238",825,"5,655,603",20,"-298,645",940,"17,911,450",390,"1,553,083",60,"914,326",10,"105,920",65,"488,803",295,"5,202,720",440,"12,332,748",560,"8,596,489",480,"959,672",395,"278,755",355,"138,904","1,270","22,189,875",985,"13,887,577",535,"1,614,427","1,275","10,058,899",480,"4,304,308",800,"-7,675,336","1,280","-3,371,028",365,"316,896",80,"270,566",60,"933,637",315,"695,176",15,"8,067",420,"271,239","3,665","1,117,669",525,"218,926",245,"1,033,764",20,"535,210",524,"33,916,602",540,"34,466,550",525,"24,531,540",29,"7,399",528,"9,382,368",555,"9,396,367"
VIC,3019,"3,695",770,"3,670","144,657,549","2,865","22,070,955","2,320","1,759,805",30,"29,749","2,600","22,608,989",165,"557,368","3,115","130,776,051",620,"1,428,693",50,"444,437",60,"393,471",520,"2,943,933",150,"1,478,243",15,"165,218",10,"183,951","1,555","1,748,687",95,"102,274",275,"813,246",275,"348,477","3,675","150,805,219",845,"2,124,389",290,"322,177","1,965","577,743",180,"347,943","2,015","1,801,362",30,"8,229",110,"48,600",15,"47,573","1,175","250,676","1,875","353,680","2,805","6,037,926",15,"24,456",140,"2,546,455",180,"925,821",0,"2,576",175,"3,130,833",40,"158,592",55,"1,006,559",0,"25,827",15,"109,487",55,"704,318",65,"1,529,604",80,"2,104,217",35,"90,050",30,"33,737",20,"3,381",465,"7,072,620",420,"6,178,926",145,"397,634",465,"2,949,616",120,"741,036",345,"-3,194,592",465,"-2,453,556",115,"139,379",25,"30,652",0,"32,297",100,"123,132",0,"2,166",50,"26,906","2,285","761,679",195,"87,300",75,"137,093",10,"158,825",364,"25,116,284",375,"25,275,109",335,"18,797,820",11,"79,032",371,"6,342,922",380,"6,421,954"
VIC,3020,"19,190","4,780","19,095","783,845,449","15,125","124,627,319","12,410","9,776,028",230,"280,340","13,655","127,438,868",670,"2,306,665","16,000","689,011,338","3,335","9,119,000",290,"3,141,808",320,"2,558,180","2,350","14,213,981",955,"9,134,064",80,"708,437",110,"2,042,832","8,740","13,759,349",785,"287,801","2,200","8,324,074","2,195","3,561,734","19,110","817,862,872","4,640","11,390,875","1,475","1,914,336","10,460","3,007,150",720,"1,357,035","10,785","9,820,153",170,"63,139",550,"233,442",145,"280,995","6,770","1,570,531","9,995","2,015,348","15,055","33,461,409",105,"170,100",775,"14,404,921","1,170","6,514,937",15,"108,171","1,285","22,104,922",370,"750,903",200,"3,425,306",10,"164,629",145,"1,151,354",375,"5,000,402",495,"10,219,258",635,"11,990,699",445,"995,650",375,"233,625",350,"150,617","2,395","37,685,183","2,010","26,284,577",830,"2,270,332","2,415","16,209,275",810,"7,008,084","1,615","-14,087,085","2,425","-7,079,001",675,"1,174,183",160,"309,926",60,"894,085",585,"896,912",20,"11,618",540,"309,393","11,705","3,791,054","1,165","498,832",380,"1,005,668",32,"492,695","1,736","117,534,496","1,765","117,931,904","1,640","87,151,777",43,"10,728","1,772","30,016,176","1,810","30,020,736"
VIC,3021,"23,290","4,755","23,175","912,229,329","18,260","137,306,813","15,005","11,298,556",210,"239,363","16,515","139,759,559",745,"2,530,311","19,415","812,992,955","4,335","10,865,422",400,"4,489,562",435,"3,642,838","2,940","16,901,699","1,195","11,534,527",105,"841,257",110,"2,486,206","10,205","15,392,090",915,"352,140","2,335","5,486,873","2,325","2,346,796","23,180","952,371,354","5,535","13,567,522","1,640","2,432,622","13,610","4,043,608",770,"1,326,959","13,430","11,956,407",200,"79,896",615,"341,573",125,"196,509","8,415","1,758,752","12,895","2,316,390","18,400","39,665,515",140,"219,936",835,"14,904,926","1,400","7,292,871",10,"-60,236","1,235","19,286,254",340,"414,425",255,"4,278,185",15,"69,860",140,"1,442,997",325,"4,096,184",420,"8,667,846",660,"12,936,353",395,"841,271",295,"97,201",285,"128,156","2,620","38,541,217","2,190","26,694,629",940,"2,359,156","2,635","16,898,455",920,"6,457,324","1,725","-13,868,247","2,645","-7,410,923",790,"1,379,975",150,"440,363",75,"663,366",690,"944,100",25,"16,035",675,"360,917","14,595","4,747,617","1,805","786,826",545,"1,072,377",72,"2,232,860","2,230","107,140,583","2,295","109,175,845","2,070","71,814,370",75,"455,962","2,243","36,428,095","2,305","36,850,470"
VIC,3022,"1,940",500,"1,935","84,403,299","1,585","13,914,753","1,345","1,091,801",35,"38,454","1,440","14,093,821",80,"249,754","1,615","75,439,536",380,"1,138,552",40,"552,763",50,"480,329",220,"1,112,108",110,"1,100,241",15,"139,859",15,"334,910",860,"1,525,883",85,"129,990",240,"467,112",240,"200,389","1,935","88,144,295",500,"1,313,986",140,"159,501","1,125","320,071",65,"135,085","1,160","1,077,975",20,"5,133",50,"30,337",10,"22,396",785,"143,066","1,105","249,217","1,590","3,668,807",15,"26,824",95,"1,763,095",150,"867,574",0,"-64,737",150,"2,628,855",35,"27,631",20,"312,052",0,"40,547",15,"98,255",25,"244,038",40,"529,118",55,"974,342",40,"38,009",30,"3,994",30,"2,143",310,"4,324,297",255,"3,208,385",120,"360,222",310,"1,892,759",105,"557,690",205,"-1,694,759",310,"-1,137,069",60,"115,648",10,416,0,"92,367",55,"117,500",0,282,80,"40,182","1,195","372,701",175,"74,157",55,"297,389",3,"103,433",167,"8,692,714",170,"8,787,217",165,"6,277,581",5,"-3,136",172,"2,475,001",175,"2,466,840"
VIC,3023,"30,245","9,880","30,060","1,448,206,247","25,205","259,898,316","22,335","19,559,127",360,"437,954","23,515","269,783,923","1,070","3,567,354","26,070","1,332,039,069","6,455","22,616,839",510,"5,231,639",645,"4,545,650","2,365","13,024,914","1,000","9,291,381",140,"1,117,774",110,"2,576,487","13,110","14,553,043","1,055","760,734","3,250","8,228,324","3,235","3,522,612","30,085","1,521,888,441","9,630","27,453,410","3,165","4,047,348","17,585","5,399,085","1,345","2,383,657","19,945","20,909,216",440,"219,847",720,"671,649",210,"1,095,248","12,845","2,874,846","17,520","3,731,072","25,340","72,206,395",160,"248,751","1,875","32,328,276","2,140","10,560,679",25,"-47,236","2,130","54,468,454",500,"1,601,104",290,"5,997,690",10,"96,975",275,"2,494,753",525,"8,745,256",690,"19,277,872","1,025","34,416,988",525,"1,518,649",430,"440,978",390,"213,955","4,445","58,988,424","4,080","50,145,396","2,260","6,459,289","4,515","28,571,306",975,"5,747,199","3,565","-31,934,766","4,540","-26,187,567","1,295","3,284,614",245,"606,488",105,"1,109,200","1,600","2,255,531",35,"27,879","1,355","727,505","17,825","5,544,609","1,500","649,673",815,"1,264,087",56,"1,511,155","2,441","161,022,774","2,495","162,192,917","2,385","114,874,852",64,"402,083","2,482","46,111,166","2,545","46,450,024"
VIC,3024,"10,340","3,190","10,295","500,551,660","8,810","88,748,502","7,895","6,798,575",115,"118,980","8,245","91,528,270",300,"912,513","9,305","474,156,078","2,395","6,874,527",205,"2,260,909",305,"3,074,495",845,"4,179,298",460,"4,300,548",55,"421,008",90,"2,229,474","4,570","2,771,817",300,"54,393","1,020","1,950,355","1,015","835,743","10,295","527,500,023","3,940","10,484,929","1,350","2,146,982","6,785","2,018,802",570,"921,684","7,165","7,946,301",175,"56,663",245,"79,689",55,"115,178","4,655","977,602","5,740","1,165,359","9,015","26,838,497",65,"111,550",520,"8,766,115",785,"3,306,596",20,"-40,608",480,"10,919,449",150,"584,782",100,"1,716,865",10,"255,755",110,"657,035",160,"985,751",200,"2,141,110",275,"2,375,380",165,"789,063",125,"64,660",110,"157,963",750,"8,444,647",715,"7,733,423",375,"991,485",765,"4,320,130",135,"562,291",640,"-5,162,682",775,"-4,600,391",320,"324,832",60,"108,955",25,"270,639",485,"643,514",25,"18,906",390,"203,151","6,295","1,897,609",455,"191,364",375,"932,714",21,"1,165,200",677,"27,040,627",695,"28,287,955",690,"17,560,753",25,"-129,269",702,"10,451,960",725,"10,343,399"
VIC,3025,"5,490","2,115","5,465","265,447,958","4,475","49,190,790","3,875","3,534,545",105,"118,179","4,075","50,831,127",200,"753,156","4,365","227,420,200","1,000","3,899,982",95,"962,027",135,"1,269,470",435,"2,664,957",295,"2,928,032",25,"283,970",45,"880,853","2,820","6,340,942",325,"106,672",880,"4,600,349",875,"1,972,785","5,465","277,870,359","1,540","4,303,888",595,"906,309","2,625","759,332",205,"426,964","3,170","3,539,948",110,"65,993",175,"119,691",55,"167,499","2,185","456,544","3,050","857,265","4,465","12,182,494",40,"78,503",265,"4,417,349",380,"1,866,353",15,"-142,919",580,"10,237,537",170,"217,764",65,"1,085,436",0,0,45,"489,818",175,"3,812,992",230,"8,082,470",275,"4,263,308",200,"399,233",165,"148,617",150,"24,392",940,"15,866,024",720,"9,130,484",310,"910,301",940,"6,646,241",410,"3,841,652",535,"-4,662,654",945,"-821,002",345,"493,605",65,"146,413",15,"267,435",185,"297,060",10,"4,342",250,"163,839","3,010","951,828",370,"159,842",155,"221,236",7,"140,120",472,"34,261,022",475,"34,336,211",460,"26,020,293",9,"24,733",477,"8,083,159",485,"8,067,021"
VIC,3026,170,55,165,"8,395,406",140,"1,601,812",110,"110,840",0,"2,928",125,"1,668,970",0,"9,024",140,"7,383,122",35,"284,611",0,0,0,"18,171",15,"78,924",0,"59,717",0,0,0,"10,804",65,"68,493",0,"5,167",10,"45,384",10,"19,446",165,"8,877,551",45,"142,268",15,"30,431",90,"28,958",0,"9,936",100,"109,420",0,195,0,"1,646",0,"12,269",50,"19,310",85,"35,484",130,"396,999",0,0,10,"145,869",10,"81,254",0,"-9,206",20,"714,347",0,32,0,"28,596",0,0,0,0,0,"80,225",0,"164,203",10,"514,846",0,0,0,0,0,2,30,"501,860",25,"362,593",10,"47,055",30,"188,341",15,"84,305",15,"-180,434",30,"-96,129",10,"18,955",0,"6,150",0,0,0,"7,082",0,338,0,"1,324",90,"27,853",10,"3,978",0,615,0,0,10,"598,083",10,"598,083",10,"440,385",0,0,10,"160,388",10,"160,388"
VIC,3027,"2,655","1,145","2,630","142,343,852","2,225","28,152,740","2,015","1,947,856",40,"48,999","2,130","29,426,324",105,"403,089","2,305","133,955,209",525,"2,540,918",50,"437,747",60,"365,107",125,"618,187",35,"311,680",0,"13,525",0,"93,111","1,270","865,055",90,"66,735",320,"521,672",320,"221,581","2,635","149,394,742",930,"2,589,902",365,"389,281","1,310","390,144",190,"425,241","1,745","1,993,789",60,"32,373",80,"82,914",25,"46,890",950,"266,793","1,325","337,340","2,225","6,863,132",0,"5,889",135,"2,285,611",180,"990,617",0,"-40,129",175,"3,749,849",45,"122,864",30,"1,188,909",0,"6,088",45,"325,181",70,"743,759",80,"1,740,319",105,"2,872,766",60,"88,278",55,"21,253",45,"8,490",450,"6,783,358",430,"6,161,149",280,"1,060,352",460,"3,387,854",55,"429,137",410,"-4,255,134",460,"-3,825,997",130,"174,878",20,"64,745",0,"77,500",150,"228,460",10,"4,246",95,"56,264","1,395","422,875",55,"23,522",75,"149,134",14,"588,518",268,"22,125,822",280,"22,701,340",265,"16,151,253",15,"95,826",276,"6,316,016",290,"6,401,342"
VIC,3028,"15,535","5,465","15,455","723,382,875","12,825","126,622,114","11,220","9,599,360",205,"225,727","11,945","130,169,678",460,"1,472,539","13,440","664,335,426","3,210","9,420,640",290,"3,376,074",385,"3,107,883","1,200","6,396,737",565,"5,234,842",130,"1,124,579",145,"3,380,810","7,945","10,150,325",860,"259,536","2,360","4,965,261","2,350","2,124,014","15,470","757,331,101","4,615","11,972,816","1,475","1,822,095","8,805","2,494,560",680,"1,235,448","10,095","9,985,906",265,"105,604",535,"309,454",160,"356,668","6,690","1,325,678","8,825","2,123,717","13,175","33,478,989",155,"296,565",765,"13,342,568","1,460","7,781,165",20,"154,481","1,100","17,014,928",425,"451,324",235,"4,596,392",10,"72,581",120,"1,019,874",350,"3,947,424",465,"8,502,661",635,"8,735,959",450,"856,896",395,"160,209",360,"162,864","2,030","29,226,857","1,750","21,215,874",955,"2,566,202","2,050","13,709,132",640,"4,175,475","1,415","-12,439,826","2,060","-8,264,351",600,"853,748",110,"542,321",65,"780,607",630,"945,258",20,"13,664",780,"459,529","9,235","2,884,046","1,020","432,456",495,"1,161,276",39,"710,724","1,167","61,079,506","1,205","61,795,223","1,140","42,448,391",38,"83,217","1,187","18,377,086","1,220","18,478,992"
VIC,3029,"41,740","13,410","41,525","1,967,063,597","34,590","347,745,267","30,695","26,474,230",525,"593,963","32,425","359,689,844","1,200","3,876,630","36,435","1,826,746,839","9,140","24,956,555",760,"8,634,047","1,005","9,016,964","3,080","16,353,032","1,400","12,689,429",300,"2,568,083",415,"10,238,784","19,190","19,949,540","1,815","521,146","5,035","10,901,914","5,010","4,668,143","41,545","2,064,214,630","13,835","35,990,849","4,365","5,530,116","25,135","7,352,046","2,135","4,057,574","27,355","28,248,144",755,"276,569","1,000","630,852",315,"760,202","17,270","4,179,186","22,915","4,574,834","35,210","96,544,198",390,"716,802","2,190","37,526,940","3,205","16,542,439",35,"554,258","2,500","48,176,871",830,"1,431,916",600,"10,945,867",25,"116,827",370,"2,951,228",815,"7,844,903","1,100","17,748,820","1,475","18,705,691",935,"2,815,018",770,"550,299",710,"497,707","4,585","60,192,099","4,185","48,404,757","2,450","6,698,986","4,650","30,151,284","1,030","6,234,549","3,655","-31,297,477","4,685","-25,062,928","1,475","1,865,692",335,"844,832",155,"2,152,026","1,815","2,709,103",70,"45,110","1,645","893,388","24,920","7,719,516","2,095","894,053","1,260","2,323,426",109,"1,851,369","3,312","165,307,087","3,415","166,670,186","3,205","109,758,035",122,"504,804","3,369","55,374,278","3,480","55,872,612"
VIC,3030,"48,745","21,365","48,425","2,537,283,918","40,445","494,328,819","36,130","34,470,000",660,"737,317","37,915","511,403,703","1,460","4,960,861","41,655","2,293,226,422","10,075","38,237,405",920,"10,863,120","1,165","13,732,172","3,275","17,582,245","1,575","14,399,379",345,"3,923,015",435,"9,835,621","24,205","29,779,579","2,460","1,401,499","7,005","30,396,828","6,965","13,007,744","48,470","2,664,081,219","16,125","45,451,339","5,825","8,301,784","26,125","7,458,522","2,475","4,841,224","31,555","35,147,093","1,000","493,956","1,500","1,743,567",490,"1,348,375","20,145","4,975,276","26,050","6,693,824","41,025","125,068,805",415,"837,645","3,060","49,983,311","4,300","24,804,580",195,"5,326,850","4,225","97,591,106","1,255","4,592,466",510,"10,477,735",40,"541,468",490,"3,737,400","1,090","17,832,296","1,500","40,628,777","2,340","36,198,367","1,400","4,998,388","1,105","1,422,453","1,035","789,268","7,045","105,389,557","6,360","84,387,301","3,660","10,990,138","7,140","51,100,480","1,585","12,785,869","5,625","-53,879,440","7,205","-41,093,571","2,255","3,112,506",455,"1,497,359",280,"3,975,379","2,550","4,415,349",120,"79,630","2,370","1,356,996","26,530","8,213,930","2,360","1,001,471","1,465","3,361,676",129,"4,598,589","3,677","232,894,603","3,805","237,593,025","3,670","164,516,496",166,"463,501","3,747","70,260,164","3,905","70,908,710"
VIC,3031,"10,425","5,750","10,385","621,232,939","8,800","132,931,174","8,005","8,627,214",220,"217,034","8,360","137,637,331","1,020","4,057,757","9,085","550,096,610","1,725","6,205,053",195,"2,675,392",210,"3,617,738",980,"5,942,335",240,"2,501,815",100,"1,167,221",65,"1,419,826","6,305","9,354,683",810,"308,807","2,155","9,654,842","2,145","4,124,497","10,395","649,345,860","2,695","6,891,048","1,695","2,273,438","3,695","996,821",715,"1,822,825","6,480","8,019,902",240,"106,914",430,"717,230",245,"916,784","4,295","1,736,437","4,820","1,535,050","8,590","27,572,526",110,"225,913",960,"18,853,450","1,065","7,477,561",25,"-262,626",995,"22,837,832",475,"1,459,856",120,"2,537,683",0,"30,214",140,"1,233,822",375,"3,524,544",560,"8,649,727",730,"12,122,557",555,"1,729,110",505,"811,219",460,"489,517","1,515","26,567,265","1,330","20,141,477",635,"2,083,068","1,515","12,230,493",420,"3,014,224","1,105","-10,911,252","1,520","-7,897,028",555,"580,990",130,"437,451",90,"1,388,920",565,"1,121,258",20,"14,418",490,"305,562","5,130","1,546,290",370,"158,536",290,"999,720",39,"543,817","1,122","57,960,306","1,160","58,547,876","1,085","34,392,727",46,"187,479","1,138","23,372,199","1,185","23,574,023"
VIC,3032,"15,845","8,745","15,760","924,690,232","13,165","198,686,367","11,765","12,733,507",260,"290,311","12,375","205,061,173",950,"3,568,784","13,395","783,359,965","2,880","11,213,554",275,"3,984,603",315,"3,646,010","1,145","6,565,822",440,"4,182,766",200,"2,718,078",130,"3,547,987","9,480","18,740,529","1,405","838,281","3,510","19,620,029","3,500","8,404,206","15,790","971,164,876","4,555","13,347,079","2,140","2,667,918","6,215","1,715,097",850,"1,815,399","9,750","11,826,636",300,"144,951",620,"1,345,377",400,"2,503,709","6,535","2,500,618","7,900","2,603,792","13,025","45,404,921",230,"559,237","1,325","25,106,186","1,735","12,704,291",25,"-192,903","1,965","56,454,708",765,"4,821,534",140,"3,000,901",20,"91,009",175,"1,338,033",615,"10,081,102",915,"28,010,510","1,250","25,938,831",790,"2,586,482",720,"932,288",680,"565,296","2,910","53,258,612","2,465","38,642,278","1,220","3,882,276","2,905","23,591,682",995,"7,876,850","1,935","-20,734,474","2,930","-12,857,624",995,"1,691,341",205,"871,065",180,"2,978,787",880,"1,903,089",35,"22,356",770,"487,695","8,020","2,462,576",825,"348,397",400,"1,553,196",55,"921,414","1,297","115,669,113","1,350","116,584,975","1,300","81,248,690",79,"43,461","1,351","34,545,049","1,420","34,594,159"
VIC,3033,"7,570","4,395","7,530","383,156,234","6,075","74,622,198","5,375","5,197,187",90,"110,648","5,555","76,630,983",250,"812,751","5,870","312,184,079","1,370","5,428,366",145,"2,179,015",155,"2,090,271",405,"2,205,753",540,"4,900,376",80,"859,751",110,"2,970,521","4,570","9,169,922",745,"234,838","2,095","8,788,449","2,085","3,763,729","7,545","401,591,596","2,220","6,560,005",785,"959,855","3,240","877,317",270,"484,270","4,450","4,765,771",150,"52,268",295,"351,871",155,"463,171","3,330","710,616","4,035","1,051,554","6,180","18,157,288",125,"281,908",435,"6,958,062",790,"5,907,421",15,"80,379","1,095","24,595,351",380,"1,161,200",55,"1,456,095",0,"84,252",60,"371,100",330,"5,072,299",450,"10,105,516",600,"7,986,751",365,"828,698",320,"540,285",285,"64,947","1,460","24,477,244","1,125","14,212,392",615,"1,703,412","1,460","9,929,292",645,"6,030,105",830,"-7,397,957","1,475","-1,367,852",475,"1,060,188",85,"186,436",80,"1,181,566",350,"653,588",15,"6,871",445,"279,117","3,880","1,213,659",620,"262,002",210,"500,414",18,"594,149",562,"50,735,396",575,"51,329,545",565,"37,595,146",22,"17,765",580,"12,827,252",595,"12,845,017"
VIC,3034,"6,045","3,235","6,015","302,487,235","4,915","58,436,913","4,295","4,072,871",70,"76,342","4,475","59,980,572",240,"906,888","4,675","238,914,476","1,125","4,877,796",110,"1,500,353",120,"1,415,612",335,"1,748,067",375,"3,800,598",55,"541,353",90,"1,885,849","3,680","8,117,149",535,"191,663","1,550","8,101,554","1,545","3,477,069","6,020","317,003,113","1,695","4,612,259",610,"802,386","2,590","731,725",240,"431,709","3,490","3,730,119",110,"62,369",335,"288,179",115,"249,751","2,480","751,372","3,145","932,243","4,905","14,104,489",80,"169,264",380,"6,791,153",565,"4,745,470",0,"-53,563",935,"24,315,427",275,"867,371",45,"1,236,977",0,"7,775",40,"357,857",265,"4,495,226",360,"13,088,619",420,"8,312,927",295,"840,919",235,"199,670",215,"96,331","1,320","24,684,546","1,010","14,435,580",490,"1,519,900","1,315","10,461,397",590,"5,717,191",735,"-7,449,522","1,330","-1,732,331",370,"344,129",60,"142,777",60,"1,013,162",235,"470,546",0,"5,376",310,"180,319","3,230","1,015,129",490,"208,917",165,"399,614",7,"116,648",451,"43,765,751",460,"43,882,399",435,"32,746,357",10,"51,841",460,"10,816,419",470,"10,868,260"
VIC,3036,"3,910","2,645","3,890","234,812,923","3,235","52,626,314","2,880","3,266,387",55,"53,208","2,945","53,788,001",135,"473,911","2,915","163,478,376",715,"4,006,177",70,"1,352,131",80,"1,488,069",150,"730,501",225,"2,097,570",75,"1,138,329",60,"1,677,813","2,515","6,518,592",445,"350,628","1,205","10,338,564","1,205","4,427,256","3,895","245,805,055","1,145","3,730,423",385,"497,011","1,490","369,776",120,"273,434","2,195","2,474,122",60,"23,619",165,"350,233",115,"348,287","1,630","433,296","1,960","678,160","3,160","10,831,236",100,"262,633",225,"3,652,444",535,"5,185,390",20,"28,364",945,"33,785,916",310,"2,102,835",30,"566,726",0,"75,123",40,"536,320",215,"4,068,264",285,"9,189,202",400,"6,213,458",255,"380,126",235,"153,174",215,"47,153",790,"14,133,486",600,"8,679,028",320,"993,550",790,"5,941,386",345,"3,306,484",450,"-4,774,856",795,"-1,468,372",295,"770,527",55,"176,509",75,"1,154,210",185,"461,936",10,"8,629",250,"168,447","1,860","582,808",365,"154,006",105,"605,171",13,"162,668",297,"27,122,587",305,"27,281,055",305,"19,364,090",18,"-137,457",303,"7,678,772",315,"7,537,115"
VIC,3037,"25,450","9,110","25,305","1,216,865,658","21,020","218,841,135","18,730","16,476,877",300,"337,260","19,615","226,719,686",780,"2,531,817","21,910","1,120,496,887","5,390","19,857,514",450,"5,578,303",555,"5,541,591","1,775","9,504,727",740,"6,760,942",155,"1,276,593",75,"1,419,878","11,920","11,813,723","1,040","281,968","3,240","6,890,896","3,225","2,949,628","25,330","1,279,400,039","8,335","23,858,474","2,780","3,841,543","14,370","4,242,211","1,055","1,975,393","16,770","17,746,831",355,"186,322",615,"513,201",195,"659,602","10,795","2,163,584","14,655","3,175,181","21,235","61,728,860",140,"196,489","1,315","21,108,303","2,015","9,926,272",20,"65,244","2,170","50,434,461",540,"1,902,357",215,"4,142,425",10,"120,229",210,"2,026,984",470,"4,607,648",620,"10,370,964",990,"15,759,400",475,"846,667",410,"448,338",380,"45,920","3,825","51,799,516","3,505","41,915,605","2,140","6,283,178","3,875","25,212,423",865,"5,265,005","3,040","-26,876,695","3,910","-21,611,690","1,100","1,902,662",195,"651,151",105,"1,237,344","1,300","2,062,041",30,"22,525","1,340","753,743","14,745","4,630,068","1,120","485,656",685,"1,740,951",39,"539,332","1,980","143,453,238","2,010","143,795,011","1,915","104,904,006",49,"-25,637","2,009","37,778,908","2,045","37,742,895"
VIC,3038,"17,065","8,115","16,980","825,265,774","13,890","152,841,643","12,480","11,253,076",210,"231,910","12,860","157,098,123",590,"2,018,101","14,135","713,594,571","3,435","14,097,192",310,"4,577,250",335,"3,968,288","1,160","6,094,808",580,"5,481,893",225,"2,225,054",125,"2,608,603","9,655","15,873,207","1,390","554,867","3,655","13,320,153","3,645","5,702,473","16,990","866,545,423","5,265","15,285,385","1,745","2,034,282","8,745","2,419,803",620,"991,974","10,715","10,998,494",335,"145,131",585,"632,581",290,"1,026,608","7,270","1,463,390","9,360","2,379,714","14,025","40,565,173",250,"414,661",910,"13,990,703","1,945","13,717,922",45,"131,246","2,235","48,114,351",650,"1,726,540",135,"2,407,425",10,"37,390",150,"2,102,350",570,"7,057,402",780,"16,878,241","1,075","17,170,380",595,"907,415",540,"428,211",490,"196,357","3,485","52,755,638","2,880","35,011,695","1,780","4,963,924","3,495","24,272,502","1,265","7,942,176","2,255","-19,434,659","3,520","-11,492,483",925,"1,176,505",145,"310,887",130,"1,575,234",730,"1,580,644",15,"11,816","1,000","512,039","9,590","3,020,537","1,350","571,515",485,"1,667,629",23,"337,556","1,228","108,099,708","1,250","108,421,564","1,220","85,437,505",38,"-78,801","1,246","22,437,459","1,280","22,354,626"
VIC,3039,"8,580","5,630","8,530","566,507,465","7,215","132,739,846","6,505","7,880,554",125,"132,876","6,785","136,811,994",455,"1,665,512","7,005","447,281,074","1,440","7,012,643",150,"3,174,335",180,"3,870,590",460,"2,332,420",250,"2,365,346",115,"1,625,600",125,"3,729,651","5,450","12,115,220",955,"555,816","2,375","17,554,232","2,365","7,520,619","8,545","593,149,604","2,375","6,993,951","1,115","1,715,315","2,945","795,405",405,"986,743","5,190","6,129,186",170,"73,723",360,"808,209",295,"1,330,704","3,780","1,515,729","4,355","1,656,701","7,160","26,076,667",145,"428,122",770,"14,156,307","1,115","9,163,248",30,"-90,539","1,475","50,088,490",620,"3,538,660",90,"2,321,397",10,"257,738",80,"585,911",445,"7,308,268",645,"16,506,445",855,"20,053,352",610,"2,225,603",540,"1,272,796",505,"181,954","1,760","32,597,184","1,435","23,289,690",760,"2,266,942","1,760","14,663,344",630,"5,167,642","1,140","-12,790,434","1,770","-7,622,792",660,"1,847,831",100,"320,402",135,"2,528,633",570,"1,459,453",20,"11,318",545,"346,156","3,915","1,200,385",480,"198,580",235,"1,144,480",34,"537,176",631,"73,620,818",665,"74,259,847",640,"51,336,175",44,"-70,114",654,"22,524,021",695,"22,464,010"
VIC,3040,"15,865","10,710","15,735","1,070,442,677","13,130","261,204,680","11,660","14,932,896",220,"274,272","12,260","268,546,464",730,"2,665,240","12,430","769,583,421","2,710","12,127,514",300,"5,186,266",305,"5,800,758",760,"3,881,553",560,"5,359,971",330,"5,410,336",290,"8,659,478","10,330","26,752,758","1,910","1,733,569","4,900","42,547,701","4,890","18,224,741","15,805","1,125,246,309","4,430","13,338,249","1,880","2,638,012","5,510","1,456,857",675,"1,483,585","9,070","10,803,538",430,"206,741",755,"2,296,568",580,"2,392,106","7,005","3,781,827","7,745","3,115,809","13,095","50,677,346",445,"1,270,615","1,250","22,598,769","2,155","19,407,839",60,"103,017","3,315","143,414,797","1,330","13,296,281",130,"3,148,550",15,"401,964",135,"1,268,921",920,"22,844,168","1,335","58,183,454","1,740","36,831,992","1,225","2,954,479","1,150","1,575,573","1,040","376,708","3,100","59,329,173","2,400","38,326,555","1,355","4,414,349","3,120","26,471,979","1,235","11,207,151","1,905","-21,090,861","3,140","-9,883,710","1,260","1,396,953",240,"656,241",320,"5,890,159",985,"3,090,189",25,"12,394",910,"593,174","7,340","2,281,174","1,015","423,049",445,"2,012,921",52,"1,133,332","1,132","132,820,693","1,175","133,478,931","1,160","90,970,366",80,"-325,205","1,162","42,499,740","1,225","41,891,545"
VIC,3041,"7,235","5,015","7,190","440,130,565","5,945","98,516,502","5,345","6,132,654",100,"114,536","5,510","100,976,660",245,"866,882","5,600","337,083,749","1,280","5,625,169",145,"2,777,757",150,"2,498,680",350,"1,632,967",330,"2,964,965",150,"2,110,582",150,"3,933,708","4,575","10,888,219",925,"456,706","2,360","16,860,373","2,355","7,223,125","7,215","461,502,780","2,080","6,192,938",870,"1,229,855","2,620","685,859",260,"441,382","4,210","5,100,923",135,"65,901",365,"638,754",275,"710,628","3,300","1,106,938","3,715","1,350,044","5,985","20,551,774",200,"523,689",535,"9,425,184","1,015","8,259,882",20,"128,777","1,460","40,699,729",590,"2,844,682",55,"1,405,554",10,"201,503",55,"656,691",430,"6,310,501",620,"15,460,850",775,"13,765,559",585,"1,467,322",545,"433,326",495,"132,793","1,440","26,169,092","1,140","17,321,133",595,"1,741,461","1,445","11,734,573",555,"5,138,518",900,"-9,766,593","1,455","-4,628,075",555,"619,644",115,"492,530",115,"1,832,348",435,"1,100,964",0,"5,676",495,"320,546","3,380","1,055,255",530,"214,133",230,"1,004,072",15,"283,932",546,"48,767,752",560,"48,690,425",535,"32,473,184",31,"-188,143",565,"16,284,366",595,"16,087,751"
VIC,3042,"8,645","4,975","8,610","439,683,179","7,105","84,891,245","6,295","5,991,850",90,"113,774","6,515","87,130,122",330,"1,108,137","6,975","378,281,977","1,660","6,430,805",150,"2,012,574",200,"2,374,070",490,"2,461,261",525,"5,096,776",95,"927,847",120,"2,505,198","5,140","9,283,563",735,"240,169","1,960","6,099,430","1,950","2,611,376","8,620","462,244,832","2,790","8,110,635","1,045","1,443,579","4,055","1,130,994",345,"559,530","5,355","6,130,750",170,"76,125",310,"338,116",135,"389,100","3,955","896,375","4,840","1,214,137","7,220","22,099,262",135,"277,331",530,"8,762,180",905,"6,124,628",15,"23,425","1,155","25,010,381",440,"1,682,947",65,"1,535,135",10,"73,079",100,"694,100",310,"3,616,317",450,"7,910,863",640,"12,356,763",445,"648,239",375,"237,091",330,"90,082","1,435","23,712,995","1,175","15,516,668",620,"1,736,451","1,445","10,074,166",520,"5,061,588",935,"-8,675,878","1,455","-3,614,290",460,"580,077",115,"220,003",70,"939,279",430,"831,429",10,"6,743",505,"296,818","4,560","1,413,983",625,"266,224",265,"916,436",23,"217,243",707,"46,460,332",725,"46,613,901",695,"33,787,676",32,"-72,687",725,"12,579,428",750,"12,462,595"
VIC,3043,"10,015","4,645","9,965","473,304,529","8,235","85,169,790","7,235","6,350,599",120,"144,261","7,555","87,016,066",350,"1,149,725","8,260","412,015,627","1,965","6,340,823",225,"3,316,584",240,"2,821,162",745,"3,742,306",630,"5,884,100",95,"868,059",130,"3,417,705","5,525","8,946,938",715,"205,776","1,930","6,649,454","1,925","2,848,160","9,975","497,213,068","3,230","8,629,794","1,165","1,592,837","5,440","1,588,776",380,"590,755","6,340","6,783,820",170,"53,492",325,"273,536",145,"292,937","4,705","1,087,200","5,830","1,276,585","8,430","23,647,947",150,"342,334",490,"7,615,471",900,"5,837,122",15,"72,370","1,000","24,937,962",345,"860,511",65,"1,267,487",10,"34,895",80,"676,829",250,"2,322,986",370,"6,284,193",610,"8,376,372",410,"471,304",350,"228,559",305,"27,210","1,515","22,951,386","1,255","15,767,624",615,"1,787,569","1,510","10,514,381",500,"3,436,059","1,020","-8,554,247","1,520","-5,118,188",510,"451,336",80,"160,936",60,"693,254",445,"762,423",10,"6,908",555,"290,893","5,830","1,817,547",890,"382,343",310,"927,287",15,"230,612",742,"44,152,810",755,"44,383,422",740,"31,791,343",22,"11,399",757,"12,161,966",775,"12,173,365"
VIC,3044,"13,855","7,920","13,795","737,195,064","11,480","146,969,657","10,150","10,043,447",155,"158,178","10,590","151,179,332",650,"2,375,156","11,320","623,834,326","2,460","9,079,867",250,"4,118,985",260,"4,773,510",840,"4,462,168",610,"5,612,134",140,"1,721,925",215,"4,778,463","8,475","16,159,353","1,220","712,111","3,255","14,996,796","3,245","6,420,657","13,810","771,178,462","4,120","11,439,084","1,685","1,805,482","5,685","1,574,402",640,"1,085,616","8,345","9,289,519",275,"122,618",550,"726,603",290,"1,046,159","5,985","1,791,846","7,200","2,064,895","11,455","33,574,052",215,"478,031","1,060","18,785,854","1,405","8,854,750",20,"62,426","1,940","40,903,226",750,"1,303,281",105,"1,956,368",15,"211,125",140,"912,060",515,"5,906,829",740,"15,364,516","1,035","17,054,958",775,"1,171,967",695,"474,084",665,"113,349","2,540","43,931,205","2,030","26,687,676",940,"2,516,748","2,560","18,881,223","1,030","9,691,407","1,545","-13,845,849","2,575","-4,154,442",845,"1,118,948",155,"338,104",110,"1,329,319",700,"1,265,479",20,"10,115",835,"538,475","7,190","2,241,620",780,"336,286",355,"1,394,227",42,"585,680","1,202","73,682,852","1,240","74,031,239","1,170","51,777,089",53,"34,457","1,224","21,606,225","1,270","21,640,682"
VIC,3046,"16,095","6,450","16,010","724,188,611","12,860","126,192,283","10,840","9,359,513",190,"203,294","11,770","129,715,508",570,"1,956,958","12,960","633,875,874","2,825","10,109,074",260,"3,343,502",290,"2,105,075","1,180","6,415,089",845,"8,194,726",95,"1,004,353",215,"4,863,644","8,515","13,632,955","1,050","356,531","2,730","8,491,618","2,720","3,637,682","16,015","757,239,932","4,380","11,498,751","1,665","1,917,868","7,820","2,233,594",670,"1,389,095","9,150","9,077,823",255,"104,151",475,"342,679",210,"680,356","6,275","1,585,097","8,410","1,859,508","12,850","32,751,151",190,"412,493",880,"15,589,618","1,275","7,376,620",20,"-247,241","1,510","27,906,363",545,"866,087",150,"2,562,298",0,"78,501",150,"1,799,111",385,"3,797,746",555,"8,726,112",800,"10,455,832",630,"1,481,348",535,"512,595",485,"147,699","2,200","34,546,819","1,805","23,649,488",775,"2,192,095","2,210","14,850,000",795,"6,392,861","1,430","-12,537,625","2,230","-6,144,764",760,"1,274,053",140,"333,467",90,"943,953",610,"1,067,977",20,"10,804",745,"451,345","9,155","2,909,645",905,"384,734",400,"628,037",32,"337,436","1,588","84,997,936","1,615","85,312,145","1,495","57,751,734",38,"85,046","1,624","25,645,432","1,660","25,708,556"
VIC,3047,"6,790","1,085","6,760","251,052,821","5,260","35,611,368","4,100","2,940,843",25,"27,052","4,680","35,851,320",160,"520,122","5,430","216,145,493","1,110","3,040,633",120,"1,124,887",125,"904,674","1,080","6,609,407",375,"3,958,876",35,"303,831",45,"981,590","2,465","2,563,688",185,"58,004",465,"1,142,480",465,"487,599","6,765","262,340,149","1,615","3,807,559",525,"669,414","3,740","1,137,148",250,"501,203","3,600","3,203,493",60,"15,179",115,"41,937",30,"48,437","2,355","735,348","3,505","657,718","5,120","11,232,959",55,"87,119",215,"4,279,139",335,"1,430,483",10,"-36,068",415,"7,904,338",95,"64,616",70,"1,039,474",0,"90,337",45,"450,768",70,"838,379",90,"1,784,885",125,"1,452,529",100,"131,662",80,"74,299",75,"18,744",590,"7,741,709",510,"6,121,325",170,"421,628",595,"3,393,233",205,"1,144,746",395,"-3,339,223",600,"-2,194,477",290,"479,388",45,"135,200",10,"113,601",200,"298,400",0,"2,954",190,"92,012","4,285","1,445,818",440,"192,171",150,"330,719",16,"341,224",914,"46,004,299",930,"46,156,309",845,"31,008,367",17,"-22,622",917,"15,008,859",935,"14,947,208"
VIC,3048,"6,400",930,"6,355","238,921,799","4,965","34,234,954","4,015","2,885,548",45,"54,406","4,455","34,738,487",195,"607,058","5,100","207,853,483","1,020","2,722,953",110,"915,472",125,"890,864","1,040","5,880,814",280,"2,531,115",25,"137,839",25,"447,584","2,065","1,732,021",150,"70,540",405,"962,230",405,"412,177","6,360","249,693,165","1,555","3,774,016",425,"588,086","3,600","1,094,110",225,"385,000","3,505","3,051,897",80,"24,475",85,"28,228",15,"34,574","2,400","636,343","3,475","612,621","4,865","10,706,843",25,"28,503",175,"3,153,174",305,"1,262,399",0,"23,633",375,"7,286,275",65,"226,454",55,"864,884",0,"9,107",45,"528,616",60,"454,539",75,"1,502,679",105,"2,099,561",60,"266,512",50,"60,464",45,"36,035",640,"8,853,190",580,"6,931,286",185,"565,092",635,"3,783,045",195,"1,064,263",450,"-3,490,825",650,"-2,426,562",240,"578,284",45,"63,484",10,"138,621",180,"331,070",0,"3,415",155,"93,526","4,100","1,355,038",350,"148,555",135,"305,796",9,"113,467",860,"49,515,462",870,"49,489,747",830,"33,496,175",11,"64,537",864,"15,931,331",875,"15,995,868"
VIC,3049,"5,255","2,500","5,230","255,208,008","4,370","46,574,596","3,920","3,481,248",50,"61,908","4,040","47,999,337",175,"605,065","4,465","227,586,286","1,155","4,409,114",115,"1,594,479",145,"1,400,103",365,"1,837,113",225,"2,110,662",60,"537,198",50,"1,097,242","2,935","3,795,884",350,"167,084",955,"2,239,275",950,"958,983","5,235","268,326,439","1,765","4,903,734",580,"779,925","2,900","816,417",205,"301,269","3,500","3,752,365",105,"41,393",175,"207,590",55,"166,026","2,470","474,210","3,010","673,589","4,435","12,971,227",75,"128,330",305,"5,113,838",540,"3,361,392",0,"-36,029",545,"12,283,563",165,"728,069",40,"913,578",0,0,55,"1,052,845",150,"1,605,703",210,"4,064,897",295,"6,347,158",165,"432,905",145,"69,340",125,"10,030",840,"12,158,526",740,"9,082,987",410,"1,055,870",850,"5,826,486",245,"1,539,536",610,"-5,346,353",855,"-3,806,817",280,"318,079",55,"212,732",30,"328,310",275,"515,003",0,"3,427",290,"167,717","3,065","945,716",465,"198,730",180,"343,190",7,"355,006",391,"25,135,691",395,"25,451,280",395,"18,224,969",10,"19,865",400,"6,660,408",410,"6,680,273"
VIC,3050,65,40,65,"3,638,254",50,"810,874",45,"48,680",0,0,50,"810,420",0,"18,969",50,"2,962,979",15,"59,778",0,"17,394",0,0,0,"14,093",0,"2,385",0,"15,454",0,0,40,"77,547",0,"1,321",15,"15,899",15,"6,777",65,"3,854,150",15,"72,987",15,"40,981",20,"5,568",0,"2,361",40,"67,868",0,93,0,177,0,483,25,"13,753",25,"8,468",50,"215,896",0,979,10,"227,312",0,"32,944",0,"-20,465",10,"319,488",0,"8,647",0,"1,879",0,0,0,"3,884",0,959,0,"2,062",0,"57,969",0,33,0,33,0,3,15,"225,218",10,"104,817",0,50,15,"93,567",10,"47,702",0,"-20,918",15,"26,784",0,"20,655",0,0,0,0,0,"3,157",0,0,0,876,35,"10,203",0,"1,405",0,"34,886",0,0,8,"314,127",10,"314,127",10,"106,514",0,0,8,"207,613",10,"207,613"
VIC,3051,"7,200","3,455","7,150","388,760,175","5,570","83,299,388","4,835","5,180,515",140,"143,762","5,200","85,795,914",565,"2,323,599","6,125","318,088,290","1,060","3,968,699",110,"1,339,615",100,"1,628,378",795,"4,754,977",140,"1,346,245",55,"978,792",55,"2,006,549","4,265","7,846,692",470,"362,701","1,245","8,244,706","1,240","3,533,633","7,165","406,710,468","1,255","2,972,070","1,025","1,365,865","2,140","551,392",485,"1,608,650","3,795","5,122,002",145,"71,998",210,"297,528",145,"706,228","2,400","1,485,277","2,845","1,060,613","5,445","17,487,618",75,"269,234",665,"13,448,811",610,"4,569,105",20,"-196,861",685,"15,770,978",270,"1,084,148",90,"1,763,892",10,"19,495",105,"858,919",230,"10,488,930",365,"23,017,175",445,"11,209,152",370,"1,929,249",320,"763,045",305,"329,272",995,"20,439,718",785,"12,610,793",405,"1,241,611",995,"8,781,537",395,"3,947,042",605,"-6,141,265","1,000","-2,194,223",380,"352,268",105,"241,013",70,"1,439,761",280,"693,231",10,"5,763",245,"133,820","3,470","1,097,009",265,"110,740",150,"628,068",36,"368,383",819,"57,538,067",855,"58,000,536",810,"36,052,243",40,"-207,102",834,"21,631,584",870,"21,502,447"
VIC,3052,"2,935","1,690","2,915","182,179,157","2,235","44,058,016","1,965","2,479,155",40,"36,918","2,065","45,229,455",230,"904,473","2,450","134,849,589",440,"1,489,563",45,"549,083",45,"817,617",310,"1,807,439",50,"503,050",30,"494,405",45,"1,521,664","2,020","5,524,989",320,"287,189",720,"6,874,163",720,"2,940,809","2,920","191,837,213",520,"1,229,746",395,"845,697",755,"188,294",190,"486,626","1,455","2,162,550",50,"22,510",125,"414,455",85,"451,586","1,050","941,669","1,115","665,164","2,165","8,861,846",55,"165,800",305,"6,917,231",285,"2,538,761",10,"-163,245",425,"15,059,008",205,"1,481,870",40,"578,714",10,"152,733",40,"419,384",135,"1,943,024",220,"8,300,127",285,"9,332,937",265,"1,678,089",240,"785,644",205,"189,885",435,"9,007,445",310,"4,977,821",165,"638,380",435,"4,096,626",205,"2,048,278",230,"-2,753,660",440,"-705,382",200,"429,146",55,"95,253",50,"922,760",145,"497,213",0,"1,893",125,"108,843","1,320","417,363",135,"54,785",55,"269,663",15,"436,365",256,"31,564,869",270,"32,001,234",245,"18,439,861",18,"-35,882",262,"13,178,525",280,"13,142,643"
VIC,3053,"6,665","3,105","6,605","348,793,126","4,905","76,234,736","4,145","4,524,124",115,"125,691","4,580","78,339,041",450,"1,900,028","5,530","271,582,687",860,"3,047,186",75,"780,809",85,"2,482,358",675,"3,974,659",95,"974,573",50,"777,459",55,"1,458,612","4,075","7,953,895",415,"650,061","1,095","9,864,976","1,085","4,225,787","6,620","365,135,438",925,"2,195,570",830,"1,139,761","1,715","454,846",375,"1,181,531","3,150","3,942,546",85,"25,621",205,"531,055",120,"488,418","1,905","1,689,550","2,320","989,682","4,745","15,698,058",75,"213,336",500,"10,341,175",555,"5,307,193",15,"-390,658",725,"27,273,247",295,"1,798,843",85,"1,357,075",0,"49,133",95,"676,520",225,"3,872,036",335,"10,574,516",425,"8,818,395",360,"2,066,489",310,"655,729",285,"534,754",795,"18,420,279",605,"11,495,613",305,"1,083,002",795,"7,500,093",345,"3,739,322",450,"-5,397,751",795,"-1,658,429",365,"369,451",65,"138,517",95,"1,973,328",265,"920,803",10,"5,426",215,"134,157","3,160","1,003,950",230,"95,542",110,"297,285",33,"544,441",670,"62,864,185",700,"63,531,591",665,"41,746,386",38,"188,964",691,"21,247,325",725,"21,342,404"
VIC,3054,"5,605","3,520","5,585","384,079,742","4,590","95,014,622","4,170","5,383,187",110,"125,692","4,290","97,616,902",500,"1,982,474","4,540","279,553,342",765,"3,248,390",90,"1,384,961",90,"2,117,903",520,"2,906,850",155,"1,349,829",70,"906,272",75,"3,100,437","3,755","10,367,292",600,"693,459","1,545","13,977,577","1,535","5,987,981","5,590","405,464,767","1,065","2,815,672",820,"1,303,335","1,330","342,691",285,"840,624","3,040","4,400,929",105,"35,993",220,"787,147",220,"1,413,978","2,205","4,813,613","2,565","1,267,666","4,525","21,007,581",115,"371,236",515,"10,724,940",625,"5,897,183",30,"-721,355",865,"35,755,501",385,"3,669,927",55,"974,590",0,"574,261",90,"935,882",290,"5,253,401",440,"13,699,678",570,"16,109,348",470,"4,784,230",415,"3,060,973",400,"663,016",875,"21,421,600",625,"11,538,912",310,"1,002,677",870,"9,029,344",430,"5,362,802",450,"-5,512,135",880,"-149,333",430,"672,536",110,"809,964",105,"2,100,966",305,"856,405",15,"8,078",295,"186,875","2,595","806,125",280,"112,066",125,"449,337",29,"889,376",690,"78,583,108",715,"79,472,484",665,"49,990,664",42,"-1,022,444",705,"29,043,549",740,"28,021,105"
VIC,3055,"7,965","4,055","7,925","425,064,304","6,610","85,223,005","5,880","5,796,171",135,"152,711","6,220","88,230,472",535,"1,963,679","6,895","367,366,326","1,340","4,512,075",145,"1,871,934",145,"1,650,796",760,"4,203,658",210,"1,847,922",80,"1,206,626",65,"1,251,673","4,895","8,142,730",585,"593,127","1,550","7,893,844","1,540","3,380,291","7,930","443,426,981","2,010","4,852,163","1,095","1,172,474","2,950","762,876",375,"793,762","4,745","5,378,923",135,"58,606",265,"312,275",155,"905,837","3,250","1,289,353","3,750","946,534","6,510","18,073,273",95,"223,656",715,"14,011,709",805,"5,588,550",15,"-146,356",835,"16,338,482",365,"839,050",105,"1,635,166",0,"345,029",110,"698,694",255,"3,031,171",390,"7,131,380",510,"7,790,996",405,"2,185,031",355,"1,207,965",325,"254,981","1,070","19,566,014",850,"11,506,757",370,"918,223","1,080","8,733,910",445,"4,071,792",640,"-5,664,668","1,085","-1,592,876",425,"428,383",105,"151,769",60,"797,652",320,"763,713",15,"8,010",410,"261,069","4,300","1,348,343",390,"163,260",200,"330,830",32,"731,132",762,"40,329,149",805,"41,001,056",755,"25,898,076",41,"-351,074",782,"15,098,662",835,"14,717,487"
VIC,3056,"14,965","7,315","14,905","796,890,885","12,230","160,225,986","10,980","10,850,410",285,"337,214","11,520","166,066,784","1,385","5,381,661","12,955","682,386,109","2,305","7,516,562",245,"3,014,787",270,"2,875,292","1,500","8,189,794",305,"3,010,515",110,"1,392,431",85,"2,466,246","9,165","13,399,425",990,"521,450","2,615","11,519,154","2,600","4,932,600","14,920","831,623,366","3,255","7,850,005","2,200","2,444,005","4,860","1,291,075",875,"2,105,463","8,780","10,056,212",230,"90,234",530,"780,584",260,"913,717","5,900","3,551,879","6,760","2,019,464","12,015","34,269,738",135,"283,787","1,305","26,164,621","1,315","8,643,945",40,"-28,469","1,505","33,297,437",670,"2,288,763",235,"3,799,304",10,"194,790",255,"2,499,556",465,"5,462,552",685,"12,673,385",860,"27,219,986",810,"2,049,656",715,"852,131",670,"310,220","2,100","38,266,174","1,700","24,626,598",755,"2,024,021","2,105","16,310,193",810,"7,517,828","1,310","-12,217,768","2,125","-4,699,940",860,"1,010,093",210,"552,235",120,"1,903,595",635,"1,238,411",30,"14,634",675,"399,463","7,890","2,484,762",515,"220,907",360,"1,123,478",80,"741,318","1,762","103,653,571","1,835","104,334,645","1,770","61,470,785",88,"110,746","1,816","40,958,964","1,895","41,081,727"
VIC,3057,"6,220","3,225","6,195","344,330,398","5,155","70,446,125","4,690","4,716,643",160,"182,378","4,890","73,076,694",620,"2,302,430","5,355","295,329,239",880,"2,959,472",95,"1,192,720",95,"1,321,160",565,"3,217,711",115,"1,196,645",45,"463,575",35,"836,777","3,945","6,598,644",425,"185,782","1,180","4,128,131","1,175","1,767,850","6,205","358,494,135","1,410","3,234,614",930,"1,028,813","1,985","530,026",395,"1,091,727","3,675","4,243,712",85,"35,341",215,"333,918",95,"293,982","2,515","1,016,812","2,805","787,409","5,050","13,947,843",50,"100,631",505,"10,341,234",570,"3,990,682",0,"-3,381",695,"17,320,138",295,"1,357,895",105,"1,995,456",0,"11,344",110,"899,313",185,"2,937,034",280,"6,243,912",415,"6,538,072",340,"1,101,230",290,"486,148",265,"109,141",910,"17,369,720",725,"10,711,200",310,"856,616",915,"7,625,522",385,"3,297,659",540,"-5,121,277",920,"-1,823,618",365,"757,072",75,"102,950",50,"611,664",295,"675,093",20,"15,081",300,"165,541","3,180","993,250",200,"80,359",140,"603,931",29,"521,214",663,"35,414,922",690,"35,954,626",670,"21,490,947",37,"184,596",688,"13,546,649",725,"13,750,664"
VIC,3058,"18,445","8,755","18,365","923,573,075","15,075","175,789,766","13,235","12,397,169",270,"293,357","14,005","181,428,194","1,050","3,781,157","15,380","796,668,396","3,060","10,261,520",350,"3,905,263",350,"3,564,400","1,605","9,290,426",580,"5,816,992",150,"1,814,036",135,"2,981,860","10,805","17,045,846","1,170","537,192","3,275","12,152,694","3,255","5,184,555","18,375","963,023,861","4,620","11,461,018","2,205","2,281,505","7,315","2,014,696",820,"1,774,262","10,895","11,796,748",310,"108,846",660,"840,429",245,"776,800","7,405","2,466,383","9,150","2,543,790","14,980","38,975,538",180,"364,714","1,460","28,171,079","1,585","9,896,798",30,"276,429","2,045","40,082,099",710,"2,029,276",195,"3,701,120",20,"234,517",225,"2,316,830",515,"7,838,330",715,"16,650,389","1,045","15,471,682",785,"2,407,941",690,"769,125",620,"389,252","2,845","47,297,434","2,245","28,565,605",910,"2,267,477","2,860","19,706,148","1,175","10,820,990","1,700","-14,062,786","2,875","-3,241,796","1,060","1,925,322",195,"465,207",105,"1,277,876",765,"1,554,823",25,"10,095",940,"588,937","10,055","3,194,883",915,"392,060",485,"1,223,995",56,"468,208","1,849","106,972,096","1,900","107,446,387","1,800","72,955,633",69,"-275,778","1,894","33,015,928","1,955","32,755,910"
VIC,3059,"7,685","4,255","7,620","408,988,031","6,275","83,510,321","5,665","5,641,814",95,"102,918","5,840","85,762,923",245,"874,836","6,095","316,935,984","1,415","7,593,632",145,"2,431,727",175,"2,408,646",390,"1,994,248",175,"1,575,934",95,"1,689,944",40,"943,691","4,645","8,162,307",590,"237,597","1,695","12,987,065","1,685","5,564,730","7,630","429,405,876","2,380","7,072,977",810,"1,060,157","3,720","1,078,231",245,"419,237","4,675","5,110,694",130,"50,708",245,"363,093",115,"443,707","3,460","837,150","4,240","1,100,832","6,335","20,015,414",105,"259,286",405,"6,649,700",805,"6,574,207",40,"-166,400","1,430","44,291,324",375,"2,847,769",40,"1,178,383",0,"15,913",70,"824,079",250,"5,658,713",335,"11,842,317",580,"11,939,985",295,"965,370",280,"451,408",250,"205,898","1,605","27,579,062","1,355","18,948,894",745,"2,400,023","1,610","12,014,457",525,"4,614,259","1,105","-10,399,054","1,630","-5,784,795",625,"1,233,387",90,"293,953",105,"1,566,869",470,"884,830",10,"5,288",420,"275,241","4,120","1,327,116",530,"229,477",225,"897,983",14,"571,525",607,"59,177,129",620,"59,733,092",610,"44,626,512",19,"108,016",616,"14,150,322",630,"14,345,200"
VIC,3060,"5,605","1,665","5,555","232,853,898","4,355","38,719,263","3,500","2,895,980",60,"71,842","3,910","39,586,177",175,"647,544","4,330","199,063,150",935,"3,055,431",90,"785,079",115,"1,278,567",545,"3,235,095",275,"2,716,959",30,"323,744",50,"885,096","2,730","4,325,520",250,"71,404",720,"2,211,386",710,"949,361","5,570","243,554,240","1,430","3,814,348",450,"556,404","2,675","805,822",210,"426,232","3,000","3,093,638",95,"37,477",185,"35,106",30,"48,108","1,910","452,325","2,900","635,440","4,285","10,537,430",40,"79,790",250,"4,525,689",315,"1,699,903",15,"207,166",475,"8,768,368",125,"357,705",55,"1,204,743",0,"239,745",50,"1,088,263",95,"1,970,163",140,"3,954,684",210,"2,849,807",160,"330,856",115,"86,418",95,"24,254",835,"13,146,481",635,"7,570,293",230,"573,353",835,"5,402,671",385,"3,185,233",460,"-3,585,069",845,"-399,836",300,"455,913",50,"222,927",25,"343,313",170,"206,244",10,"7,349",200,"115,549","3,235","1,057,955",305,"134,245",130,"292,478",13,"145,604",684,"41,748,764",695,"41,785,506",620,"31,793,030",13,"-253,600",691,"10,020,633",700,"9,767,033"
VIC,3061,"2,120",440,"2,105","81,608,983","1,635","12,484,650","1,290","994,492",25,"28,022","1,440","12,768,634",35,"106,558","1,540","63,349,537",295,"1,265,804",20,"159,498",35,"163,937",295,"1,806,113",115,"1,203,203",15,"141,845",0,"107,408",835,"1,256,064",80,"77,198",210,"1,202,282",210,"514,648","2,110","85,162,177",500,"1,253,212",130,"220,686","1,035","316,131",50,"96,618","1,070","955,651",25,"5,288",40,"20,191",10,"26,223",675,"133,771","1,070","249,629","1,560","3,489,259",10,"23,058",65,"1,105,420",115,"885,041",0,"-5,641",260,"6,921,149",45,"406,774",25,"519,142",0,0,15,"280,008",25,"594,121",40,"1,188,048",65,"1,801,432",40,"27,402",35,"6,244",30,739,270,"4,550,398",210,"2,899,711",75,"293,245",270,"1,663,084",120,"965,587",155,"-1,271,229",275,"-305,642",135,"231,855",35,"82,153",0,"58,834",70,"147,161",0,"1,173",45,"23,143","1,275","418,093",140,"60,490",35,"81,407",7,"102,986",312,"26,482,174",320,"26,585,160",300,"21,204,850",7,"31,079",316,"5,082,960",320,"5,114,039"
VIC,3062,120,55,120,"8,836,518",100,"2,271,412",85,"125,328",0,"7,723",95,"2,365,187",0,"2,318",95,"4,704,936",10,"21,861",0,"10,608",0,"5,498",10,"26,843",0,"48,871",0,0,0,0,55,"149,687",10,"1,007",20,"359,125",20,"153,905",120,"9,112,893",25,"67,710",0,"10,040",55,"15,260",0,"9,573",60,"69,827",0,688,0,"2,777",0,"35,504",35,"7,393",60,"17,917",95,"272,564",0,0,10,"134,192",10,"67,266",0,0,30,"2,837,413",15,"682,373",0,"21,373",0,0,0,"269,851",0,176,0,352,10,"92,396",0,"4,729",0,803,0,63,10,"380,170",0,"153,788",0,"5,250",10,"75,573",0,"175,673",0,"-30,114",10,"145,559",25,"5,465",0,95,0,"30,400",0,"5,475",0,0,0,"3,770",45,"15,483",10,"4,313",0,"6,976",2,"73,718",10,"1,304,577",10,"1,378,295",10,"804,323",2,"50,190",11,"288,869",15,"339,059"
VIC,3063,380,230,380,"21,794,009",310,"4,732,023",275,"301,071",0,"1,702",280,"4,845,233",0,"17,932",280,"17,429,067",55,"526,081",0,"163,871",0,"190,247",10,"51,437",20,"214,670",0,"59,154",0,"122,142",230,"655,029",45,"26,156",105,"1,428,095",105,"610,086",380,"22,895,296",110,"357,820",35,"46,897",165,"49,592",10,"17,110",220,"249,678",0,"1,041",15,"78,820",0,"21,239",170,"56,905",210,"80,497",310,"1,047,056",10,"17,574",25,"465,481",50,"406,580",0,"36,800",65,"853,127",25,"57,454",0,"11,188",0,"330,336",10,"36,685",15,"227,216",20,"510,325",35,"489,683",25,"115,352",25,"22,032",25,"20,671",65,"1,001,844",50,"585,970",30,"62,557",65,"460,051",20,"303,073",50,"-409,807",70,"-106,734",25,"73,897",0,"52,307",0,"44,997",20,"42,458",0,0,20,"10,116",185,"56,442",20,"7,041",0,"49,105",5,"89,088",30,"1,112,854",35,"1,201,942",35,"1,360,417",6,"-371,319",31,"122,971",35,"-248,348"
VIC,3064,"29,120","7,615","28,950","1,302,766,047","23,950","219,705,863","21,095","17,298,666",330,"381,397","22,410","226,866,786",800,"2,551,080","25,275","1,208,197,157","6,050","17,525,324",525,"5,262,322",615,"4,576,012","2,620","13,701,628",860,"7,642,904",145,"1,213,343",115,"2,214,975","12,370","8,689,078",860,"276,095","2,595","5,554,732","2,585","2,379,184","28,955","1,367,725,401","9,325","24,275,132","2,945","4,290,786","17,640","5,415,574","1,130","1,871,128","18,910","18,817,484",380,"143,714",505,"288,226",120,"364,952","12,640","2,978,436","17,120","3,335,882","24,295","64,261,634",150,"229,085","1,425","24,626,231","1,865","8,554,958",50,"-14,221","1,820","39,270,242",395,"779,943",255,"4,027,939",0,"62,163",230,"2,042,628",400,"4,413,035",495,"10,056,831",770,"11,696,285",390,"710,096",330,"209,712",300,"88,718","3,185","40,133,921","3,005","34,934,659","1,495","3,828,689","3,210","18,812,410",655,"3,750,454","2,590","-21,192,319","3,250","-17,441,865","1,335","1,582,912",210,"677,715",60,"653,011","1,295","1,792,462",45,"30,384","1,165","624,340","18,125","5,705,919","1,290","564,452",810,"1,975,141",46,"1,061,368","2,653","170,282,086","2,695","170,404,159","2,550","122,349,564",52,"367,877","2,686","47,357,056","2,735","47,652,276"
VIC,3065,"6,420","3,430","6,380","421,828,013","5,355","100,658,654","4,805","5,858,243",165,"214,663","5,025","103,922,603",530,"2,266,478","5,380","322,940,509",845,"4,640,074",110,"1,828,324",130,"3,650,106",650,"3,756,670",150,"1,618,724",50,"585,286",55,"1,925,703","3,855","8,163,174",525,"532,644","1,365","13,362,521","1,355","5,719,092","6,390","443,148,383","1,225","3,356,305",990,"1,669,722","1,745","475,336",360,"1,311,968","3,585","5,098,978",120,"49,605",230,"957,566",160,"862,686","2,265","2,330,923","2,890","1,894,408","5,130","20,875,914",60,"209,234",575,"11,897,713",570,"4,525,226",15,"-109,316",835,"35,541,214",350,"5,585,795",80,"1,743,438",10,"263,541",155,"1,850,487",265,"5,607,666",405,"13,146,428",500,"11,900,344",435,"2,147,016",385,"767,746",355,"456,351",920,"20,090,927",725,"12,807,183",335,"1,073,358",925,"8,315,946",370,"4,122,326",555,"-6,227,886",925,"-2,105,560",450,"625,595",110,"339,838",100,"1,843,204",325,"982,003",15,"11,302",260,"178,715","3,160","1,008,981",230,"97,330",150,"584,611",27,"324,263",912,"75,486,543",935,"75,749,537",905,"48,273,055",38,"-364,934",943,"26,812,856",975,"26,433,125"
VIC,3066,"4,060","2,005","4,040","233,393,716","3,325","49,966,151","2,985","3,193,323",75,"88,363","3,135","51,737,432",355,"1,362,022","3,445","194,242,518",595,"2,888,709",60,"801,361",70,"791,237",405,"2,455,004",90,"992,072",30,"354,055",15,"563,979","2,290","3,273,069",235,"113,742",705,"4,891,895",700,"2,093,777","4,040","243,536,892",835,"2,240,347",625,"959,628","1,270","356,601",245,"712,655","2,220","3,116,401",55,"20,692",110,"169,540",55,"138,167","1,370","560,685","1,825","674,142","3,145","9,801,901",30,"75,263",290,"6,040,932",345,"2,558,194",0,"-14,020",425,"14,382,477",150,"1,054,972",60,"1,260,511",0,"52,444",75,"463,717",115,"2,243,831",170,"4,580,077",250,"7,448,131",190,"1,569,295",170,"423,872",150,"395,983",550,"10,249,805",460,"6,748,579",215,"646,738",545,"4,240,853",195,"1,815,568",355,"-3,201,933",550,"-1,386,365",305,"244,098",60,"165,976",30,"316,783",210,"515,845",10,"3,981",130,"79,906","2,045","652,838",120,"50,602",85,"128,040",19,"409,232",548,"61,132,662",565,"61,313,151",545,"50,810,535",24,"-253,687",563,"10,580,855",585,"10,214,837"
VIC,3067,"3,655","1,990","3,625","224,703,189","3,020","50,937,355","2,740","3,138,706",75,"83,462","2,840","52,940,042",355,"1,478,762","3,085","180,329,000",525,"2,159,268",40,"513,558",45,"1,059,169",305,"1,677,548",85,"848,180",25,"389,736",30,"796,747","2,280","4,078,417",280,"429,788",760,"7,338,318",760,"3,144,037","3,640","235,252,040",875,"2,234,705",570,"633,745","1,115","294,734",200,"503,097","2,120","2,797,375",65,"22,279",145,"302,045",75,"371,922","1,445","666,245","1,625","760,177","3,005","9,919,119",35,"97,440",290,"5,959,314",340,"2,765,487",10,"-31,005",455,"14,712,434",200,"1,712,306",50,"1,033,942",0,"66,409",70,"544,715",145,"1,961,308",220,"5,241,216",265,"5,704,403",205,"577,053",185,"298,794",170,"68,336",580,"12,426,208",490,"8,324,071",215,"588,237",585,"4,993,324",245,"2,403,104",345,"-3,882,528",590,"-1,479,424",280,"239,370",65,"208,589",40,"717,058",210,"594,196",0,"5,087",165,"86,967","1,795","552,037",160,"65,043",65,"200,854",21,"466,754",415,"34,284,341",430,"34,751,095",420,"21,355,007",21,"-19,407",433,"13,060,214",450,"13,040,807"
VIC,3068,"11,450","7,365","11,405","812,652,511","9,625","200,064,152","8,895","11,541,597",260,"321,821","9,120","206,682,142","1,000","3,998,012","9,425","627,203,651","1,600","6,997,896",220,"3,686,679",190,"4,255,743",840,"4,711,680",245,"2,371,103",170,"2,289,044",120,"3,570,259","7,530","16,740,917","1,315","1,118,073","3,175","26,368,936","3,165","11,291,819","11,420","850,748,734","2,535","6,183,753","1,790","2,717,085","2,890","759,252",690,"2,154,588","6,660","9,624,699",280,"126,472",440,"1,129,406",415,"2,096,588","4,910","3,582,555","5,560","2,414,426","9,490","36,946,255",200,"499,793","1,240","26,484,383","1,495","12,710,437",30,"-211,247","1,795","62,519,742",800,"4,011,080",170,"4,172,591",20,"758,503",250,"2,334,136",625,"10,850,663",980,"30,164,559","1,140","24,004,508","1,025","5,180,749",940,"2,418,156",860,"1,015,766","1,950","40,585,938","1,555","26,243,258",770,"2,091,170","1,965","17,529,735",825,"8,335,875","1,150","-13,614,100","1,975","-5,278,225",980,"857,547",210,"702,213",235,"4,136,497",730,"1,955,393",20,"13,711",640,"366,336","5,195","1,610,562",535,"224,765",295,"1,070,056",81,"1,255,484","1,587","132,506,856","1,660","133,807,115","1,590","79,014,675",102,"-659,381","1,627","54,571,911","1,715","52,917,978"
VIC,3070,"13,985","8,275","13,925","858,660,983","11,695","190,524,692","10,770","12,044,125",295,"351,239","11,010","196,993,964","1,070","4,092,479","11,735","698,409,299","2,120","9,219,037",250,"3,401,430",250,"4,653,535","1,130","6,226,039",365,"3,532,352",150,"1,920,771",125,"3,119,057","8,885","16,621,061","1,345","1,567,226","3,375","20,717,745","3,365","8,876,635","13,945","897,803,244","3,395","8,265,974","1,925","2,091,614","4,050","1,077,442",745,"1,758,869","8,565","10,840,332",265,"88,968",485,"796,077",405,"2,193,980","6,110","3,548,858","6,865","2,525,769","11,665","38,202,985",190,"430,366","1,445","29,177,624","1,640","12,224,256",30,"-56,406","2,025","51,076,297",940,"4,140,900",180,"3,645,017",15,"597,362",235,"2,157,130",600,"10,250,579",920,"23,886,513","1,205","25,924,683","1,080","3,434,818",975,"1,669,673",935,"590,262","2,340","45,142,912","1,805","28,315,671",795,"2,152,955","2,350","19,134,845","1,045","10,307,878","1,325","-14,768,437","2,370","-4,460,559",975,"1,358,093",260,"940,677",190,"2,966,112",820,"2,000,712",15,"10,246",880,"567,011","6,815","2,137,748",670,"283,376",355,"1,378,637",67,"1,216,716","1,800","125,163,820","1,865","126,318,436","1,775","79,769,979",87,"-337,082","1,837","45,988,148","1,915","45,610,254"
VIC,3071,"10,415","5,270","10,370","560,753,973","8,690","112,953,746","7,820","7,692,602",140,"172,350","8,170","116,964,042",730,"2,625,588","8,815","475,281,214","1,680","6,327,144",185,"2,287,420",190,"2,179,842",935,"5,140,284",290,"2,798,998",95,"1,152,528",60,"1,522,129","6,385","10,166,819",725,"299,853","2,010","6,131,482","1,995","2,626,133","10,375","583,800,332","2,530","5,935,363","1,250","1,324,135","3,680","952,726",550,"1,147,085","6,280","6,838,755",175,"68,978",345,"338,437",195,"819,221","4,245","1,596,112","5,150","1,440,847","8,640","22,537,096",105,"203,015",970,"18,852,981",885,"5,774,079",15,"-27,226","1,165","32,466,566",435,"4,707,400",135,"2,265,414",10,"175,451",200,"1,879,662",320,"4,397,683",470,"10,008,677",660,"14,946,963",515,"1,035,510",450,"278,508",415,"223,833","1,575","29,202,685","1,230","17,614,855",550,"1,542,731","1,580","12,163,426",685,"6,108,990",910,"-8,225,064","1,590","-2,116,074",630,"903,930",120,"301,490",75,"883,454",520,"1,062,017",10,"6,553",495,"299,651","5,665","1,802,118",450,"186,435",265,"657,638",32,"169,740","1,329","66,463,155","1,360","66,696,623","1,270","42,449,662",42,"-307,955","1,354","22,693,018","1,390","22,435,232"
VIC,3072,"17,215","7,615","17,115","828,045,671","13,945","152,940,777","12,255","11,061,210",245,"268,401","12,995","158,047,983",900,"3,199,774","14,335","713,832,250","2,870","9,448,373",290,"3,334,177",330,"3,425,908","1,520","8,628,696",595,"6,092,006",140,"1,631,849",130,"2,515,229","10,035","15,756,896","1,050","1,101,613","2,950","14,428,733","2,945","5,186,499","17,135","866,722,636","4,310","10,913,532","1,890","2,171,696","6,960","1,895,724",800,"1,633,753","10,045","10,224,768",280,"124,044",590,"674,394",220,"3,166,403","6,535","2,073,710","8,520","2,501,627","13,910","37,733,520",155,"297,615","1,290","25,053,096","1,395","8,106,002",20,"247,916","1,805","35,409,043",610,"1,370,544",185,"3,260,056",10,"45,991",240,"1,824,495",450,"5,039,564",620,"11,442,706",915,"15,276,804",680,"1,592,258",585,"639,665",560,"233,947","2,725","46,388,345","2,160","27,670,762",880,"2,187,825","2,730","19,419,547","1,200","10,495,128","1,555","-13,384,541","2,755","-2,889,413",890,"1,070,032",180,"499,949",105,"1,099,913",660,"1,132,395",10,"4,373",785,"494,933","9,575","3,065,129",870,"373,097",425,"899,465",53,"780,023","1,729","111,246,633","1,780","111,992,565","1,695","79,278,547",61,"255,468","1,775","31,868,448","1,830","32,083,487"
VIC,3073,"23,970","9,455","23,835","1,063,833,136","19,210","183,112,807","16,300","13,767,237",260,"292,061","17,590","187,681,445",890,"3,047,482","19,520","908,044,191","4,280","12,985,960",355,"3,845,733",440,"3,993,850","1,940","11,059,403","1,125","10,813,563",160,"1,824,757",215,"4,377,131","13,495","22,763,503","1,395","487,839","3,845","11,881,832","3,830","4,975,437","23,845","1,109,763,637","6,135","15,379,873","2,260","2,571,201","11,285","3,157,199",965,"1,860,216","13,535","12,648,157",365,"114,500",860,"722,377",225,"614,441","8,600","2,110,258","12,255","2,760,054","19,075","45,227,697",225,"478,564","1,395","26,617,707","1,710","9,605,379",30,"-103,871","2,420","51,095,039",750,"2,106,377",270,"4,158,630",15,"81,885",235,"1,654,931",560,"9,314,908",755,"20,759,929","1,130","17,370,769",755,"903,722",645,"254,828",575,"67,586","3,510","58,342,746","2,670","32,470,361","1,230","3,278,197","3,530","23,798,409","1,615","14,816,351","1,950","-16,020,572","3,560","-1,204,221","1,150","1,547,026",220,"511,049",145,"1,540,830",875,"1,644,994",25,"16,052",965,"525,278","13,975","4,487,816","1,480","641,868",560,"1,614,177",44,"1,191,199","2,293","112,527,248","2,335","113,655,880","2,195","74,025,856",52,"265,514","2,350","38,287,744","2,400","38,553,258"
VIC,3074,"9,250","2,325","9,200","377,580,706","7,390","59,419,788","6,175","4,784,005",125,"140,400","6,730","60,625,654",250,"860,307","7,475","323,705,076","1,685","5,082,643",135,"1,718,584",170,"1,648,209",935,"4,949,679",480,"4,867,311",45,"445,799",40,"767,820","4,595","7,450,962",405,"131,402","1,070","2,943,112","1,070","1,260,279","9,205","394,273,082","2,330","5,768,175",675,"915,082","5,110","1,509,153",260,"478,294","5,220","4,702,175",115,"34,668",250,"114,456",45,"130,140","3,400","684,752","5,175","1,067,483","7,370","16,365,967",45,"85,135",335,"6,193,779",525,"2,765,656",15,"-36,269",785,"16,359,628",225,"806,829",125,"2,419,470",0,"46,359",70,"413,250",140,"1,914,752",195,"4,023,395",360,"5,927,807",230,"292,190",190,"110,233",165,"10,836","1,435","21,448,797","1,115","12,328,267",510,"1,260,662","1,440","9,041,249",670,"5,140,675",780,"-6,322,056","1,450","-1,181,381",405,"669,895",75,"221,636",40,"524,359",280,"386,963",10,"11,424",305,"168,743","5,855","1,923,438",715,"317,841",205,"551,542",11,"293,645",865,"52,504,253",875,"52,717,348",785,"36,397,136",13,"-60,574",877,"16,232,437",890,"16,171,863"
VIC,3075,"9,230","2,355","9,170","372,335,900","7,320","57,855,400","6,135","4,699,155",95,"105,784","6,635","58,987,597",275,"914,475","7,465","324,651,400","1,605","4,470,137",155,"1,887,538",180,"1,919,258",960,"5,306,175",485,"4,620,508",45,"325,103",50,"740,431","4,460","6,411,061",390,"108,579","1,095","2,410,927","1,095","1,031,571","9,175","389,162,500","2,440","6,177,727",700,"824,150","4,980","1,548,055",310,"578,623","5,225","4,805,044",130,"39,745",265,"143,364",55,"172,995","3,395","622,466","5,135","1,001,116","7,330","16,695,020",50,"67,249",355,"6,415,599",505,"2,450,280",0,"-56,206",740,"12,548,611",180,"175,072",115,"2,122,037",0,"31,928",90,"641,461",175,"2,119,379",220,"4,438,575",290,"5,419,530",190,"352,938",150,"49,289",125,"25,456","1,355","20,137,394","1,015","11,439,733",485,"1,179,839","1,365","8,378,624",580,"4,638,953",790,"-5,499,755","1,370","-860,802",395,"531,004",65,"258,275",25,"331,708",295,"406,673",0,"1,246",345,"181,103","5,740","1,877,162",670,"289,967",220,"555,831",14,"296,693",926,"50,524,184",940,"50,746,650",865,"34,870,041",18,"20,674",938,"15,605,791",950,"15,626,448"
VIC,3076,"15,465","4,960","15,365","681,561,773","12,665","113,965,963","11,115","9,039,183",150,"161,383","11,770","117,494,056",455,"1,481,748","13,250","619,471,552","3,255","9,577,664",245,"2,912,417",350,"2,748,493","1,240","6,254,873",505,"4,597,527",70,"618,112",75,"1,762,251","7,325","7,725,801",610,"275,212","1,800","5,193,277","1,800","2,224,534","15,370","715,339,925","4,900","12,813,992","1,540","2,035,094","9,170","2,785,107",650,"1,017,092","9,775","9,557,596",280,"115,079",355,"202,099",95,"287,896","6,550","1,396,392","8,805","1,710,400","12,840","33,567,043",85,"164,393",900,"15,698,571","1,095","5,294,807",25,"-373,790","1,085","23,267,710",260,"499,753",180,"3,254,456",0,"140,755",105,"747,897",230,"2,905,118",300,"6,227,817",465,"6,064,872",260,"525,032",230,"203,745",205,"24,261","1,870","24,241,045","1,635","18,009,702",860,"2,351,510","1,885","10,950,455",530,"3,528,721","1,375","-10,595,873","1,905","-7,067,152",685,"986,873",95,"357,847",50,"473,901",685,"1,135,673",15,"9,360",645,"349,808","9,650","3,057,519",970,"421,510",430,"866,152",21,"599,998","1,291","72,387,951","1,310","72,798,614","1,220","48,435,290",26,"49,078","1,304","23,856,251","1,325","23,818,909"
VIC,3078,"6,585","4,155","6,550","439,977,781","5,480","104,663,171","5,030","6,205,109",135,"152,833","5,190","108,114,031",405,"1,510,444","5,400","332,400,948","1,045","5,321,616",120,"1,784,736",125,"2,640,773",410,"2,198,466",175,"1,624,928",105,"1,359,642",65,"1,777,882","4,365","9,749,575",700,"840,714","1,890","12,823,027","1,885","5,491,746","6,560","460,930,765","1,655","4,113,100",815,"1,036,512","1,940","518,554",315,"774,683","3,860","4,695,199",125,"40,509",260,"512,096",235,"1,341,367","2,835","1,619,210","3,295","1,421,185","5,500","19,646,326",125,"290,696",690,"13,610,541",865,"6,672,308",30,"-1,006,769","1,150","40,935,092",530,"3,106,746",90,"1,806,575",0,"456,850",110,"1,081,666",395,"6,736,195",560,"15,538,327",655,"14,038,457",570,"1,838,645",520,"1,077,551",495,"252,302","1,205","22,672,842",935,"13,067,844",455,"1,265,935","1,210","10,142,081",550,"4,948,809",665,"-6,751,827","1,215","-1,803,018",495,"420,161",125,"477,381",125,"2,238,708",420,"1,308,399",15,"11,937",435,"284,252","3,090","967,922",410,"171,956",180,"683,408",27,"700,305",822,"72,080,961",850,"73,309,103",810,"43,508,254",38,"-472,213",839,"29,487,656",875,"29,080,963"
VIC,3079,"9,800","7,075","9,730","734,917,846","8,000","191,690,938","7,175","10,374,060",135,"149,108","7,435","196,886,130",490,"1,932,113","7,340","495,903,247","1,455","9,141,270",165,"3,773,797",150,"5,771,487",465,"2,505,238",380,"3,621,562",150,"2,036,421",160,"5,068,004","6,635","18,742,196","1,455","1,640,858","3,515","37,691,471","3,510","16,148,443","9,765","770,477,546","2,260","7,181,868","1,035","1,132,505","2,280","556,562",390,"875,083","5,120","6,329,253",200,"108,896",520,"2,023,284",495,"3,135,324","3,965","2,628,155","4,640","2,447,236","7,920","34,043,772",210,"616,017",965,"18,491,349","1,310","12,433,965",35,"-189,476","2,385","90,557,912","1,010","8,723,283",100,"2,377,400",25,"1,250,225",130,"1,108,443",765,"14,583,475","1,120","33,505,954","1,345","31,076,673","1,030","3,588,698",920,"1,189,056",815,"421,813","1,970","42,171,340","1,460","26,008,855",740,"2,364,409","1,965","19,148,636",855,"9,722,242","1,130","-15,072,802","1,985","-5,350,560",830,"1,727,406",175,"350,610",260,"4,934,144",705,"2,544,902",0,"1,267",670,"422,369","4,050","1,262,870",770,"318,540",255,"1,646,670",52,"1,490,354",935,"136,201,829",975,"137,601,765",940,"92,514,518",78,"-1,672,511",954,"45,202,020","1,020","43,488,199"
VIC,3081,"6,425","2,495","6,395","289,724,190","5,145","51,058,404","4,395","3,763,299",75,"83,138","4,715","52,038,087",295,"1,093,212","5,315","249,251,337","1,165","3,157,719",100,"1,245,439",125,"1,259,859",700,"4,328,979",320,"3,191,831",45,"564,015",75,"1,512,269","3,510","4,646,299",370,"174,483",980,"3,830,587",975,"1,641,636","6,400","302,676,135","1,650","3,896,784",670,"718,652","2,915","803,966",320,"708,857","3,680","3,711,032",95,"35,638",375,"159,843",70,"241,645","2,370","679,079","3,155","770,455","5,175","12,763,362",70,"155,240",570,"10,854,274",480,"2,901,643",10,"-50,210",510,"9,609,908",210,"514,116",70,"1,010,364",0,"58,539",100,"586,505",150,"968,423",230,"2,711,551",310,"4,426,053",250,"472,010",220,"186,949",195,"52,671",690,"11,168,590",560,"7,401,431",250,"618,173",695,"4,695,998",270,"2,274,043",435,"-3,821,055",700,"-1,547,012",285,"476,386",70,"57,181",30,"496,000",265,"533,569",10,"7,491",260,"186,743","3,705","1,190,195",390,"167,672",145,"618,071",24,"155,674",759,"63,139,706",780,"62,775,097",755,"48,652,697",26,"-117,537",787,"14,102,972",810,"13,855,735"
VIC,3082,"17,275","7,340","17,190","787,163,933","14,070","137,048,587","12,590","10,595,102",165,"186,989","13,065","140,732,727",555,"1,839,622","14,855","710,369,155","3,520","10,399,376",310,"4,002,539",350,"4,333,126","1,310","6,922,847",570,"5,115,639",180,"1,640,521",105,"2,153,242","9,390","12,108,281","1,035","327,106","2,940","7,393,129","2,940","3,163,051","17,195","825,177,787","5,355","13,694,644","1,525","2,062,132","9,570","2,752,508",680,"1,076,860","10,815","10,600,702",335,"127,068",545,"435,047",180,"496,282","7,265","1,564,573","9,405","1,968,275","14,495","37,478,896",200,"291,145","1,100","19,083,789","1,660","10,008,028",20,"-65,992","1,610","31,459,521",465,"1,243,206",145,"2,537,324",10,"66,023",125,"1,033,512",320,"3,955,971",445,"8,272,113",835,"11,319,500",490,"1,254,138",405,"236,307",365,"133,591","2,880","41,195,759","2,480","29,283,156","1,395","3,847,185","2,890","18,435,586",965,"6,124,606","1,945","-16,492,575","2,910","-10,367,969",710,"1,046,778",140,"522,275",90,"993,786",695,"1,613,136",15,"11,226",895,"482,648","10,220","3,237,604","1,290","554,647",470,"1,501,426",26,"774,081","1,181","66,266,827","1,205","66,900,913","1,170","44,827,357",39,"-126,995","1,200","21,546,923","1,235","21,365,949"
VIC,3083,"15,875","7,495","15,795","723,343,916","12,370","131,308,165","10,670","9,519,046",195,"229,672","11,310","134,745,314",490,"1,710,387","12,905","616,174,044","2,835","9,711,392",245,"3,445,957",260,"3,652,255","1,040","5,707,556",825,"7,574,673",145,"1,500,381",160,"3,965,885","9,290","15,056,206","1,285","685,773","3,290","10,318,362","3,280","4,419,845","15,805","756,356,430","4,180","11,039,916","1,435","1,771,486","7,220","1,947,393",605,"1,233,977","9,025","8,963,668",300,"137,383",540,"542,744",215,"1,167,478","6,030","1,440,408","7,790","1,782,995","12,540","32,690,450",190,"415,703","1,060","18,992,624","1,430","9,930,481",20,"108,693","1,775","39,883,165",590,"1,715,885",125,"2,557,136",0,"97,358",140,"1,314,787",485,"6,147,989",665,"13,020,903",950,"12,575,709",635,"1,229,583",570,"230,330",500,"91,334","2,755","40,968,052","2,210","27,728,916","1,115","2,977,159","2,750","17,365,874","1,035","7,603,475","1,740","-14,714,867","2,775","-7,111,392",660,"758,887",170,"346,407",105,"1,354,822",650,"1,230,919",15,"8,955",740,"437,563","8,690","2,760,785","1,110","472,052",370,"1,084,076",44,"635,732","1,283","81,912,386","1,320","82,522,268","1,255","56,490,366",59,"84,661","1,304","25,373,890","1,360","25,457,815"
VIC,3084,"15,255","10,695","15,165","928,314,571","12,260","212,274,917","10,870","12,831,507",195,"245,780","11,265","217,850,408",620,"2,315,238","11,505","697,035,257","2,355","11,050,755",255,"4,696,360",230,"5,433,118",735,"3,701,347",785,"7,310,639",260,"3,722,304",325,"9,596,420","10,240","27,570,785","2,225","2,422,801","5,250","38,124,491","5,235","16,318,196","15,195","974,768,071","3,745","10,067,147","1,610","1,987,220","4,525","1,121,964",645,"1,422,358","8,280","9,707,831",320,"96,201",805,"2,349,899",635,"4,024,605","6,245","4,225,308","7,335","3,158,168","12,385","45,440,159",400,"1,151,393","1,470","27,794,375","2,030","18,085,872",50,"-461,710","3,030","80,966,226","1,390","7,685,158",150,"2,802,048",20,"699,548",170,"1,721,273",950,"16,451,097","1,450","45,051,272","1,780","35,471,398","1,500","3,392,212","1,365","1,896,494","1,225","371,833","2,800","52,440,405","2,100","32,057,983","1,100","2,935,740","2,805","22,820,390","1,175","12,104,401","1,655","-17,478,109","2,825","-5,373,708","1,030","1,702,896",250,"837,340",280,"4,866,115",895,"2,249,448",15,"8,618","1,065","659,261","6,840","2,147,656","1,100","458,542",335,"1,502,662",81,"2,024,121","1,306","117,738,744","1,380","119,778,840","1,325","80,215,945",113,"-2,115,802","1,331","41,359,877","1,435","39,249,720"
VIC,3085,"7,860","4,935","7,825","437,654,266","6,425","91,273,192","5,570","5,790,313",90,"99,028","5,935","93,163,081",350,"1,246,923","6,365","372,531,482","1,635","5,162,236",145,"2,547,129",150,"2,793,364",405,"1,933,062",415,"3,940,472",120,"1,226,705",195,"4,958,553","4,920","9,382,406",815,"363,918","2,120","8,295,343","2,115","3,553,946","7,835","457,485,247","2,265","6,076,084",850,"901,600","3,140","829,879",345,"666,298","4,695","5,087,673",200,"77,294",300,"423,514",210,"825,775","3,320","1,251,764","3,935","1,142,364","6,530","19,596,015",190,"441,111",710,"12,868,107",980,"7,252,361",20,"-30,164","1,055","21,257,285",515,"2,181,068",65,"1,502,565",10,"138,945",75,"493,060",340,"4,115,464",535,"9,726,155",750,"13,150,446",580,"1,021,508",510,"302,046",470,"73,861","1,200","18,926,233",990,"13,316,900",545,"1,369,880","1,210","8,880,118",410,"2,907,197",805,"-7,555,534","1,215","-4,648,337",410,"965,487",95,"324,796",75,"1,203,029",410,"951,086",45,"28,509",495,"297,929","3,885","1,192,548",535,"222,545",240,"1,184,134",19,"328,561",598,"38,169,582",615,"38,519,143",605,"26,272,039",29,"-58,916",604,"11,975,500",635,"11,937,584"
VIC,3087,"4,960","2,895","4,940","249,935,827","4,125","47,283,027","3,680","3,401,431",50,"42,521","3,810","48,509,448",210,"737,045","4,110","218,148,559",980,"2,905,251",85,"845,145",90,"979,287",285,"1,390,915",250,"2,343,482",60,"506,312",105,"2,752,552","3,065","5,422,909",525,"254,158","1,300","5,262,974","1,295","2,252,302","4,945","260,954,523","1,470","3,598,783",530,"595,163","2,260","575,850",215,"393,680","3,025","3,046,580",85,"34,562",140,"208,240",95,"319,457","2,170","621,269","2,505","541,045","4,175","10,863,454",100,"213,369",465,"8,303,150",585,"4,341,766",15,"-153,863",595,"7,851,255",245,"479,643",35,"697,491",0,"122,009",55,"332,207",190,"2,447,579",275,"5,233,939",390,"5,691,377",275,"292,968",250,"135,944",225,"26,880",660,"9,662,005",565,"6,471,916",275,"689,062",660,"4,199,621",230,"1,748,848",435,"-3,447,442",665,"-1,698,594",190,"252,077",45,"152,720",40,"551,622",235,"362,803",0,"2,288",310,"185,242","2,695","834,973",405,"174,385",115,"387,602",12,"145,118",347,"17,776,961",360,"17,922,079",345,"11,850,103",15,"-132,638",354,"5,996,082",370,"5,863,444"
VIC,3088,"16,370","10,495","16,295","847,067,984","13,435","166,047,265","12,020","11,618,655",180,"206,490","12,355","169,687,209",635,"2,139,204","13,230","721,699,498","3,080","11,521,032",305,"4,919,858",305,"5,255,021",865,"4,334,668",830,"7,363,697",270,"3,114,655",320,"8,331,962","10,190","16,959,535","1,745","840,763","4,465","15,961,461","4,450","6,835,612","16,310","885,293,343","4,795","13,009,600","1,795","1,946,351","6,875","1,732,004",655,"1,042,508","9,825","9,927,341",325,"121,018",595,"686,302",355,"925,598","6,820","2,098,504","7,990","2,238,327","13,545","37,850,299",390,"897,458","1,415","24,789,288","2,040","15,485,366",45,"-99,214","2,375","40,923,860",965,"2,080,216",130,"2,671,533",20,"141,118",165,"1,003,142",700,"6,606,030","1,015","15,276,399","1,415","20,965,458","1,030","2,148,519",930,"718,333",855,"425,717","2,390","36,440,172","2,005","25,590,406","1,000","2,865,656","2,405","16,627,955",825,"5,822,092","1,605","-14,465,937","2,430","-8,643,845",750,"1,340,617",225,"1,015,845",145,"2,028,096",820,"1,921,444",25,"17,694","1,185","681,712","8,500","2,660,341","1,370","568,965",425,"1,772,279",35,"499,056","1,307","70,588,345","1,335","70,785,916","1,300","44,908,037",49,"-31,363","1,333","25,451,618","1,375","25,422,670"
VIC,3089,"7,285","4,725","7,240","408,017,064","6,015","84,904,195","5,525","5,679,885",55,"68,377","5,645","87,215,331",215,"723,014","6,055","337,755,099","1,535","6,863,442",140,"1,788,063",140,"2,106,919",335,"1,603,150",245,"2,143,216",105,"1,454,016",80,"2,584,573","4,380","6,410,340",700,"208,621","1,770","8,926,998","1,765","3,820,270","7,245","427,916,916","2,280","7,198,498",815,"1,079,669","3,375","870,886",310,"443,297","4,445","4,816,843",175,"70,977",200,"309,815",135,"545,202","2,920","762,174","3,595","1,094,025","6,095","19,584,381",130,"350,356",650,"11,233,755",935,"7,200,780",25,"-102,209","1,140","32,547,877",430,"1,953,258",65,"868,950",0,"96,987",65,"661,014",300,"5,537,947",415,"13,240,718",525,"8,754,963",400,"1,201,088",355,"306,266",340,"158,648","1,080","16,184,102",950,"12,427,517",465,"1,451,123","1,085","8,101,640",295,"1,998,643",800,"-7,794,821","1,095","-5,796,178",450,"665,129",80,"231,929",95,"1,416,787",435,"953,593",15,"10,991",525,"315,222","3,705","1,177,805",540,"230,432",215,"823,944",21,"529,663",574,"40,427,501",595,"40,919,074",575,"27,150,899",31,"71,934",584,"13,378,929",615,"13,450,863"
VIC,3090,"1,405","1,065","1,400","102,546,826","1,160","26,177,580","1,075","1,461,837",10,"13,173","1,105","26,978,943",50,"208,565","1,080","68,989,859",265,"1,729,411",20,"651,235",20,"1,115,493",45,"211,923",30,"230,034",20,"316,357",15,"353,460",865,"2,252,575",175,"155,726",445,"4,861,181",440,"2,083,752","1,405","107,445,116",345,"1,416,103",140,"175,017",525,"132,396",45,"93,697",770,"873,029",40,"16,726",50,"230,242",55,"287,686",505,"180,516",690,"255,656","1,160","4,778,853",20,"61,041",130,"2,329,469",175,"1,704,565",10,"-128,715",375,"17,905,778",115,"1,539,526",0,"225,436",0,"47,480",10,"76,198",75,"2,762,899",100,"8,033,671",135,"2,368,574",85,"81,540",75,"42,506",70,"8,002",315,"5,962,668",235,"3,990,117",135,"482,437",310,"2,648,177",130,"1,262,289",190,"-2,420,352",320,"-1,158,063",135,"193,691",30,"12,945",40,"814,586",80,"263,401",0,"2,700",95,"58,518",655,"209,815",110,"47,403",35,"241,369",7,"196,215",108,"10,634,917",115,"10,831,132",120,"7,674,557",11,"-235,893",109,"3,333,248",120,"3,097,355"
VIC,3091,"1,035",740,"1,025","72,323,923",845,"18,503,928",755,"1,019,442",0,"7,666",780,"18,982,483",10,"24,687",750,"40,244,534",170,"900,757",15,"435,472",25,"1,235,641",40,"201,230",30,"225,484",20,"239,876",10,"117,537",675,"2,273,047",140,"48,038",340,"9,031,641",340,"3,870,810","1,030","75,281,279",240,"820,996",70,"122,868",385,"97,952",30,"53,474",515,"504,120",20,"6,881",30,"133,078",20,"113,575",305,"102,594",445,"182,362",805,"2,833,552",20,"34,697",65,"1,198,888",135,"1,546,206",10,"-59,444",310,"12,732,302",100,"977,486",0,"33,055",0,"151,190",15,"83,414",55,"2,125,424",70,"4,843,317",105,"1,564,666",60,"125,130",60,"66,596",60,"17,816",225,"4,434,396",165,"2,824,409",90,"355,643",220,"1,738,582",90,"1,106,062",130,"-1,590,300",225,"-484,238",90,"176,450",10,"23,676",30,"532,706",55,"142,818",0,"1,173",55,"32,749",520,"167,386",100,"40,361",25,"199,647",9,"188,775",76,"7,489,702",85,"7,678,477",85,"5,981,875",12,"-353,203",80,"1,795,043",90,"1,441,840"
VIC,3093,"2,435","1,820","2,425","172,159,093","2,000","43,887,435","1,785","2,438,172",20,"20,849","1,845","45,010,827",100,"349,797","1,820","117,153,233",405,"2,282,096",40,"746,155",30,"632,144",100,"489,361",140,"1,199,004",50,"888,975",60,"1,978,926","1,570","3,658,529",315,"268,935",810,"8,249,512",810,"3,535,386","2,430","181,696,230",640,"2,014,893",245,"396,372",755,"198,851",95,"164,110","1,285","1,562,884",40,"6,565",110,"467,498",80,"369,269",935,"746,696","1,140","759,305","1,970","9,071,504",75,"245,434",225,"4,155,780",335,"3,251,980",10,"-352,215",595,"28,580,694",245,"3,099,967",15,"461,910",0,"62,299",25,"233,610",135,"4,446,573",220,"9,778,611",310,"7,130,240",200,"292,881",180,"185,857",165,"107,695",455,"9,295,908",350,"5,534,852",190,"557,017",455,"4,360,699",190,"2,208,430",275,"-3,365,090",460,"-1,156,660",210,"185,861",45,"525,933",60,"1,252,659",125,"1,016,902",0,338,175,"104,476","1,090","338,368",215,"91,459",60,"244,747",11,"1,566,039",179,"14,422,404",190,"16,138,363",185,"12,481,684",13,"-944,160",184,"4,414,824",195,"3,447,401"
VIC,3094,"5,375","3,515","5,355","285,652,965","4,415","57,102,432","4,005","3,941,222",45,"62,349","4,095","58,479,712",235,"826,127","4,295","235,060,313","1,005","3,928,526",115,"1,431,070",115,"1,502,089",300,"1,522,700",275,"2,439,320",115,"1,426,034",105,"3,154,474","3,325","5,573,151",570,"267,371","1,475","5,468,395","1,470","2,340,102","5,360","298,591,033","1,560","4,007,390",585,"651,896","2,050","523,678",205,"380,512","3,180","3,280,483",100,"35,402",190,"356,455",110,"411,340","2,350","816,533","2,670","820,318","4,470","12,750,455",160,"404,853",500,"8,950,412",690,"5,344,169",10,"-178,039",760,"18,681,391",320,"1,138,297",40,"834,656",0,"45,272",60,"532,152",225,"4,383,129",335,"9,866,129",530,"7,629,015",335,"906,766",305,"157,263",290,"135,930",690,"10,364,592",575,"7,195,654",265,"743,176",685,"4,890,791",220,"1,458,013",475,"-3,923,042",695,"-2,465,029",285,"257,455",70,"130,558",65,"918,496",250,"524,737",0,"3,210",385,"228,414","2,745","860,339",465,"201,344",175,"420,698",11,"211,711",501,"29,544,122",510,"29,750,943",505,"19,377,094",18,"-154,508",519,"10,140,422",535,"10,009,052"
VIC,3095,"18,225","13,170","18,115","1,100,827,272","14,780","247,577,246","13,425","15,369,993",210,"267,829","13,720","253,075,973",610,"2,149,596","14,570","856,461,254","3,285","16,293,166",335,"6,710,001",325,"7,679,906",795,"3,863,285",655,"5,530,600",415,"5,704,672",285,"8,675,015","11,830","21,781,498","2,240","1,122,845","5,625","30,768,315","5,605","13,179,989","18,145","1,152,118,818","5,230","15,603,046","1,875","2,164,485","6,485","1,575,726",700,"1,328,515","10,585","11,728,847",415,"135,721",685,"1,864,256",535,"1,989,037","7,265","2,856,301","8,670","2,838,552","15,015","49,923,418",495,"1,294,782","1,595","29,183,767","2,700","24,212,998",70,"216,496","3,405","109,579,758","1,405","9,691,339",140,"3,470,767",30,"401,081",200,"2,098,035",905,"15,568,910","1,415","37,261,115","2,010","33,193,320","1,380","4,855,044","1,260","2,016,795","1,135","759,878","2,935","47,439,413","2,405","33,206,414","1,325","3,640,536","2,935","22,566,405","1,020","7,733,426","1,940","-19,707,368","2,965","-11,973,942","1,175","1,829,497",280,"895,276",295,"4,751,428","1,130","2,984,432",25,"13,560","1,335","794,683","8,535","2,696,238","1,565","651,800",500,"2,838,503",68,"925,545","1,607","122,001,696","1,665","122,846,421","1,620","82,970,278",90,"-669,799","1,651","38,819,310","1,730","38,086,478"
VIC,3096,"1,185",775,"1,180","65,661,366",960,"13,856,170",855,"905,042",15,"17,560",875,"14,037,409",30,"107,849",950,"50,448,059",230,"1,131,878",20,"622,087",30,"568,605",60,"273,856",65,"522,821",20,"244,798",20,"527,224",705,"1,297,838",100,"48,745",315,"3,451,060",315,"1,478,958","1,180","68,762,332",325,"1,033,052",135,"160,700",520,"132,877",50,"118,962",680,"728,874",20,"9,688",45,"70,368",30,"86,944",445,"137,673",565,"148,924",970,"3,056,160",25,"68,988",85,"1,344,604",150,"1,132,461",0,"-15,841",190,"5,646,634",75,"415,777",10,"192,895",0,0,10,"38,907",45,"252,272",70,"1,085,998",95,"1,573,036",75,"122,418",60,"63,165",55,"163,070",150,"2,097,167",120,"1,590,111",65,"177,901",145,"1,160,001",50,"304,626",100,"-1,135,472",150,"-830,846",70,"64,573",10,"50,670",15,"212,666",65,"108,444",0,"3,022",80,"53,944",590,"190,303",110,"45,554",40,"157,378",3,"46,271",114,"6,068,267",115,"6,114,538",115,"3,729,902",5,"-223,810",117,"2,409,107",120,"2,185,297"
VIC,3097,945,650,940,"65,848,136",740,"16,741,176",670,"927,053",10,"20,984",690,"17,288,229",25,"90,861",655,"40,457,344",155,"1,229,228",10,"130,283",15,"590,124",25,"141,890",30,"278,160",15,"303,389",0,"157,305",625,"1,515,419",125,"86,202",305,"5,296,433",305,"2,268,911",945,"68,934,320",195,"783,802",85,"191,719",260,"70,124",20,"36,535",445,"522,491",15,"4,282",40,"99,234",35,"158,856",295,"228,523",420,"227,131",730,"3,032,738",15,"47,075",75,"1,408,772",110,"1,283,021",20,"-267,453",245,"10,428,438",85,"1,263,877",0,"177,411",0,"231,374",10,"75,512",55,"2,473,147",80,"5,282,235",115,"3,231,835",75,"267,601",65,"72,706",55,"12,580",160,"2,553,142",110,"1,531,131",40,"88,688",155,"1,106,437",80,"636,040",75,"-809,154",160,"-173,114",105,"175,757",20,"160,354",25,"387,790",60,"232,074",0,"1,173",60,"36,388",395,"132,257",90,"37,772",20,"81,754",12,"240,389",93,"7,201,206",105,"7,441,595",100,"4,712,376",13,"-306,860",97,"2,916,680",110,"2,609,820"
VIC,3099,"3,045","1,855","3,025","155,752,855","2,400","31,180,218","2,140","2,120,435",35,"36,291","2,205","31,706,273",90,"280,561","2,380","124,585,007",555,"2,096,840",60,"1,027,990",50,"1,613,237",150,"746,493",130,"1,094,555",55,"734,375",30,"837,612","1,800","3,058,089",290,"171,768",815,"5,473,733",810,"2,345,052","3,035","163,590,143",850,"2,262,817",315,"388,706","1,265","343,836",120,"176,052","1,685","1,836,677",70,"25,740",70,"135,671",50,"178,406","1,115","338,336","1,470","485,668","2,470","7,029,495",60,"133,477",245,"4,343,448",355,"2,840,289",65,"-656,120",505,"10,822,305",155,"687,501",20,"236,015",15,"318,773",55,"365,913",110,"1,309,943",145,"3,138,171",240,"5,547,305",165,"457,526",140,"138,795",135,"53,037",455,"6,756,093",370,"4,138,889",170,"400,951",455,"3,037,646",180,"1,262,218",285,"-2,083,611",465,"-821,393",195,"222,393",45,"80,835",35,"494,802",140,"333,285",0,"2,863",180,"88,727","1,535","492,947",295,"124,710",90,"550,294",29,"558,682",376,"20,234,604",395,"20,763,056",395,"14,562,168",36,"-693,703",389,"6,662,830",415,"5,970,434"
VIC,3101,"15,875","11,945","15,720","1,541,357,360","12,825","464,401,570","11,455","21,822,926",215,"355,283","12,005","474,741,443",780,"3,251,262","11,050","815,838,510","2,160","14,097,343",210,"4,891,622",240,"9,271,592",655,"3,432,192",410,"3,864,044",255,"4,227,442",260,"10,496,188","11,030","47,977,424","2,760","6,344,323","6,085","107,460,939","6,070","46,035,747","15,775","1,626,888,661","3,360","10,890,313","1,680","2,506,814","3,090","771,198",565,"1,557,743","7,185","10,387,222",350,"222,452",795,"4,724,919",990,"8,533,730","6,020","15,949,263","7,520","6,804,912","12,595","82,622,596",380,"1,445,933","1,460","30,408,019","2,150","22,756,439",110,"-3,510,208","4,625","277,999,639","2,185","29,288,130",160,"5,843,271",70,"2,743,429",190,"2,637,326","1,400","86,499,097","2,195","196,103,870","2,405","83,876,486","2,060","12,289,937","1,900","7,614,235","1,700","3,848,520","3,370","91,626,276","2,440","55,176,993","1,375","5,194,952","3,380","40,343,639","1,555","22,113,554","1,860","-31,311,864","3,415","-9,198,310","1,695","4,126,910",345,"1,051,980",680,"14,003,737","1,185","5,912,703",10,"7,572","1,160","1,186,244","6,065","1,886,490","1,060","418,887",370,"2,144,033",120,"3,338,838","1,653","367,038,185","1,755","370,758,212","1,715","222,956,071",178,"-3,922,317","1,685","144,199,737","1,830","140,237,876"
VIC,3102,"4,105","3,025","4,080","291,493,061","3,320","73,035,368","2,990","4,101,661",50,"59,495","3,100","75,168,014",145,"614,984","2,970","203,442,114",635,"3,995,697",60,"1,164,073",65,"1,638,850",170,"794,343",160,"1,475,656",70,"913,218",70,"2,525,008","2,745","10,175,964",670,"710,883","1,595","14,963,293","1,595","6,412,118","4,085","309,895,838",995,"3,020,035",470,"705,784","1,010","251,615",130,"343,006","2,100","2,922,814",85,"28,569",225,"959,587",190,"782,284","1,655","3,096,658","1,995","1,097,132","3,315","18,234,647",105,"315,545",380,"7,432,133",570,"5,315,537",20,"-132,537",960,"26,691,966",375,"2,152,907",45,"851,630",10,"299,674",55,"358,152",320,"7,151,559",485,"16,719,192",555,"12,593,761",440,"1,357,320",415,"671,972",360,"219,631",895,"19,980,066",660,"10,574,656",320,"962,913",895,"8,334,545",445,"5,397,070",455,"-5,289,118",900,"107,952",365,"2,583,609",105,"437,083",100,"1,902,226",345,"2,983,381",0,0,285,"209,625","1,675","533,421",290,"119,309",90,"391,757",15,"602,189",416,"41,056,719",435,"41,668,083",415,"22,131,935",22,"-265,065",427,"19,315,804",450,"19,048,578"
VIC,3103,"10,180","7,460","10,025","789,625,336","7,780","219,315,870","6,730","11,000,133",95,"119,182","7,105","224,685,790",355,"1,352,460","6,540","439,947,545","1,315","8,613,077",120,"3,414,537",115,"7,604,234",390,"2,054,004",455,"4,309,078",170,"2,436,884",200,"5,972,100","7,240","34,301,598","1,850","2,487,264","4,100","57,340,736","4,090","24,549,480","10,050","827,361,763","1,925","6,133,136",845,"1,144,547","1,835","426,230",375,"967,202","4,255","5,117,553",195,"73,195",595,"2,148,830",625,"3,450,149","3,690","4,109,476","4,575","3,383,798","7,725","36,679,585",265,"784,040",760,"15,291,924","1,280","13,750,680",30,"-639,600","2,965","130,896,946","1,340","11,985,529",85,"3,489,975",20,"419,838",100,"1,577,173",935,"23,948,792","1,490","59,597,638","1,735","56,693,945","1,405","5,512,591","1,310","3,237,520","1,145","745,341","2,165","55,350,775","1,535","33,429,430",865,"2,986,829","2,175","23,557,065","1,030","13,564,544","1,165","-18,187,093","2,190","-4,622,549",975,"1,942,918",235,"1,551,023",350,"7,148,641",650,"2,431,371",10,"3,649",685,"518,367","3,870","1,234,483",695,"280,770",180,"1,456,932",69,"3,565,576",874,"173,091,870",935,"176,697,876",895,"118,587,026",102,"-970,872",906,"57,410,141",985,"56,586,649"
VIC,3104,"12,855","9,705","12,740","865,921,093","10,055","216,254,260","8,785","11,934,897",130,"158,297","9,200","221,218,944",420,"1,631,477","8,640","547,848,201","1,735","11,289,779",200,"4,321,848",190,"6,288,802",545,"2,869,129",555,"5,030,712",180,"2,739,134",245,"7,474,554","9,085","35,268,201","2,190","3,705,341","5,245","51,856,655","5,230","22,215,118","12,765","909,686,069","2,545","8,385,013","1,120","1,569,940","2,655","638,379",410,"1,319,018","5,860","7,213,822",245,"105,353",730,"2,169,548",740,"3,519,002","4,925","3,804,120","5,785","3,007,267","10,000","42,047,404",300,"922,708",975,"19,638,448","1,730","17,744,040",45,"-187,510","3,385","108,473,306","1,395","9,012,778",95,"3,058,504",15,"379,473",145,"3,466,107",995,"24,578,303","1,555","61,279,551","1,925","48,162,384","1,460","4,370,869","1,350","1,982,366","1,235","783,793","2,910","68,201,920","2,100","39,040,898","1,120","3,546,034","2,910","27,802,769","1,385","17,929,189","1,550","-20,116,970","2,940","-2,187,781","1,095","1,924,498",270,"1,185,350",360,"6,896,325",855,"3,271,648",10,"7,754",915,"667,935","5,300","1,697,529",920,"369,584",275,"1,696,058",68,"2,831,299","1,132","223,850,393","1,185","226,669,912","1,140","171,895,612",82,"-698,967","1,159","53,972,687","1,225","53,275,876"
VIC,3105,"6,360","4,065","6,325","350,026,235","5,015","75,219,192","4,310","4,736,972",80,"86,395","4,510","77,225,765",240,"921,975","4,520","256,272,499",900,"5,499,632",95,"1,538,575",85,"1,379,173",320,"1,790,051",420,"4,085,695",60,"793,088",85,"1,749,984","4,195","12,983,908",835,"538,790","2,155","12,859,973","2,150","5,507,986","6,335","366,684,135","1,535","5,125,114",610,"749,725","1,930","494,169",215,"432,945","3,160","3,504,692",125,"48,243",300,"553,034",235,"745,342","2,270","823,787","3,000","1,107,042","4,960","16,205,471",90,"208,059",410,"8,052,370",625,"5,188,240",10,"1,797","1,305","35,173,515",500,"1,960,558",40,"963,136",0,"61,788",60,"607,846",325,"4,851,235",505,"13,870,251",700,"15,298,113",535,"929,501",455,"247,944",400,"75,067","1,535","31,523,620","1,065","15,646,549",575,"1,623,687","1,545","12,753,313",775,"9,063,554",780,"-7,563,483","1,555","1,500,071",500,"700,043",120,"270,879",90,"1,730,880",345,"822,226",0,"1,457",340,"211,552","2,945","942,971",485,"207,346",130,"550,832",22,"500,545",531,"47,568,860",555,"48,082,483",540,"34,179,004",25,"-125,982",552,"13,525,970",580,"13,404,378"
VIC,3106,"10,820","7,835","10,735","728,489,124","8,430","184,293,050","7,375","10,092,715",120,"203,962","7,640","188,591,414",435,"1,698,179","7,535","450,240,541","1,590","11,693,352",155,"2,932,610",160,"6,381,160",480,"2,594,075",500,"4,712,798",130,"1,457,217",130,"3,550,752","7,535","27,497,944","1,605","2,581,479","3,945","58,004,805","3,935","24,586,425","10,750","761,669,136","2,395","7,842,355",920,"1,199,390","2,720","672,006",345,"857,144","4,955","5,713,364",200,"95,330",600,"2,004,337",480,"2,812,361","3,715","1,941,222","4,835","2,138,174","8,295","32,228,851",180,"449,770",780,"14,515,288","1,315","13,022,344",35,"-288,507","2,620","101,405,949","1,000","9,377,934",65,"1,937,125",10,"110,176",90,"873,290",700,"16,914,055","1,100","41,616,807","1,390","38,787,593",975,"4,680,933",875,"1,538,426",805,"715,002","2,320","53,129,542","1,760","30,023,547",950,"3,698,387","2,320","21,404,876","1,035","13,803,338","1,305","-15,805,854","2,340","-2,002,516",910,"1,663,170",190,"839,958",245,"4,685,167",590,"2,099,699",10,"3,451",665,"464,786","4,750","1,507,941",955,"399,306",220,"1,683,230",46,"834,573",879,"107,010,783",925,"106,674,031",895,"78,690,388",76,"-417,376",896,"28,364,611",965,"27,851,951"
VIC,3107,"7,830","5,265","7,780","419,547,766","6,090","88,322,481","5,215","5,651,086",75,"81,620","5,450","89,977,654",300,"1,131,653","5,470","311,320,004","1,210","5,747,183",125,"2,144,118",125,"2,337,566",375,"2,044,766",560,"5,221,822",65,"879,997",150,"3,445,534","5,330","15,781,399","1,210","804,618","2,880","19,396,595","2,875","8,310,949","7,790","439,980,189","1,810","5,399,632",745,"879,402","2,275","575,645",315,"689,685","3,830","4,314,301",155,"78,031",415,"757,832",325,"1,157,165","2,920","1,317,803","3,685","1,333,795","6,180","19,692,035",135,"362,512",555,"9,984,514",875,"7,422,337",25,"-214,744","1,540","33,569,314",595,"1,875,966",60,"2,064,171",0,"28,070",80,"676,890",505,"5,789,631",775,"14,448,909",940,"19,605,388",695,"1,866,423",620,"682,572",570,"319,706","1,690","32,704,550","1,255","18,307,602",665,"1,965,986","1,695","13,981,787",760,"7,910,778",950,"-9,461,603","1,710","-1,550,825",535,"1,047,871",135,"323,554",115,"1,928,864",480,"1,156,477",10,"5,676",525,"349,835","3,570","1,134,323",620,"264,174",185,"853,797",25,"594,608",669,"51,373,732",690,"51,920,190",665,"35,401,554",30,"-133,252",678,"16,097,184",705,"15,929,849"
VIC,3108,"12,475","7,745","12,380","621,293,174","9,380","127,395,919","7,830","8,137,575",130,"141,721","8,295","129,877,539",455,"1,783,177","8,305","432,360,933","1,810","8,856,427",145,"2,084,829",165,"2,942,450",690,"3,927,989",895,"8,297,101",110,"1,325,204",255,"6,255,009","8,405","29,394,074","1,735","1,492,362","4,225","32,544,378","4,220","13,938,393","12,390","650,923,510","2,565","7,521,510","1,055","1,132,387","3,365","871,619",455,"1,067,739","5,460","6,621,484",220,"101,759",625,"1,133,779",500,"1,679,816","4,315","2,395,471","5,540","2,040,557","9,375","28,817,067",235,"653,852",745,"14,428,121","1,145","10,066,959",30,"-94,573","2,480","58,398,305",960,"3,784,527",90,"2,675,581",15,"248,475",100,"1,445,867",705,"10,608,890","1,205","27,302,876","1,585","34,587,667","1,120","3,593,221",995,"1,188,469",875,"394,786","2,655","54,006,802","1,890","29,638,383","1,000","2,854,762","2,660","21,283,518","1,260","14,946,038","1,420","-14,715,899","2,680","230,139",760,"1,197,799",180,"609,272",165,"2,750,407",570,"1,412,173",15,"7,942",630,"423,954","5,830","1,884,696",925,"396,362",220,"720,461",43,"613,480","1,058","85,444,632","1,095","86,109,285","1,055","60,401,049",51,"-241,430","1,074","25,052,552","1,120","24,852,314"
VIC,3109,"16,590","10,835","16,440","833,264,097","12,650","169,803,457","10,775","11,143,803",170,"187,021","11,370","173,597,396",660,"2,511,976","11,935","648,239,776","2,595","11,396,885",235,"3,714,731",250,"4,754,883",905,"5,001,959",980,"9,259,171",175,"1,853,663",230,"5,246,727","11,030","29,367,502","2,280","1,465,683","5,560","27,967,964","5,555","11,975,153","16,480","873,626,392","3,710","11,352,015","1,490","1,730,023","4,890","1,189,619",610,"1,449,154","8,200","8,571,518",290,"122,684",820,"1,272,509",655,"2,071,429","5,805","2,389,384","7,380","3,210,292","12,855","39,168,087",255,"581,728","1,090","20,064,086","1,765","14,834,057",35,"36,527","2,910","58,521,675","1,195","3,555,350",125,"3,062,264",10,"239,325",160,"1,918,068",975,"9,425,238","1,515","24,478,436","1,945","36,484,248","1,335","4,021,772","1,175","1,766,947","1,070","608,556","3,280","61,459,012","2,535","35,997,661","1,375","4,219,663","3,295","26,103,989","1,420","13,697,161","1,895","-18,558,446","3,315","-4,861,285",925,"1,430,983",255,"471,113",225,"3,733,640",835,"1,992,150",0,"3,455",970,"579,005","7,780","2,482,589","1,290","548,383",355,"1,367,029",55,"873,093","1,267","106,006,610","1,370","109,679,635","1,320","74,765,712",71,"-370,910","1,301","33,789,979","1,415","33,845,491"
VIC,3111,"7,545","5,460","7,490","470,347,782","5,965","111,042,981","5,260","6,499,020",75,"93,010","5,450","113,701,896",275,"1,070,136","5,395","320,835,139","1,175","6,672,591",105,"1,728,118",105,"2,830,644",340,"1,646,509",445,"4,033,452",110,"1,433,323",130,"3,096,483","5,070","14,119,350","1,005","929,729","2,680","26,296,131","2,675","11,267,902","7,510","494,741,858","1,825","5,861,773",730,"913,732","2,140","517,602",255,"529,100","3,665","4,129,451",120,"60,043",385,"979,653",315,"2,569,991","2,810","1,834,959","3,465","1,483,899","5,990","23,847,648",165,"461,170",565,"10,344,069",935,"8,585,267",25,"-460,063","1,795","65,009,363",690,"5,373,768",65,"1,720,061",15,"229,792",65,"689,134",490,"11,217,305",735,"27,266,850",945,"22,776,265",730,"3,595,412",635,"2,037,554",550,"337,793","1,420","29,050,724","1,090","19,088,887",595,"2,054,907","1,420","12,806,359",585,"5,868,974",845,"-10,768,403","1,430","-4,899,429",645,"1,148,110",170,"319,342",200,"3,601,514",465,"1,292,460",10,"5,266",505,"366,570","3,430","1,091,770",605,"254,036",155,"772,264",36,"784,831",618,"53,737,162",650,"54,512,214",630,"37,400,130",50,"-643,357",631,"17,137,716",680,"16,500,298"
VIC,3113,"5,365","3,980","5,335","354,697,299","4,285","85,947,259","3,885","4,990,640",70,"79,058","3,975","87,811,635",195,"662,656","4,000","246,796,580",910,"4,633,248",85,"1,985,753",90,"3,452,387",210,"895,296",215,"1,910,335",110,"1,722,395",55,"1,632,590","3,415","7,366,480",720,"579,898","1,805","18,549,887","1,800","7,943,733","5,345","374,133,839","1,420","4,630,604",545,"728,196","1,580","395,049",200,"406,378","2,790","3,116,978",110,"40,564",260,"718,976",195,"1,324,143","1,895","2,065,919","2,410","1,160,681","4,270","18,805,050",120,"305,182",465,"8,312,414",775,"7,457,912",20,"-162,112","1,275","45,503,461",540,"5,236,421",45,"1,168,134",10,"113,722",100,"794,107",315,"7,458,266",470,"18,521,554",630,"20,594,926",475,"2,525,822",415,"1,171,957",390,"543,131",970,"17,237,335",770,"11,370,490",410,"1,226,336",975,"7,983,024",350,"3,022,174",630,"-6,364,689",980,"-3,342,515",495,"979,578",140,"724,260",150,"2,926,292",345,"1,210,121",10,"6,487",370,"247,992","2,380","762,204",430,"174,672",125,"845,626",27,"165,675",584,"45,640,133",605,"45,805,808",600,"29,555,498",45,"-170,332",607,"15,896,175",645,"15,725,843"
VIC,3114,"2,410","1,930","2,395","182,080,453","1,915","48,360,715","1,730","2,585,143",20,"43,826","1,785","49,530,528",55,"191,154","1,720","120,844,586",410,"2,714,199",40,"1,133,067",35,"2,331,324",75,"405,535",95,"867,811",35,"571,980",35,"976,007","1,605","4,668,641",360,"295,423",945,"12,235,526",945,"5,244,036","2,400","191,757,060",520,"1,943,616",205,"192,445",655,"155,686",80,"111,455","1,120","1,397,338",40,"17,475",125,"740,543",110,"415,860",845,"788,346","1,010","661,347","1,875","9,499,318",50,"148,238",220,"4,123,844",340,"3,470,447",0,"-3,153",730,"28,222,500",300,"3,412,091",15,"221,963",0,"22,167",25,"430,480",180,"2,684,748",260,"6,705,385",325,"9,132,529",260,"285,919",235,"103,685",215,"134,461",455,"9,163,589",370,"7,394,218",200,"770,705",460,"4,255,098",150,"1,392,986",315,"-4,649,461",465,"-3,256,475",250,"346,228",50,"301,744",85,"1,608,983",195,"671,726",0,"3,689",175,"88,068","1,005","327,900",175,"69,638",50,"541,821",12,"336,451",204,"28,072,724",215,"28,408,948",210,"22,408,935",17,"-133,824",211,"5,840,971",225,"5,707,056"
VIC,3115,"2,590","1,945","2,575","197,895,657","2,085","52,953,224","1,935","2,829,406",20,"28,667","1,955","54,567,744",55,"222,966","1,925","119,446,070",450,"2,290,989",25,"576,278",25,"770,140",75,"364,840",75,"682,268",40,"748,634",20,"540,161","1,660","3,892,717",305,"206,055",840,"21,485,672",835,"9,187,105","2,580","206,664,977",605,"2,140,319",225,"291,945",895,"215,795",80,"169,416","1,235","1,307,294",40,"21,276",110,"574,494",70,"278,844",910,"357,952","1,140","540,452","2,060","7,987,270",45,"131,936",185,"3,330,038",365,"3,390,235",20,"-1,546,327",660,"35,588,290",245,"4,503,040",20,"929,852",10,"1,215,895",35,"303,361",175,"4,571,115",250,"12,907,728",270,"6,222,283",175,"966,966",150,"187,641",135,"209,639",440,"7,635,943",355,"5,434,430",180,"538,529",435,"3,293,925",155,"1,388,016",290,"-3,018,957",445,"-1,630,941",245,"521,046",55,"174,225",75,"1,450,125",175,"619,616",0,85,185,"103,387","1,165","370,054",215,"88,726",40,"215,486",19,"1,371,157",231,"19,705,058",245,"21,076,215",240,"16,821,047",27,"-1,413,714",237,"5,220,572",260,"3,806,858"
VIC,3116,"5,790","3,285","5,760","285,180,878","4,605","55,097,388","4,065","3,855,093",50,"61,807","4,210","56,137,029",135,"429,425","4,525","227,276,155","1,150","3,913,447",90,"1,763,275",100,"1,123,635",310,"1,508,364",360,"3,449,100",80,"1,329,063",60,"1,392,326","3,450","6,090,930",515,"188,061","1,380","8,157,814","1,375","3,494,102","5,770","299,800,929","1,575","4,551,409",565,"746,520","2,700","694,835",220,"384,671","3,070","3,218,694",100,"34,274",205,"242,049",115,"686,120","2,255","776,507","2,775","993,317","4,755","14,268,049",95,"239,099",360,"6,210,427",605,"4,392,178",35,"-78,733",865,"24,569,711",310,"1,969,049",45,"1,148,655",10,"245,378",60,"442,439",210,"2,684,701",310,"6,187,143",455,"10,054,611",305,"1,025,124",240,"398,268",210,"60,536",765,"13,041,561",625,"8,198,823",380,"1,008,810",755,"5,822,985",255,"2,598,828",525,"-4,587,909",775,"-1,989,081",315,"497,945",75,"783,749",80,"1,187,820",285,"699,336",20,"9,299",325,"183,777","3,085","976,564",530,"223,867",140,"701,152",21,"246,181",472,"25,403,017",490,"25,456,520",480,"16,002,507",31,"-95,430",471,"9,450,688",500,"9,264,870"
VIC,3121,"19,270","11,600","19,165","1,356,161,073","16,610","328,515,204","15,115","19,059,858",435,"475,696","15,775","339,914,817","1,845","7,523,856","16,560","1,088,002,214","3,000","16,265,894",385,"4,987,334",400,"7,620,183","1,220","6,822,261",395,"3,945,119",165,"2,241,259",135,"4,176,833","12,035","22,268,845","1,700","1,269,922","4,355","30,452,642","4,335","13,039,691","19,190","1,420,318,269","5,030","16,133,802","3,160","3,972,389","6,160","1,713,456","1,130","3,252,034","11,565","14,493,457",370,"178,692",750,"1,689,529",555,"2,895,169","7,550","5,432,419","9,105","3,893,093","16,145","61,642,528",210,"578,542","1,535","27,965,285","1,855","13,869,893",35,"-814,343","2,515","124,449,786","1,085","17,735,260",250,"7,043,350",25,"806,916",245,"2,053,930",835,"17,812,675","1,300","42,212,292","1,675","39,875,077","1,160","7,171,803","1,040","1,869,261",975,"1,499,894","3,060","63,987,227","2,605","43,497,198","1,210","4,033,113","3,070","27,756,957","1,060","11,391,825","2,035","-22,691,866","3,090","-11,300,041","1,355","2,809,684",310,"1,247,623",265,"4,907,041","1,150","2,864,805",40,"21,669",910,"601,179","9,030","2,698,052",775,"320,990",540,"1,726,699",103,"2,446,723","1,734","145,873,941","1,835","148,782,502","1,770","90,502,386",132,"-780,360","1,793","56,737,925","1,920","56,201,182"
VIC,3122,"15,085","10,150","14,980","1,359,845,659","12,425","396,191,764","10,895","19,171,932",215,"275,720","11,700","407,334,314","1,010","4,151,860","11,530","794,530,553","2,005","10,512,730",180,"3,036,680",200,"8,618,658",735,"3,891,614",350,"3,413,781",210,"3,683,055",170,"6,380,813","10,225","33,335,691","1,970","3,321,931","4,810","115,411,698","4,785","49,452,846","15,005","1,433,114,119","3,350","10,156,170","1,875","2,651,036","3,625","920,800",705,"1,792,952","7,490","9,665,436",250,"142,536",685,"4,001,286",700,"5,252,550","5,610","15,550,896","6,825","4,844,700","12,095","70,405,472",285,"1,000,667","1,205","24,022,722","1,665","15,651,859",100,"-2,098,211","3,315","213,455,640","1,635","26,444,178",180,"3,506,726",45,"2,813,181",175,"2,020,271","1,045","40,001,960","1,670","94,801,073","1,870","89,147,098","1,530","12,618,257","1,425","8,866,251","1,225","1,721,642","2,520","61,797,520","1,900","36,518,806",965,"3,297,395","2,525","28,214,962","1,060","13,911,310","1,485","-20,144,952","2,545","-6,233,642","1,290","2,297,261",285,"1,191,208",530,"11,052,894",970,"4,174,792",20,"10,992",945,"697,509","6,375","1,981,974",800,"324,207",275,"1,805,420",107,"6,576,590","1,412","250,780,858","1,575","257,643,434","1,490","149,040,548",139,"-1,893,046","1,461","106,734,195","1,645","105,001,963"
VIC,3123,"8,535","6,170","8,475","740,241,086","7,105","207,152,450","6,315","10,446,175",115,"145,877","6,655","212,920,341",505,"2,060,688","6,445","465,893,265","1,240","8,227,893",165,"3,363,479",160,"4,872,638",400,"2,153,232",225,"2,335,349",110,"2,337,349",110,"3,385,808","5,870","19,276,763","1,225","1,662,966","2,925","41,475,757","2,915","17,746,880","8,490","776,420,565","1,985","6,434,178","1,050","1,425,626","1,905","479,226",390,"1,035,740","4,155","5,473,477",145,"76,808",420,"2,369,036",455,"2,992,646","3,360","3,554,462","3,855","2,929,735","6,880","35,001,393",155,"568,993",695,"13,898,375","1,090","10,349,564",70,"-878,058","2,095","120,416,883","1,000","12,671,141",80,"2,353,378",25,"1,018,208",105,"1,320,537",675,"20,681,427","1,030","50,140,959","1,145","33,230,031",930,"3,060,102",870,"1,952,350",790,"783,106","1,360","36,083,312","1,040","23,261,915",520,"2,026,036","1,365","16,749,076",570,"7,372,155",805,"-13,323,507","1,375","-5,951,352",785,"1,986,280",155,"371,811",285,"5,899,939",595,"2,224,616",10,"6,632",580,"408,613","3,510","1,098,664",520,"214,281",230,"1,342,119",51,"1,070,527",802,"127,050,675",845,"128,196,374",800,"80,227,495",68,"-1,097,808",819,"46,840,839",875,"45,781,077"
VIC,3124,"14,440","11,125","14,315","1,199,500,320","11,635","334,376,171","10,220","16,858,891",140,"175,759","10,740","341,861,704",585,"2,454,027","9,965","744,671,428","1,950","13,482,200",225,"4,925,645",230,"10,476,205",570,"2,801,674",645,"6,097,301",225,"3,738,609",305,"9,952,852","10,100","39,054,151","2,680","3,410,927","5,975","77,947,528","5,960","32,572,486","14,345","1,274,453,017","2,955","9,373,698","1,425","1,924,213","2,720","642,467",475,"1,360,808","6,720","8,298,762",295,"150,422",815,"3,800,749","1,040","8,506,401","5,885","16,441,920","6,775","5,440,067","11,530","71,665,199",370,"1,244,496","1,185","23,314,862","1,940","19,541,269",80,"-1,212,425","4,070","183,833,902","1,965","18,179,451",155,"4,680,801",30,"1,286,282",160,"2,004,626","1,305","26,776,608","2,120","75,116,890","2,420","79,424,867","2,055","11,423,050","1,910","6,354,618","1,720","1,863,267","2,905","71,697,894","2,115","43,412,466","1,170","3,845,274","2,930","31,785,073","1,325","16,375,887","1,620","-23,720,806","2,945","-7,344,919","1,305","12,319,448",335,"1,370,718",530,"10,791,823","1,145","4,506,330",0,"2,246","1,165","1,130,981","5,580","1,763,779","1,040","428,842",325,"1,997,639",78,"4,912,649","1,304","239,177,801","1,370","244,050,577","1,310","170,650,414",106,"-2,688,459","1,337","74,219,273","1,425","71,487,637"
VIC,3125,"7,295","4,545","7,235","379,717,199","5,545","79,759,493","4,670","5,029,238",70,"68,018","4,985","81,611,154",255,"923,713","5,390","294,650,725","1,090","4,636,487",95,"1,608,564",80,"1,468,385",420,"2,348,647",480,"4,721,885",65,"690,597",165,"3,410,703","4,780","12,993,086",980,"1,206,671","2,255","15,473,545","2,250","6,631,184","7,245","396,590,380","1,620","4,429,486",775,"888,681","2,205","529,748",320,"679,204","3,590","3,643,900",115,"49,223",360,"712,291",300,"900,915","2,660","1,329,499","3,305","1,140,750","5,630","16,221,729",125,"323,159",510,"9,222,991",765,"5,906,480",20,"-45,798","1,225","23,876,968",565,"1,554,066",60,"996,255",0,"8,575",70,"646,419",460,"5,973,915",740,"15,178,443",890,"17,329,039",690,"1,837,210",625,"909,874",570,"241,674","1,275","24,555,932","1,025","15,689,710",480,"1,382,799","1,280","11,010,816",495,"4,517,776",795,"-8,045,169","1,290","-3,527,393",405,"532,710",130,"670,010",75,"1,016,335",380,"833,476",10,"7,065",430,"315,684","3,315","1,057,649",400,"171,382",135,"451,286",37,"756,071",582,"55,690,174",620,"58,608,268",595,"44,476,379",48,"1,820",591,"13,336,192",640,"13,418,352"
VIC,3126,"5,530","4,530","5,465","570,050,096","4,410","175,067,762","3,900","8,128,896",50,"72,669","4,050","179,756,578",185,"760,598","3,695","313,799,611",685,"6,343,792",80,"2,075,295",80,"3,650,250",170,"840,954",210,"1,986,839",115,"1,896,104",105,"3,799,521","3,975","18,675,294","1,070","2,107,965","2,480","46,114,020","2,475","19,760,511","5,480","602,878,502","1,085","3,913,503",480,"720,951",815,"185,095",160,"497,226","2,355","3,270,865",130,"66,431",320,"2,310,534",430,"3,602,536","2,255","7,631,705","2,550","2,172,556","4,360","32,013,964",170,"552,761",445,"9,603,055",845,"9,060,331",35,"-1,792,146","1,780","108,514,733",870,"15,784,885",50,"898,638",15,"1,577,203",70,"1,035,420",550,"19,227,231",865,"45,648,328",990,"46,821,356",780,"4,169,396",740,"2,179,391",675,"628,695","1,060","28,188,257",820,"19,778,858",445,"1,692,351","1,065","12,991,675",445,"5,448,096",640,"-11,722,723","1,080","-6,274,627",620,"1,345,334",125,"369,711",260,"5,479,768",415,"1,956,107",0,"5,368",440,"336,077","1,915","608,557",415,"166,016",100,"812,459",46,"1,344,245",509,"114,675,181",545,"116,005,026",535,"75,640,653",75,"-1,310,348",531,"40,511,247",590,"39,191,917"
VIC,3127,"12,040","9,415","11,960","913,326,430","9,735","239,298,536","8,705","12,884,951",135,"154,330","9,025","245,949,044",530,"2,072,840","8,925","645,121,623","1,805","9,834,136",210,"4,729,461",185,"5,667,916",500,"2,446,453",470,"4,174,185",215,"3,505,278",220,"6,621,550","8,420","27,168,692","2,075","2,092,403","4,825","48,683,319","4,810","20,834,320","11,985","959,940,123","2,715","8,306,455","1,225","1,522,989","2,580","607,856",440,"1,001,110","6,130","7,415,341",210,"85,451",685,"2,001,505",765,"4,210,614","5,015","4,850,766","5,565","3,025,411","9,785","42,388,535",310,"940,938","1,100","21,626,077","1,755","16,777,133",45,"17,196","2,975","101,771,361","1,435","10,040,097",120,"3,877,403",20,"328,810",105,"3,703,542",990,"17,505,254","1,580","48,596,826","1,855","56,198,080","1,475","3,764,057","1,370","1,337,634","1,230","716,199","2,115","44,286,979","1,655","30,661,436",825,"2,781,446","2,125","20,100,548",780,"8,162,465","1,360","-17,418,916","2,140","-9,256,451","1,000","1,257,951",260,"747,888",305,"6,013,932",940,"3,138,121",10,"4,066",900,"661,561","4,910","1,537,463",860,"354,878",295,"1,447,568",72,"1,206,500","1,028","159,507,981","1,090","160,549,036","1,050","114,166,626",95,"-802,590","1,046","46,205,943","1,125","45,326,701"
VIC,3128,"10,395","5,930","10,300","526,574,351","7,890","109,788,668","6,595","6,950,682",95,"100,148","7,160","112,383,311",365,"1,406,189","8,005","424,137,347","1,680","6,505,822",160,"2,099,340",145,"2,781,764",640,"3,707,774",475,"4,570,493",130,"1,314,057",190,"3,920,926","6,620","13,976,617","1,115","686,178","2,720","15,489,571","2,710","6,632,777","10,320","549,841,288","2,270","5,872,035","1,045","979,342","3,150","744,114",440,"1,008,164","5,220","5,548,208",160,"69,026",445,"664,709",340,"1,032,091","3,565","1,808,714","4,595","1,693,342","8,020","22,772,626",180,"380,533",800,"15,373,350","1,025","7,994,803",15,"-106,189","1,525","29,858,216",710,"2,378,199",115,"2,541,016",0,"43,833",90,"1,848,317",495,"7,057,471",800,"20,885,054","1,065","22,277,036",815,"2,112,988",715,"1,162,667",680,"118,774","1,625","30,466,934","1,305","20,617,887",635,"1,910,891","1,640","13,163,862",640,"5,524,091","1,010","-10,749,797","1,650","-5,225,706",565,"961,769",145,"665,540",125,"1,862,608",525,"1,421,641",10,"5,808",575,"413,888","4,900","1,588,380",560,"238,464",220,"1,043,016",40,"1,293,329",880,"69,825,301",920,"71,283,662",850,"50,247,280",44,"44,334",901,"19,345,087",945,"19,441,564"
VIC,3129,"9,425","6,130","9,365","510,171,737","7,375","108,334,925","6,375","6,911,100",80,"85,647","6,690","110,808,968",365,"1,493,934","7,230","409,226,908","1,560","5,772,737",155,"2,836,473",150,"3,140,394",490,"2,824,112",540,"4,934,192",105,"1,411,020",165,"3,965,093","6,235","14,358,726","1,255","742,247","3,040","17,750,855","3,030","7,602,103","9,385","532,887,833","2,210","5,893,896",950,"953,830","2,775","679,294",460,"1,085,330","5,000","5,184,593",165,"75,631",450,"707,885",395,"1,690,327","3,575","1,711,042","4,170","1,393,015","7,445","22,418,308",170,"428,074",815,"15,231,077","1,070","8,140,595",15,"133,831","1,510","31,792,272",690,"2,865,563",90,"1,434,721",10,"188,086",115,"721,972",475,"4,669,518",745,"11,543,517","1,040","21,058,892",795,"2,421,183",720,"862,570",640,"378,964","1,550","26,993,981","1,255","18,340,233",625,"1,544,157","1,570","11,686,462",630,"4,825,118",950,"-9,401,989","1,580","-4,576,871",495,"712,871",155,"353,992",105,"1,686,758",560,"1,300,094",10,"5,268",640,"408,615","4,380","1,389,082",635,"261,722",220,"945,289",39,"756,208",858,"54,060,904",895,"55,568,112",860,"37,520,092",57,"-233,069",877,"17,640,405",930,"17,338,584"
VIC,3130,"18,505","12,390","18,370","1,029,740,057","14,485","222,853,533","12,605","13,988,352",185,"222,344","13,180","227,773,090",685,"2,553,235","13,860","808,150,605","2,940","10,983,556",295,"5,193,882",280,"5,377,882",930,"4,753,091","1,220","11,263,482",275,"3,223,507",405,"10,788,742","12,165","28,395,254","2,520","1,411,592","6,185","41,716,518","6,175","17,870,529","18,405","1,075,111,920","4,375","11,483,475","1,910","1,853,325","5,540","1,294,122",700,"1,496,043","9,540","9,863,293",335,"109,232",830,"1,244,201",665,"1,967,011","7,640","4,343,040","8,425","3,177,646","14,860","43,716,156",440,"1,182,508","1,405","24,983,054","2,170","17,547,826",40,"125,379","3,230","65,029,056","1,510","5,905,245",145,"4,337,209",20,"213,145",190,"1,570,315","1,145","11,258,097","1,785","26,953,350","2,160","35,302,740","1,770","3,607,907","1,585","1,113,245","1,435","476,175","3,075","53,120,961","2,495","36,279,514","1,295","3,566,817","3,080","23,325,259","1,110","9,452,853","1,985","-19,503,482","3,095","-10,050,629","1,015","1,011,217",320,"514,932",265,"4,030,017","1,100","2,709,619",20,"13,161","1,270","784,861","8,340","2,646,329","1,225","514,995",415,"2,089,561",58,"1,113,619","1,544","122,676,215","1,605","123,817,644","1,550","85,396,643",78,"-71,112","1,572","37,681,939","1,650","37,602,353"
VIC,3131,"12,340","7,425","12,270","600,395,206","9,715","115,160,408","8,350","7,965,327",110,"131,297","8,835","118,038,805",485,"1,824,852","9,580","506,524,241","2,125","8,124,366",180,"2,431,448",185,"2,106,018",730,"3,796,931",805,"7,816,689",120,"1,231,610",240,"5,864,635","7,785","15,837,374","1,445","753,906","3,615","15,993,301","3,605","6,853,900","12,285","628,316,252","2,945","7,226,909","1,200","1,261,728","4,370","1,062,254",590,"1,265,454","6,640","6,452,718",195,"103,525",550,"731,651",380,"1,113,045","4,855","2,605,281","5,655","3,023,786","9,910","27,510,948",220,"515,328",865,"16,484,049","1,205","8,741,276",20,"-26,911","1,640","22,513,901",785,"2,003,476",115,"2,487,677",10,"44,267",105,"675,801",625,"7,173,720",945,"17,198,767","1,175","16,811,091",925,"1,267,772",835,"433,122",755,"115,683","1,905","30,449,672","1,550","22,029,451",755,"1,911,503","1,915","13,073,642",665,"5,228,617","1,255","-11,793,541","1,920","-6,564,924",545,"1,646,341",155,"253,615",100,"1,495,492",620,"1,084,687",15,"6,898",760,"464,313","6,260","1,985,198",790,"337,343",260,"768,916",42,"1,221,800","1,004","58,873,489","1,045","60,094,217",980,"41,174,395",52,"275,197","1,010","18,074,887","1,055","18,349,457"
VIC,3132,"9,550","6,070","9,510","508,166,323","7,780","102,286,919","6,870","6,914,477",85,"95,003","7,180","105,074,929",435,"1,550,057","7,695","432,364,907","1,690","7,059,479",170,"1,994,201",140,"1,938,831",520,"2,681,165",555,"5,135,635",120,"1,245,322",165,"4,387,251","6,075","10,447,168","1,070","572,589","2,750","11,663,832","2,750","4,998,668","9,515","529,123,322","2,440","6,269,216","1,060","1,074,165","3,380","823,170",425,"884,645","5,355","5,360,510",160,"65,364",375,"565,646",315,"901,973","4,010","1,671,649","4,495","1,191,368","7,890","20,815,971",180,"468,503",700,"12,643,610","1,055","7,617,387",20,"90,194","1,330","20,914,034",630,"1,769,215",90,"2,184,195",0,"45,902",115,"854,619",435,"3,917,804",670,"9,190,476",925,"14,468,912",695,"1,701,603",630,"476,218",565,"210,188","1,420","23,213,352","1,170","16,209,783",620,"1,698,430","1,420","10,136,162",485,"3,914,997",945,"-8,746,020","1,430","-4,831,023",445,"587,897",130,"301,888",75,"922,113",550,"1,053,094",10,"5,299",650,"358,840","4,735","1,490,248",645,"279,616",225,"702,867",36,"500,451",796,"67,444,585",830,"67,951,048",800,"51,571,969",43,"17,352",816,"15,803,338",855,"15,822,601"
VIC,3133,"13,365","9,080","13,275","691,325,723","10,325","142,093,148","9,040","9,362,216",120,"138,037","9,385","144,641,622",425,"1,658,112","9,890","538,691,867","2,205","10,321,246",235,"4,300,288",220,"4,960,577",670,"3,182,584",850,"7,380,597",195,"2,811,911",270,"7,119,057","8,765","19,998,236","1,920","952,251","4,715","25,647,056","4,695","10,973,064","13,310","722,680,281","3,160","8,314,456","1,295","1,197,082","4,190","980,561",465,"991,584","6,820","6,835,394",285,"121,660",635,"947,161",485,"1,425,072","5,350","2,241,746","6,020","2,076,078","10,595","30,246,612",320,"868,730",880,"15,631,918","1,690","14,476,670",25,"-340,854","2,290","43,625,687","1,000","4,018,919",115,"2,352,320",0,"130,504",135,"1,123,088",735,"10,362,911","1,140","22,022,761","1,595","24,498,991","1,155","3,897,778","1,010","1,208,216",920,"497,350","2,545","43,964,782","2,055","28,431,033","1,130","3,087,129","2,555","18,738,933","1,005","9,122,304","1,570","-15,409,987","2,570","-6,287,683",705,"1,176,242",245,"517,663",195,"3,300,077",735,"1,679,352",20,"12,119",895,"546,446","6,380","2,007,093","1,170","501,255",305,"1,392,131",47,"1,023,857","1,066","89,162,024","1,110","90,185,881","1,070","65,952,738",58,"-313,416","1,090","24,027,315","1,140","23,713,899"
VIC,3134,"19,130","12,210","19,035","1,015,684,655","15,415","208,019,191","13,705","13,867,423",185,"233,575","14,205","212,720,653",710,"2,512,498","15,255","822,078,050","3,590","13,718,351",360,"5,671,304",355,"5,755,455","1,055","5,322,127","1,035","9,378,688",250,"2,994,514",290,"7,544,822","11,875","19,924,836","2,055","1,366,546","5,270","30,703,766","5,245","13,153,154","19,065","1,062,095,382","5,170","14,605,508","2,180","2,146,294","7,575","1,837,147",735,"1,195,581","10,510","10,621,555",345,"149,341",665,"911,528",505,"2,004,387","7,630","3,249,237","8,965","2,852,565","15,700","45,150,036",360,"900,384","1,365","24,120,331","2,165","16,680,331",60,"503,402","2,885","74,237,562","1,170","5,058,244",180,"4,571,432",15,"278,482",195,"2,138,740",890,"12,494,584","1,325","29,606,904","1,755","30,850,599","1,245","3,196,940","1,070","871,920",980,"476,083","2,715","44,025,998","2,275","31,778,556","1,220","3,403,346","2,720","20,191,929",895,"6,582,902","1,860","-17,929,872","2,755","-11,346,970","1,095","1,423,831",275,"703,195",225,"2,898,466","1,070","2,585,168",25,"19,207","1,320","821,799","9,705","3,076,071","1,445","615,786",545,"2,130,277",59,"903,975","1,498","97,786,720","1,555","99,206,045","1,505","69,342,329",82,"-439,817","1,537","28,885,953","1,615","28,476,380"
VIC,3135,"11,085","6,665","11,040","556,877,519","8,945","107,755,260","7,910","7,556,620",115,"130,395","8,185","110,474,636",440,"1,541,600","8,840","466,100,296","2,115","6,784,259",205,"2,405,585",205,"2,778,385",655,"3,231,971",690,"6,632,661",145,"1,702,122",215,"5,251,511","6,740","11,808,097","1,120","570,955","2,965","16,060,438","2,960","6,879,597","11,050","581,540,558","2,980","7,527,233","1,245","1,205,049","4,415","1,082,752",490,"879,434","6,175","5,966,259",205,"98,224",395,"497,087",300,"848,474","4,660","1,861,328","5,400","1,591,213","9,215","24,266,635",230,"568,713",860,"15,522,727","1,175","8,725,483",20,"209,638","1,440","25,112,943",620,"1,921,571",85,"1,742,527",10,"97,619",145,"1,150,769",505,"4,496,587",715,"10,534,637",965,"19,648,935",715,"1,233,674",620,"367,644",580,"146,245","1,380","23,172,504","1,165","16,247,829",625,"1,667,726","1,395","10,454,734",450,"3,671,499",955,"-8,869,284","1,410","-5,197,785",535,"800,535",135,"279,074",125,"1,637,675",555,"1,025,089",15,"9,046",710,"382,753","5,770","1,801,403",830,"356,275",280,"838,783",35,"622,543",987,"54,438,365","1,015","54,911,888",965,"35,854,640",39,"-59,022","1,013","18,425,969","1,045","18,309,805"
VIC,3136,"24,540","13,900","24,435","1,199,470,121","19,865","225,087,588","17,670","16,235,839",255,"295,110","18,260","230,139,029",880,"2,859,578","19,800","1,015,517,348","5,035","15,925,400",410,"5,282,006",460,"5,862,823","1,560","7,682,814","1,560","14,318,322",330,"3,614,594",395,"9,898,741","14,745","23,830,767","2,300","802,905","6,165","26,776,266","6,145","11,466,680","24,465","1,254,339,612","6,880","18,915,305","2,740","2,659,637","11,030","2,749,125","1,030","1,695,952","13,770","13,147,799",365,"143,123",850,"899,308",515,"1,464,793","9,965","3,330,762","11,985","3,536,329","20,510","53,938,310",475,"1,063,627","1,805","31,191,488","2,480","17,924,424",45,"158,327","3,125","54,916,813","1,335","3,825,410",205,"4,337,883",20,"525,407",270,"1,852,972",955,"9,383,798","1,410","25,035,583","1,860","26,473,768","1,425","2,693,416","1,210","758,252","1,120","408,650","2,900","43,712,236","2,480","31,663,971","1,340","3,400,694","2,915","19,617,051",895,"6,441,383","2,040","-17,410,863","2,930","-10,969,480","1,215","1,464,576",340,"2,046,032",255,"2,775,470","1,305","2,293,183",40,"26,885","1,540","914,840","13,280","4,188,607","1,980","853,483",605,"2,011,348",83,"1,410,118","2,001","121,192,821","2,075","122,355,402","2,015","81,074,820",102,"-423,340","2,037","40,588,994","2,130","40,039,078"
VIC,3137,"7,605","3,640","7,580","354,323,680","6,200","63,172,759","5,495","4,774,753",100,"113,385","5,650","64,758,260",195,"593,371","6,160","299,376,747","1,640","5,277,965",115,"1,200,612",135,"1,414,485",480,"2,369,059",505,"4,854,254",95,"1,113,596",110,"2,371,602","4,395","6,476,561",665,"306,802","1,660","7,220,806","1,655","3,092,661","7,590","371,238,754","2,165","5,940,789",770,"817,372","4,065","1,060,207",325,"484,537","4,230","4,051,799",115,"46,347",265,"287,638",115,"320,900","3,165","808,011","3,895","1,031,412","6,430","16,706,548",135,"257,201",460,"7,669,191",730,"5,186,442",20,"-102,983",950,"19,693,247",365,"1,213,319",55,"822,551",10,"193,950",80,"429,510",260,"2,513,785",370,"5,841,088",515,"5,860,055",405,"829,031",345,"201,262",320,"112,632",860,"11,992,267",770,"9,334,497",420,"1,003,174",865,"5,515,504",235,"1,511,871",640,"-5,372,779",875,"-3,860,908",380,"492,557",100,"448,977",105,"1,060,040",380,"769,267",15,"15,846",435,"235,831","4,370","1,384,109",615,"264,309",180,"388,033",17,"189,572",626,"39,069,117",640,"39,258,689",630,"25,577,889",25,"-137,774",641,"13,446,464",665,"13,308,690"
VIC,3138,"12,365","6,335","12,320","584,035,795","10,080","105,342,494","9,025","7,900,560",125,"165,834","9,335","108,202,641",360,"1,184,447","10,260","503,392,100","2,580","7,736,393",195,"2,123,370",210,"1,949,349",735,"3,448,668",660,"5,980,037",155,"1,859,825",155,"3,748,057","7,230","8,737,259",955,"2,058,871","2,605","12,461,298","2,600","5,337,958","12,335","613,046,343","3,570","9,399,683","1,330","1,504,550","6,490","1,649,360",520,"857,876","7,090","6,830,291",190,"76,415",565,"589,908",240,"2,321,285","5,170","1,438,814","6,045","1,640,866","10,445","28,634,890",195,"446,131",770,"13,179,052","1,135","7,790,187",25,"-37,104","1,370","27,151,146",510,"1,583,648",120,"2,480,443",0,"125,427",130,"949,965",415,"3,825,805",570,"8,992,788",790,"10,134,085",560,"1,166,923",460,"281,933",420,"153,116","1,430","20,224,140","1,240","15,206,675",695,"1,827,358","1,445","9,319,290",385,"2,691,414","1,070","-8,821,670","1,455","-6,130,256",590,"830,892",145,"322,593",115,"1,195,407",600,"1,100,216",25,"17,881",750,"367,560","7,125","2,268,742",990,"425,054",290,"602,994",28,"301,538","1,002","61,536,167","1,025","61,812,913","1,015","39,896,386",35,"-72,262","1,029","21,349,228","1,060","21,291,586"
VIC,3139,"8,135","3,525","8,075","375,465,814","6,505","68,314,686","5,755","5,046,822",85,"138,763","5,955","70,110,237",140,"467,504","6,385","290,298,948","1,680","5,448,942",100,"1,165,675",150,"1,580,246",485,"2,379,760",410,"3,787,460",90,"954,246",50,"1,347,220","4,355","7,163,034",670,"488,834","1,655","13,743,809","1,650","5,885,040","8,090","393,935,062","2,135","5,850,423",695,"1,165,002","4,305","1,153,579",300,"403,644","4,195","3,795,006",120,"53,306",215,"240,898",95,"527,658","2,970","793,356","3,770","1,154,286","6,580","17,429,488",85,"173,347",420,"7,829,614",630,"4,414,849",235,"3,419,146","1,260","33,110,094",365,"2,376,551",70,"1,260,137",45,"1,996,333",95,"1,189,504",275,"3,748,216",385,"9,193,065",505,"5,716,886",350,"736,390",290,"157,069",275,"43,417",965,"13,584,823",770,"8,489,598",330,"840,936",955,"5,661,780",365,"3,236,305",615,"-4,643,796",980,"-1,407,491",520,"628,023",100,"243,221",135,"1,555,513",370,"712,840",25,"17,335",360,"181,923","4,690","1,501,988",745,"320,375",195,"437,072",79,"5,080,640",798,"52,350,058",865,"57,430,698",855,"42,104,366",91,"-2,609,996",806,"16,135,758",880,"13,525,762"
VIC,3140,"9,650","5,010","9,600","471,839,010","7,815","89,353,931","6,930","6,404,525",110,"126,109","7,155","91,607,901",265,"851,004","7,750","382,322,627","2,015","6,940,567",140,"1,497,609",165,"1,621,114",545,"2,697,315",580,"5,426,090",115,"1,243,554",110,"2,709,288","5,540","8,597,537",800,"301,957","2,095","12,225,383","2,090","5,239,894","9,610","494,942,033","2,750","7,888,245",955,"1,170,972","4,955","1,285,038",380,"561,930","5,320","5,164,576",145,"63,716",325,"351,318",150,"619,510","3,710","1,098,804","4,705","1,426,196","8,000","22,283,811",135,"312,951",595,"10,417,466",930,"6,864,017",50,"213,338","1,345","35,630,100",475,"2,922,626",70,"1,349,202",0,"61,309",90,"1,182,253",380,"9,635,826",540,"27,355,353",685,"10,612,925",460,"1,106,855",385,"226,256",350,"316,026","1,235","19,240,306","1,030","13,229,936",540,"1,456,252","1,230","9,059,691",415,"3,453,802",840,"-7,973,265","1,250","-4,519,463",545,"800,527",130,"372,424",130,"1,645,017",455,"946,097",20,"11,453",600,"322,507","5,345","1,690,523",745,"323,123",230,"605,984",27,"618,830",811,"52,587,580",835,"53,153,965",820,"36,329,938",33,"-246,336",822,"16,281,245",855,"16,034,909"
VIC,3141,"15,885","9,760","15,765","1,327,115,558","13,430","376,782,758","11,715","18,493,087",360,"490,464","12,815","386,849,523","1,270","5,294,416","12,410","879,895,143","2,200","15,940,708",250,"2,684,431",260,"6,403,952",800,"4,320,885",265,"2,641,336",130,"2,389,457",130,"5,619,586","10,155","36,957,240","1,565","5,286,306","3,780","91,293,204","3,770","39,116,669","15,820","1,420,342,382","3,460","11,498,793","2,585","3,924,834","4,155","1,207,111",890,"2,708,892","8,395","11,711,511",265,"133,491",630,"8,051,005",605,"5,873,519","5,620","15,205,070","7,015","18,044,028","12,605","90,647,948",190,"766,963","1,225","26,306,376","1,385","11,442,843",80,"-2,213,516","2,610","161,135,350","1,270","25,322,684",200,"4,206,505",55,"2,002,274",205,"3,458,956",920,"43,967,068","1,445","103,776,892","1,625","137,177,026","1,315","14,078,553","1,195","5,993,262","1,090","3,276,717","2,365","62,823,012","1,810","39,698,983",895,"3,575,426","2,365","28,950,609",940,"13,157,636","1,450","-22,559,642","2,390","-9,402,006","1,330","3,191,916",270,"2,008,463",395,"8,527,310",890,"3,549,182",30,"18,501",845,"689,909","6,965","2,091,722",685,"269,183",370,"1,300,807",108,"5,213,730","1,439","183,198,686","1,955","213,756,027","1,800","134,834,143",137,"-4,958,489","1,493","69,029,425","2,030","76,381,416"
VIC,3142,"10,100","7,990","9,970","1,434,061,527","8,475","491,608,366","7,575","20,358,440",130,"198,891","7,950","504,429,843",435,"1,848,146","6,070","495,704,763","1,080","10,579,024",110,"2,383,164",125,"6,891,256",355,"1,867,254",265,"2,513,213",155,"5,485,554",120,"6,393,764","7,195","66,359,877","1,825","5,058,173","4,195","150,897,770","4,185","64,220,079","10,010","1,544,654,204","1,725","6,698,809",930,"1,857,997","1,420","390,091",270,"919,470","3,590","6,002,090",135,"50,516",575,"9,599,807",645,"10,158,513","3,755","26,267,788","4,825","12,323,951","7,875","105,945,790",210,"1,341,924",665,"16,135,450","1,095","13,377,608",120,"-4,558,775","3,835","466,563,617","1,975","87,733,933",90,"3,168,155",55,"7,398,347",115,"3,835,177","1,110","108,833,418","1,705","252,930,117","1,750","160,043,420","1,490","15,230,907","1,385","8,520,017","1,200","2,310,646","1,775","72,416,723","1,105","34,830,162",665,"3,363,955","1,765","32,314,711",935,"22,789,856",855,"-20,881,961","1,790","1,907,895","1,335","2,992,319",255,"2,630,071",700,"15,934,948",625,"3,982,277",10,"6,370",875,"906,138","3,500","1,085,359",840,"322,820",180,"1,187,949",112,"11,526,326",945,"404,472,684","1,055","416,427,363","1,035","321,412,983",149,"-10,875,904",979,"99,800,018","1,115","89,036,400"
VIC,3143,"6,215","4,650","6,175","616,893,239","5,240","184,434,312","4,755","8,768,501",90,"126,707","4,945","189,924,201",415,"1,782,165","4,485","343,051,626",800,"4,565,793",85,"1,509,792",100,"3,652,234",235,"1,270,655",180,"1,789,404",85,"1,433,101",70,"2,309,850","4,315","17,817,418",890,"1,802,012","2,135","37,391,667","2,120","16,028,825","6,195","651,140,068","1,395","5,068,306",740,"1,180,216","1,340","356,043",270,"810,941","3,030","4,273,659",120,"42,844",325,"2,414,378",335,"3,332,152","2,420","4,158,261","2,960","2,870,141","5,065","31,767,231",110,"372,269",475,"9,133,993",700,"6,600,031",40,"-382,423","1,655","106,984,966",845,"14,851,995",60,"1,694,023",15,"565,644",90,"1,381,061",560,"42,569,378",850,"113,751,875",870,"52,399,626",765,"4,647,195",685,"2,732,855",610,"713,535",990,"28,584,257",725,"15,249,405",340,"1,239,262",995,"12,681,615",450,"7,319,889",560,"-7,905,914","1,010","-586,025",630,"1,037,297",130,"573,097",260,"5,419,504",460,"1,719,450",0,"1,940",480,"368,732","2,515","758,170",395,"159,553",145,"710,698",52,"2,242,352",640,"137,447,809",675,"139,585,238",650,"90,099,316",70,"-848,766",671,"49,025,927",725,"48,137,450"
VIC,3144,"7,755","6,105","7,665","817,263,376","6,360","251,764,376","5,680","11,618,352",70,"112,746","5,940","257,692,888",350,"1,523,938","5,140","411,861,043",960,"6,398,967",105,"2,569,388",100,"5,027,495",285,"1,436,310",220,"2,250,076",130,"2,397,349",125,"5,569,824","5,465","25,913,887","1,505","3,219,560","3,265","66,236,035","3,265","28,383,677","7,690","864,428,120","1,515","5,696,392",735,"1,171,825","1,290","316,727",245,"825,334","3,290","4,771,548",140,"58,779",410,"3,087,545",545,"4,543,877","3,095","7,524,493","3,760","4,098,342","6,135","45,097,760",190,"785,757",620,"12,150,019",925,"10,038,703",60,"-2,580,781","2,540","178,842,104","1,260","22,438,441",75,"1,910,368",30,"1,102,676",100,"1,585,816",745,"27,542,996","1,230","68,721,936","1,370","59,784,643","1,110","8,664,333","1,050","6,072,702",905,"1,954,310","1,365","37,382,251",935,"20,340,642",525,"1,529,881","1,370","16,797,412",665,"10,613,772",710,"-11,899,456","1,375","-1,285,684",880,"1,474,552",180,"1,281,686",375,"8,606,118",560,"4,288,211",10,"4,353",620,"520,075","2,760","864,837",550,"212,878",150,"975,759",91,"4,140,675",740,"234,584,337",815,"238,872,452",800,"171,017,586",121,"-1,548,145",756,"66,867,682",855,"65,374,194"
VIC,3145,"13,480","9,915","13,395","1,068,195,336","10,935","288,654,094","9,750","15,013,826",110,"130,610","10,210","296,454,703",575,"2,301,533","10,025","697,566,701","2,020","13,936,452",220,"4,465,601",230,"8,106,737",600,"3,052,782",475,"4,639,385",200,"2,846,758",195,"5,926,249","9,005","30,157,883","2,065","3,165,327","4,890","57,023,417","4,875","24,431,454","13,410","1,121,349,582","3,250","10,588,394","1,555","2,256,104","3,250","820,315",540,"1,371,905","6,775","8,591,031",245,"89,677",655,"2,725,720",760,"4,552,482","5,300","4,711,527","6,190","4,513,705","10,765","51,710,304",265,"786,966","1,125","21,642,738","1,760","16,594,225",60,"-930,569","3,385","153,632,591","1,550","12,904,093",135,"3,382,161",25,"520,054",140,"1,274,687","1,040","27,137,158","1,600","66,812,401","1,895","55,775,697","1,430","5,394,311","1,335","2,948,017","1,215","877,685","2,395","53,284,598","1,820","32,533,960",910,"2,642,230","2,390","23,716,469","1,085","12,007,022","1,330","-17,615,083","2,415","-5,608,061","1,255","2,642,737",235,"1,455,989",380,"7,680,772","1,000","3,681,456",10,"3,961","1,050","855,539","5,605","1,773,495",895,"366,275",320,"1,954,058",95,"1,675,602","1,244","155,466,798","1,330","157,118,588","1,265","94,530,604",129,"-651,304","1,271","61,967,305","1,385","61,375,604"
VIC,3146,"15,855","12,200","15,755","1,295,731,545","12,990","351,031,040","11,680","18,311,567",155,"182,106","12,150","361,357,208",720,"2,855,358","11,855","881,654,029","2,375","13,395,561",275,"5,817,130",240,"9,412,030",635,"2,979,033",545,"5,182,600",215,"2,817,304",260,"8,165,695","10,890","36,058,972","2,645","3,018,651","6,190","71,133,126","6,175","30,303,609","15,785","1,359,219,760","3,775","11,803,803","1,890","2,306,100","3,545","866,649",635,"1,608,229","8,110","10,803,933",310,"125,386",860,"5,313,932",980,"6,206,532","6,600","5,307,713","7,210","4,337,762","12,855","61,770,719",330,"952,496","1,480","28,569,263","2,230","21,089,778",60,"354,301","4,040","171,288,887","1,995","15,684,030",155,"5,123,613",30,"1,126,216",165,"1,911,389","1,230","20,975,131","1,990","53,298,592","2,480","69,937,079","1,925","5,695,285","1,815","2,524,255","1,635","919,808","2,735","61,073,155","2,105","40,457,389","1,115","3,592,248","2,750","27,096,259","1,120","12,366,113","1,660","-22,438,854","2,780","-10,072,741","1,345","3,472,945",315,"1,244,304",445,"8,948,638","1,265","3,960,243",15,"6,818","1,270","915,787","6,375","1,964,250","1,010","408,968",350,"2,044,190",104,"2,007,658","1,353","183,688,115","1,445","185,659,983","1,400","115,615,288",133,"-907,571","1,395","68,809,975","1,515","67,898,558"
VIC,3147,"8,250","5,700","8,195","534,045,307","6,555","128,006,048","5,855","7,444,673",90,"140,903","6,075","131,922,054",300,"1,150,742","6,290","406,238,093","1,330","6,508,479",140,"2,083,685",145,"3,031,098",400,"2,102,441",360,"3,615,303",100,"1,120,002",130,"3,622,020","5,300","13,118,280","1,175","1,112,107","2,860","18,960,942","2,850","8,110,800","8,205","558,116,494","2,070","5,841,860",920,"949,062","2,350","599,440",360,"903,398","4,400","4,874,478",165,"71,765",420,"809,100",410,"1,820,704","3,335","2,343,682","3,800","1,540,033","6,645","23,455,005",155,"404,273",675,"12,271,727","1,020","8,357,742",15,"175,149","1,630","51,673,485",770,"5,495,255",85,"2,032,858",10,"105,321",100,"742,014",525,"7,490,152",865,"17,044,875","1,040","23,137,872",805,"2,133,565",740,"547,377",690,"350,321","1,505","27,857,271","1,235","19,383,592",650,"1,776,756","1,510","11,954,823",565,"5,058,162",955,"-10,316,062","1,520","-5,257,900",560,"1,225,126",170,"451,244",130,"2,247,228",570,"1,366,022",15,"9,679",605,"424,799","3,565","1,134,087",495,"204,881",195,"604,473",35,"1,048,969",736,"68,044,242",770,"69,093,211",740,"45,822,868",47,"-141,326",759,"22,059,305",800,"21,917,979"
VIC,3148,"5,135","2,710","5,110","266,116,998","4,075","54,906,163","3,515","3,562,209",55,"66,539","3,785","55,441,251",215,"842,582","4,195","218,431,043",835,"2,729,849",80,"1,013,259",70,"1,282,971",320,"1,691,966",170,"1,543,677",45,"462,412",45,"819,055","3,165","6,106,149",410,"215,477","1,160","4,270,974","1,150","1,829,018","5,120","279,893,284","1,375","3,601,658",590,"616,449","2,025","516,218",295,"764,328","2,885","2,931,621",95,"39,968",180,"260,716",110,"386,553","1,760","607,955","2,365","2,657,706","4,115","13,461,841",55,"105,533",335,"6,230,021",450,"3,116,446",10,"-600,734",620,"22,272,996",200,"1,302,576",65,"1,087,410",10,"50,204",65,"368,909",210,"6,352,219",300,"14,053,026",360,"7,154,404",230,"1,978,325",205,"1,586,027",190,"1,160,225",980,"17,618,096",805,"11,760,459",410,"1,198,709",985,"7,409,988",390,"3,403,402",605,"-6,154,462",995,"-2,751,060",280,"762,025",65,"106,695",50,"630,448",225,"443,267",10,"6,148",230,"124,554","2,715","871,327",285,"122,544",95,"390,511",20,"394,600",482,"34,559,118",505,"34,963,555",485,"26,172,466",23,"14,908",491,"8,545,394",515,"8,566,918"
VIC,3149,"20,195","13,545","20,025","1,089,249,632","15,550","233,557,162","13,210","14,579,917",200,"227,809","14,000","238,117,350",675,"2,527,497","14,305","819,592,922","2,930","13,263,081",315,"4,650,118",325,"7,188,741",850,"4,465,272","1,425","13,002,217",290,"3,721,546",505,"14,291,418","13,620","39,649,604","3,050","2,074,816","7,135","48,612,823","7,120","20,810,655","20,065","1,138,532,406","4,440","11,675,481","1,840","2,178,735","5,620","1,316,237",815,"1,925,137","9,770","10,430,409",380,"176,782","1,030","1,691,967",930,"3,314,440","7,840","4,482,831","9,055","3,617,205","15,745","47,831,752",535,"1,549,936","1,335","24,857,498","2,415","20,496,638",45,"-292,398","3,880","76,649,018","1,710","7,736,005",165,"3,820,068",20,"593,179",190,"2,604,196","1,310","15,101,199","2,090","38,457,308","2,570","50,963,448","2,010","5,512,959","1,800","1,541,341","1,610","880,858","3,980","75,749,459","3,100","47,494,144","1,675","4,609,394","4,005","31,702,268","1,675","16,601,566","2,365","-24,657,913","4,040","-8,056,347","1,165","1,667,919",355,"1,150,672",255,"4,034,582","1,025","2,803,366",15,"11,950","1,240","824,410","8,995","2,876,981","1,350","560,379",440,"1,703,332",81,"2,064,273","1,652","141,313,720","1,730","142,318,986","1,660","97,649,898",96,"-828,456","1,684","43,471,475","1,775","42,303,076"
VIC,3150,"36,195","23,660","35,880","1,897,222,377","27,385","404,685,100","23,205","25,347,220",360,"404,336","24,545","412,732,672","1,230","4,721,261","25,640","1,417,611,461","5,235","25,359,453",545,"10,536,079",510,"11,232,782","1,700","8,721,032","2,380","21,951,055",465,"5,645,270",725,"19,255,042","24,550","68,270,041","5,510","3,760,731","12,935","88,865,134","12,910","38,052,221","35,945","1,984,273,797","7,690","19,748,324","3,235","3,859,023","10,240","2,433,618","1,415","3,465,461","17,175","18,548,440",725,"404,895","1,845","3,907,098","1,575","5,818,285","13,340","6,543,294","15,600","5,417,157","27,685","84,340,400",800,"2,110,142","2,290","41,348,838","4,325","39,330,396",100,"686,241","6,545","143,140,716","2,750","11,750,766",285,"7,687,953",20,"192,657",335,"5,439,220","2,185","25,762,999","3,435","98,988,085","4,530","91,934,483","3,380","10,230,894","2,925","3,292,792","2,585","1,114,058","8,110","157,352,078","6,440","104,753,559","3,595","10,649,129","8,130","65,420,653","3,220","30,641,722","4,970","-54,113,690","8,190","-23,471,968","1,965","2,433,513",550,"1,661,701",515,"9,000,338","1,795","4,692,098",35,"27,192","2,005","1,217,270","16,375","5,215,188","2,790","1,168,262",740,"3,741,604",113,"2,237,688","2,800","439,590,293","2,905","441,794,721","2,790","361,770,841",149,"32,414","2,865","77,113,875","2,995","77,128,160"
VIC,3151,"5,820","3,380","5,780","269,390,409","4,420","52,172,246","3,655","3,523,836",40,"39,088","3,930","53,297,318",180,"682,442","4,280","222,495,990",900,"3,304,475",90,"1,190,928",90,"1,068,314",300,"1,639,614",415,"4,102,969",50,"599,810",90,"1,876,421","3,760","8,850,638",730,"423,734","1,800","8,357,798","1,800","3,574,864","5,785","285,253,247","1,310","3,264,196",530,"457,714","1,975","464,075",220,"473,849","2,895","2,809,680",105,"36,525",295,"521,912",200,"516,668","2,200","978,923","2,605","4,742,000","4,540","15,535,974",90,"191,237",335,"5,911,715",570,"4,669,191",10,"-121,193",895,"13,814,235",385,"716,632",40,"1,525,033",0,"12,065",50,"308,958",290,"3,181,685",450,"8,004,000",605,"10,808,030",445,"732,215",400,"228,575",360,"61,971","1,120","21,731,002",900,"14,075,702",445,"1,328,527","1,115","8,506,494",435,"4,808,255",700,"-6,987,976","1,135","-2,179,721",285,"220,389",70,"163,605",50,"619,532",275,"611,716",10,"8,675",300,"179,606","2,870","910,547",380,"162,798",130,"388,973",21,"260,808",454,"41,085,129",475,"41,345,937",470,"32,104,258",26,"-22,343",471,"8,968,605",495,"8,946,262"
VIC,3152,"19,905","12,440","19,795","989,837,990","15,735","192,651,693","13,855","13,358,758",180,"196,211","14,430","196,982,617",735,"2,571,473","15,775","835,391,677","3,735","12,674,918",360,"5,244,172",310,"5,076,990","1,110","5,422,064","1,130","10,384,608",320,"3,720,073",335,"7,357,372","12,670","25,568,508","2,275","1,074,192","5,775","23,614,277","5,765","10,110,223","19,820","1,034,172,587","5,270","14,044,311","2,100","2,044,528","7,880","1,933,400",825,"1,607,354","10,860","10,706,917",370,"157,700",770,"842,369",535,"1,703,460","7,825","2,936,336","9,255","2,483,794","16,030","43,183,140",395,"931,458","1,365","23,247,735","2,405","19,280,351",30,"18,907","2,695","45,066,339","1,090","2,870,444",195,"5,470,982",15,"118,033",190,"2,549,417",865,"8,751,787","1,310","21,564,510","1,940","31,014,888","1,375","3,553,784","1,210","873,618","1,080","415,368","3,560","58,317,232","3,055","43,138,511","1,640","4,707,271","3,565","25,560,825","1,160","8,612,048","2,430","-23,701,423","3,585","-15,089,375",920,"1,313,319",275,"560,101",175,"2,418,973",990,"2,196,090",20,"9,740","1,125","656,411","10,300","3,265,914","1,870","802,982",515,"1,612,590",59,"619,112","1,435","107,404,214","1,485","107,532,013","1,455","76,550,708",73,"-69,071","1,472","29,804,670","1,540","29,465,989"
VIC,3153,"11,380","5,325","11,330","528,491,273","9,400","93,063,525","8,350","7,112,484",100,"110,661","8,680","95,528,555",395,"1,293,304","9,665","465,250,416","2,365","7,060,146",220,"2,358,465",240,"1,996,664",825,"4,257,976",615,"5,713,686",95,"1,079,282",110,"2,574,390","6,325","8,576,077",820,"255,180","2,165","7,675,134","2,160","3,288,794","11,345","551,527,797","3,340","8,398,242","1,200","1,193,951","6,100","1,548,014",485,"743,854","6,620","6,007,308",145,"68,601",305,"334,041",150,"292,217","4,645","1,247,841","5,675","1,309,708","9,635","22,738,253",135,"301,686",690,"12,369,212",970,"5,967,154",0,"22,780",985,"18,222,882",375,"1,191,570",100,"2,198,273",10,"22,635",110,"630,153",325,"4,831,600",440,"10,628,586",560,"6,341,267",430,"929,941",355,"157,332",340,"70,787","1,220","17,557,648","1,050","12,989,665",505,"1,309,422","1,210","7,805,042",375,"2,615,440",845,"-7,162,276","1,225","-4,546,836",465,"425,270",110,"237,527",75,"560,213",515,"996,547",15,"10,261",610,"369,660","6,755","2,109,059",965,"410,679",360,"634,927",37,"389,382",846,"43,722,381",880,"44,111,763",845,"27,685,609",47,"-8,510",867,"16,142,327",915,"16,133,546"
VIC,3154,"2,650","1,325","2,640","128,978,651","2,185","23,808,506","1,945","1,754,495",40,"55,092","2,000","24,444,055",70,"231,032","2,150","106,794,621",580,"1,992,427",55,"682,384",55,"346,081",155,"756,506",150,"1,411,275",35,"317,662",30,"821,971","1,520","2,073,160",225,"52,117",560,"3,175,960",555,"1,360,975","2,640","134,793,944",765,"2,039,806",260,"311,650","1,365","339,166",100,"136,928","1,505","1,453,668",50,"25,461",65,"38,836",40,"86,005","1,155","314,996","1,290","358,673","2,235","5,751,294",40,"85,955",165,"2,797,524",285,"2,126,681",0,"118,057",335,"6,685,013",120,"273,490",25,"350,358",0,"20,974",25,"145,448",95,"1,027,297",120,"2,640,610",155,"1,622,412",125,"483,927",105,"318,786",95,"35,506",350,"4,366,066",300,"3,277,309",155,"334,053",345,"1,929,120",105,"672,892",255,"-1,847,308",360,"-1,174,416",145,"90,200",30,"256,452",40,"423,139",125,"212,294",0,902,170,"114,506","1,505","465,325",240,"104,154",70,"177,684",8,"1,425,670",255,"22,549,688",265,"23,975,358",255,"17,340,146",9,"57,715",256,"6,457,407",265,"6,515,122"
VIC,3155,"12,365","5,805","12,315","564,809,928","10,145","97,977,018","8,975","7,561,012",110,"123,383","9,350","99,853,382",405,"1,329,697","10,160","491,234,830","2,540","7,388,822",215,"2,176,870",235,"2,138,753",905,"4,546,155",820,"7,632,259",125,"1,221,420",155,"3,581,712","7,045","9,800,739",940,"445,956","2,460","7,670,517","2,455","3,283,583","12,325","590,053,907","3,600","8,751,547","1,335","1,374,970","6,410","1,633,637",540,"881,691","7,115","6,667,745",170,"56,987",325,"240,456",150,"357,996","5,365","1,276,693","6,300","1,632,498","10,375","24,891,998",185,"368,081",730,"13,196,441","1,095","6,621,805",15,"-111,969","1,200","20,629,410",490,"716,227",115,"2,260,942",0,"11,167",140,"964,344",390,"3,082,753",540,"7,523,698",765,"9,697,339",575,"1,601,346",475,"854,091",425,"245,135","1,400","18,918,049","1,195","13,839,998",615,"1,388,476","1,410","8,530,168",425,"2,749,833",995,"-7,590,436","1,420","-4,840,603",540,"761,548",125,"218,166",110,"1,161,886",545,"814,339",25,"18,271",655,"324,124","7,335","2,310,183","1,105","481,428",320,"980,947",30,"629,923","1,043","55,411,899","1,070","56,041,822","1,040","35,120,901",39,"128,712","1,069","20,365,279","1,105","20,493,991"
VIC,3156,"21,875","11,685","21,785","1,096,060,179","17,900","210,290,983","16,120","15,026,063",205,"246,867","16,635","216,245,619",685,"2,250,735","18,230","928,819,779","4,510","15,321,802",410,"5,458,699",445,"6,251,735","1,335","6,238,268","1,100","9,875,150",250,"2,600,515",210,"4,991,834","12,460","17,678,911","1,815","513,562","4,885","26,441,323","4,875","11,328,067","21,805","1,145,459,021","6,355","17,592,460","2,475","2,563,298","10,960","2,709,122",885,"1,460,965","12,695","11,841,136",405,"161,158",610,"991,674",370,"1,198,729","8,800","2,261,030","10,860","3,048,985","18,400","48,745,295",305,"586,313","1,330","22,402,688","2,275","15,188,260",50,"48,064","2,615","60,267,369",990,"4,240,690",190,"4,252,742",15,"123,203",245,"1,645,542",775,"9,636,997","1,075","22,004,859","1,470","21,343,928","1,095","2,610,637",915,"516,352",805,"312,741","2,885","44,450,473","2,480","32,731,376","1,375","3,647,160","2,890","19,453,987",830,"6,857,090","2,095","-18,239,140","2,925","-11,382,050","1,150","1,941,098",235,"623,526",240,"2,588,231","1,140","2,211,486",25,"19,700","1,330","696,173","12,180","3,842,884","1,825","781,294",600,"1,622,778",46,"829,106","1,736","107,159,453","1,775","107,858,658","1,745","71,324,342",70,"-339,622","1,771","35,996,232","1,830","35,656,610"
VIC,3158,"4,210","2,135","4,190","206,529,637","3,415","38,828,751","3,070","2,809,770",65,"81,231","3,155","39,773,955",135,"457,067","3,490","178,350,407",865,"2,616,054",80,"686,696",65,"949,091",280,"1,416,663",170,"1,529,337",70,"885,312",45,"1,217,948","2,355","3,063,849",360,"134,849",910,"3,169,931",910,"1,357,522","4,195","216,243,405","1,200","3,059,741",455,"491,441","1,925","471,838",165,"304,955","2,430","2,326,305",90,"33,792",175,"156,960",60,"207,895","1,675","521,842","2,015","582,523","3,530","9,258,100",80,"174,948",315,"5,748,672",495,"3,459,847",15,"-283,451",490,"9,027,868",185,"476,419",40,"716,485",0,"87,975",70,"556,444",125,"1,390,020",180,"3,134,004",280,"3,211,549",225,"476,834",190,"210,773",175,"23,648",530,"7,551,710",480,"5,869,529",235,"537,662",530,"3,419,556",140,"925,798",395,"-3,200,835",540,"-2,275,037",255,"184,492",45,"194,411",55,"685,861",210,"403,577",0,"5,429",255,"160,316","2,265","717,283",330,"138,644",110,"473,376",10,"80,717",465,"27,832,253",475,"27,912,970",460,"18,064,449",17,"-12,572",479,"9,394,983",490,"9,382,411"
VIC,3159,"1,485",795,"1,475","74,319,368","1,195","14,241,606","1,080","1,014,441",10,"24,374","1,115","14,508,398",30,"100,138","1,200","61,603,859",320,"1,063,731",30,"372,276",35,"529,236",105,"516,605",60,"557,011",20,"145,561",10,"276,613",835,"1,115,418",140,"58,044",325,"1,851,235",325,"793,207","1,480","77,820,555",405,"1,054,817",160,"184,047",675,"162,400",80,"143,428",835,"807,237",30,"15,646",60,"36,638",25,"36,157",605,"171,958",720,"253,541","1,250","3,403,013",20,"36,276",120,"1,876,357",175,"1,240,264",0,"138,282",210,"4,538,756",65,"232,217",15,"226,543",0,"6,215",30,"223,839",45,"344,574",70,"2,145,126",115,"1,977,824",90,"358,921",75,"38,887",60,"92,914",225,"3,272,390",185,"2,395,354",100,"241,725",220,"1,542,837",70,"545,164",155,"-1,452,690",225,"-907,526",90,"79,739",30,"85,979",25,"337,283",85,"195,785",0,"2,053",80,"42,659",800,"258,658",110,"46,016",45,"223,473",8,"112,767",189,"8,813,586",195,"8,926,353",185,"5,681,638",9,"58,100",191,"3,012,195",195,"3,070,295"
VIC,3160,"5,315","2,705","5,290","268,587,766","4,285","52,297,515","3,865","3,677,833",75,"95,122","3,970","53,478,908",170,"522,797","4,360","224,446,898","1,095","4,056,623",110,"1,580,016",120,"1,720,733",340,"1,606,869",240,"2,185,347",80,"1,054,432",40,"1,092,752","2,975","3,407,227",450,"226,041","1,145","5,696,634","1,140","2,438,443","5,295","280,658,474","1,470","4,077,635",580,"667,427","2,375","570,161",225,"363,529","3,005","2,934,964",105,"40,694",175,"181,685",65,"177,174","2,120","662,526","2,490","750,457","4,385","11,650,793",90,"194,276",415,"7,489,803",585,"3,924,039",15,"102,161",660,"12,579,736",250,"1,075,689",55,"1,027,672",0,"155,654",75,"732,070",195,"2,308,034",260,"5,133,414",360,"4,492,139",270,"1,404,718",235,"329,083",230,"203,340",720,"10,292,432",635,"7,746,787",330,"767,450",720,"4,877,880",205,"1,320,792",525,"-4,420,477",730,"-3,099,685",325,"321,490",65,"274,235",65,"686,542",300,"525,677",15,"8,519",270,"152,546","2,810","893,506",435,"185,075",175,"632,370",25,"602,123",593,"32,123,854",615,"32,725,977",590,"19,690,991",26,"-87,635",602,"12,841,652",625,"12,754,017"
VIC,3161,"9,730","7,310","9,655","779,848,379","8,050","215,227,226","7,130","11,098,252",110,"172,168","7,515","221,187,679",500,"2,070,112","6,790","417,014,174","1,265","7,954,387",130,"2,231,913",130,"3,738,512",450,"2,307,217",305,"2,978,803",120,"2,472,640",105,"3,104,712","6,650","30,208,928","1,230","1,318,185","3,330","47,137,240","3,320","20,197,457","9,665","836,958,139","2,070","6,770,059",940,"1,322,611","1,810","492,747",325,"944,296","4,240","5,586,700",120,"37,420",435,"2,147,021",350,"2,244,687","3,780","7,737,166","4,180","15,632,416","7,555","56,081,769",165,"566,221",665,"12,934,848","1,010","10,724,428",25,"62,356","3,025","175,009,142","1,275","14,849,539",100,"2,351,022",15,"126,243",100,"747,672",705,"30,936,916","1,045","71,108,670","1,265","44,921,245",985,"7,902,504",930,"4,136,902",815,"986,505","1,660","51,704,749","1,090","22,311,494",495,"1,638,092","1,670","20,321,526",870,"18,025,754",805,"-10,592,117","1,675","7,433,637","1,020","1,543,316",195,"617,420",395,"8,520,849",710,"4,202,965",10,"6,926",865,"779,489","4,005","1,246,268",745,"297,246",190,"892,878",43,"763,596","1,030","190,890,433","1,065","191,676,984","1,010","130,690,604",55,"-220,963","1,049","61,988,042","1,090","61,758,126"
VIC,3162,"11,380","8,550","11,295","792,470,298","9,295","198,608,105","8,130","11,016,327",115,"160,072","8,535","204,362,673",480,"1,933,328","7,860","483,570,999","1,545","10,486,878",175,"2,530,072",185,"3,005,065",500,"2,490,324",485,"4,817,895",125,"2,040,331",120,"3,068,047","7,590","30,425,873","1,485","1,371,626","3,870","40,550,389","3,860","17,378,930","11,320","835,659,039","2,550","8,088,131","1,025","1,407,430","2,205","611,678",365,"818,702","5,240","6,459,420",195,"60,576",540,"2,739,684",440,"2,451,725","4,205","4,415,537","5,085","3,039,861","8,815","40,518,406",175,"492,944",770,"15,103,783","1,195","12,640,926",25,"-21,086","3,220","147,635,461","1,285","9,690,013",105,"2,566,666",15,"430,317",150,"6,789,372",780,"19,562,253","1,170","44,665,126","1,500","44,080,726","1,095","3,043,880",990,"1,416,082",890,"282,257","2,165","59,808,007","1,450","25,835,548",700,"2,249,903","2,170","23,392,142","1,140","20,655,849","1,045","-12,325,436","2,190","8,330,413","1,120","2,002,611",235,"742,564",380,"7,350,869",875,"2,769,631",10,"6,204","1,070","1,074,003","4,915","1,548,822",955,"397,595",265,"758,123",55,"1,486,941","1,253","165,041,542","1,300","166,737,856","1,250","122,917,758",68,"-249,658","1,290","37,285,160","1,350","37,010,563"
VIC,3163,"18,915","11,220","18,810","1,061,112,417","15,370","224,839,492","13,165","14,126,458",225,"253,174","14,275","231,084,817",800,"2,931,205","15,320","878,775,879","2,950","12,099,464",320,"4,295,340",315,"4,990,027",825,"4,331,399",675,"6,496,402",215,"2,470,376",250,"6,641,776","12,185","25,569,831","1,920","1,365,442","4,785","25,549,838","4,775","10,942,808","18,830","1,105,836,926","4,770","12,437,966","2,220","2,292,847","6,150","1,569,592",965,"2,042,878","10,585","10,950,734",335,"159,696",760,"1,318,688",575,"1,872,433","7,075","2,891,818","8,765","2,798,386","15,200","43,950,191",315,"761,654","1,330","24,771,477","1,895","13,886,527",35,"-93,163","2,495","57,691,664","1,045","3,449,969",190,"4,501,965",15,"130,144",210,"3,210,859",820,"13,649,722","1,220","32,082,934","1,725","33,594,080","1,230","2,781,836","1,110","1,010,536","1,015","428,612","2,950","55,551,126","2,365","35,988,807","1,170","3,237,575","2,955","22,824,216","1,190","11,667,292","1,790","-18,166,825","2,980","-6,499,533","1,075","1,582,010",290,"607,721",195,"3,228,790","1,070","2,310,410",20,"11,515","1,180","788,217","9,455","2,931,674","1,115","465,345",455,"1,732,637",60,"953,973","1,656","113,274,628","1,710","114,201,843","1,620","75,948,180",85,"154,611","1,695","36,472,518","1,775","36,603,757"
VIC,3165,"15,100","10,200","15,015","834,010,929","12,190","174,142,535","10,825","11,413,775",185,"195,399","11,205","179,007,065",525,"2,049,222","11,730","689,461,915","2,575","11,491,555",265,"4,254,816",265,"4,758,482",700,"3,453,722",900,"8,350,558",165,"1,924,183",255,"5,995,362","9,325","20,211,692","1,630","759,973","4,205","17,746,830","4,185","7,602,414","15,035","872,074,826","4,260","12,783,784","1,695","1,630,797","5,075","1,311,174",555,"1,112,219","8,460","9,029,415",280,"106,447",610,"904,135",400,"1,278,379","5,790","1,923,891","7,400","2,499,231","12,275","36,650,334",265,"614,882","1,115","19,962,090","1,640","11,249,174",25,"560,781","2,365","47,609,240",920,"2,338,295",130,"3,698,459",0,"73,762",180,"1,290,684",695,"11,008,154","1,060","23,496,629","1,440","23,452,869","1,025","2,540,071",945,"1,049,353",850,"388,196","2,720","47,616,770","2,300","33,835,984","1,130","2,776,419","2,750","19,771,065","1,000","8,333,414","1,760","-17,100,112","2,760","-8,766,698",980,"1,717,251",230,"589,117",145,"1,676,062",930,"2,327,144",15,"7,649","1,225","763,618","7,290","2,289,578","1,055","452,797",380,"1,151,174",53,"841,270","1,461","116,979,118","1,510","117,741,062","1,455","86,915,145",66,"230,421","1,490","29,901,539","1,550","30,093,618"
VIC,3166,"12,965","6,920","12,880","655,636,247","10,425","127,594,962","9,065","8,760,727",135,"142,012","9,700","131,852,377",515,"2,063,687","10,595","563,198,470","2,100","7,280,263",210,"2,540,948",215,"3,266,362",760,"3,958,063",455,"4,322,173",95,"978,676",120,"2,911,969","7,975","14,560,483","1,075","477,521","2,860","11,683,285","2,845","5,002,014","12,895","682,908,598","3,280","8,223,153","1,490","1,452,516","4,755","1,197,293",625,"1,358,094","7,150","7,214,959",270,"102,207",465,"438,920",285,"759,855","4,685","1,666,328","6,010","1,802,132","10,410","26,573,451",140,"307,565",885,"16,090,632","1,190","7,801,901",20,"-53,777","1,490","28,353,792",575,"1,568,932",160,"3,652,964",10,"115,619",125,"1,412,280",430,"5,151,165",645,"12,200,784",945,"18,053,372",655,"1,221,614",590,"379,659",535,"110,396","2,225","41,260,545","1,785","24,767,948",885,"2,304,957","2,250","16,457,006",955,"9,586,343","1,305","-11,855,709","2,265","-2,269,366",750,"1,110,690",160,"511,532",90,"1,078,167",625,"1,251,882",10,"4,561",735,"489,075","6,750","2,116,494",680,"289,220",305,"681,336",53,"1,449,565","1,177","86,946,606","1,230","88,470,442","1,165","66,417,096",64,"-22,293","1,200","20,818,448","1,260","20,802,293"
VIC,3167,"5,210","2,785","5,180","254,532,372","4,190","48,152,955","3,710","3,419,206",55,"53,249","3,875","49,337,958",180,"627,677","4,170","217,487,651",970,"3,109,642",85,"993,175",90,"1,147,777",305,"1,537,358",185,"1,703,164",50,"537,146",40,"918,631","3,060","6,248,983",475,"531,819","1,220","5,478,070","1,215","2,346,204","5,185","265,879,130","1,410","3,720,273",540,"555,866","2,210","566,293",205,"516,020","2,940","2,803,132",90,"49,833",170,"152,501",125,"743,285","1,865","539,202","2,590","681,902","4,180","11,216,721",55,"116,339",340,"5,804,045",485,"3,202,658",25,"-20,334",625,"10,671,210",225,"529,203",60,"1,356,216",0,0,45,"353,889",175,"1,982,289",255,"5,128,834",385,"7,628,771",235,"1,073,409",195,"222,878",185,"278,050",955,"15,977,277",780,"10,977,539",410,"989,273",955,"6,766,075",370,"3,238,198",605,"-5,993,808",970,"-2,755,610",260,"533,824",60,"203,998",35,"426,775",220,"443,701",0,"2,553",335,"188,312","2,840","906,799",435,"190,734",130,"308,702",9,"102,913",454,"32,714,143",465,"32,817,056",445,"23,669,868",10,"-25,313",466,"8,914,700",475,"8,889,387"
VIC,3168,"9,330","3,235","9,280","376,278,094","6,885","63,128,380","5,480","4,547,285",120,"133,237","6,295","64,885,115",235,"840,261","7,775","328,800,127","1,550","3,689,863",100,"777,044",115,"1,111,577",620,"3,549,688",345,"3,356,096",45,"482,081",80,"1,481,505","5,675","8,916,109",490,"170,652","1,230","6,776,710","1,225","2,904,702","9,290","391,795,596","2,010","4,504,708",850,"874,092","3,845","1,005,098",530,"1,260,872","4,570","4,380,924",115,"58,848",295,"232,477",95,"226,791","2,430","855,802","3,735","824,632","6,785","15,328,257",65,"143,048",560,"10,707,220",635,"4,390,207",10,"-11,258",690,"9,962,903",245,"428,755",115,"2,113,915",0,"21,719",75,"479,655",210,"2,769,843",295,"5,983,563",400,"6,974,521",315,"665,323",260,"152,363",220,"34,278","1,190","22,265,290",915,"13,418,229",465,"1,508,907","1,190","9,279,529",510,"5,045,984",690,"-6,987,359","1,200","-1,941,375",325,"435,962",95,"120,500",45,"681,551",270,"401,010",0,"1,928",285,"195,535","5,150","1,681,005",420,"183,494",145,"206,221",37,"677,221",736,"42,058,007",770,"42,693,066",645,"28,525,891",39,"220,376",754,"13,892,156",790,"14,071,049"
VIC,3169,"10,170","3,510","10,110","427,073,408","7,990","70,194,005","6,815","5,476,816",105,"110,305","7,380","71,883,122",310,"1,153,093","8,355","377,127,275","1,790","4,452,383",185,"2,358,618",140,"1,919,729",760,"3,772,567",420,"4,131,322",60,"450,780",70,"1,564,828","5,680","8,808,824",570,"194,078","1,550","4,034,532","1,550","1,728,286","10,115","444,431,477","2,370","5,577,348",850,"865,015","5,070","1,368,481",455,"861,297","5,570","4,808,257",120,"45,227",340,"254,309",135,"257,781","3,180","901,938","5,055","1,075,203","8,065","16,975,935",75,"140,981",495,"8,810,911",680,"3,767,722",20,"40,369",765,"12,166,095",215,"170,898",125,"2,535,499",0,"62,415",80,"473,087",220,"2,677,392",315,"6,286,171",490,"8,297,619",265,"522,421",215,"204,922",205,"28,160","1,625","26,625,535","1,355","17,958,518",645,"1,671,689","1,640","10,423,929",660,"5,157,407",985,"-8,586,008","1,645","-3,428,601",405,"454,926",85,"201,985",45,"388,884",360,"549,306",10,"7,650",400,"263,542","6,135","1,979,890",710,"304,670",195,"629,573",28,"323,045",926,"50,341,286",955,"50,401,066",845,"33,785,523",30,"111,550",936,"16,394,506",965,"16,375,976"
VIC,3170,"10,945","5,945","10,855","543,476,537","8,720","106,195,190","7,690","7,332,029",130,"166,269","8,050","109,225,222",465,"1,655,257","8,630","446,908,264","1,930","8,645,403",200,"2,426,363",195,"2,127,631",575,"2,922,338",575,"5,527,841",110,"1,318,440",115,"2,965,331","6,570","12,964,080","1,000","433,552","2,635","16,151,743","2,625","6,900,428","10,875","568,124,814","3,010","8,063,917","1,110","1,340,941","4,515","1,133,379",465,"954,519","6,025","5,951,552",180,"75,729",380,"462,834",235,"554,017","4,115","1,492,009","5,335","1,772,379","8,775","24,090,717",150,"351,793",685,"12,122,315","1,080","7,649,970",20,"346,824","1,415","32,768,615",500,"2,130,413",85,"1,618,912",0,"114,641",100,"557,870",365,"6,024,076",550,"13,260,335",880,"17,286,051",565,"1,456,119",465,"419,205",405,"170,815","2,120","35,009,790","1,760","24,641,849",900,"2,576,570","2,120","14,510,172",750,"5,799,917","1,380","-12,518,718","2,135","-6,718,801",585,"810,330",140,"480,997",100,"1,252,373",475,"987,914",10,"6,518",610,"350,194","5,845","1,831,973",955,"402,954",285,"640,912",27,"229,673",887,"66,745,982",915,"66,842,048",865,"47,772,269",32,"-21,163",904,"18,756,779",940,"18,758,923"
VIC,3171,"10,295","2,035","10,175","361,858,745","7,635","53,307,742","5,725","4,197,213",75,"83,519","6,835","53,902,754",270,"932,617","7,955","310,190,685","1,495","4,286,635",140,"1,529,611",150,"1,046,064",995,"5,613,284",455,"4,468,013",55,"555,015",65,"1,029,814","4,550","6,771,281",415,"229,263","1,070","3,105,110","1,070","1,325,427","10,235","375,975,041","1,710","3,949,481",545,"602,884","5,050","1,322,829",305,"589,178","4,750","3,637,451",80,"33,807",315,"155,832",95,"188,982","2,660","665,952","4,925","1,460,972","7,380","13,446,976",60,"97,759",275,"4,844,981",470,"2,594,397",10,"178,418",730,"14,582,055",155,"250,910",95,"1,901,906",0,"22,131",55,"466,046",190,"2,275,468",255,"5,676,729",375,"9,856,474",180,"411,848",145,"102,403",140,"49,051","1,785","32,198,422","1,505","19,744,294",425,"1,131,546","1,795","15,078,711",730,"5,260,561","1,075","-9,016,690","1,805","-3,756,129",440,"340,860",90,"121,959",40,"574,543",200,"259,347",0,"1,390",235,"136,737","6,135","2,059,099",595,"259,983",175,"461,502",15,"221,077","1,035","71,360,772","1,050","71,528,098",890,"53,962,264",20,"118,054","1,047","17,381,387","1,065","17,476,911"
VIC,3172,"12,225","5,485","12,180","550,057,488","9,720","97,556,260","8,305","7,191,369",75,"80,574","8,825","99,361,225",390,"1,304,806","9,870","457,389,964","2,100","7,079,747",215,"3,272,459",230,"2,535,510",890,"4,601,084",710,"6,630,161",125,"1,563,248",115,"2,830,688","6,485","12,595,064",975,"405,272","2,545","13,820,009","2,535","5,907,415","12,190","576,163,931","2,980","7,742,139",980,"1,153,150","5,935","1,540,007",410,"646,729","6,665","5,903,046",160,"94,115",405,"450,825",220,"641,218","4,370","1,217,961","6,230","4,103,815","9,875","25,808,723",160,"407,629",605,"10,010,012","1,090","7,581,336",20,"-47,161","1,405","30,904,972",530,"3,414,020",100,"1,960,044",10,"206,764",95,"711,152",420,"3,275,162",590,"12,333,794",785,"16,185,940",545,"906,515",470,"263,502",405,"54,460","1,875","28,856,310","1,610","20,388,957",695,"1,650,506","1,875","12,017,815",655,"4,924,356","1,240","-10,125,323","1,895","-5,200,967",525,"610,021",145,"289,296",110,"1,448,260",440,"837,067",0,"2,616",640,"404,095","7,095","2,289,473","1,050","454,531",305,"897,182",39,"1,024,403","1,023","77,146,528","1,060","78,133,023","1,005","56,359,567",45,"-4,833","1,056","20,970,933","1,095","20,932,805"
VIC,3173,"11,755","4,435","11,695","530,698,531","9,505","92,913,076","8,355","7,075,220",115,"161,459","8,785","95,590,958",440,"1,554,256","9,845","466,636,078","1,985","6,435,386",250,"3,051,906",230,"2,348,750",865,"4,759,167",470,"4,218,485",90,"694,296",90,"2,096,813","5,690","9,565,164",680,"255,324","1,870","7,573,405","1,865","3,242,924","11,705","553,474,722","2,940","7,779,691","1,005","983,584","6,150","1,627,994",450,"875,007","6,695","6,084,673",160,"74,084",365,"582,337",135,"262,528","4,120","1,127,211","6,240","1,450,617","9,485","22,485,330",120,"221,445",540,"9,144,391",910,"5,887,018",15,"-22,320","1,155","24,681,178",295,"1,240,886",95,"1,551,004",0,"64,468",95,"687,329",305,"3,742,194",410,"9,283,156",585,"11,633,033",290,"736,871",240,"338,502",230,"64,038","2,180","32,088,399","1,975","25,726,438",915,"2,376,015","2,185","13,036,517",670,"3,828,992","1,535","-12,879,563","2,205","-9,050,571",525,"509,511",120,"285,193",60,"733,847",460,"869,842",15,"12,496",500,"284,771","7,045","2,242,593",975,"424,535",320,"597,363",19,"535,313",880,"78,843,246",900,"79,378,559",840,"61,859,681",26,"37,924",887,"16,963,501",910,"17,001,425"
VIC,3174,"17,600","4,470","17,505","695,423,304","14,065","105,078,889","11,570","8,617,530",115,"128,660","12,825","106,927,298",495,"1,687,376","14,740","622,397,028","3,090","7,108,124",300,"3,005,591",310,"1,691,181","1,675","9,419,006",875,"8,682,517",115,"850,492",125,"2,378,302","8,135","10,246,626",785,"260,954","2,025","5,634,701","2,020","2,404,172","17,510","723,602,959","4,200","9,619,740","1,375","1,425,935","9,805","2,745,730",670,"1,315,225","9,780","8,027,549",165,"79,997",470,"163,276",115,"266,442","5,930","1,440,193","9,445","1,740,011","14,105","27,946,830",140,"214,667",750,"13,768,729","1,115","6,135,728",10,"-4,659",925,"12,474,530",305,"385,929",230,"3,891,259",10,"102,665",145,"1,122,753",290,"2,917,340",415,"6,990,960",580,"8,592,092",405,"845,462",310,"171,450",275,"38,363","2,025","29,479,469","1,750","21,198,376",755,"1,823,404","2,030","12,435,649",660,"4,550,180","1,390","-10,528,140","2,050","-5,977,960",635,"706,201",180,"235,906",45,"374,721",485,"669,419",15,"11,352",565,"321,706","11,355","3,706,672","1,305","565,004",425,"839,265",36,"497,098","1,748","97,967,471","1,780","98,329,326","1,615","67,996,959",39,"220,104","1,778","29,463,170","1,810","29,634,013"
VIC,3175,"23,865","5,840","23,730","942,063,879","18,815","146,078,336","15,375","11,672,542",175,"210,575","17,065","148,607,723",565,"1,879,646","19,235","804,493,664","4,125","12,244,610",405,"3,924,227",415,"3,353,978","2,930","16,798,589","1,050","10,435,002",135,"1,212,898",145,"2,928,364","10,445","14,329,322",995,"448,063","2,655","10,778,572","2,645","4,614,256","23,755","983,690,800","5,705","14,109,274","1,830","2,001,441","13,120","4,047,183","1,065","1,957,247","12,625","10,466,027",240,"105,890",575,"458,927",180,"587,495","7,705","2,002,427","12,180","2,801,272","18,675","40,847,719",155,"287,089",985,"17,903,321","1,390","7,794,891",90,"1,093,333","1,860","37,203,543",540,"1,662,121",320,"4,858,112",15,"110,427",185,"1,648,211",430,"4,507,211",590,"10,576,105",855,"13,678,344",605,"1,879,399",500,"594,672",460,"295,318","2,965","47,790,875","2,555","32,217,207","1,070","2,768,801","2,980","19,852,602","1,055","8,681,100","1,940","-15,728,061","2,995","-7,046,961",970,"1,325,608",255,"419,556",100,"1,199,099",710,"1,064,158",40,"29,366",775,"437,994","15,050","5,015,318","1,665","727,747",520,"979,044",56,"1,085,656","2,729","189,648,620","2,780","190,452,838","2,610","141,563,496",65,"-165,527","2,756","47,932,534","2,815","47,724,765"
VIC,3177,"4,340",720,"4,325","162,541,661","3,445","22,908,113","2,845","1,993,441",40,"47,828","3,130","23,293,438",90,"265,678","3,620","143,427,965",830,"2,379,280",65,"560,472",90,"540,356",645,"3,873,078",240,"2,374,639",20,"173,776",20,"431,898","1,640","1,456,747",150,"43,017",365,"816,283",360,"349,814","4,330","169,540,396","1,040","2,518,437",310,"448,041","2,655","765,387",155,"239,265","2,400","1,904,267",40,"11,251",75,"23,961",10,"23,470","1,465","331,450","2,225","418,133","3,475","6,914,281",20,"32,038",155,"2,798,335",190,"909,994",0,"-1,425",165,"1,671,637",55,"134,217",75,"1,433,136",0,"35,820",30,"233,164",60,"607,784",80,"1,347,146",90,"1,522,474",70,"120,259",50,"7,800",50,"21,706",365,"4,323,438",325,"3,562,508",130,"233,119",365,"1,964,771",80,"470,834",280,"-1,907,794",365,"-1,436,960",130,"146,885",35,"64,910",0,"63,515",115,"163,337",0,"3,679",125,"55,789","2,905","967,782",330,"144,085",90,"84,728",6,"53,055",541,"24,363,093",545,"24,416,148",520,"14,265,754",7,"-46,060",542,"9,812,931",550,"9,766,871"
VIC,3178,"20,735","12,325","20,620","1,070,611,764","16,810","212,109,775","15,275","14,769,373",230,"240,278","15,720","218,740,354",685,"2,337,629","17,220","928,692,141","4,160","16,487,622",360,"5,105,684",360,"5,359,892","1,125","5,256,285",750,"6,527,935",215,"2,171,711",165,"3,944,425","12,020","18,024,970","1,830","1,307,927","4,930","24,251,966","4,925","10,386,616","20,645","1,121,162,749","6,200","18,339,994","2,480","2,531,675","9,685","2,394,253",855,"1,649,337","12,140","12,038,298",430,"194,988",710,"1,129,770",410,"1,244,532","7,915","2,372,089","10,100","2,843,132","17,275","49,564,726",255,"490,833","1,450","23,348,158","2,245","15,306,879",40,"608,168","2,680","54,816,278","1,060","3,723,646",170,"3,725,823",10,"45,569",200,"1,739,066",800,"9,339,295","1,170","28,431,031","1,650","28,586,283","1,070","2,577,619",960,"927,099",890,"342,289","3,725","59,385,375","3,365","47,444,349","2,030","6,037,381","3,730","26,573,260",965,"7,106,235","2,785","-27,775,850","3,755","-20,669,615","1,005","923,744",295,"479,931",185,"2,364,978","1,205","2,326,429",15,"7,214","1,365","802,927","10,875","3,451,035","1,465","623,909",545,"1,633,814",53,"1,290,569","1,489","165,639,336","1,540","161,499,820","1,500","127,364,115",69,"72,352","1,528","32,792,919","1,595","32,813,042"
VIC,3179,"3,530","1,900","3,510","166,360,182","2,845","30,350,292","2,545","2,250,074",35,"33,743","2,630","31,182,657",100,"340,858","2,990","145,876,173",710,"2,184,853",70,"671,963",75,"802,495",270,"1,453,864",170,"1,534,562",35,"318,135",25,"494,578","2,020","3,208,275",280,"100,979",705,"3,013,690",705,"1,292,104","3,510","173,613,032","1,020","2,614,465",405,"411,227","1,765","442,681",155,"240,366","2,050","1,915,094",60,"23,711",100,"168,281",55,"74,917","1,425","348,582","1,700","413,061","2,925","7,225,746",40,"59,995",210,"3,475,396",370,"2,322,176",0,"-61,173",340,"5,967,603",130,"555,599",40,"1,026,974",0,100,35,"223,835",105,"873,702",150,"2,587,435",220,"2,799,983",145,"619,741",120,"54,592",115,"34,571",460,"7,009,636",420,"5,440,054",230,"579,926",470,"3,135,782",115,"823,227",360,"-2,969,353",475,"-2,146,126",130,"127,143",40,"65,122",20,"167,892",160,"401,780",0,"2,648",195,"123,120","1,975","632,263",345,"148,183",105,"226,167",7,"155,911",272,"13,708,188",280,"13,864,099",265,"8,459,768",9,"110,268",268,"5,186,112",275,"5,296,380"
VIC,3180,"4,355","2,470","4,330","207,231,580","3,500","38,262,507","3,080","2,798,195",40,"43,427","3,215","39,105,545",120,"388,404","3,500","177,467,039",835,"2,935,410",80,"1,093,788",85,"1,022,971",275,"1,383,958",275,"2,526,710",55,"544,860",45,"1,103,394","2,585","3,867,892",425,"198,401","1,090","3,599,139","1,085","1,541,781","4,325","216,197,856","1,240","2,993,783",425,"495,959","2,070","529,541",170,"287,544","2,450","2,227,341",85,"31,360",140,"111,300",80,"212,175","1,765","704,971","2,090","537,797","3,600","8,931,092",65,"125,197",240,"3,996,501",445,"2,984,679",0,"18,335",465,"9,041,901",205,"634,650",45,"1,015,455",0,"1,500",45,"393,575",165,"1,625,602",240,"3,565,322",345,"4,032,961",230,"455,002",205,"286,374",180,"27,161",600,"8,660,780",545,"6,406,380",290,"697,962",605,"3,872,368",165,"1,316,887",445,"-3,632,817",615,"-2,315,930",200,"368,058",55,"132,394",40,"440,286",200,"347,356",0,"3,586",250,"152,190","2,370","748,715",410,"171,499",125,"410,142",18,"188,153",325,"20,834,130",340,"20,936,873",335,"13,741,143",24,"9,953",334,"7,026,011",355,"6,950,554"
VIC,3181,"12,555","7,570","12,500","847,877,866","10,700","200,699,647","9,665","11,815,172",260,"297,389","10,115","207,883,024","1,090","4,477,956","10,585","678,508,420","2,040","9,899,153",230,"2,705,857",245,"4,744,455",780,"4,319,965",250,"2,455,357",100,"1,930,976",100,"3,122,299","7,785","15,341,696","1,020","805,334","2,845","25,648,664","2,830","10,988,307","12,515","890,227,823","3,320","10,751,460","2,270","3,063,040","3,930","1,180,404",740,"2,121,482","7,400","10,272,495",235,"111,510",435,"1,384,689",350,"2,095,475","4,685","2,122,450","5,980","2,624,707","10,325","41,219,467",130,"450,136",970,"18,498,655","1,155","8,493,292",20,"-62,938","1,690","63,491,614",725,"6,765,292",170,"4,181,423",20,"419,490",180,"1,748,792",555,"10,160,792",870,"26,160,935","1,110","30,657,555",830,"3,410,203",775,"2,074,017",700,"709,588","1,855","43,964,065","1,475","26,231,549",710,"2,015,061","1,855","18,679,911",710,"9,511,920","1,155","-12,474,376","1,865","-2,962,456",925,"1,357,759",185,"1,193,543",185,"3,458,763",725,"1,950,051",30,"16,138",650,"425,285","6,080","1,826,391",460,"196,208",330,"842,856",67,"1,053,545","1,279","118,972,411","1,340","120,201,963","1,255","78,824,903",86,"-126,277","1,320","40,160,242","1,395","40,175,072"
VIC,3182,"15,865","8,045","15,780","1,005,427,491","13,140","234,798,018","11,625","13,694,744",370,"416,271","12,475","242,171,032","1,070","4,134,086","13,530","792,709,450","2,445","14,037,570",270,"2,885,897",355,"4,982,226",960,"5,113,218",265,"2,505,628",100,"1,759,252",110,"3,453,958","9,055","18,327,684","1,005","1,204,712","2,750","32,693,357","2,735","13,995,509","15,795","1,059,963,870","3,900","12,370,903","2,600","3,596,778","5,185","1,553,681",860,"2,120,986","8,950","11,901,326",250,"126,539",525,"3,954,110",355,"2,077,173","5,380","5,713,778","7,245","3,427,146","12,695","53,438,986",140,"467,684","1,080","21,336,444","1,295","9,573,036",45,"-1,045,506","1,710","69,203,676",745,"7,577,588",255,"5,519,426",25,"519,341",230,"2,233,547",560,"21,281,848",835,"49,449,714","1,105","32,361,005",790,"7,187,068",695,"2,749,912",645,"1,577,737","2,095","44,989,525","1,660","29,053,322",725,"2,387,514","2,100","20,813,003",795,"8,603,062","1,315","-15,867,376","2,110","-7,264,314","1,120","3,685,723",220,"975,586",210,"4,298,153",750,"2,158,291",45,"29,827",680,"435,232","7,890","2,424,765",560,"235,716",460,"1,076,397",76,"1,198,575","1,689","135,600,680","1,755","136,651,702","1,680","82,617,342",98,"-325,367","1,733","52,122,875","1,820","51,784,411"
VIC,3183,"11,660","6,840","11,600","704,197,262","9,685","156,789,992","8,605","9,650,692",210,"235,759","9,165","162,329,653",785,"3,047,338","9,665","541,467,588","1,790","9,055,406",195,"2,373,272",240,"3,739,200",795,"4,438,155",225,"2,052,292",85,"1,236,369",70,"2,164,075","7,080","14,364,809",805,"577,211","2,315","14,432,099","2,310","6,181,861","11,615","738,783,321","2,900","8,100,733","1,680","2,119,639","3,605","1,040,034",575,"1,385,547","6,570","8,276,935",190,"74,210",400,"859,435",215,"818,229","4,465","3,780,357","5,280","2,161,083","9,390","33,709,354",105,"282,960",800,"16,578,798",985,"7,175,160",15,"194,895","1,650","81,370,422",735,"7,037,727",165,"3,101,310",10,"53,265",155,"1,196,804",495,"8,969,055",680,"20,581,225",800,"18,997,112",690,"2,042,732",615,"851,086",540,"258,777","1,385","30,319,026","1,085","17,814,722",440,"1,224,566","1,395","12,542,972",560,"7,825,703",845,"-9,088,937","1,405","-1,263,234",900,"1,611,913",165,"574,959",190,"3,340,522",615,"1,430,574",20,"8,991",725,"568,503","5,935","1,827,285",530,"223,589",305,"809,992",53,"798,893","1,295","107,022,501","1,345","107,842,990","1,265","71,859,542",64,"-113,869","1,323","35,192,109","1,385","35,085,129"
VIC,3184,"10,300","6,585","10,260","762,342,731","8,940","188,394,698","8,215","10,762,031",240,"265,244","8,525","195,011,130",720,"2,856,920","8,530","584,490,029","1,785","9,985,221",210,"2,514,805",255,"3,966,753",580,"3,048,108",235,"2,127,317",120,"1,847,659",80,"2,451,738","6,570","15,320,862",955,"884,597","2,505","24,061,248","2,495","10,309,266","10,270","803,368,308","3,180","10,877,170","1,785","2,493,476","3,205","960,433",525,"1,341,744","6,195","8,832,179",215,"102,408",425,"1,415,168",335,"1,783,865","4,070","2,563,607","5,290","2,898,552","8,715","39,918,247",145,"431,640",860,"16,061,467","1,045","7,960,775",30,"-399,245","1,615","76,077,147",745,"7,531,840",130,"2,910,471",25,"420,495",180,"1,794,387",495,"12,770,429",765,"30,440,405","1,000","27,167,323",845,"4,893,968",735,"3,115,601",685,"762,509","1,735","37,935,063","1,410","26,124,578",640,"1,958,958","1,735","16,511,340",650,"7,212,271","1,105","-13,872,084","1,755","-6,659,813",890,"892,621",170,"435,396",220,"4,210,389",655,"2,070,279",20,"13,820",635,"418,467","4,740","1,416,078",445,"179,124",345,"793,758",67,"905,632","1,327","98,624,164","1,385","99,361,311","1,350","55,520,568",91,"-348,228","1,369","43,170,996","1,445","42,750,631"
VIC,3185,"8,170","5,655","8,115","588,560,937","6,810","148,909,609","6,010","8,203,485",110,"103,170","6,325","152,976,492",405,"1,562,543","6,215","413,222,081","1,220","6,952,804",120,"1,524,169",135,"3,169,836",440,"2,139,532",305,"3,001,586",100,"1,318,949",110,"3,138,768","5,330","17,282,697",995,"851,468","2,540","22,126,897","2,535","9,478,816","8,130","619,005,787","1,970","5,829,909",970,"1,162,971","1,955","530,412",340,"928,408","4,320","5,347,528",175,"84,620",390,"883,253",335,"1,743,050","3,230","5,238,207","3,920","2,245,811","6,650","29,596,088",145,"370,269",600,"11,607,880",920,"8,181,741",20,"-67,474","1,700","65,181,633",775,"5,975,072",95,"2,197,391",15,"547,378",115,"913,211",505,"18,464,716",785,"40,474,242",955,"24,437,096",730,"3,331,669",665,"1,299,868",620,"592,974","1,360","32,268,634",990,"16,708,610",495,"1,389,835","1,380","13,838,392",625,"8,933,668",760,"-8,601,871","1,385","331,797",695,"885,584",160,"542,601",195,"3,544,615",565,"1,674,284",10,"3,596",615,"454,148","3,745","1,165,276",575,"235,922",190,"882,439",51,"2,154,237",888,"88,478,955",930,"90,675,859",910,"54,325,546",60,"-429,385",911,"35,885,691",960,"35,481,714"
VIC,3186,"15,575","12,680","15,405","1,829,806,479","12,710","589,213,635","11,275","25,889,737",245,"418,379","11,780","601,497,496",495,"2,101,858","9,805","870,727,370","1,935","22,903,190",190,"4,638,565",210,"12,322,282",465,"2,318,624",560,"5,324,375",310,"5,686,373",310,"10,306,683","11,020","59,486,183","2,740","5,524,800","6,525","150,902,528","6,505","64,650,736","15,475","1,922,337,581","2,985","12,357,023","1,345","2,529,126","2,290","612,351",385,"1,116,627","6,320","9,434,384",285,"227,563",940,"8,787,539","1,075","9,354,420","5,865","9,444,678","7,420","8,512,628","12,225","88,188,885",455,"1,580,468","1,205","32,953,139","2,070","23,615,710",115,"-1,774,085","5,305","400,776,157","2,375","52,884,911",140,"5,138,763",55,"1,334,542",180,"2,417,366","1,540","142,413,306","2,375","316,948,080","2,645","130,474,960","2,100","23,037,298","1,905","6,618,343","1,710","5,665,977","3,285","102,856,038","2,305","58,300,806","1,320","5,865,968","3,295","45,216,248","1,535","25,327,490","1,780","-31,853,829","3,315","-6,526,339","1,920","4,972,035",355,"2,326,976",835,"18,057,660","1,160","7,064,497",15,"9,792","1,250","1,145,756","5,460","1,722,109","1,335","534,433",290,"2,248,632",128,"4,299,620","1,527","372,377,966","1,630","376,550,354","1,595","276,101,380",189,"-2,557,410","1,579","101,048,989","1,730","98,461,867"
VIC,3187,"9,670","7,610","9,585","753,075,050","7,780","201,630,176","6,810","10,394,908",90,"171,789","7,115","206,101,877",300,"1,212,111","6,520","485,888,100","1,385","13,114,131",145,"2,729,478",145,"5,077,976",325,"1,634,270",515,"4,809,125",150,"2,300,630",240,"6,970,998","6,575","26,128,435","1,545","1,973,292","3,730","40,766,431","3,720","17,461,659","9,615","788,597,631","2,240","8,016,870",920,"1,272,597","1,870","485,726",260,"658,563","4,470","5,703,759",180,"95,293",485,"2,011,452",495,"2,817,127","3,790","3,093,462","4,580","2,586,936","7,630","34,427,002",260,"770,164",750,"16,868,859","1,150","11,413,022",20,"-177,733","2,710","104,329,124","1,210","10,825,112",95,"3,077,361",10,"700,570",130,"1,582,184",750,"15,281,389","1,195","38,546,366","1,540","40,851,042","1,180","7,686,681","1,080","4,733,652",965,"1,235,550","1,860","44,949,405","1,380","27,723,857",710,"2,490,644","1,865","18,680,227",810,"10,934,284","1,070","-14,879,607","1,880","-3,945,323",920,"863,458",215,"702,400",285,"5,186,750",720,"2,248,981",10,"7,134",865,"667,876","3,830","1,215,195",725,"308,156",210,"1,031,165",47,"1,043,564",999,"112,754,114","1,040","113,797,678","1,000","73,629,087",58,"-501,737","1,031","38,565,562","1,080","38,063,825"
VIC,3188,"10,360","7,775","10,290","823,497,174","8,410","222,090,295","7,500","11,530,288",155,"218,559","7,795","227,338,122",360,"1,425,910","7,565","567,392,145","1,575","11,595,387",170,"3,774,025",175,"7,105,300",430,"2,180,498",460,"4,406,367",175,"2,228,695",200,"5,559,597","6,720","20,290,292","1,445","1,432,148","3,450","37,921,966","3,440","16,231,741","10,305","862,454,716","2,585","8,445,530","1,160","1,461,903","2,540","666,383",355,"798,536","5,235","6,645,115",215,"96,156",510,"2,742,666",515,"3,138,936","4,040","3,365,383","4,970","2,808,661","8,345","38,127,742",255,"661,516",845,"17,911,540","1,305","12,208,038",30,"-280,551","2,350","106,743,042","1,095","9,928,597",125,"3,304,035",20,"430,297",130,"1,186,212",710,"12,959,574","1,120","35,638,627","1,415","38,952,890","1,160","6,684,998","1,035","2,433,474",960,"1,290,846","1,830","41,204,471","1,435","27,429,891",765,"2,607,297","1,840","18,036,930",720,"8,661,625","1,125","-15,531,272","1,845","-6,869,647",940,"1,853,527",225,"476,883",265,"4,902,158",830,"2,826,189",10,"9,223",855,"533,557","4,230","1,338,686",720,"302,190",265,"1,667,773",53,"2,228,145","1,017","99,122,782","1,060","101,350,927","1,035","62,264,694",79,"57,072","1,048","38,154,411","1,115","38,211,483"
VIC,3189,"3,675","2,205","3,650","190,503,965","2,960","38,448,501","2,585","2,579,096",25,"32,043","2,720","39,498,777",130,"478,580","2,825","155,052,871",585,"3,585,299",55,"728,176",60,"913,646",205,"1,087,012",225,"2,274,198",25,"273,097",60,"1,548,605","2,210","4,590,982",380,"194,327",945,"4,846,507",945,"2,077,922","3,655","199,055,275","1,015","2,804,935",385,"411,644","1,345","333,141",145,"313,508","1,990","1,989,155",60,"25,783",135,"181,238",100,"309,475","1,325","556,945","1,835","564,106","3,005","8,307,830",55,"136,623",260,"4,962,439",330,"2,481,845",10,"-39,928",535,"9,211,803",230,"510,501",35,"1,615,974",0,"75,031",30,"215,836",155,"2,434,675",270,"5,540,586",360,"7,449,491",255,"1,161,724",220,"162,991",205,"38,979",580,"10,600,999",440,"7,053,050",225,"618,988",575,"4,526,900",225,"2,235,676",360,"-3,833,615",585,"-1,597,939",240,"372,799",50,"82,953",35,"412,518",210,"386,172",0,"4,036",250,"157,927","1,895","600,936",280,"118,269",75,"208,879",14,"667,305",359,"21,542,552",370,"22,212,365",360,"15,109,774",17,"-112,382",363,"7,082,836",380,"6,974,290"
VIC,3190,"5,830","3,835","5,795","335,679,409","4,765","71,757,830","4,235","4,610,833",55,"67,673","4,380","73,850,576",240,"884,807","4,620","284,197,011","1,045","4,768,455",105,"1,581,245",120,"1,609,406",310,"1,594,166",355,"3,450,181",60,"784,797",80,"2,323,081","3,505","6,657,973",585,"264,052","1,600","6,273,440","1,595","2,686,305","5,810","350,683,209","1,675","4,982,087",730,"822,241","2,030","523,638",240,"500,268","3,335","3,608,778",115,"69,379",185,"291,501",175,"552,999","2,335","722,665","2,900","949,056","4,790","14,642,622",95,"246,882",435,"7,409,738",630,"4,321,351",15,"131,987",760,"16,324,947",320,"1,405,005",50,"803,330",0,"7,123",75,"556,488",250,"3,323,522",390,"7,515,152",600,"11,349,202",390,"1,053,629",345,"515,947",305,"171,989",860,"13,679,939",720,"10,079,169",330,"779,937",870,"6,136,399",305,"2,377,396",575,"-5,692,962",885,"-3,315,566",375,"719,658",80,"183,350",65,"878,055",325,"713,110",15,"9,305",405,"271,896","2,795","857,798",420,"180,402",165,"412,444",12,"276,582",594,"37,100,163",610,"37,487,970",600,"24,477,816",19,"89,076",606,"12,516,858",625,"12,548,918"
VIC,3191,"5,905","4,620","5,860","505,163,260","4,850","140,159,860","4,345","7,125,327",70,"120,227","4,475","143,488,597",210,"798,528","4,135","328,646,333",885,"7,633,641",100,"2,237,264",105,"4,419,461",190,"998,779",280,"2,512,728",100,"1,463,764",140,"4,031,709","3,955","15,056,697",950,"936,572","2,260","27,076,182","2,255","11,597,043","5,880","530,254,484","1,415","4,958,877",630,"874,480","1,230","321,326",195,"463,577","2,835","3,585,829",125,"55,312",285,"1,606,266",305,"1,617,156","2,440","2,508,823","2,915","1,812,448","4,760","23,621,004",165,"492,212",500,"11,248,177",805,"7,904,470",30,"-39,735","1,545","80,327,765",745,"8,937,705",65,"1,558,982",10,"352,467",85,"671,167",485,"11,764,430",730,"26,744,423",915,"28,615,759",805,"4,905,994",700,"1,832,012",655,"725,702","1,075","25,396,200",810,"15,954,535",420,"1,516,681","1,075","11,098,158",435,"5,535,322",650,"-8,708,497","1,090","-3,173,175",560,"875,741",115,"643,996",185,"3,790,415",460,"1,771,174",0,"2,366",480,"366,539","2,295","720,827",460,"187,843",140,"909,340",31,"774,730",503,"59,134,856",530,"59,970,114",525,"44,409,531",48,"-492,117",528,"15,565,674",575,"15,074,229"
VIC,3192,"12,345","7,760","12,280","661,680,215","9,960","136,435,227","8,700","8,982,020",125,"151,624","9,045","139,910,953",425,"1,555,986","9,415","529,874,446","2,175","8,739,685",225,"3,260,244",210,"3,536,029",685,"3,413,913",845,"7,880,319",180,"1,991,124",280,"6,732,470","7,520","16,747,109","1,340","951,848","3,475","20,257,070","3,465","8,674,207","12,300","690,329,119","3,430","9,326,837","1,360","1,293,995","4,565","1,186,739",455,"952,085","6,715","7,033,779",245,"85,706",510,"729,457",365,"1,243,331","4,950","1,698,237","6,000","1,789,761","10,055","28,117,848",295,"713,950",855,"14,641,496","1,265","9,183,973",25,"-41,907","1,915","34,609,421",840,"2,543,636",95,"2,009,204",10,"111,991",120,"1,100,539",600,"16,462,415",895,"35,392,807","1,185","17,276,733",920,"1,655,825",820,"435,477",765,"224,348","1,875","31,244,079","1,475","20,765,011",735,"1,950,311","1,865","13,321,875",740,"6,069,874","1,150","-10,862,992","1,890","-4,793,118",710,"699,983",200,"656,563",125,"1,532,056",650,"1,198,632",15,"10,394",840,"496,545","6,160","1,921,211",900,"390,000",310,"810,447",24,"153,100","1,112","63,867,228","1,135","64,121,438","1,085","40,375,404",29,"-89,012","1,130","23,250,156","1,160","23,251,910"
VIC,3193,"12,690","10,175","12,605","978,823,064","10,235","260,080,652","9,005","13,652,405",165,"280,733","9,300","265,130,574",350,"1,274,576","8,495","627,795,411","1,850","14,052,900",190,"3,989,249",185,"8,854,158",365,"1,759,251",750,"6,501,111",260,"4,358,413",320,"9,172,312","8,620","33,044,689","2,115","2,058,516","5,090","67,915,411","5,080","29,099,199","12,645","1,026,491,291","3,015","10,885,908","1,255","1,608,431","2,815","719,995",355,"861,473","5,870","7,306,442",255,"143,940",685,"2,256,189",730,"3,735,341","4,940","3,855,020","5,970","3,586,678","10,170","46,102,943",415,"1,292,688",980,"18,821,505","1,735","17,317,789",70,"-232,227","3,480","137,890,778","1,600","17,097,345",115,"4,246,549",15,"132,539",140,"1,764,538",975,"22,942,206","1,580","60,962,537","2,075","61,749,335","1,610","7,726,626","1,410","2,881,263","1,280","1,220,663","2,355","54,272,823","1,750","34,410,290",940,"3,411,806","2,355","24,128,218","1,020","11,994,802","1,370","-19,670,627","2,390","-7,675,825","1,230","2,419,571",270,"809,078",380,"7,575,598",945,"3,207,939",20,"8,991","1,050","730,997","5,135","1,641,003","1,045","419,574",275,"2,385,477",67,"967,383","1,062","116,080,231","1,120","117,043,374","1,105","82,628,551",99,"-538,270","1,093","33,983,359","1,180","33,440,849"
VIC,3194,"8,470","5,490","8,420","476,843,170","6,915","101,617,329","6,085","6,532,895",105,"110,873","6,325","104,224,566",350,"1,221,876","6,455","377,407,422","1,470","7,652,069",140,"1,863,371",175,"2,998,855",400,"1,893,319",510,"4,639,546",130,"1,427,073",185,"5,252,362","5,365","12,835,038",950,"741,913","2,465","16,642,592","2,450","7,128,245","8,440","499,153,916","2,345","6,799,420",945,"1,019,023","3,055","811,338",360,"804,047","4,605","5,104,341",150,"47,304",365,"509,419",270,"1,004,005","3,410","1,309,198","4,155","1,436,762","6,920","21,797,779",200,"531,210",590,"10,564,541",950,"7,206,405",20,"23,029","1,370","28,870,368",620,"3,501,081",90,"2,367,958",10,"45,483",75,"825,003",425,"5,478,360",660,"25,272,799",910,"19,412,157",660,"1,481,762",565,"426,114",500,"135,359","1,350","25,333,530","1,075","16,535,986",505,"1,474,981","1,355","11,556,432",540,"5,180,200",825,"-9,414,069","1,365","-4,233,869",530,"558,116",130,"455,794",115,"1,972,130",440,"946,770",15,"12,422",625,"382,610","4,205","1,298,667",660,"277,153",215,"666,582",27,"527,723",718,"56,535,366",740,"57,027,576",710,"37,195,763",33,"57,886",737,"18,932,756",765,"18,984,026"
VIC,3195,"20,430","13,130","20,340","1,154,339,314","16,880","242,828,944","15,140","15,958,163",260,"298,202","15,610","250,249,854",745,"2,619,442","16,330","951,381,207","3,800","18,067,216",360,"4,966,633",370,"6,181,945",985,"4,597,767","1,010","9,359,220",265,"3,545,876",300,"7,643,987","12,280","24,412,003","2,090","1,366,923","5,475","31,677,454","5,460","13,573,226","20,365","1,208,865,512","6,045","18,095,947","2,595","3,034,796","8,180","2,157,942",820,"1,559,052","12,035","13,184,953",410,"170,933",760,"1,440,965",555,"1,622,841","8,215","2,671,042","10,140","3,681,902","16,940","53,547,766",375,"915,927","1,610","26,451,595","2,300","17,093,149",40,"-74,595","3,015","70,138,591","1,245","5,152,922",190,"4,220,716",15,"267,875",220,"1,617,506",970,"14,848,113","1,390","35,814,104","1,955","35,733,778","1,365","3,107,813","1,190","1,214,293","1,110","333,384","3,510","60,362,214","2,960","42,554,091","1,490","4,356,350","3,515","26,565,673","1,150","10,293,353","2,395","-23,407,253","3,545","-13,113,900","1,260","1,513,679",305,"824,482",240,"3,205,927","1,210","2,636,799",30,"11,046","1,425","838,292","10,125","3,142,411","1,405","587,950",535,"1,674,990",62,"1,180,521","1,809","175,750,636","1,860","176,344,663","1,795","134,361,128",82,"-190,733","1,842","41,223,415","1,915","40,773,314"
VIC,3196,"14,220","7,750","14,150","720,199,006","11,765","137,406,399","10,515","9,835,660",160,"182,123","10,870","141,131,398",555,"1,958,438","11,660","625,635,885","2,855","10,128,302",260,"2,868,420",315,"3,693,141",910,"4,557,793",765,"7,031,641",155,"1,750,358",185,"4,492,267","8,045","12,386,464","1,085","521,591","3,030","13,882,682","3,015","5,955,442","14,165","754,647,062","4,355","12,172,072","1,760","1,838,269","6,670","1,784,839",655,"1,324,463","8,450","8,778,420",240,"91,688",455,"587,702",270,"731,459","5,630","1,584,083","7,265","2,027,090","11,870","33,869,787",215,"497,340","1,040","17,313,785","1,370","9,031,576",25,"-414,557","1,500","27,507,621",590,"2,611,750",145,"2,838,044",10,"49,757",180,"1,928,766",475,"5,160,588",705,"12,796,089",945,"14,047,936",640,"1,296,309",545,"537,303",515,"220,918","2,010","31,346,468","1,760","23,839,507",800,"2,086,254","2,030","14,553,108",585,"4,344,570","1,460","-13,476,971","2,040","-9,132,401",750,"1,074,203",155,"503,692",125,"1,621,544",625,"1,235,151",30,"12,971",860,"526,222","7,765","2,411,187","1,075","458,595",420,"1,098,684",35,"373,716","1,264","73,884,355","1,295","74,141,482","1,255","48,530,674",43,"-29,609","1,293","23,959,052","1,330","23,838,037"
VIC,3197,"6,935","4,050","6,890","400,988,150","5,705","88,052,753","5,110","5,540,688",90,"116,485","5,275","89,985,988",195,"641,558","5,405","298,382,674","1,385","6,252,988",130,"1,624,601",160,"2,877,517",375,"1,799,648",360,"3,243,945",90,"1,177,310",90,"2,340,402","4,055","9,049,438",650,"422,464","1,670","19,428,698","1,670","8,325,941","6,915","421,088,114","2,135","7,183,135",830,"1,064,211","3,135","873,821",265,"554,470","3,945","4,437,895",135,"77,533",210,"861,121",150,"555,882","2,645","694,949","3,645","1,252,013","5,710","19,703,478",120,"302,942",495,"7,975,812",760,"6,187,619",10,"-369,948","1,030","42,544,048",370,"6,756,037",65,"1,335,097",0,"245,393",75,"848,529",290,"4,486,456",425,"17,015,399",570,"14,220,544",375,"1,765,261",315,"1,227,408",295,"575,090","1,240","22,780,494","1,040","15,906,461",560,"1,684,064","1,240","10,084,096",410,"4,131,180",845,"-9,025,307","1,260","-4,894,127",445,"685,948",105,"362,097",100,"1,352,684",335,"755,852",10,"9,053",435,"269,252","3,630","1,142,345",575,"247,877",220,"628,513",23,"676,849",611,"53,679,766",625,"53,161,273",615,"35,374,255",30,"269,567",624,"16,951,167",645,"17,126,660"
VIC,3198,"8,950","3,640","8,910","401,756,378","7,330","68,456,564","6,400","5,330,887",110,"114,229","6,695","69,777,928",320,"1,025,878","7,325","352,310,608","1,850","6,126,460",175,"1,519,958",230,"1,624,033",785,"4,064,134",620,"5,965,982",85,"813,898",140,"3,212,133","4,625","6,056,446",520,"158,860","1,510","5,481,416","1,505","2,346,250","8,925","422,128,905","2,820","7,722,803","1,140","1,486,527","4,845","1,388,040",390,"612,948","5,390","5,331,409",140,"61,618",220,"144,038",100,"162,939","3,580","861,852","4,765","1,164,258","7,585","20,085,581",130,"266,580",555,"9,531,820",680,"3,720,678",15,"-42,030",700,"10,913,144",280,"621,623",115,"2,118,631",0,"10,925",110,"888,458",250,"2,233,084",325,"4,989,118",440,"6,556,431",335,"789,564",265,"274,351",235,"47,579",995,"13,777,938",865,"10,423,503",390,"899,205",990,"6,311,500",275,"1,882,426",735,"-5,738,696","1,010","-3,856,270",395,"362,711",90,"101,816",55,"575,914",335,"553,079",20,"14,470",465,"258,463","5,310","1,691,259",765,"325,381",305,"751,799",26,"815,413",875,"51,016,514",900,"51,711,893",885,"34,972,661",27,"189,046",893,"16,134,759",920,"16,266,094"
VIC,3199,"29,180","13,870","29,025","1,346,079,228","23,380","243,213,364","20,150","17,755,035",305,"359,250","21,040","247,526,830",800,"2,543,436","23,100","1,115,451,511","6,125","19,319,766",500,"6,132,756",620,"6,509,857","2,585","13,406,764","2,165","20,865,889",340,"3,874,878",490,"11,671,828","15,840","26,300,882","2,315","1,571,738","5,995","29,008,249","5,985","12,422,173","29,065","1,416,342,391","8,910","24,963,172","3,410","4,069,080","14,880","4,159,571","1,380","2,363,479","16,480","17,006,652",420,"179,564",745,"909,610",490,"1,332,212","11,355","3,286,041","15,120","4,246,793","24,210","69,065,403",535,"1,163,215","2,110","36,183,177","2,520","17,433,448",50,"-230,238","3,425","69,912,482","1,285","5,019,361",265,"4,916,271",25,"530,774",320,"3,099,732","1,020","14,401,841","1,465","33,549,934","2,025","36,560,097","1,535","4,596,180","1,240","728,327","1,135","444,037","3,450","54,137,055","2,895","37,083,642","1,405","3,634,979","3,450","24,398,559","1,145","9,520,849","2,340","-20,500,974","3,490","-10,980,125","1,650","1,996,559",350,"869,775",305,"3,889,376","1,150","2,425,826",85,"52,185","1,545","952,174","16,410","5,279,364","2,490","1,077,675",810,"1,979,229",77,"1,818,257","2,535","161,355,733","2,605","163,244,702","2,530","107,515,961",86,230,"2,586","52,738,755","2,665","52,763,586"
VIC,3200,"2,075",460,"2,060","80,119,089","1,680","11,752,575","1,405","999,049",15,"14,257","1,515","11,814,730",35,"99,794","1,800","71,370,961",405,"943,971",35,"260,054",50,"362,233",360,"2,103,217",150,"1,482,161",15,"89,807",20,"452,091",785,"681,278",75,"13,874",210,"676,965",210,"290,253","2,060","83,477,008",555,"1,219,627",185,"170,113","1,315","372,440",90,"144,152","1,180","913,286",20,"5,019",45,"8,099",10,"27,624",755,"145,217","1,050","192,183","1,730","3,315,414",20,"32,254",70,"1,341,333",125,"482,727",0,"-9,619",95,"1,244,916",45,"42,215",20,"436,687",0,"11,574",15,"134,396",25,"191,853",35,"414,357",80,"1,542,125",40,"40,095",35,"14,816",35,"1,358",115,"1,492,121",105,"1,257,302",35,"83,679",115,"673,163",25,"107,710",95,"-629,733",120,"-522,023",65,"87,509",10,"59,502",10,"36,564",55,"80,284",0,"8,447",55,"27,486","1,395","466,455",195,"85,955",50,"110,226",5,"153,761",145,"76,387,639",150,"76,392,290",145,"73,748,764",5,"32,793",149,"2,631,760",155,"2,631,951"
VIC,3201,"10,780","3,470","10,735","482,941,531","9,120","80,148,751","8,115","6,477,014",100,"117,223","8,495","82,524,147",235,"724,480","9,530","445,987,312","2,465","6,779,438",190,"1,364,816",270,"1,711,608",975,"4,898,684",490,"4,615,558",45,"419,840",60,"1,215,439","4,625","3,864,567",380,"92,599","1,115","4,886,732","1,105","2,093,204","10,745","507,624,545","3,680","9,572,352","1,365","1,881,397","7,095","2,107,064",460,"797,336","6,975","6,687,625",120,"42,844",195,"83,292",60,"128,744","4,385","990,169","6,050","1,297,258","9,395","24,502,867",65,"106,562",560,"9,555,566",705,"3,124,252",10,"-12,544",520,"10,140,668",175,"484,262",125,"2,277,624",0,"21,376",105,"642,479",185,"1,517,928",220,"3,350,019",300,"4,012,558",185,"643,337",135,"176,636",135,"37,877",835,"10,790,163",780,"8,948,973",390,"880,190",840,"5,075,839",170,"1,046,546",675,"-5,161,385",845,"-4,114,839",480,"737,531",105,"163,093",45,"326,687",410,"564,049",30,"29,070",460,"251,089","7,005","2,221,136",735,"323,103",370,"524,262",26,"672,460",829,"54,149,751",855,"54,822,013",835,"39,490,104",29,"329,496",839,"14,337,011",870,"14,694,262"
VIC,3202,"1,510",960,"1,495","84,062,694","1,225","17,587,581","1,115","1,160,209",15,"17,821","1,155","18,141,186",45,"158,129","1,235","73,172,539",240,"1,203,090",30,"427,895",30,"429,613",75,"362,076",35,"278,212",20,"152,074",10,"179,764",895,"1,350,112",115,"29,125",325,"1,290,251",325,"552,895","1,500","87,803,886",420,"1,232,326",165,"225,991",585,"144,028",65,"153,854",880,"934,435",35,"16,545",50,"75,463",30,"84,574",555,"211,841",755,"237,246","1,245","3,632,961",25,"31,950",125,"2,164,092",165,"924,688",15,"244,057",210,"4,594,472",75,"160,705",15,"412,746",0,0,25,"130,408",75,"1,030,251",100,"2,604,066",140,"3,045,548",80,"437,666",70,"49,461",65,"8,889",315,"6,051,899",275,"4,527,762",150,"551,716",315,"2,712,221",90,"795,731",230,"-2,535,531",320,"-1,739,800",90,"64,389",30,"26,141",15,"142,234",100,"168,292",0,"2,346",110,"79,932",755,"240,880",90,"38,293",35,"153,569",3,"54,531",153,"10,873,588",155,"10,928,119",155,"8,151,179",5,"16,334",158,"2,616,588",165,"2,632,922"
VIC,3204,"17,540","11,855","17,425","1,063,620,779","14,170","240,033,433","12,485","14,610,837",205,"261,042","13,105","247,214,077",630,"2,400,664","13,645","852,260,550","2,855","13,902,225",305,"6,292,351",300,"6,742,126",845,"4,020,960",750,"7,263,132",245,"2,714,629",255,"6,477,739","11,370","27,577,765","2,020","1,262,281","5,295","29,041,808","5,280","12,438,887","17,440","1,112,480,479","4,560","13,484,991","2,000","2,336,495","5,165","1,307,501",685,"1,562,520","9,655","10,870,041",395,"190,476",810,"1,760,521",650,"2,442,411","6,765","2,841,351","8,315","3,375,301","14,185","47,691,497",345,"783,294","1,425","26,732,284","2,070","17,034,688",30,"467,547","3,115","79,423,767","1,355","5,694,642",165,"4,558,476",20,"603,668",220,"3,683,607",940,"11,705,501","1,425","28,442,002","1,975","41,867,446","1,500","3,774,214","1,350","1,539,168","1,205","349,584","3,160","63,840,507","2,580","42,529,892","1,315","3,682,188","3,175","26,070,082","1,235","12,598,077","1,960","-21,039,732","3,195","-8,441,655","1,195","2,091,946",315,"1,437,354",270,"4,236,902","1,155","3,038,495",25,"17,709","1,350","892,503","8,030","2,537,375","1,090","454,728",455,"1,541,011",65,"1,325,616","1,667","122,769,666","1,720","120,027,751","1,655","81,680,439",93,"-450,200","1,702","36,570,904","1,780","35,907,105"
VIC,3205,"6,590","4,385","6,510","525,559,964","5,525","139,656,527","4,955","7,343,564",140,"174,713","5,270","144,128,049",420,"1,843,667","5,200","397,795,728",900,"7,004,290",130,"2,198,783",150,"4,159,785",275,"1,588,607",130,"1,234,613",75,"1,145,704",70,"2,602,689","4,210","11,298,893",665,"529,759","1,755","22,644,928","1,750","9,698,588","6,540","555,472,069","1,545","5,279,882","1,105","1,813,046","1,645","435,808",335,"1,073,950","3,655","5,341,822",150,"89,461",255,"996,051",245,"1,269,061","2,505","2,659,379","3,245","3,443,394","5,385","26,970,800",100,"371,478",550,"11,231,338",715,"6,002,085",40,"-56,358","1,085","44,727,670",495,"4,634,863",80,"3,270,021",10,"154,194",100,"1,843,442",365,"17,358,889",565,"39,256,756",750,"25,219,832",545,"3,078,755",490,"1,410,247",445,"489,893","1,285","29,772,490","1,065","20,205,870",540,"2,112,351","1,290","13,311,767",455,"4,979,714",855,"-10,837,212","1,310","-5,857,498",615,"3,291,603",135,"731,149",145,"2,769,996",460,"1,731,006",25,"14,470",355,"211,249","2,680","815,396",305,"116,996",185,"763,228",46,"1,608,731",618,"133,494,564",675,"137,027,340",665,"115,128,707",60,"-666,325",641,"20,123,690",715,"20,420,851"
VIC,3206,"6,920","5,345","6,870","794,096,094","5,890","248,296,098","5,350","11,372,841",150,"223,860","5,540","254,661,884",365,"1,553,987","4,985","473,986,704",975,"10,624,708",110,"3,309,694",125,"6,019,921",220,"1,182,321",225,"2,066,763",115,"2,066,119",115,"3,936,168","4,705","18,404,438","1,080","6,317,371","2,505","60,910,016","2,490","26,100,145","6,890","839,761,661","1,715","6,986,862",970,"1,930,972","1,390","395,988",250,"833,976","3,555","5,754,120",190,"109,053",335,"2,358,614",370,"3,152,018","2,920","9,240,989","3,630","3,775,668","5,745","43,258,231",170,"560,929",625,"13,905,470",940,"9,121,987",35,"-1,041,494","1,740","119,832,022",770,"15,016,422",65,"1,799,104",25,"2,153,668",125,"1,398,016",565,"24,878,144",870,"61,764,517","1,025","54,675,050",795,"8,842,430",715,"5,150,214",635,"1,884,597","1,635","44,026,666","1,260","28,237,539",625,"2,500,298","1,645","20,247,906",695,"9,590,851",965,"-16,549,928","1,660","-6,959,077",845,"2,281,556",150,"1,704,609",290,"6,168,046",630,"2,323,358",10,"7,639",515,"346,309","2,505","758,352",430,"172,791",170,"1,078,673",56,"3,752,144",794,"122,558,268",845,"126,138,259",825,"81,314,945",79,"-2,978,356",825,"46,181,607",890,"43,137,607"
VIC,3207,"10,440","7,415","10,360","923,282,839","8,935","254,382,125","8,150","13,052,437",305,"393,511","8,510","262,433,541",575,"2,555,572","8,330","670,420,626","1,695","14,805,960",235,"3,793,068",285,"6,988,567",400,"2,198,747",250,"2,339,300",125,"1,680,894",130,"4,043,019","6,745","18,474,110","1,145","1,206,760","2,940","52,630,972","2,930","22,547,255","10,390","970,149,809","3,135","12,552,595","1,830","2,977,896","2,845","874,969",475,"1,401,361","6,205","9,327,260",280,"176,820",450,"2,051,470",415,"2,916,095","4,275","2,571,312","5,480","3,276,212","8,755","45,128,899",170,"489,584",845,"17,097,100","1,285","11,257,239",30,"-454,444","1,880","91,933,090",835,"11,694,538",115,"3,352,896",25,"968,605",155,"2,084,533",625,"30,525,158",945,"70,014,528","1,250","40,854,589",940,"5,093,385",825,"2,778,212",745,"799,316","2,275","51,129,302","1,915","35,740,710","1,065","4,004,765","2,295","23,447,409",805,"8,039,052","1,505","-20,100,939","2,310","-12,061,887",990,"1,451,677",185,"2,252,863",230,"4,650,182",760,"2,152,131",20,"11,943",725,"501,853","4,025","1,209,133",575,"239,526",365,"1,716,156",63,"2,200,245",954,"100,510,541","1,005","102,458,701",990,"70,956,567",82,"-1,686,835",981,"32,252,379","1,050","30,461,181"
VIC,3211,770,415,760,"42,388,196",615,"9,341,839",555,"598,737",15,"11,742",575,"9,648,892",10,"40,720",610,"34,837,982",160,"779,219",25,"263,987",20,"374,977",30,"138,100",40,"353,568",0,"23,962",15,"243,331",415,"986,140",85,"28,915",180,"648,987",175,"278,062",765,"44,671,360",230,"828,872",75,"125,476",390,"102,572",25,"32,929",465,"597,107",20,"4,691",30,"56,042",10,"47,674",310,"71,038",435,"145,207",645,"2,212,620",10,"8,520",40,"627,848",85,"651,560",25,"181,220",115,"3,924,120",40,"407,492",0,"121,083",0,"170,063",15,"134,528",35,"1,418,064",45,"1,923,006",50,"1,476,166",35,"29,274",30,"18,284",25,"1,687",165,"2,494,167",135,"1,664,036",70,"140,384",160,"1,029,118",60,"515,209",105,"-854,580",165,"-339,371",50,"49,361",0,"53,859",10,"110,551",40,"87,194",0,"1,888",40,"30,092",390,"122,328",65,"27,372",30,"64,129",15,"1,199,078",56,"3,863,104",70,"5,062,182",70,"5,060,422",17,"-930,273",58,"827,431",70,"-102,842"
VIC,3212,"8,810","4,180","8,765","440,307,941","7,150","84,306,767","6,230","5,916,223",105,"127,109","6,610","86,141,018",220,"726,323","7,530","390,822,662","2,140","6,234,399",190,"2,778,804",270,"3,091,076",570,"2,872,815",430,"3,935,961",105,"1,263,033",105,"2,671,862","4,300","5,728,908",705,"331,003","1,575","5,762,689","1,565","2,468,335","8,775","461,465,018","2,800","7,586,520",885,"1,422,546","5,275","1,431,010",345,"504,842","5,545","5,780,199",180,"48,959",135,"236,636",120,"296,095","3,605","858,982","4,740","1,026,941","7,405","20,615,806",135,"287,889",545,"8,641,104",945,"5,832,207",45,"-820,058",850,"20,069,250",305,"1,020,572",75,"1,587,586",10,"265,450",85,"769,769",240,"2,407,077",330,"6,130,233",455,"6,132,054",300,"1,254,308",260,"108,929",240,"313,172","1,160","15,567,226","1,020","11,599,759",505,"1,179,351","1,170","7,362,402",305,"1,876,016",875,"-6,450,302","1,180","-4,574,286",365,"292,649",90,"508,609",50,"822,979",320,"585,221",90,"51,399",455,"244,759","4,640","1,477,441",540,"230,645",365,"1,044,888",40,"1,261,758",565,"34,236,040",600,"35,496,565",575,"26,538,581",44,"-488,370",582,"8,667,798",620,"8,178,644"
VIC,3213,830,455,820,"39,781,630",630,"7,699,273",560,"534,951",0,"14,135",575,"7,858,656",15,"53,093",650,"32,309,258",165,"365,586",15,"148,156",20,"444,933",70,"323,816",50,"460,721",0,"87,302",15,"370,129",465,"847,595",85,"43,791",185,"591,437",185,"253,463",825,"41,645,262",230,"525,261",60,"68,045",420,"116,734",40,"77,216",440,"452,940",25,"6,196",15,"15,722",15,"80,903",305,"83,994",335,"84,202",655,"1,740,476",10,"29,338",45,"674,139",95,"529,371",15,"-412,793",120,"3,812,025",35,"41,109",0,"65,699",0,"45,792",10,"72,553",35,"361,090",45,"963,809",55,"765,714",40,"141,109",30,"4,291",35,"20,826",120,"2,046,106",100,"1,217,765",55,"130,778",115,"789,765",45,"465,710",75,"-557,912",125,"-92,202",45,"16,135",10,"5,480",10,"145,059",30,"82,942",0,"1,672",40,"22,192",415,"136,361",35,"15,160",30,"108,670",7,"680,577",53,"3,419,533",55,"4,100,110",55,"3,013,096",8,"-21,298",54,"1,099,432",60,"1,078,134"
VIC,3214,"9,445","2,445","9,425","377,734,591","7,530","57,906,060","6,250","4,745,804",55,"59,783","6,710","58,542,160",145,"444,415","8,185","338,806,143","2,275","4,190,743",200,"2,201,707",275,"2,180,580","1,595","9,239,018",795,"8,028,132",90,"778,276",65,"1,392,808","3,525","3,405,360",395,"108,511",980,"2,378,397",980,"1,019,709","9,425","394,392,613","2,680","5,955,390",625,"1,028,215","6,265","1,807,588",360,"505,436","5,555","4,798,478",175,"50,151",95,"97,786",50,"107,348","3,455","829,071","5,340","852,017","7,850","16,582,590",85,"134,149",395,"7,691,944",715,"3,551,310",10,"-112,741",460,"7,893,245",195,"1,004,185",100,"1,672,248",0,"1,088",60,"559,974",140,"962,425",175,"2,948,313",240,"3,943,007",205,"491,438",165,"191,301",160,"60,892",655,"8,208,224",550,"5,722,503",230,"500,474",650,"3,983,901",215,"1,037,011",435,"-3,035,665",655,"-1,998,654",240,"174,695",55,"68,335",30,"255,689",215,"281,621",35,"22,055",250,"134,916","5,905","1,938,081",770,"333,221",320,"474,644",15,"541,947",578,"24,365,868",590,"24,907,815",550,"16,961,432",17,"206,057",578,"8,832,571",595,"9,038,628"
VIC,3215,"10,525","5,235","10,475","492,638,251","8,460","90,538,034","7,400","6,582,664",105,"118,440","7,700","92,287,722",360,"1,112,219","8,500","407,545,192","2,320","5,467,132",205,"2,342,848",300,"2,971,597","1,020","5,463,789",705,"6,805,059",125,"1,405,597",115,"2,363,013","5,535","11,105,546",890,"312,264","2,190","7,926,335","2,180","3,383,185","10,480","516,050,548","3,230","7,612,426",890,"1,265,791","5,785","1,612,356",415,"666,708","6,140","6,163,514",170,"60,803",215,"287,700",185,"669,931","4,275","1,199,233","5,735","1,518,737","8,665","22,984,966",145,"279,657",740,"12,040,263","1,080","7,195,776",45,"-63,776","1,325","34,884,147",505,"4,136,926",80,"1,534,786",10,"256,400",105,"1,594,546",365,"4,551,208",490,"12,260,254",615,"9,177,195",495,"679,143",445,"155,659",400,"437,412","1,485","22,389,789","1,140","12,519,169",535,"1,201,884","1,490","9,794,217",655,"5,296,729",860,"-6,422,210","1,515","-1,125,481",450,"647,694",125,"395,793",85,"1,387,181",350,"527,306",35,"38,622",520,"322,322","5,915","1,915,059",825,"354,617",385,"743,546",24,"729,690",754,"55,410,493",775,"56,168,130",765,"42,231,523",30,"-340,775",763,"13,239,619",790,"12,902,430"
VIC,3216,"31,745","18,400","31,600","1,563,920,998","25,255","303,683,497","22,125","21,036,201",255,"312,357","22,970","309,907,270","1,185","3,987,380","24,960","1,255,957,415","6,525","16,653,751",475,"6,633,706",590,"7,866,771","2,555","13,339,722","2,165","18,948,833",535,"6,642,068",510,"11,438,525","18,180","34,660,672","3,435","1,418,592","8,265","43,107,990","8,240","18,469,046","31,645","1,638,159,024","9,580","21,992,403","3,070","3,880,796","15,600","4,049,586","1,285","2,271,555","17,835","18,823,859",610,"223,052",805,"1,182,634",735,"1,969,725","13,240","4,215,973","16,035","4,476,356","26,000","72,904,833",650,"1,456,540","2,520","41,211,549","3,820","28,221,118",245,"-1,033,206","4,960","120,548,672","2,075","9,322,559",270,"5,816,531",45,"416,333",340,"2,199,429","1,445","14,957,076","2,145","40,123,483","2,690","44,067,591","2,090","4,064,168","1,870","1,831,570","1,720","505,679","3,990","63,463,626","3,275","40,481,222","1,725","4,652,918","4,010","29,149,062","1,395","11,253,456","2,645","-22,073,032","4,045","-10,819,576","1,565","2,764,833",480,"1,117,784",435,"6,951,145","1,340","2,756,420",120,"88,140","1,780","1,074,445","16,635","5,306,284","2,340","987,252",830,"2,958,524",119,"2,935,914","2,349","170,447,300","2,445","172,776,570","2,380","120,376,232",141,"-887,057","2,401","52,038,036","2,510","50,893,113"
VIC,3217,680,440,680,"34,135,489",565,"6,459,305",505,"467,533",0,"6,922",515,"6,635,447",40,"148,356",545,"27,800,969",155,"319,515",10,"98,209",20,"216,374",50,"207,499",30,"238,249",10,"123,024",0,"147,000",450,"1,037,485",65,"70,229",150,"1,061,550",150,"454,919",680,"35,905,336",235,"543,679",80,"55,838",350,"92,790",35,"45,125",395,"461,324",15,"2,965",15,"44,082",15,"55,505",285,"77,321",355,"96,379",555,"1,728,120",15,"25,591",55,"888,525",90,"576,045",35,"158,726",110,"2,095,892",45,"155,493",0,"51,160",0,"51,644",10,"45,136",35,"199,128",50,"491,912",50,"1,333,270",45,"38,238",40,"20,566",35,"2,612",90,"1,602,505",75,"954,547",35,"81,331",90,"609,854",35,"316,394",55,"-359,621",95,"-43,227",45,"28,663",0,"1,346",15,"189,587",40,"62,205",0,395,50,"37,955",365,"114,789",50,"18,468",25,"43,051",5,"11,571",56,"2,246,170",60,"2,257,741",60,"1,193,109",6,"-111,389",57,"1,142,404",60,"1,031,015"
VIC,3218,"7,505","4,115","7,470","388,522,493","6,250","76,548,215","5,555","5,314,453",85,"118,144","5,755","78,509,772",400,"1,398,331","6,265","326,769,552","1,605","3,932,922",130,"2,022,188",170,"2,682,397",735,"3,940,223",350,"3,244,725",115,"1,222,120",65,"1,272,403","4,130","6,343,952",645,"249,498","1,555","6,873,132","1,545","2,945,085","7,480","407,761,921","2,435","5,833,796",860,"925,527","3,835","1,042,314",355,"661,392","4,520","5,093,219",130,"42,939",175,"265,551",130,"521,584","3,220","1,398,416","3,915","933,552","6,305","18,746,528",120,"209,426",645,"11,390,390",890,"6,212,367",35,"-22,490",965,"24,675,165",430,"1,994,402",70,"1,621,374",0,"16,901",85,"485,292",260,"3,319,017",380,"7,575,755",535,"7,268,042",385,"810,907",350,"391,772",325,"200,002","1,000","15,004,520",865,"10,242,336",375,"808,261","1,005","7,248,063",300,"2,064,700",710,"-5,358,840","1,010","-3,294,140",370,"591,678",105,"175,230",80,"1,317,723",315,"699,422",35,"18,279",380,"219,194","4,105","1,304,154",465,"195,374",235,"837,743",15,"355,730",670,"40,091,449",680,"40,380,363",655,"25,087,794",22,"-419,074",687,"15,473,470",705,"15,068,266"
VIC,3219,"10,365","4,510","10,335","458,838,423","8,470","78,147,363","7,265","6,024,097",110,"112,439","7,625","79,246,188",300,"1,053,314","8,725","400,907,400","2,505","4,558,467",180,"1,992,315",250,"2,647,652","1,190","6,488,411",740,"7,177,838",140,"1,484,813",110,"2,128,729","4,960","7,445,897",765,"279,593","1,810","5,442,524","1,800","2,324,056","10,345","480,273,209","3,205","7,176,518",915,"1,219,200","6,245","1,753,778",425,"763,332","6,215","5,993,656",150,"40,456",185,"211,533",110,"245,976","4,515","1,092,922","5,765","1,058,727","8,730","21,164,557",145,"268,737",695,"11,927,294","1,060","6,568,552",25,"-14,153",970,"16,765,887",390,"828,342",100,"1,596,389",0,"41,771",110,"1,067,189",285,"1,941,874",395,"6,642,241",480,"5,409,811",410,"1,087,293",365,"87,579",335,"258,849","1,000","14,800,470",845,"9,308,213",360,"849,559","1,000","6,839,645",355,"2,485,341",655,"-4,682,288","1,010","-2,196,947",335,"718,523",110,"160,631",85,"1,066,584",330,"525,557",40,"29,413",465,"248,805","6,185","2,006,258",850,"367,086",330,"777,124",20,"546,734",770,"45,219,835",790,"45,734,530",770,"31,398,822",23,"10,721",781,"13,803,230",800,"13,781,912"
VIC,3220,"10,730","7,015","10,645","669,786,283","8,635","157,927,877","7,725","9,294,510",120,"168,659","8,015","162,393,781",455,"1,629,135","7,930","446,081,090","1,990","6,941,558",170,"2,895,573",180,"3,014,335",740,"4,121,424",415,"3,945,416",230,"2,993,879",120,"3,176,672","6,260","16,137,063","1,330","1,182,804","3,225","33,097,996","3,210","14,180,707","10,660","704,039,869","2,750","7,143,394","1,035","1,377,731","4,090","1,060,639",440,"967,445","5,535","6,529,523",190,"62,849",325,"943,880",355,"1,872,583","4,175","2,740,747","5,125","2,215,343","8,565","32,820,980",250,"563,018","1,080","19,307,118","1,380","12,204,417",85,"120,265","2,510","98,678,837","1,040","9,169,085",100,"2,425,836",20,"1,439,549",120,"1,416,648",665,"16,288,083",975,"40,179,931","1,165","27,242,276",830,"2,632,305",765,"1,007,278",690,"357,812","1,975","39,270,698","1,540","23,109,783",745,"2,149,673","1,975","18,232,092",820,"7,815,146","1,180","-12,035,996","1,995","-4,220,850",810,"1,621,380",230,"1,230,482",320,"5,999,888",570,"1,857,413",40,"24,210",535,"364,859","5,020","1,601,119",785,"325,910",260,"1,102,097",49,"1,240,524",927,"112,101,867",975,"113,977,351",945,"74,960,868",67,"-1,589,922",933,"39,244,398","1,000","37,582,732"
VIC,3221,"3,440","2,050","3,400","197,045,519","2,715","45,210,594","2,415","2,731,870",35,"53,816","2,500","46,480,482",65,"227,158","2,445","124,191,460",685,"2,542,370",40,"550,717",65,"650,381",185,"912,894",125,"1,144,488",70,"1,043,123",25,"650,137","1,875","4,517,752",420,"200,636",930,"18,679,715",925,"8,005,450","3,420","207,363,109",910,"2,580,085",215,"447,950","1,595","429,116",95,"203,758","1,740","1,774,853",45,"18,284",100,"250,170",75,"398,797","1,235","493,370","1,695","708,654","2,675","9,351,767",70,"159,902",215,"3,534,388",360,"2,960,430",175,"-1,765,189",925,"31,542,837",310,"2,682,622",25,"601,945",20,"213,803",50,"488,538",175,"2,960,701",250,"9,703,873",315,"7,143,127",210,"743,227",200,"293,169",180,"75,207",650,"10,186,859",490,"6,433,506",215,"610,843",650,"4,382,726",285,"2,133,845",375,"-3,374,061",660,"-1,240,216",285,"448,619",50,"133,527",100,"1,633,673",160,"389,654",10,"7,866",140,"81,467","1,755","578,548",300,"127,094",90,"269,502",61,"2,346,718",292,"33,920,014",340,"36,266,732",350,"27,665,364",74,"-624,574",300,"8,942,451",360,"8,317,877"
VIC,3222,"7,195","3,725","7,160","329,546,726","5,580","61,511,540","4,810","4,343,369",60,"75,284","5,005","62,123,476",165,"503,898","5,405","252,369,738","1,385","3,523,866",100,"1,395,485",150,"1,873,272",620,"3,089,182",520,"4,722,478",120,"1,364,210",125,"2,758,380","3,870","7,891,073",770,"316,064","1,795","10,686,125","1,790","4,580,153","7,170","344,385,434","2,065","4,669,104",530,"804,995","3,630","973,674",260,"408,349","3,740","3,497,346",100,"34,817",135,"126,856",140,"293,246","2,765","660,473","3,510","993,292","5,745","14,578,722",145,"287,003",465,"7,802,898",705,"4,898,064",100,"-183,024","1,105","25,343,748",395,"1,611,084",70,"1,348,514",10,"188,230",70,"574,917",315,"5,007,450",415,"10,714,700",505,"6,228,722",385,"1,804,772",325,"701,548",315,"282,781",785,"10,020,004",640,"6,551,939",295,"576,994",780,"4,619,224",260,"1,815,150",540,"-3,544,070",800,"-1,728,920",330,"644,128",90,"445,730",120,"1,635,684",255,"464,064",35,"21,295",375,"197,750","3,855","1,245,475",640,"266,483",195,"805,177",41,"1,614,579",587,"50,937,264",620,"52,511,387",610,"38,184,376",47,"-706,532",596,"14,562,332",635,"13,855,800"
VIC,3223,"3,325","1,710","3,305","139,066,732","2,425","24,815,609","1,965","1,731,014",25,"24,500","2,060","24,316,994",55,"179,820","2,195","98,415,571",550,"2,035,385",45,"494,403",55,"644,986",295,"1,757,068",370,"3,419,189",70,"843,174",90,"2,281,861","1,860","5,666,867",395,"292,772","1,040","5,598,674","1,040","2,398,769","3,315","146,755,137",790,"1,970,823",235,"401,550","1,350","373,376",80,"106,999","1,505","1,441,851",50,"24,486",90,"131,738",75,"179,170","1,160","474,358","1,580","466,341","2,475","6,658,866",100,"212,436",160,"2,758,216",325,"2,223,966",55,"562,041",540,"11,849,142",215,"1,601,155",25,"853,583",0,"96,168",65,"563,455",170,"1,417,828",250,"5,140,615",270,"6,307,748",225,"285,954",190,"92,535",175,"19,589",445,"6,394,984",305,"3,275,593",155,"360,874",445,"2,939,915",215,"1,608,011",230,"-1,789,409",450,"-181,398",155,"205,841",50,"155,006",50,"899,210",85,"181,566",20,"17,156",130,"77,981","1,660","540,887",385,"163,194",90,"760,665",14,"564,500",298,"14,599,856",310,"15,131,685",305,"10,397,300",19,"-271,236",309,"4,570,476",325,"4,299,240"
VIC,3224,"6,760","3,730","6,745","315,685,806","5,410","57,600,413","4,780","4,241,232",50,"68,947","4,950","58,928,231",215,"695,236","5,360","262,718,315","1,515","3,716,274",110,"1,437,120",155,"1,607,486",470,"2,495,456",435,"3,980,416",85,"856,809",90,"2,129,119","3,585","5,836,118",635,"412,832","1,490","5,312,907","1,490","2,276,055","6,750","330,674,323","2,200","4,980,976",560,"699,905","3,840","1,037,123",290,"406,179","3,925","3,853,400",120,"40,343",125,"146,728",125,"383,585","2,930","751,120","3,575","795,012","5,555","14,846,983",105,"208,144",425,"7,111,759",750,"4,877,551",40,"77,021","1,020","23,041,762",410,"1,722,308",55,"1,426,559",10,"42,846",80,"819,489",270,"2,346,850",385,"5,275,769",490,"8,642,421",415,"1,093,437",375,"425,740",350,"96,575",830,"11,284,354",685,"7,470,542",390,"917,448",830,"5,119,317",295,"1,706,950",540,"-3,929,903",835,"-2,222,953",280,"279,874",75,"148,723",70,"1,026,409",240,"593,160",30,"22,031",370,"191,932","3,775","1,200,625",485,"209,626",210,"539,601",28,"886,380",488,"34,770,384",510,"35,655,163",500,"26,079,252",32,"-330,739",499,"9,491,836",525,"9,170,778"
VIC,3225,"2,565","1,775","2,540","134,065,518","1,860","30,205,967","1,500","1,719,900",20,"25,722","1,595","30,446,658",55,"206,910","1,420","70,230,628",330,"1,338,769",20,"367,749",20,"150,725",135,"714,881",310,"2,771,424",65,"914,212",105,"2,864,996","1,685","6,898,786",515,"479,237","1,125","14,712,498","1,120","6,304,465","2,550","141,669,132",480,"1,206,463",175,"223,470",695,"197,032",85,"127,030",920,"1,011,131",40,"21,126",120,"232,025",130,"504,659",975,"650,078","1,205","556,371","1,885","6,552,434",95,"302,078",160,"2,880,985",255,"2,389,657",45,"-190,804",675,"20,529,680",320,"2,543,241",20,"231,939",15,"90,666",35,"283,072",230,"3,356,120",365,"8,460,266",400,"8,319,153",290,"729,263",265,"145,851",240,"73,608",410,"7,624,404",250,"3,513,693",125,"400,071",405,"3,351,140",215,"2,311,912",200,"-1,952,412",415,"359,500",175,"159,990",55,"134,831",95,"1,580,704",100,"216,097",10,"5,114",130,"92,690","1,095","369,385",280,"106,463",45,"195,181",21,"916,676",275,"20,549,390",295,"21,466,066",280,"15,779,746",29,"-204,686",280,"5,799,223",300,"5,594,537"
VIC,3226,"7,920","4,695","7,890","382,614,997","6,235","73,210,699","5,410","5,076,663",75,"87,825","5,610","74,066,246",280,"988,503","5,875","287,393,588","1,530","4,283,118",130,"1,953,759",160,"1,790,486",565,"2,828,606",565,"5,088,967",205,"2,643,900",160,"3,881,671","4,705","9,074,544",950,"592,786","2,210","11,726,846","2,205","5,018,842","7,890","401,804,640","2,400","5,448,904",770,"998,824","3,455","920,976",350,"607,838","4,240","4,380,331",140,"59,819",235,"396,311",235,"675,890","3,390","997,367","3,970","1,250,629","6,410","19,067,161",225,"549,834",630,"10,886,959",955,"7,409,121",35,"-198,986","1,420","32,741,966",595,"2,412,052",85,"2,128,661",10,"470,381",115,"1,183,357",490,"6,797,964",685,"15,870,315",785,"11,604,877",600,"1,505,055",530,"251,750",470,"285,838","1,155","17,049,070",890,"9,933,843",480,"1,194,133","1,155","7,980,160",465,"3,416,372",700,"-5,475,438","1,165","-2,059,066",485,"496,607",145,"535,950",155,"2,500,527",365,"801,065",25,"20,149",470,"284,238","4,035","1,302,485",675,"278,875",225,"854,208",35,"911,094",806,"50,823,783",835,"51,686,957",815,"31,681,903",44,"-270,131",828,"19,394,585",870,"19,087,474"
VIC,3227,"2,800","1,890","2,770","155,379,447","2,145","34,341,130","1,870","2,079,729",25,"26,258","1,935","34,884,237",95,"361,161","1,950","104,368,057",470,"1,624,150",50,"449,536",50,"749,775",170,"931,317",150,"1,127,019",90,"1,018,924",40,"827,632","1,615","4,297,019",370,"367,229",850,"8,207,364",850,"3,517,057","2,775","165,537,584",780,"2,037,231",255,"398,822",975,"257,785",100,"193,815","1,370","1,647,723",50,"17,891",90,"318,428",100,"497,813","1,110","719,038","1,410","760,277","2,250","9,317,302",80,"161,066",250,"4,232,229",330,"3,164,486",40,"491,792",670,"23,362,268",255,"1,842,352",30,"666,402",10,"260,290",40,"575,172",200,"3,356,998",285,"10,900,655",370,"7,554,132",240,"565,204",230,"258,474",205,"113,154",440,"7,571,916",350,"5,185,376",155,"510,507",435,"3,721,050",150,"1,470,678",295,"-3,315,695",445,"-1,845,017",270,"468,937",65,"104,898",85,"1,660,990",190,"792,425",20,"16,766",165,"101,932","1,280","405,087",210,"84,120",80,"475,562",27,"1,084,337",315,"23,269,605",335,"24,353,942",325,"15,466,763",29,"-384,336",319,"8,919,227",340,"8,534,891"
VIC,3228,"10,100","6,250","10,035","552,631,809","7,935","120,154,361","7,050","7,597,959",115,"166,626","7,275","122,886,514",380,"1,396,485","7,395","398,791,137","1,860","6,488,769",170,"2,201,473",215,"4,021,434",660,"3,307,122",520,"4,755,320",200,"2,725,277",120,"3,305,267","5,925","12,187,420","1,105","749,489","2,675","22,121,019","2,665","9,475,437","10,060","581,636,096","3,065","8,294,606","1,030","1,413,415","4,055","1,101,994",375,"676,109","5,210","6,205,444",160,"49,663",290,"729,937",235,"871,730","3,735","1,484,034","4,910","1,906,178","7,990","28,147,064",210,"515,386",815,"13,318,107","1,080","8,277,142",70,"-726,010","1,905","64,400,697",745,"6,361,253",70,"1,481,693",15,"343,223",170,"1,265,009",580,"11,995,421",820,"30,158,024","1,045","22,799,424",675,"3,093,228",585,"647,106",540,"706,123","1,540","24,432,965","1,220","16,444,418",610,"1,802,099","1,540","11,374,891",555,"4,531,986","1,010","-9,720,429","1,565","-5,188,443",810,"1,433,218",155,"512,440",235,"3,938,141",550,"1,423,145",45,"34,015",505,"309,439","4,975","1,605,328",685,"282,840",270,"873,028",49,"1,075,744","1,146","102,941,991","1,190","104,023,945","1,170","73,269,778",67,"-318,915","1,175","30,398,155","1,235","30,085,469"
VIC,3230,"1,570",875,"1,560","67,415,394","1,175","12,436,554",960,"866,987",0,"10,873","1,005","12,467,470",35,"107,207","1,025","45,455,418",250,"894,563",15,"261,142",25,"330,643",125,"683,827",140,"1,186,136",35,"409,931",35,"802,412",955,"2,570,664",240,"157,610",530,"3,762,213",525,"1,609,660","1,565","70,921,501",370,"855,191",110,"184,346",570,"152,088",50,"73,459",670,"733,922",20,"4,176",70,"49,858",65,"91,837",600,"225,613",815,"429,895","1,195","3,372,493",45,"101,965",85,"1,414,131",160,"1,245,291",0,"-132,344",330,"6,069,333",130,"428,222",10,"298,690",0,493,20,"1,215,141",100,"1,484,906",155,"3,669,588",170,"2,715,628",130,"724,014",120,"210,463",110,"91,236",235,"3,860,796",170,"2,126,714",65,"201,821",235,"1,681,238",110,"915,933",130,"-1,064,910",235,"-148,977",110,"87,790",10,"93,110",35,"440,108",70,"131,465",0,"3,189",70,"39,277",810,"270,751",145,"64,442",35,"93,172",5,"82,013",174,"14,647,486",180,"14,729,499",165,"11,217,147",6,"37,899",175,"2,340,435",180,"2,378,334"
VIC,3231,760,470,760,"37,395,625",545,"7,858,582",485,"501,534",0,"8,784",495,"7,984,551",15,"39,619",465,"21,613,987",100,"246,436",10,"175,864",10,"305,810",60,"329,387",65,"563,934",20,"381,084",10,"316,609",465,"1,310,261",135,"142,343",290,"3,588,267",290,"1,536,033",760,"40,231,649",155,"434,331",55,"89,164",220,"53,889",25,"24,716",310,"477,738",10,"2,685",35,"153,817",30,"172,887",280,"166,914",370,"197,341",580,"2,452,269",25,"65,762",50,"882,478",75,"770,069",0,"112,852",215,"4,697,304",85,"515,699",0,"287,139",0,"18,140",10,"43,904",65,"1,470,557",95,"3,303,444",85,"2,577,000",95,"166,924",85,"35,302",75,"11,614",130,"2,192,610",90,"1,037,515",45,"140,433",130,"1,022,137",55,"544,286",75,"-551,761",130,"-7,475",55,"28,287",15,"50,981",30,"565,265",40,"112,603",0,676,40,"25,170",355,"122,488",65,"25,591",20,"67,800",2,"31,957",110,"7,388,270",110,"7,420,227",105,"4,767,823",4,"-134,091",111,"2,749,497",115,"2,615,406"
VIC,3232,820,440,815,"40,095,187",600,"8,784,955",500,"528,133",10,"12,490",525,"8,888,006",15,"52,848",485,"18,927,266",90,"427,244",0,"24,849",0,"1,630",45,"239,516",50,"493,961",25,"473,298",10,"226,533",510,"1,618,129",130,"106,261",250,"3,052,680",250,"1,305,983",815,"42,249,500",155,"398,298",40,"115,978",280,"76,032",15,"27,140",275,"317,018",10,"5,870",45,"67,330",20,"51,852",215,"102,528",365,"177,021",610,"1,958,941",25,"78,680",25,"434,275",40,"507,953",0,"27,363",225,"5,974,684",60,"366,495",0,"38,101",0,"145,970",10,"56,402",60,"5,076,563",85,"11,441,162",95,"8,635,371",50,"599,936",45,"32,759",35,"43,855",135,"2,509,804",90,"1,149,511",40,"80,626",135,"1,298,207",65,"650,277",70,"-668,817",140,"-18,540",50,"76,584",10,"99,488",35,"490,682",35,"127,747",0,395,30,"16,765",445,"149,659",100,"44,693",0,"17,815",6,"114,807",117,"12,329,535",120,"12,444,342",115,"9,299,956",6,"-25,402",118,"2,999,910",120,"2,974,508"
VIC,3233,"1,310",580,"1,295","47,783,911",950,"7,470,489",765,"581,405",10,"21,478",810,"7,423,427",15,"53,999",860,"31,467,489",165,"690,813",15,"116,702",20,"227,578",95,"543,976",85,"890,422",30,"301,818",20,"495,038",790,"2,130,331",170,"110,707",335,"1,379,976",335,"591,657","1,305","50,622,969",270,"601,181",80,"95,349",560,"148,063",35,"84,767",460,"449,704",0,"3,775",40,"72,846",20,"41,347",380,"157,557",570,"243,901",965,"2,428,702",35,"76,340",75,"1,240,083",90,"630,419",40,"217,254",300,"5,740,490",80,"323,729",20,"372,700",0,"94,572",25,"292,512",55,"797,739",85,"2,225,567",120,"3,125,700",80,"280,169",70,"180,287",70,"25,908",180,"3,220,999",125,"1,493,962",50,"183,904",180,"1,470,162",105,"792,434",80,"-719,463",180,"72,971",75,"110,865",30,"75,977",40,"431,076",45,"98,104",10,"6,412",50,"23,559",735,"251,881",170,"68,174",30,"79,405",20,"860,090",213,"11,828,331",225,"12,605,851",220,"9,063,423",23,"-112,089",212,"3,594,078",225,"3,434,416"
VIC,3234,60,30,60,"2,533,074",45,"451,538",35,"32,810",0,0,40,"458,119",0,"9,330",40,"1,680,703",10,"25,422",0,0,0,"5,023",10,"41,286",0,"16,640",0,"15,301",0,0,35,"106,809",0,588,10,"108,413",10,"46,457",60,"2,728,152",15,"46,745",0,"3,028",20,"4,462",0,"9,068",20,"29,034",0,0,0,216,0,0,10,"12,153",20,"9,547",35,"195,078",0,"1,564",0,"17,000",0,"53,529",0,0,20,"567,623",0,"20,525",0,0,0,0,0,0,0,"79,723",0,"161,474",0,"82,588",0,"24,842",0,553,0,"2,561",15,"124,240",10,"63,758",0,"9,391",15,"57,058",0,"38,533",0,"-44,500",15,"-5,967",0,"2,279",0,"1,281",0,"80,825",0,0,0,0,0,180,35,"10,119",0,"3,000",0,443,2,"105,949",3,"88,634",0,"194,583",0,"201,150",2,"-18,968",3,"12,401",0,"-6,567"
VIC,3235,230,110,225,"8,536,042",150,"1,516,213",120,"106,717",0,"3,533",125,"1,523,975",0,"8,652",140,"6,178,601",35,"129,377",0,"5,240",0,"14,611",20,"141,484",10,"115,862",0,"54,109",0,0,125,"299,547",20,"21,452",50,"241,733",50,"103,437",230,"9,193,687",45,"114,422",10,"19,503",80,"21,303",10,"10,350",85,"111,844",0,167,0,"5,163",0,976,60,"57,488",105,"33,498",160,"525,692",0,"7,320",20,"355,132",20,"140,180",35,"-400,624",60,"904,987",15,"7,412",0,"30,608",0,"136,446",0,"21,157",20,"341,690",25,"700,380",15,"221,738",15,"101,730",15,"65,681",10,"1,332",30,"394,812",20,"195,549",10,"11,466",30,"241,558",15,"74,859",20,"-128,620",30,"-53,761",10,"1,472",10,"7,061",0,"128,000",10,"21,502",0,338,10,"4,202",110,"35,007",15,"5,996",0,"13,049",8,"393,211",33,"1,756,604",40,"2,117,915",40,"1,499,318",12,"-23,296",35,"714,718",45,"691,422"
VIC,3236,145,55,145,"5,173,692",105,"799,512",80,"63,747",0,0,90,"790,526",0,"10,966",105,"4,334,956",25,"114,739",0,0,0,614,15,"77,976",10,"113,366",0,"41,701",0,0,75,"193,429",15,"3,702",30,"137,038",30,"59,263",145,"5,551,635",40,"81,256",15,"22,510",70,"18,408",0,"35,904",70,"140,300",0,22,0,165,0,"32,508",55,"19,860",60,"16,172",110,"377,949",0,"4,229",10,"158,261",15,"81,612",10,"-137,114",30,"19,466",15,"16,282",0,0,0,"29,329",0,"24,266",10,"83,533",20,"261,817",15,"208,429",15,"122,143",15,"74,700",15,"26,278",25,"234,474",20,"143,219",10,"9,240",25,"143,355",10,"35,083",15,"-96,423",25,"-61,340",0,124,0,232,0,"7,060",0,"3,784",0,"2,165",0,757,75,"24,195",20,"7,520",0,7,3,"82,447",23,"703,222",25,"785,669",25,"381,767",5,"-4,296",25,"377,092",30,"372,796"
VIC,3237,120,50,120,"3,391,264",70,"517,208",50,"39,266",0,0,55,"471,084",0,"2,659",65,"2,189,211",15,"20,556",0,"3,998",0,"7,211",10,"36,244",10,"94,235",0,"94,585",0,"34,676",65,"157,855",15,"4,247",25,"53,061",25,"22,729",120,"3,545,737",20,"40,626",0,"4,606",40,"10,015",0,"7,258",35,"29,627",0,0,0,"4,300",0,"6,656",25,"12,911",45,"14,944",75,"145,961",0,"9,074",0,"84,343",0,"19,124",20,"116,106",25,"245,997",0,"5,125",0,0,0,"5,607",0,"16,895",0,"151,402",0,"329,809",10,"145,830",0,"16,575",0,283,0,220,10,"103,774",0,"24,874",0,0,10,"29,676",0,"53,739",0,"-4,515",10,"49,224",10,937,0,"1,071",0,"6,313",0,"8,705",0,"1,173",0,"1,292",55,"17,350",10,"3,652",0,"30,533",9,"319,241",24,"1,028,891",30,"1,348,132",30,"1,221,519",10,"-205,367",26,"308,015",30,"102,648"
VIC,3238,165,65,160,"4,127,807",90,"604,827",65,"49,576",0,"1,335",75,"586,982",0,"10,745",80,"2,892,822",25,"78,869",0,430,0,0,20,"120,105",15,"128,423",0,"17,218",0,0,90,"349,001",20,"30,624",35,"172,761",35,"74,025",160,"4,500,498",30,"64,545",0,"1,098",50,"14,047",0,"3,531",45,"42,111",0,316,0,"50,355",0,"11,524",35,"21,778",65,"24,806",100,"264,492",0,0,0,"103,828",0,"51,942",35,"-364,760",50,"213,931",10,"4,108",0,"2,520",0,"1,235",0,"10,061",10,"389,784",15,"1,063,077",15,"140,715",10,"17,396",0,858,0,18,25,"332,408",15,"197,340",10,"12,151",25,"157,300",10,"59,578",15,"-93,961",25,"-34,383",10,"2,528",0,"40,932",0,"25,000",0,"4,381",0,0,0,"2,056",75,"25,530",15,"6,783",0,"23,860",3,"67,296",30,"3,549,955",35,"3,617,251",35,"3,423,961",6,"-102,882",30,"286,250",35,"183,368"
VIC,3239,255,90,250,"8,227,147",175,"1,412,764",140,"110,153",0,"4,450",150,"1,419,576",0,"13,435",165,"6,783,574",40,"145,576",0,"21,232",0,"6,331",30,"175,180",20,"166,071",0,"31,995",0,"72,469",150,"343,659",25,"13,251",45,"94,272",45,"40,394",255,"8,726,924",55,"114,746",0,"33,332",125,"36,761",0,"6,533",100,"142,355",0,416,0,"22,587",0,552,55,"18,223",95,"23,958",175,"470,220",0,"11,764",10,"120,275",15,"167,266",55,"-177,777",65,"793,273",25,"34,925",0,0,0,"122,380",0,"55,194",0,"100,347",10,"173,507",20,"345,859",15,"29,937",10,"1,949",10,306,20,"270,073",15,"207,445",10,"11,046",20,"93,636",10,"45,177",10,"-87,231",20,"-42,054",15,"5,304",0,"13,771",0,"39,738",15,"30,962",0,"1,511",0,"3,840",125,"40,237",15,"6,217",0,"18,358",12,"716,469",25,"1,112,552",35,"1,829,021",30,"1,994,035",14,"-462,127",25,"283,851",35,"-178,276"
VIC,3240,"1,240",790,"1,220","57,058,928",945,"10,973,867",835,"777,972",15,"14,081",860,"11,170,828",25,"69,974",905,"46,487,550",220,"621,362",15,"256,872",15,"335,353",60,"283,631",60,"628,806",20,"349,636",10,"197,658",675,"1,462,807",160,"63,631",315,"1,039,929",315,"445,808","1,230","60,310,168",325,"756,035",80,"239,827",530,"131,381",40,"104,667",615,"643,947",25,"119,927",30,"73,586",20,"171,604",425,"136,552",550,"199,682",950,"3,084,100",25,"64,410",85,"1,390,478",140,"1,068,391",110,"-408,749",265,"5,576,641",105,"364,432",10,"217,877",10,"346,843",15,"258,701",55,"547,109",80,"1,387,944",130,"1,921,407",90,"226,271",85,"3,736",80,"68,708",160,"2,317,342",130,"1,586,970",65,"169,980",155,"1,116,635",65,"327,422",95,"-883,665",160,"-556,243",75,"108,921",25,"46,170",25,"340,944",65,"165,326",0,"5,812",55,"32,647",625,"204,066",85,"35,712",25,"95,946",43,"1,311,211",136,"11,826,181",170,"13,137,392",170,"11,307,877",48,"-1,576,271",137,"2,951,899",175,"1,375,628"
VIC,3241,"1,360",645,"1,340","57,443,244","1,000","10,446,365",870,"758,754",10,"15,518",900,"10,380,246",15,"49,607",970,"44,086,928",255,"595,943",30,"387,108",25,"528,070",115,"638,867",80,"682,736",20,"236,529",15,"362,776",675,"1,866,830",165,"64,967",355,"1,816,284",355,"778,329","1,345","60,624,928",345,"823,992",85,"215,723",690,"188,234",35,"54,508",645,"657,356",15,"5,083",15,"28,577",20,"95,995",465,"139,730",675,"220,727","1,045","2,931,225",20,"45,082",70,"1,215,590",100,"705,265",140,"83,641",230,"5,064,174",95,"746,756",10,"71,939",20,"399,095",20,"168,207",65,"1,253,588",95,"3,716,475",100,"1,346,287",55,"620,859",55,"598,307",50,"13,515",150,"2,071,508",115,"1,360,093",55,"120,628",145,"991,632",45,"370,007",105,"-770,852",150,"-400,845",85,"101,184",20,"21,928",25,"388,539",60,"110,681",0,"1,511",55,"34,147",725,"231,577",130,"57,209",40,"234,331",56,"2,013,063",129,"6,401,025",175,"8,397,093",175,"7,770,882",60,"-1,449,809",128,"2,040,558",175,"590,749"
VIC,3242,560,280,550,"21,069,111",400,"3,683,355",330,"277,870",10,"10,196",345,"3,644,059",10,"37,381",360,"15,155,982",95,"293,064",10,"66,532",0,"14,365",40,"188,014",30,"303,732",15,"230,987",0,"108,431",335,"1,205,066",75,"36,971",135,"738,998",130,"316,661",555,"22,546,908",110,"276,450",40,"52,176",245,"68,813",20,"59,092",225,"307,534",0,"2,154",10,"38,012",0,"4,033",160,"71,418",235,"98,373",395,"1,307,886",15,"32,788",35,"466,916",35,"292,504",100,"-322,805",135,"2,005,696",35,"125,292",0,"47,850",0,"78,345",10,"63,726",30,"846,233",40,"2,743,869",50,"429,222",25,"148,149",25,"15,121",20,"43,326",80,"1,140,504",50,"538,292",25,"38,317",75,"468,846",40,"286,461",45,"-191,412",85,"95,049",30,"36,621",0,"16,499",20,"304,143",20,"25,688",0,"2,516",25,"19,000",290,"97,819",60,"26,054",0,"51,839",29,"1,638,019",63,"5,362,975",85,"7,000,994",85,"6,375,342",30,"-1,017,432",63,"1,655,715",85,"638,283"
VIC,3243,210,105,205,"7,318,472",135,"1,360,075",105,"93,255",0,"5,754",115,"1,373,039",0,"22,315",115,"4,643,922",35,"89,865",0,"13,598",0,"22,069",15,"96,382",15,"154,534",0,"76,861",0,"103,535",125,"305,484",35,"49,256",70,"723,678",70,"309,319",210,"7,887,639",30,"81,440",15,"62,609",80,"20,862",10,"20,969",70,"58,898",0,129,0,475,0,"10,118",55,"11,449",75,"24,049",140,"407,315",0,"8,999",10,"191,542",15,"130,076",75,"161,468",70,"753,492",20,"26,198",0,0,0,"40,111",0,"16,992",10,"114,794",10,"242,555",25,"245,249",10,"5,058",0,"2,183",0,322,15,"240,210",10,"109,724",0,"7,738",15,"77,805",0,"68,628",10,"-23,685",15,"44,943",10,"4,499",0,"60,121",0,"101,412",15,"14,675",0,0,10,"7,229",100,"30,862",25,"9,146",0,636,12,"908,390",21,"631,947",30,"1,540,337",30,"1,485,909",13,"-224,407",22,"271,316",30,"46,909"
VIC,3249,"2,275","1,070","2,255","82,750,309","1,620","14,770,136","1,385","1,131,085",20,"20,894","1,455","14,594,392",35,"120,029","1,525","64,395,196",415,"982,427",25,"261,869",30,"388,654",140,"801,665",145,"1,347,642",50,"506,357",15,"198,244","1,380","3,114,417",385,"148,837",625,"2,675,233",625,"1,143,975","2,265","87,665,267",490,"903,825",115,"187,883","1,090","285,235",60,"117,909","1,005","938,841",20,"6,037",40,"19,405",35,"84,196",625,"247,730",980,"268,346","1,670","4,510,570",35,"59,138",130,"2,028,383",185,"1,395,557",405,"-2,078,867",635,"11,026,012",200,"635,179",0,"74,589",35,"465,600",20,"221,133",95,"935,261",140,"4,450,612",220,"2,454,779",125,"572,847",115,"359,046",105,"171,124",300,"3,383,977",220,"2,013,448",75,"127,968",290,"1,589,834",135,"736,778",165,"-1,084,051",300,"-347,273",90,"177,032",60,"102,507",70,"1,137,225",125,"310,633",15,"10,060",95,"60,580","1,195","389,226",235,"104,327",45,"278,687",131,"12,447,480",159,"9,735,836",265,"22,183,316",270,"22,991,732",138,"-3,191,055",166,"2,274,847",280,"-916,208"
VIC,3250,"6,505","2,330","6,475","270,488,980","5,085","45,010,245","4,340","3,512,645",50,"58,293","4,545","45,413,335",105,"333,376","5,150","218,628,613","1,615","2,284,181",95,"981,027",90,"777,702",655,"3,420,153",495,"4,991,694",120,"1,253,330",70,"1,060,889","3,650","7,396,179",785,"291,887","1,495","6,803,101","1,490","2,914,603","6,485","284,026,900","1,675","2,996,098",425,"798,620","3,985","1,115,662",275,"529,957","3,530","3,432,089",50,"8,519",110,"151,376",80,"168,337","2,230","460,394","3,390","855,441","5,280","13,107,073",115,"206,596",340,"5,440,097",545,"3,683,500",140,"-189,054",965,"23,474,808",360,"1,436,575",15,"553,712",10,"214,115",70,"463,399",225,"1,794,912",340,"8,223,908",465,"7,088,902",280,"578,558",265,"121,888",230,"112,242",685,"8,454,384",545,"5,039,815",230,"463,958",685,"4,211,648",260,"1,574,311",430,"-2,835,348",695,"-1,261,037",170,"425,076",85,"133,499",140,"2,030,804",305,"549,968",25,"16,627",300,"156,566","3,790","1,208,661",555,"236,290",140,"557,840",44,"2,221,040",366,"24,751,308",405,"27,115,346",410,"21,737,252",51,"-513,042",378,"5,703,842",425,"5,094,523"
VIC,3251,305,150,300,"11,054,299",220,"1,849,258",180,"146,284",0,"3,559",190,"1,820,078",0,"10,105",205,"8,977,176",75,"200,597",0,"20,597",0,"10,999",35,"191,900",15,"205,364",0,"184,190",0,"24,975",175,"352,481",45,"25,383",80,"250,170",80,"107,189",305,"12,035,736",60,"168,448",20,"60,010",165,"45,225",10,"20,539",135,"143,139",0,698,0,"43,875",0,"34,381",80,"14,730",130,"39,682",220,"741,151",0,0,10,"123,647",15,"94,060",75,"663,427",75,"477,954",35,"10,889",0,0,0,"15,460",0,"22,170",15,"81,406",20,"187,380",20,"312,115",15,"78,526",10,"3,545",15,"17,829",45,"520,928",35,"320,979",0,"10,559",45,"312,281",15,"94,956",30,"-217,847",45,"-122,891",20,"28,850",10,"4,533",10,"142,010",15,"28,414",0,"1,173",10,"3,648",160,"53,146",35,"12,564",0,644,17,"1,535,563",22,"1,361,279",40,"2,896,842",40,"2,721,130",18,"-51,440",22,"219,955",40,"168,515"
VIC,3254,185,75,185,"6,924,113",135,"1,110,727",120,"90,757",0,0,130,"1,116,768",0,"3,116",140,"6,144,796",55,"56,616",0,"10,831",0,"41,097",30,"146,957",10,"87,481",0,"1,572",0,0,90,"83,172",15,"3,562",30,"29,898",30,"12,702",185,"7,191,335",35,"48,623",10,"15,237",100,"25,824",0,"13,820",90,"80,097",0,332,0,88,0,807,50,"28,549",80,"19,124",140,"266,713",0,0,15,"229,657",15,"102,097",25,"-240,924",30,"258,816",10,"26,125",0,0,0,"21,992",0,"1,938",0,"1,192",0,"3,508",15,"149,734",0,"12,228",0,159,0,"2,856",20,"170,644",15,"129,443",0,"1,657",20,"82,285",0,"18,055",15,"-60,796",20,"-42,741",10,"92,050",0,309,0,"14,064",10,"20,148",0,"2,346",10,"7,860",105,"34,819",15,"5,003",10,"11,496",5,"162,692",23,"2,185,147",25,"2,347,839",25,"2,094,563",6,"-127,008",23,"398,159",25,"271,151"
VIC,3260,"2,675","1,130","2,640","98,350,176","1,940","16,769,255","1,595","1,283,847",25,"31,080","1,690","16,648,787",70,"228,301","1,800","74,214,975",535,"938,434",25,"245,279",20,"118,395",190,"890,896",200,"1,928,244",50,"563,209",25,"495,798","1,650","3,917,938",440,"563,473",755,"3,619,355",755,"1,549,857","2,660","104,884,553",640,"1,243,988",130,"405,698","1,265","316,404",80,"178,066","1,135","1,016,100",30,"9,254",50,"32,926",50,"129,099",715,"268,652","1,340","382,041","2,085","5,596,215",55,"106,962",190,"3,267,186",200,"1,696,161",375,"972,277",625,"9,425,961",265,"386,929",10,"139,687",20,"990,403",30,"1,239,618",130,"1,393,731",205,"4,468,378",225,"3,172,424",185,"458,539",170,"74,492",145,"66,882",330,"4,039,448",245,"2,074,982",70,"108,955",320,"1,687,210",160,"928,609",170,"-760,308",330,"168,301",190,"198,462",50,"117,108",75,"1,252,710",130,"349,785",0,0,105,"72,457","1,435","468,314",250,"109,814",40,"208,809",93,"10,195,975",184,"12,200,731",265,"22,396,706",265,"21,849,327",100,"-2,976,464",186,"2,198,240",275,"-778,224"
VIC,3264,"1,465",515,"1,450","52,902,435","1,095","8,388,975",900,"685,889",10,"15,221",945,"8,442,510",35,"110,853",980,"39,074,784",250,"365,548",0,"53,008",15,"68,286",105,"597,128",115,"1,140,190",15,"180,041",10,"158,873",850,"1,863,858",235,"128,400",435,"1,367,913",435,"586,139","1,460","55,901,109",370,"755,123",80,"216,813",700,"186,520",50,"95,027",610,"521,877",20,"3,908",40,"85,598",30,"191,730",460,"90,303",700,"192,708","1,115","2,832,771",10,"14,054",110,"1,928,740",95,"664,539",225,"2,297,476",395,"5,431,104",160,"172,091",0,"3,900",0,"93,112",10,"58,341",105,"494,057",130,"2,548,538",85,"1,212,239",125,"120,869",120,"81,798",95,"9,198",205,"2,661,784",155,"1,465,409",60,"139,749",195,"1,104,626",85,"696,544",115,"-744,544",205,"-48,000",125,"143,289",25,"21,248",30,"323,430",80,"165,418",0,"1,906",35,"19,393",830,"275,796",135,"56,480",20,"10,930",25,"5,213,285",111,"8,606,808",135,"13,820,093",135,"12,846,822",25,"-875,331",112,"1,747,414",135,"872,083"
VIC,3265,"1,350",500,"1,325","45,312,454",970,"7,701,014",795,"613,552",20,"36,211",845,"7,574,279",20,"59,589",870,"31,825,886",205,"295,276",15,"65,394",15,"84,532",100,"507,647",65,"574,184",10,"145,634",0,"49,767",785,"1,996,570",265,"236,331",415,"1,521,487",415,"651,898","1,335","48,507,758",310,"638,152",70,"137,144",570,"151,291",50,"97,038",545,"415,778",15,"2,385",25,"24,753",20,"46,936",435,"93,140",570,"166,789",980,"2,929,545",0,"19,997",70,"1,138,458",65,"443,801",355,"1,513,164",405,"4,963,077",165,"198,206",0,0,10,"86,038",15,"89,947",90,"883,145",110,"2,880,696",90,"1,458,230",105,"107,623",105,"50,983",80,"115,666",185,"2,216,525",135,"1,182,044",25,"38,779",180,"933,505",90,"584,218",95,"-522,021",185,"62,197",130,"124,500",20,"54,855",60,"974,079",85,"181,803",0,"3,753",25,"16,322",765,"254,951",105,"45,002",25,"52,219",53,"6,796,032",93,"6,048,194",140,"12,844,226",135,"11,227,016",56,"18,680",93,"1,545,845",140,"1,564,525"
VIC,3266,"1,735",710,"1,725","61,298,371","1,250","10,057,457","1,025","807,340",20,"23,155","1,100","10,179,808",15,"47,841","1,115","45,693,145",295,"437,648",0,"60,894",20,"107,685",95,"465,510",115,"1,131,882",20,"181,223",10,"152,750","1,020","2,597,833",330,"405,353",500,"1,242,111",500,"532,253","1,730","64,682,003",345,"696,994",80,"176,484",795,"196,609",55,"95,047",700,"623,457",25,"5,988",35,"32,362",25,"145,739",415,"79,504",805,"199,667","1,280","3,109,201",15,"18,429",95,"1,936,265",125,"1,054,051",355,"867,872",510,"5,143,062",235,"151,323",0,"66,900",20,"169,491",10,"59,803",115,"715,629",155,"3,046,183",155,"1,916,926",125,"285,282",120,"22,929",105,"6,313",215,"2,603,511",145,"1,324,522",55,"90,502",210,"1,164,992",105,"758,433",115,"-734,938",220,"23,495",95,"113,272",50,"41,779",55,"664,686",90,"183,058",0,676,55,"42,237",925,"307,183",140,"60,190",25,"21,872",50,"7,426,986",113,"9,998,100",150,"17,425,086",150,"14,916,011",55,"-10,153",115,"2,546,937",155,"2,536,784"
VIC,3267,170,65,165,"3,794,610",105,"581,294",80,"50,711",0,0,90,"566,654",0,"1,995",100,"3,321,230",30,"55,410",0,"4,894",0,"1,938",15,"89,787",10,"84,043",0,0,0,0,95,"158,519",35,"16,732",50,"86,760",45,"37,167",165,"4,100,541",30,"69,255",0,"20,857",65,"20,716",0,"12,603",55,"55,517",0,831,0,"3,607",0,"28,686",35,"6,940",65,"23,372",105,"256,755",0,0,10,"155,725",0,"23,915",55,"-602,528",65,"93,913",35,"42,504",0,"6,550",0,"9,394",0,"6,064",20,"248,611",30,"1,006,690",15,"703,423",15,"8,366",15,"8,366",15,"1,300",30,"433,282",20,"160,811",0,"20,870",30,"129,797",10,"204,053",20,"-82,249",30,"121,804",15,"2,606",0,"24,450",0,0,0,"14,371",0,0,0,706,90,"30,720",15,"7,167",0,"15,553",12,"1,414,198",10,"275,435",20,"1,689,633",25,"1,531,880",13,"74,682",11,"76,774",25,"151,456"
VIC,3268,"1,765",775,"1,750","62,161,928","1,220","11,575,225","1,000","843,001",20,"28,943","1,065","11,446,075",30,"72,894","1,010","40,539,470",250,"449,913",15,"171,446",25,"165,354",105,"585,168",110,"1,037,747",30,"420,293",10,"183,990","1,085","2,758,821",335,"384,467",535,"2,261,892",535,"969,104","1,765","66,349,803",340,"709,308",70,"159,843",680,"183,157",40,"78,356",625,"521,055",25,"2,265",25,"33,366",15,"58,645",450,"112,311",785,"243,444","1,275","3,774,916",20,"50,977",60,"911,681",85,"594,791",450,"3,825,905",590,"7,073,947",270,"392,737",0,"38,405",10,"128,217",15,"80,945",105,"1,378,500",145,"4,655,235",165,"2,039,104",175,"512,104",165,"131,901",155,"9,342",210,"2,696,116",150,"1,707,083",60,"158,651",200,"1,274,643",95,"610,927",105,"-1,055,188",205,"-444,261",200,"74,783",65,"334,021",110,"1,490,544",90,"167,248",15,"11,760",25,"15,225",915,"306,063",155,"64,959",30,"181,150",89,"15,300,446",120,"8,248,606",200,"23,549,052",195,"22,216,875",93,"-978,812",120,"2,384,673",200,"1,405,861"
VIC,3269,410,170,395,"15,139,364",265,"2,991,196",220,"199,611",10,"18,439",235,"3,065,357",0,"26,227",240,"10,541,196",65,"171,471",0,"12,634",20,"91,783",35,"178,175",10,"94,589",0,"49,447",0,0,250,"426,622",65,"98,031",105,"912,071",105,"390,862",405,"16,150,735",80,"173,872",15,"26,408",160,"41,407",15,"32,967",140,"132,640",0,723,0,"1,276",0,"29,077",95,"21,280",160,"44,082",270,"819,965",0,"4,876",15,"222,789",20,"149,994",95,"175,477",150,"2,048,715",55,"27,830",0,0,0,"17,674",0,"72,305",25,"86,193",35,"196,827",40,"397,747",35,"21,877",30,"6,657",25,624,40,"434,606",35,"283,954",0,"14,721",40,"178,400",15,"79,974",25,"-122,443",40,"-42,469",40,"58,733",20,"9,155",20,"268,674",15,"47,559",0,"2,187",0,"5,095",185,"65,532",40,"16,754",15,"12,105",13,"1,244,482",43,"2,020,178",55,"3,264,660",55,"2,723,372",14,"-64,159",43,"494,756",55,"430,597"
VIC,3270,130,65,130,"4,994,065",90,"865,813",70,"60,215",0,"2,242",75,"852,704",0,"3,530",75,"3,462,144",15,"42,517",0,0,0,"4,710",15,"106,066",20,"123,095",0,"61,672",0,"22,704",90,"194,882",20,"5,721",50,"303,428",50,"129,188",130,"5,341,412",30,"82,978",0,"6,670",55,"14,326",0,989,55,"44,226",0,0,10,"23,668",0,"1,565",40,"12,743",65,"18,809",100,"319,267",0,"10,894",0,"58,148",0,"38,552",0,"-41,399",30,"352,039",10,"21,641",0,0,0,0,0,"14,245",10,"151,857",15,"308,508",15,"137,918",15,"27,544",15,"22,934",10,309,25,"223,840",15,"111,708",10,"9,466",25,"108,544",10,"48,694",15,"-54,572",25,"-5,878",0,841,0,0,0,"100,000",0,"13,293",0,"1,173",0,"1,411",60,"20,456",15,"5,673",0,"22,868",2,"17,464",21,"2,124,796",20,"2,142,260",20,"1,792,650",3,"-28,693",22,"339,837",25,"311,144"
VIC,3271,125,75,120,"4,906,962",90,"1,081,796",80,"72,456",0,"5,637",85,"1,080,885",0,"8,182",70,"2,557,397",15,"58,237",0,"43,685",0,"46,058",0,"40,972",0,"33,679",0,"45,387",0,0,90,"182,391",30,"10,101",50,"378,679",50,"162,283",125,"5,526,598",20,"41,364",0,"13,256",45,"12,853",0,"8,805",40,"39,240",0,392,0,"29,971",0,"55,427",15,"7,863",45,"16,448",85,"434,569",0,"6,806",0,"100,914",10,"101,012",50,"468,620",50,"548,472",20,"153,398",0,0,0,"52,518",0,"19,717",10,"636,316",20,"1,773,033",20,"187,048",20,"1,479",20,"1,479",10,124,10,"252,218",0,"64,816",0,"2,531",10,"81,014",0,"135,188",0,"-31,331",10,"103,857",15,"1,375",0,252,10,"166,274",0,"42,676",0,0,0,"4,963",75,"23,971",20,"9,478",0,"3,156",16,"1,756,986",8,"433,395",20,"2,190,381",20,"1,999,903",16,"-32,961",9,"223,019",20,"190,058"
VIC,3272,880,305,875,"31,472,925",645,"4,980,907",520,"395,633",0,"1,289",555,"4,935,410",15,"49,753",600,"22,027,442",150,"268,842",0,"4,635",0,"34,461",80,"438,235",90,"906,465",15,"215,177",0,"97,144",500,"1,328,499",150,"70,905",245,"1,448,359",245,"620,931",880,"33,863,547",255,"459,952",35,"146,973",450,"138,040",35,"45,350",390,"391,959",10,"2,920",20,"16,032",15,"118,678",345,"47,281",395,"102,957",675,"2,023,397",15,"29,851",50,"853,727",40,"309,360",155,"767,926",210,"3,406,271",70,"201,920",0,"20,278",0,"13,353",10,"137,410",50,"241,555",70,"1,192,282",65,"730,802",60,"201,989",55,"24,432",45,"18,842",80,"1,145,214",50,"529,886",15,"31,775",75,"470,071",35,"368,169",45,"-254,687",80,"113,482",55,"25,881",0,"35,284",30,"476,796",40,"76,196",10,"7,211",15,"15,806",500,"166,852",105,"42,331",10,"6,829",19,"1,652,019",64,"7,978,260",75,"9,630,279",75,"8,235,712",19,"-116,558",64,"1,470,158",75,"1,353,600"
VIC,3273,90,40,90,"2,767,095",70,"398,582",50,"33,364",0,"1,979",55,"375,199",0,"6,890",40,"1,245,632",15,"6,960",0,0,0,0,0,"34,839",0,"77,092",0,"15,633",0,0,50,"169,973",20,"5,457",25,"121,109",25,"51,904",90,"3,037,789",15,"38,687",0,"2,446",25,"6,962",0,"3,573",20,"26,138",0,0,0,"40,486",0,"2,814",20,"6,697",30,"5,200",60,"236,120",0,"2,344",0,"104,339",0,"24,699",45,"663,191",40,"213,280",15,"23,377",0,0,0,0,0,0,0,"119,469",10,"1,113,618",10,"52,822",0,934,0,934,0,18,10,"94,335",0,"66,852",0,622,10,"40,452",0,"2,086",0,"-15,677",10,"-13,591",10,740,10,"7,814",10,"95,468",0,"7,649",0,0,0,"1,026",55,"17,854",10,"4,301",0,0,3,"333,205",5,"406,856",10,"740,061",10,"447,708",3,"90,587",5,"201,766",10,"292,353"
VIC,3274,160,75,150,"4,641,176",100,"751,816",70,"55,390",0,0,80,"682,217",0,"5,286",75,"2,470,293",10,"8,311",0,0,0,0,10,"47,230",10,"59,735",0,"30,713",0,0,100,"223,769",30,"14,929",50,"459,387",50,"196,868",155,"5,509,815",30,"78,414",0,"10,037",55,"15,465",0,"13,325",45,"53,282",0,192,0,330,0,"9,996",30,"29,116",45,"21,680",90,"335,205",0,"4,107",0,"88,209",0,"29,891",60,"889,596",50,"403,689",20,"52,080",0,0,0,0,0,"8,483",10,"187,873",15,"702,526",15,"115,727",10,"4,513",10,"4,513",0,79,15,"463,561",10,"196,560",0,"58,222",15,"178,978",10,"68,498",0,"-38,697",15,"29,801",10,"3,999",0,0,0,"100,000",0,"3,368",0,0,0,"1,341",80,"26,560",15,"6,397",0,"2,813",7,"1,488,348",13,"684,565",20,"2,172,913",20,"2,052,722",7,"23,393",14,"141,415",20,"164,808"
VIC,3275,245,80,240,"10,245,377",185,"1,787,297",165,"137,884",0,"3,033",175,"1,849,223",0,"9,943",175,"7,784,107",30,"105,617",0,"13,119",10,"41,333",15,"57,850",0,"87,801",0,"34,085",0,0,130,"285,696",25,"23,136",55,"719,956",55,"308,537",240,"10,788,021",75,"131,082",10,"15,386",125,"35,558",10,"16,894",120,"105,071",0,203,0,"47,736",0,"35,472",105,"12,667",125,"41,591",200,"519,220",0,"5,112",10,"169,107",15,"71,568",15,"-185,097",45,"926,736",15,"7,116",0,"9,936",0,"94,982",0,"25,443",0,"63,456",10,"128,238",15,"95,083",10,"5,521",10,"5,521",0,308,20,"310,390",15,"187,738",0,"26,341",20,"109,378",0,"76,775",15,"-89,842",20,"-13,067",15,"5,939",0,623,10,"51,713",15,"25,430",0,"1,945",0,"2,839",145,"46,149",20,"9,107",10,"1,713",2,"20,897",18,"944,362",20,"965,259",20,"649,021",2,"-55,585",19,"353,451",20,"297,866"
VIC,3276,295,105,290,"10,422,799",195,"2,011,113",155,"137,103",0,"5,587",175,"2,013,965",0,"21,510",205,"7,860,062",50,"124,719",0,"40,512",0,"31,138",20,"90,127",10,"65,766",0,"15,934",0,"44,890",170,"188,119",50,"42,712",80,"397,989",80,"170,454",290,"11,040,993",75,"148,883",15,"29,060",140,"44,385",10,"9,906",135,"174,336",10,"4,083",0,0,0,"2,978",100,"16,415",125,"29,792",210,"562,023",0,"3,694",10,"173,493",25,"93,198",70,"-292,679",60,"1,435,270",20,"358,235",0,"38,453",0,"31,685",0,"23,254",10,"74,416",15,"144,650",20,"179,534",10,"81,228",10,"66,207",10,"9,814",60,"763,068",40,"409,798",15,"18,141",55,"210,742",30,"253,294",30,"-128,907",60,"124,387",25,"1,844",0,"44,627",0,"70,700",15,"31,485",0,338,0,"4,602",150,"50,116",30,"13,521",0,"28,894",10,"255,316",20,"667,236",25,"922,552",20,"817,768",10,"-50,189",21,"153,340",25,"103,151"
VIC,3277,"1,100",440,"1,090","49,901,485",895,"9,494,588",770,"679,703",10,"10,152",800,"9,634,984",20,"50,533",775,"33,492,949",185,"317,191",10,"54,155",10,"28,522",50,"263,496",50,"493,426",15,"90,012",0,"83,604",630,"1,604,222",185,"200,207",355,"1,193,105",355,"511,059","1,095","52,505,780",250,"453,691",50,"45,771",565,"151,758",40,"70,805",550,"549,346",20,"5,700",15,"33,159",25,"109,309",445,"93,477",495,"139,849",865,"2,484,509",15,"11,579",70,"1,226,737",75,"605,736",170,"2,915,251",290,"5,391,933",110,"204,965",0,"91,627",0,"143,271",10,"29,783",60,"256,502",85,"1,415,048",75,"663,962",65,"36,529",65,"13,209",60,"1,446",135,"1,598,597",105,"903,336",40,"69,681",135,"671,696",55,"360,313",80,"-406,429",140,"-46,116",70,"68,305",10,"9,467",45,"724,965",60,"106,391",15,"11,152",30,"11,146",665,"214,497",90,"39,655",20,"37,730",32,"4,231,663",89,"9,073,654",115,"13,305,317",110,"8,747,618",31,"122,734",89,"4,299,450",115,"4,422,184"
VIC,3278,155,55,150,"5,462,854",110,"918,399",95,"74,835",0,"6,812",95,"950,087",0,"18,917",115,"4,742,652",30,"53,825",0,"2,296",0,"11,799",15,"101,250",0,"53,512",0,"18,592",0,"18,624",90,"132,096",30,"9,288",50,"170,835",50,"73,203",155,"5,809,301",45,"101,498",15,"14,633",75,"20,243",10,"15,889",75,"62,673",0,0,0,65,0,"7,470",55,"8,130",65,"15,749",120,"346,310",0,"1,580",20,"339,550",10,"69,515",35,"-281,311",25,"217,906",15,"13,587",0,0,0,"133,723",0,"2,396",0,"59,997",15,"353,150",10,"108,793",10,"8,206",10,"6,345",10,707,15,"345,598",10,"90,662",0,"3,353",15,"115,378",10,"154,379",0,"-18,174",15,"136,205",10,769,0,20,0,"85,211",0,"14,749",0,"1,173",0,"5,531",85,"24,185",10,"3,654",0,706,2,"273,148",8,"1,582,262",10,"1,855,410",10,"1,663,197",2,"-99,391",9,"292,882",10,"193,491"
VIC,3279,170,65,170,"5,927,940",125,"1,230,496",95,"86,094",0,848,105,"1,254,329",0,"13,109",95,"4,109,246",20,"50,791",0,"31,815",0,"38,042",0,"28,976",10,"103,045",0,"5,801",0,"19,833",105,"266,211",35,"58,159",50,"111,450",50,"47,752",170,"6,286,238",40,"84,022",0,"1,904",75,"19,464",0,"25,174",65,"56,682",0,568,0,"3,291",0,"4,074",55,"12,741",70,"18,655",125,"355,327",0,0,0,"171,608",0,"29,911",60,"-576,726",60,"1,682,173",25,"68,363",0,0,0,945,0,"13,527",10,"62,188",15,"125,405",10,"229,291",10,"5,271",10,"5,271",0,776,35,"385,258",25,"161,810",0,"7,864",35,"173,164",20,"125,083",15,"-82,663",35,"42,420",15,"7,476",0,"17,010",10,"110,207",10,"18,545",0,0,0,"2,705",90,"31,099",15,"4,665",0,"9,855",12,"1,293,418",7,"319,064",15,"1,612,482",20,"1,446,011",13,"-5,618",7,"161,451",20,"155,833"
VIC,3280,"17,725","6,355","17,635","779,026,971","14,035","137,780,322","12,145","10,271,408",245,"322,741","12,690","140,579,771",515,"1,673,100","14,040","606,519,541","3,290","6,645,810",180,"1,650,468",260,"1,833,271","1,820","9,542,941","1,165","10,652,550",310,"3,899,630",150,"2,383,856","9,690","18,442,901","2,125","756,989","4,560","23,250,925","4,550","9,956,078","17,670","821,679,195","5,210","9,877,386","1,290","1,766,519","9,895","2,588,904",780,"1,258,450","9,845","8,935,688",250,"69,712",285,"495,304",415,"3,313,547","8,315","1,709,757","9,100","2,450,051","14,705","40,744,674",305,"617,463","1,615","29,176,429","1,765","13,085,431",320,"-885,321","3,185","78,502,201","1,230","4,671,326",35,"677,454",25,"400,255",140,"1,087,642",875,"7,190,092","1,245","21,487,317","1,425","20,506,249","1,030","1,373,894",985,"629,224",885,"121,226","2,010","29,474,586","1,580","16,948,275",750,"1,740,648","2,005","13,232,164",775,"5,659,183","1,260","-8,105,684","2,035","-2,446,501",925,"1,109,496",205,"667,969",420,"6,676,954",820,"1,554,420",80,"50,688",550,"306,872","10,215","3,336,592","1,495","632,673",340,"1,001,400",92,"7,078,582","1,320","103,673,046","1,400","110,799,515","1,380","78,138,975",113,"240,207","1,352","31,870,365","1,450","32,135,778"
VIC,3281,985,405,970,"40,901,067",745,"7,352,681",655,"557,852",15,"18,285",690,"7,511,847",25,"67,143",715,"31,844,565",165,"319,495",15,"184,218",10,"60,016",50,"212,447",35,"330,738",15,"130,403",0,"75,912",550,"1,045,960",160,"72,650",275,"922,474",275,"395,193",975,"43,531,496",295,"614,292",70,"159,876",515,"137,937",35,"28,704",495,"468,214",20,"4,573",15,"27,347",30,"137,791",380,"79,779",435,"145,898",780,"2,384,586",10,"13,533",70,"1,453,782",80,"662,896",110,"-452,281",250,"5,684,573",70,"338,119",0,0,0,"51,024",15,"105,362",50,"274,379",70,"1,168,684",80,"706,790",60,"195,158",50,"36,604",45,"18,924",120,"1,615,167",100,"993,596",50,"126,409",115,"684,217",50,"343,226",75,"-532,281",120,"-189,055",70,"92,591",10,"223,422",30,"405,678",75,"165,471",0,"2,525",35,"19,000",535,"178,359",75,"29,620",20,"73,964",21,"1,652,643",83,"5,748,751",100,"7,401,394",105,"5,708,246",24,"-293,433",86,"1,905,380",105,"1,611,947"
VIC,3282,"1,550",555,"1,535","61,752,541","1,200","10,573,179","1,035","836,221",30,"38,203","1,080","10,681,063",40,"103,951","1,175","50,273,207",320,"447,570",25,"414,324",35,"729,481",105,"522,527",85,"836,899",25,"326,397",15,"314,426",885,"1,477,489",215,"111,087",400,"1,521,981",395,"652,489","1,545","64,947,459",450,"802,586",90,"138,118",860,"222,364",55,"68,431",830,"682,521",30,"7,387",30,"61,535",25,"56,899",670,"109,214",775,"209,330","1,240","2,904,563",25,"44,899",125,"2,245,720",135,"946,966",160,"342,851",325,"3,509,868",105,"200,691",0,"50,725",15,"110,988",10,"308,867",70,"869,940",100,"2,458,042",95,"2,876,340",80,"191,566",75,"56,745",65,"5,994",160,"1,875,762",130,"1,292,443",45,"101,428",160,"806,076",70,"345,796",95,"-669,981",165,"-324,185",115,"132,604",25,"28,009",35,"396,550",85,"143,343",0,"3,493",45,"30,637",875,"283,276",160,"66,824",45,"170,401",40,"3,979,323",114,"6,825,618",150,"10,804,941",150,"8,929,570",42,"-271,438",117,"2,122,182",155,"1,850,744"
VIC,3283,595,245,590,"23,919,103",450,"4,299,284",380,"325,813",0,"8,093",410,"4,409,662",20,"55,267",440,"18,317,021",110,"206,809",10,"151,398",15,"91,127",45,"214,227",20,"200,426",10,"130,538",0,"32,721",345,"598,670",85,"36,734",140,"654,258",140,"280,312",590,"25,493,534",150,"341,562",45,"66,405",300,"75,526",25,"25,290",295,"264,710",10,"2,352",0,"19,140",10,"31,904",235,"28,882",255,"69,783",460,"1,222,924",0,"9,353",45,"824,161",45,"302,869",95,"47,304",125,"2,833,904",35,"112,537",0,"9,172",10,"213,323",10,"108,770",30,"169,409",40,"624,170",60,"401,310",30,"47,592",30,"17,845",20,848,75,"1,235,700",55,"703,353",20,"67,021",70,"510,366",40,"265,782",35,"-310,822",75,"-45,040",50,"33,605",10,"23,124",15,"262,025",20,"35,073",0,"3,419",15,"5,096",340,"109,943",50,"20,386",20,"23,477",9,"1,397,603",54,"5,828,101",60,"7,202,212",60,"6,310,642",9,"-17,232",54,"753,812",60,"792,878"
VIC,3284,"2,020",930,"2,005","89,840,250","1,495","17,196,318","1,255","1,167,587",35,"48,872","1,325","17,230,196",50,"162,751","1,315","57,711,875",330,"759,795",30,"147,665",25,"282,043",140,"754,771",170,"1,478,813",40,"410,284",35,"644,135","1,265","3,293,302",350,"225,899",655,"4,707,374",650,"2,017,053","2,010","94,755,407",450,"968,991",125,"283,833",840,"225,814",75,"105,626",875,"924,898",25,"13,161",35,"42,021",55,"168,877",780,"234,837",945,"362,906","1,555","4,497,185",45,"95,756",175,"3,106,479",175,"1,241,332",120,"778,723",485,"12,815,453",155,"1,474,748",0,"67,539",15,"63,259",35,"185,823",135,"1,488,452",200,"7,406,040",240,"3,627,446",170,"426,899",155,"320,056",140,"91,791",315,"4,721,445",210,"2,265,720",85,"181,838",310,"2,119,849",145,"1,177,355",175,"-1,023,317",320,"154,038",140,"173,273",30,"150,521",55,"955,128",95,"208,297",15,"10,338",50,"23,471","1,020","344,103",205,"86,399",45,"227,197",42,"2,530,534",226,"17,972,710",260,"20,503,244",265,"15,133,918",49,"19,998",232,"5,079,734",270,"5,099,732"
VIC,3285,680,300,675,"27,413,782",495,"5,080,993",410,"362,081",15,"23,074",440,"5,159,667",15,"46,448",470,"21,501,458",115,"391,776",0,"32,685",15,"107,757",50,"238,696",30,"284,559",10,"211,514",10,"300,475",440,"1,047,419",125,"82,280",175,"477,668",175,"204,660",680,"28,923,391",160,"368,542",55,"84,841",300,"79,308",30,"75,478",295,"282,636",10,"1,223",20,"38,086",0,"13,897",235,"77,804",270,"88,124",510,"1,444,604",10,"31,450",40,"613,432",55,"461,530",130,"-101,838",170,"2,221,993",45,"54,986",0,"7,073",10,"179,932",0,"59,279",35,"294,541",55,"834,663",75,"833,286",50,"78,843",45,"4,879",45,679,75,"1,256,063",55,"848,776",20,"101,113",75,"560,530",30,"168,164",50,"-422,520",80,"-254,356",40,"22,643",10,"91,955",25,"269,610",35,"64,620",10,"8,773",30,"20,078",325,"108,234",75,"28,697",15,"35,279",32,"2,904,215",52,"3,932,110",75,"6,836,325",75,"5,781,655",34,"-57,413",54,"1,066,463",80,"1,009,050"
VIC,3286,375,155,375,"13,191,300",275,"2,215,240",225,"170,759",0,"4,619",240,"2,160,035",0,"4,794",235,"8,149,362",65,"336,419",0,"29,887",0,"3,496",35,"216,918",30,"195,083",10,"120,040",0,"50,445",220,"532,305",100,"55,127",130,"506,017",130,"216,938",375,"13,798,272",75,"170,231",25,"65,618",155,"40,169",10,"22,786",125,"105,287",0,"2,488",0,"5,604",0,"2,602",110,"14,696",140,"41,691",255,"592,402",0,"18,212",20,"362,142",15,"198,884",105,"164,343",120,"1,931,197",30,"64,303",0,"24,127",0,"71,240",0,"36,445",20,"261,966",30,"1,771,343",40,"554,947",30,"58,875",30,"28,526",30,"6,271",35,"385,648",25,"277,726",10,"23,976",35,"145,854",10,"39,841",25,"-101,749",35,"-61,908",20,"22,082",0,87,15,"101,366",15,"19,864",0,"3,423",15,"8,595",215,"72,269",55,"22,629",0,"13,702",17,"1,251,548",25,"2,424,778",40,"3,676,326",40,"3,198,246",18,"-16,202",27,"500,097",45,"483,895"
VIC,3287,275,110,270,"8,642,806",180,"1,466,703",140,"113,032",0,"5,400",155,"1,422,236",0,"8,732",165,"5,723,066",35,"71,279",0,"3,650",0,"5,343",15,"77,360",10,"127,845",0,"13,157",0,"26,691",165,"489,496",65,"118,500",85,"220,442",85,"94,455",275,"9,337,563",50,"118,845",0,"12,873",100,"33,957",10,"10,533",105,"110,099",0,0,0,"57,228",0,552,70,"15,342",100,"23,154",175,"631,643",0,"1,973",0,"116,498",15,"102,371",95,"698,702",85,"1,044,491",20,"184,100",0,0,0,"46,259",0,"25,877",15,"196,688",20,"279,577",25,"97,993",15,"8,978",15,"8,978",10,294,45,"402,114",30,"240,775",0,"7,935",40,"159,435",15,"122,461",25,"-128,492",40,"-6,031",25,"3,601",0,"16,687",10,"186,577",10,"62,483",0,395,0,960,140,"46,082",30,"11,181",0,546,20,"1,238,812",13,"459,393",30,"1,698,205",30,"1,672,566",19,"-191,387",13,"174,849",30,"-16,538"
VIC,3289,485,185,480,"17,917,058",355,"3,043,929",280,"233,247",0,"7,363",305,"3,016,668",15,"41,488",320,"11,709,966",75,"155,310",0,"62,512",0,"9,778",35,"164,464",25,"206,426",0,"72,658",0,"61,365",325,"984,859",95,"43,400",165,"743,745",165,"318,743",485,"19,021,299",100,"198,426",30,"61,532",220,"64,724",20,"34,879",170,"158,197",15,"2,316",10,"3,434",20,"17,388",150,"114,007",185,"60,274",355,"1,071,526",0,"13,404",30,"525,695",25,"181,032",135,"605,837",145,"2,339,499",40,"349,472",0,"2,595",10,"114,037",0,"27,796",40,"83,005",45,"196,225",35,"1,175,777",40,"31,011",40,"8,023",35,"6,885",55,"686,125",30,"262,313",15,"27,671",50,"298,699",30,"194,150",20,"-96,708",55,"97,442",40,"9,477",0,"42,643",25,"323,162",20,"30,227",0,338,15,"11,002",270,"88,172",65,"29,028",0,"43,208",26,"2,259,453",35,"1,990,375",55,"4,249,828",55,"3,853,282",26,"-139,363",35,"498,088",55,"358,725"
VIC,3292,115,55,115,"3,977,649",75,"645,768",55,"46,152",0,981,60,"601,514",0,"3,080",55,"2,338,113",10,"23,779",0,"40,283",0,"7,355",10,"43,609",10,"85,859",0,"14,192",0,"91,913",80,"188,206",25,"7,677",40,"135,156",40,"57,593",115,"4,204,938",10,"34,699",0,712,30,"6,586",0,"3,882",35,"35,161",0,"1,987",0,48,0,270,20,"8,938",50,"12,297",75,"226,967",0,"8,150",0,"24,045",0,"86,520",0,"-16,999",35,"671,052",0,"23,475",0,"48,973",0,0,0,"4,395",0,0,0,"8,235",10,"128,328",10,"17,033",0,732,0,"2,674",15,"100,681",0,"28,709",0,0,15,"50,585",10,"44,019",0,"-22,635",15,"21,384",15,"3,783",0,"5,861",10,"101,431",0,"16,472",0,"1,173",0,"1,220",55,"18,107",15,"7,388",0,"37,892",3,"71,104",7,"658,118",10,"729,222",10,"430,812",4,"-1,089",7,"282,459",10,"281,370"
VIC,3293,205,100,205,"7,291,227",155,"1,269,333",125,"97,097",0,"3,013",135,"1,220,716",0,"12,850",135,"5,254,922",25,"35,381",0,"43,637",0,"3,420",15,"96,090",15,"116,864",0,"5,763",0,"35,362",145,"238,129",45,"17,917",70,"234,405",70,"100,415",205,"7,841,645",55,"123,099",15,"17,428",95,"25,854",0,"11,227",85,"99,761",0,343,0,365,0,"16,082",60,"11,533",75,"24,508",140,"482,890",0,499,10,"233,795",10,"123,935",60,"161,574",55,"257,344",15,"16,375",0,0,0,100,0,"5,314",15,"235,229",20,"493,312",25,"198,959",10,"4,155",10,"2,156",10,269,20,"183,155",15,"57,758",0,180,20,"78,407",10,"79,666",10,"-32,856",20,"46,810",15,"37,489",0,0,10,"149,645",0,"3,045",0,"1,173",0,410,125,"39,665",35,"15,464",0,641,10,"2,266,415",17,"437,778",25,"2,704,193",25,"2,169,431",12,"227,847",17,"302,116",25,"529,963"
VIC,3294,610,300,600,"19,279,478",410,"3,540,863",315,"246,268",0,"8,365",340,"3,541,391",15,"40,934",375,"13,711,830",50,"247,943",0,"99,945",10,"64,323",45,"299,821",35,"319,429",0,"28,869",0,"145,013",415,"1,027,585",130,"45,230",230,"897,136",230,"383,432",605,"20,532,612",95,"287,274",30,"61,300",260,"60,632",20,"33,033",195,"206,687",20,"5,739",10,"18,656",25,"55,911",175,"106,395",195,"67,797",420,"1,210,863",0,"7,886",15,"225,158",40,"349,685",160,"28,489",195,"2,142,587",55,"207,586",0,"15,073",0,"4,096",10,"9,895",45,"492,366",70,"1,975,959",75,"697,023",60,"145,167",55,"35,900",50,"21,695",80,"1,010,715",60,"578,657",25,"38,272",80,"395,622",40,"196,022",45,"-197,858",80,"-1,836",35,"16,881",10,"8,811",15,"283,909",15,"23,286",0,"1,813",10,"5,804",300,"99,917",55,"23,591",10,"8,416",32,"2,922,700",45,"5,505,359",70,"8,428,059",70,"8,584,370",33,"-1,049,649",45,"885,093",70,"-164,556"
VIC,3300,"6,080","2,385","6,040","252,464,514","4,660","43,454,650","3,960","3,269,190",75,"90,419","4,160","43,974,944",120,"366,846","4,570","190,775,577","1,020","1,795,111",85,"632,315",65,"849,445",515,"2,768,356",520,"4,908,444",90,"997,592",75,"1,440,760","3,815","8,656,772",945,"566,857","1,940","12,062,971","1,930","5,163,681","6,065","268,668,744","1,350","2,782,130",495,"800,415","3,440","882,677",250,"641,123","2,620","2,636,136",125,"29,702",140,"193,665",235,"455,057","2,350","3,737,802","2,875","861,656","4,920","15,359,098",105,"208,919",520,"8,548,801",555,"4,208,476",305,"-2,037,769","1,265","26,494,810",480,"1,757,253",30,"485,942",35,"514,069",75,"419,331",350,"2,152,141",560,"9,292,359",650,"8,870,328",480,"379,143",460,"201,161",415,"23,437",740,"9,536,060",530,"4,121,884",180,"282,611",745,"4,310,134",360,"2,782,482",400,"-1,961,051",760,"821,431",330,"326,945",95,"255,468",125,"1,932,774",230,"401,212",40,"31,797",210,"118,396","3,460","1,144,044",630,"269,343",100,"332,402",94,"6,258,255",391,"29,637,344",475,"35,705,505",465,"28,788,123",100,"-571,395",402,"7,311,967",490,"6,642,097"
VIC,3301,745,360,735,"24,137,276",520,"3,896,603",415,"315,827",0,"7,284",455,"3,782,243",10,"33,780",490,"17,567,206",100,"195,913",10,"120,969",0,"75,851",40,"281,013",35,"273,723",15,"233,370",0,"3,859",535,"1,315,670",190,"106,946",295,"1,454,805",295,"623,505",740,"25,988,055",125,"225,253",35,"50,061",330,"82,688",20,"32,891",250,"185,435",10,"1,229",10,855,20,"339,057",235,"164,964",265,"92,809",525,"1,726,627",10,"28,101",50,"838,315",55,"405,277",235,"-1,108,438",220,"3,544,967",65,"280,040",0,"7,336",10,"77,417",10,"84,212",55,"370,678",90,"2,525,230",95,"1,352,283",70,"332,665",70,"46,690",60,"75,918",90,"1,074,984",60,"455,682",25,"26,642",90,"492,020",50,"345,060",45,"-244,420",95,"100,640",55,"70,281",10,"22,526",35,"488,845",35,"62,388",0,"3,921",25,"15,682",410,"138,464",85,"38,891",10,"18,389",51,"5,687,899",45,"1,585,436",90,"7,273,335",85,"7,116,954",51,"-234,815",46,"291,395",90,"56,580"
VIC,3302,260,90,260,"8,856,854",185,"1,520,965",145,"116,592",0,"2,603",160,"1,479,191",0,"9,001",170,"6,043,203",40,"72,468",0,0,0,"33,757",15,"79,899",10,"66,467",0,"11,174",0,0,160,"434,248",55,"22,212",95,"285,792",95,"121,307",260,"9,411,078",40,"118,517",15,"4,938",105,"27,354",0,"3,809",100,"84,522",0,212,0,502,0,"7,439",55,"29,992",80,"37,971",175,"553,173",0,"1,540",15,"257,440",15,"116,890",75,"-523,436",80,"1,070,816",25,"132,997",0,"21,159",0,"69,950",0,"1,127",20,"586,301",25,"796,014",25,"151,540",20,"59,417",20,"26,370",20,"2,473",35,"683,021",20,"493,984",0,"6,049",30,"200,229",15,"138,480",15,"-155,721",35,"-17,241",10,"16,055",0,433,10,"220,623",15,"17,294",0,257,10,"3,298",145,"46,284",30,"12,925",0,"25,464",9,"1,041,246",21,"770,786",30,"1,812,032",30,"1,353,592",9,"118,640",23,"335,324",30,"453,964"
VIC,3303,185,55,185,"5,709,644",130,"1,031,182",105,"79,922",0,"1,530",110,"1,039,745",0,"3,497",125,"4,669,209",25,"40,404",0,"8,142",0,"35,773",10,"83,332",10,"128,403",0,"9,585",0,0,115,"269,768",35,"32,855",50,"90,765",50,"38,878",185,"6,014,546",45,"76,412",10,"13,127",90,"22,644",10,"18,359",70,"71,459",0,22,0,"16,471",0,150,40,"13,038",70,"14,234",135,"280,381",0,917,0,"75,550",15,"99,392",60,"-71,459",60,"556,443",15,"117,609",0,"12,462",0,"52,778",0,"13,143",0,"74,964",10,"150,936",15,"286,224",0,"27,544",0,"27,544",0,16,15,"153,777",0,"63,325",0,"8,819",15,"88,954",10,"59,396",0,"-66,717",15,"-7,321",0,742,0,500,0,"29,682",0,"4,643",0,338,0,700,95,"33,513",20,"7,997",0,"3,083",16,"3,363,538",10,"557,868",25,"3,921,406",25,"4,268,858",16,"-566,740",10,"207,445",25,"-359,295"
VIC,3304,"1,445",505,"1,430","53,952,263","1,065","9,362,474",885,"725,766",25,"33,246",930,"9,322,498",20,"49,373",995,"42,929,887",260,"695,414",15,"139,026",25,"181,664",110,"636,346",100,"1,026,117",25,"242,983",10,"147,319",825,"1,881,054",255,"159,861",385,"1,277,136",385,"547,333","1,435","56,761,370",295,"586,272",80,"146,723",750,"175,243",45,"53,246",625,"478,607",20,"7,010",10,"9,172",25,"45,104",350,"71,981",575,"185,360","1,075","2,694,310",20,"30,510",85,"1,260,539",120,"824,784",305,"1,186,948",320,"2,986,500",100,"141,404",0,"46,553",25,"492,099",30,"125,302",50,"321,890",80,"1,958,213",115,"1,585,689",90,"86,891",85,"31,862",80,"1,766",135,"1,672,985",95,"863,220",30,"43,859",130,"700,177",65,"426,249",75,"-360,520",140,"65,729",90,"150,054",30,"8,480",50,"827,098",70,"95,813",10,"8,449",35,"14,521",765,"250,665",165,"75,536",35,"197,729",85,"7,001,343",107,"4,820,476",180,"11,821,819",180,"11,002,352",90,"-1,270,298",112,"1,399,195",190,"128,897"
VIC,3305,"7,025","2,805","6,985","335,753,838","5,530","63,609,496","4,795","4,466,739",180,"239,115","4,980","64,494,505",120,"376,784","5,735","286,998,087","1,585","2,730,904",130,"1,033,358",165,"1,485,530",705,"3,773,372",480,"4,608,198",105,"1,332,366",50,"696,458","3,955","7,131,282",830,"478,543","1,575","5,356,384","1,575","2,294,197","7,000","349,897,171","1,875","3,455,852",535,"678,910","4,210","979,638",315,"567,303","3,935","3,631,382",105,"23,177",95,"149,108",140,"451,107","2,685","637,920","3,360","953,016","5,885","13,590,227",100,"297,708",465,"7,725,945",995,"6,681,001",270,"1,595,921","1,050","16,697,257",420,"1,626,381",20,"203,978",50,"935,231",85,"750,631",265,"1,712,806",415,"6,643,472",675,"8,245,383",520,"614,519",505,"337,124",475,"129,661",855,"10,559,075",655,"5,796,464",320,"606,934",860,"5,023,492",360,"2,404,088",505,"-3,271,903",865,"-867,815",230,"138,011",145,"247,923",100,"1,546,659",255,"500,298",70,"44,806",265,"151,257","3,455","1,135,189",595,"253,917",235,"854,008",99,"6,051,536",454,"68,734,481",535,"74,786,017",540,"67,121,246",120,"-345,049",470,"7,179,257",565,"6,834,208"
VIC,3309,55,25,55,"1,653,513",40,"223,468",30,"18,838",0,0,30,"198,705",0,0,25,"1,009,998",0,"21,290",0,"5,693",0,0,10,"37,249",0,"74,018",0,0,0,0,30,"92,359",10,"5,842",20,"96,897",20,"41,518",55,"1,771,917",10,"21,891",0,"32,266",20,"5,401",0,759,15,"16,885",0,96,0,0,0,"1,200",20,"3,120",10,"2,292",40,"90,280",0,0,0,"58,850",0,"12,152",20,"164,986",25,"131,957",10,"1,784",0,"30,592",0,0,0,0,0,"6,058",0,"17,575",0,"56,527",0,212,0,212,0,15,0,"3,000",0,0,0,0,0,0,0,"3,000",0,0,0,"3,000",0,0,0,0,0,"1,616",0,"4,754",0,0,0,"8,890",30,"10,033",0,"1,077",0,0,3,"313,887",2,"759,675",0,"1,073,562",0,"1,023,327",3,"5,727",2,"44,508",0,"50,235"
VIC,3310,155,50,155,"4,669,311",105,"600,816",80,"51,328",0,0,85,"588,555",0,0,100,"3,362,003",35,"63,558",0,"7,755",0,"13,048",20,"149,612",15,"188,025",0,"3,562",0,"1,437",100,"187,203",40,"44,952",50,"140,440",50,"60,176",155,"4,970,161",35,"94,470",15,"46,264",75,"18,696",0,"3,427",50,"43,022",0,0,0,567,0,"1,865",45,"14,505",60,"16,543",115,"260,504",0,534,15,"234,415",0,"14,712",35,"212,836",35,"340,990",10,"16,899",0,0,0,"36,818",0,"8,470",0,"16,873",10,"38,739",15,"78,457",15,"26,984",10,"2,275",10,121,10,"92,193",0,"33,339",0,"4,127",10,"37,881",10,"22,703",0,"-5,857",10,"16,846",10,"4,420",0,"12,761",0,"16,874",10,"4,271",0,0,0,"4,290",80,"28,257",15,"6,299",0,183,12,"1,590,475",12,"1,090,457",20,"2,680,932",20,"2,620,885",12,"-144,080",12,"176,288",20,"32,208"
VIC,3311,"1,020",270,"1,015","34,434,039",720,"5,170,875",580,"429,784",0,"6,830",615,"5,142,096",10,"18,145",695,"26,339,787",220,"513,186",15,"55,590",0,"12,036",80,"444,252",110,"1,077,137",15,"50,457",15,"225,246",650,"1,500,299",240,"75,462",345,"955,071",345,"408,547","1,015","36,399,480",200,"448,793",65,"190,681",525,"145,704",30,"81,822",380,"326,004",0,524,25,"6,396",20,"34,890",310,"53,711",360,"105,313",780,"1,826,786",10,"12,088",70,"1,151,620",75,"429,605",170,"820,852",225,"1,934,221",70,"163,837",0,"20,579",10,"121,042",15,"164,163",35,"112,032",65,"668,819",85,"1,023,422",65,"80,110",65,"31,392",60,"2,474",85,"768,413",65,"456,606",15,"17,425",80,"385,208",35,"145,186",50,"-236,012",85,"-90,826",60,"52,001",15,"67,856",25,"338,699",95,"91,964",0,"1,505",25,"32,473",550,"185,526",130,"56,689",10,"18,962",53,"3,296,009",70,"7,282,038",110,"10,578,047",105,"9,516,627",55,"26,235",71,"965,477",115,"991,712"
VIC,3312,515,200,510,"14,563,928",355,"2,174,508",265,"184,003",0,0,295,"2,066,206",0,"21,855",300,"10,165,224",85,"279,821",0,"8,254",0,"13,724",35,"177,043",45,"441,955",0,"27,469",0,"58,173",355,"744,853",135,"95,226",200,"607,759",200,"260,478",515,"15,666,897",70,"168,203",30,"75,477",230,"58,590",10,"17,518",160,"147,082",0,"1,073",15,"54,134",20,"55,827",135,"33,704",170,"60,278",380,"1,041,026",0,"3,597",35,"620,908",15,"123,118",185,"63,239",160,"1,025,781",40,"30,256",0,"242,745",10,"161,800",10,"37,539",30,"160,001",45,"809,172",70,"997,244",40,"245,320",35,"7,047",35,"61,088",65,"710,217",35,"195,624",0,92,60,"286,863",35,"339,668",30,"-112,030",65,"227,638",35,"217,293",0,"4,322",20,"322,813",55,"44,729",0,"1,511",10,"5,030",285,"100,020",55,"22,912",0,"22,652",42,"5,128,322",29,"1,474,489",70,"6,602,811",70,"6,466,401",44,"-322,525",29,"381,965",70,"59,440"
VIC,3314,365,175,360,"12,936,044",245,"2,521,100",200,"176,021",0,"3,003",215,"2,538,351",0,"23,762",225,"8,146,161",60,"152,494",0,"1,656",0,"3,693",20,"102,776",15,"128,203",0,"25,110",0,0,240,"746,043",95,"59,900",160,"1,572,879",160,"674,096",360,"14,033,254",50,"126,966",25,"56,199",160,"36,487",0,"7,356",120,"108,511",0,"1,056",0,68,15,"27,730",95,"18,026",110,"41,957",250,"943,982",0,"2,757",20,"298,568",25,"138,412",150,"158,015",120,"1,097,233",25,"137,860",0,"2,704",10,"137,751",0,"10,628",25,"230,465",40,"558,242",40,"574,345",25,"9,813",25,"9,813",20,"1,000",45,"443,743",30,"237,031",10,"14,136",45,"262,948",20,"108,624",25,"-178,996",45,"-70,372",35,"11,942",0,"7,956",25,"489,097",15,"30,529",0,864,10,"3,477",195,"65,581",45,"20,720",0,"5,772",20,"1,652,106",17,"1,193,567",35,"2,845,673",35,"2,726,015",22,"-390,650",18,"467,703",35,"77,053"
VIC,3315,975,405,960,"31,903,627",695,"5,399,181",550,"420,704",0,"10,656",600,"5,290,900",10,"34,674",610,"22,532,928",155,"200,343",10,"101,825",10,"35,762",85,"479,543",70,"627,193",20,"189,044",10,"199,877",645,"1,938,439",305,"180,630",355,"1,875,262",355,"803,564",965,"34,279,793",140,"332,561",60,"124,821",455,"119,536",35,"57,814",335,"372,708",25,"4,311",15,"5,878",35,"125,240",280,"111,605",330,"99,696",760,"2,180,784",15,"29,005",85,"1,302,929",60,"347,905",295,"-763,634",285,"3,357,220",85,"147,282",0,"91,498",15,"298,609",0,562,55,"520,323",95,"1,683,012",110,"1,643,114",85,"56,454",85,"15,223",80,"2,560",145,"1,496,581",75,"551,224",25,"29,633",140,"763,747",80,"465,377",70,"-313,846",145,"151,531",60,"90,116",10,"52,014",45,"749,957",100,"76,657",0,"2,639",30,"29,235",560,"189,616",125,"54,426",15,"57,081",47,"3,296,906",44,"4,898,128",85,"8,195,034",85,"7,636,275",49,"-67,335",44,"610,837",90,"543,502"
VIC,3317,100,55,100,"4,124,904",75,"758,615",60,"54,991",0,"1,047",65,"758,272",0,"12,625",60,"2,851,547",25,"70,352",0,"59,754",0,0,10,"45,476",10,"100,114",0,"21,629",0,0,65,"133,224",30,"11,391",40,"90,696",40,"38,857",100,"4,403,148",15,"56,110",10,"8,730",40,"11,124",0,0,30,"29,528",0,262,0,0,0,479,30,"7,040",45,"11,153",75,"184,709",0,"3,244",10,"125,072",10,"74,719",20,"261,727",35,"387,366",10,"1,283",0,"4,699",0,"2,159",0,0,10,"57,336",15,"293,221",15,"530,274",10,"1,861",10,"1,861",10,180,0,"43,018",0,"11,734",0,0,0,"8,889",0,"30,393",0,"-7,998",0,"22,395",15,"23,804",0,"42,894",0,"52,644",0,"7,639",0,"1,568",0,244,55,"16,303",10,"4,828",0,"10,381",10,"1,163,579",6,"1,087,579",15,"2,251,158",15,"2,170,519",11,"-138,948",6,"219,963",15,"81,015"
VIC,3318,760,290,745,"25,860,714",515,"4,356,354",420,"338,940",10,"18,857",445,"4,341,759",10,"23,494",490,"17,482,740",195,"150,284",0,"23,437",0,"9,080",55,"280,881",65,"705,731",0,"57,704",0,"41,880",450,"1,302,654",150,"127,273",255,"894,128",255,"383,094",755,"27,706,647",115,"240,264",30,"33,309",350,"79,950",25,"39,622",250,"196,931",25,"5,489",15,"11,546",10,"45,240",160,"45,679",280,"64,588",550,"1,127,927",0,"7,836",55,"888,815",50,"343,273",210,"1,083,448",235,"2,812,954",55,"51,686",0,0,10,"39,662",0,"57,849",60,"367,969",75,"1,073,239",85,"764,868",60,"15,037",60,"11,041",55,"1,633",95,"1,480,513",60,"529,410",10,"18,696",90,"638,289",60,"488,777",40,"-194,659",95,"294,118",55,"29,116",10,"12,774",25,"304,471",55,"60,838",10,"7,361",25,"11,220",380,"127,339",85,"37,997",10,"4,892",30,"2,864,272",52,"4,445,958",75,"7,310,230",80,"5,956,211",34,"145,342",53,"1,227,555",80,"1,372,897"
VIC,3319,225,80,220,"7,298,121",155,"1,224,352",120,"94,041",0,0,135,"1,186,768",0,"5,594",140,"5,332,648",35,"78,156",0,"14,382",0,"1,265",15,"84,732",20,"189,518",0,"6,069",0,"121,426",140,"242,178",65,"18,603",85,"308,038",85,"131,993",225,"7,989,123",40,"104,229",0,"34,596",90,"20,989",0,807,75,"74,695",0,342,0,"69,177",0,"4,710",45,"13,721",80,"37,414",155,"583,416",0,"8,267",10,"114,976",15,"81,596",70,"326,899",75,"853,835",15,"15,317",0,0,0,"19,714",0,"51,080",20,"31,497",35,"85,355",25,"639,868",20,"63,745",20,"63,745",15,"8,704",20,"251,264",10,"73,774",0,"9,246",20,"105,294",10,"98,501",10,"-35,551",20,"62,950",10,"1,365",0,"3,317",10,"210,652",10,"12,084",0,"2,441",0,"4,086",115,"37,137",40,"18,980",0,0,13,"842,919",11,"313,301",20,"1,156,220",20,"1,097,606",16,"-38,740",12,"57,035",20,"18,295"
VIC,3321,805,450,795,"37,439,105",625,"7,121,942",570,"518,836",10,"10,421",585,"7,266,438",20,"78,574",620,"30,547,774",160,"594,527",10,"115,147",15,"120,330",40,"190,548",25,"247,860",15,"279,610",0,"117,077",430,"705,554",100,"42,772",180,"733,148",180,"314,112",805,"39,901,068",220,"620,347",75,"120,635",425,"109,513",30,"40,840",430,"421,862",15,"2,768",15,"4,910",10,"12,483",290,"64,681",385,"111,345",645,"1,811,186",15,"42,446",45,"749,267",75,"403,132",90,"1,264,110",150,"2,477,215",60,"138,862",10,"358,464",0,"38,766",10,"40,667",40,"589,316",50,"1,567,919",50,"577,582",50,"30,042",45,"15,038",30,"1,696",100,"1,124,922",80,"791,468",30,"74,268",100,"538,883",35,"177,041",70,"-456,738",105,"-279,697",45,"99,400",10,"54,171",15,"247,878",35,"53,924",10,"5,293",50,"21,214",420,"132,075",50,"19,749",20,"49,585",21,"976,343",60,"2,756,092",80,"3,732,435",75,"2,407,095",17,"-43,796",61,"1,310,899",75,"1,267,103"
VIC,3322,90,50,85,"3,336,246",60,"536,582",45,"41,590",0,878,50,"493,864",0,"21,174",55,"1,902,142",15,"33,705",0,"9,104",0,"2,295",10,"57,216",10,"100,995",0,0,0,"34,709",60,"123,661",20,"4,122",30,"22,580",30,"9,668",85,"3,447,142",15,"35,398",0,"10,734",30,"7,592",0,"4,932",30,"29,873",0,0,0,60,0,0,30,"2,081",30,"4,588",55,"101,686",0,636,0,"78,549",0,"2,704",25,"724,131",30,"393,269",10,"3,317",0,"4,953",0,0,0,"29,322",0,"2,025",0,"6,291",0,"3,551",0,"174,663",0,"174,663",0,"31,887",10,"114,273",0,"47,884",0,37,0,"70,791",0,"22,113",0,"-26,552",0,"-4,439",0,418,0,178,0,0,0,"6,428",0,0,0,16,40,"14,535",10,"3,814",0,302,7,"704,106",10,"490,392",15,"1,194,498",15,"1,139,266",7,"-47,518",10,"99,264",15,"51,746"
VIC,3323,70,50,70,"2,776,495",50,"460,277",45,"36,079",0,0,45,"406,455",0,"11,045",45,"1,627,498",10,"48,932",0,323,0,0,0,"8,417",0,676,0,"5,718",0,0,50,"125,405",20,"3,138",25,"37,720",25,"16,158",70,"3,111,124",20,"45,263",0,"2,511",25,"8,136",0,"4,010",25,"35,221",0,0,0,"4,012",0,12,10,"2,450",15,"6,081",50,"215,673",0,858,0,"17,000",0,"28,263",25,"527,587",25,"271,717",10,"18,323",0,0,0,"33,238",0,"2,654",10,"26,914",10,"75,821",10,"126,471",10,335,10,335,10,31,15,"252,752",15,"94,955",0,"7,247",15,"59,653",10,"113,356",0,"-22,459",15,"90,897",0,356,0,0,0,"107,000",0,977,0,"1,173",0,"1,254",35,"10,738",10,"3,758",0,6,8,"1,102,426",5,"101,571",10,"1,203,997",10,"913,142",8,"217,043",5,"66,398",10,"283,441"
VIC,3324,300,155,290,"12,218,665",230,"2,128,759",180,"156,001",10,"8,333",195,"2,048,034",10,"32,286",175,"6,580,314",50,"128,561",0,"12,795",0,410,25,"87,089",25,"229,022",0,"20,883",0,"27,180",200,"641,208",55,"29,280",90,"693,116",90,"297,349",300,"13,454,343",60,"138,903",10,"54,358",115,"32,122",10,"16,879",120,"116,729",0,143,0,"5,624",0,"3,954",55,"10,468",140,"44,086",215,"782,793",0,"5,507",10,"167,120",10,"79,113",80,"3,418,239",85,"1,182,342",30,"135,254",0,0,0,"19,266",0,"28,919",15,"113,921",25,"376,731",30,"144,323",20,"14,210",20,"4,323",15,902,25,"348,735",15,"227,449",0,"8,607",25,"150,431",10,"100,357",15,"-138,109",25,"-37,752",45,"9,891",0,"15,452",15,"345,000",10,"14,527",0,"3,857",0,"3,002",160,"54,485",35,"15,154",0,"7,567",23,"6,085,230",24,"2,137,839",45,"8,223,069",50,"7,457,604",28,"393,151",25,"354,276",50,"747,427"
VIC,3325,290,145,280,"10,160,736",200,"1,722,335",170,"131,557",0,"4,325",180,"1,540,808",10,"49,478",170,"6,319,777",40,"87,491",0,"37,935",0,"119,539",15,"88,726",25,"266,286",0,"8,792",0,"1,185",190,"423,792",55,"30,362",100,"641,970",100,"275,098",285,"11,285,497",65,"178,829",10,"21,851",115,"25,893",0,"7,073",90,"90,257",0,"1,558",0,"2,922",0,"18,165",60,"20,952",115,"36,343",190,"542,067",0,866,0,"133,657",15,"119,450",85,"1,720,968",95,"499,369",20,"61,610",0,0,0,"135,140",0,"23,532",25,"208,373",30,"629,645",30,"315,407",30,"12,252",25,"5,463",20,282,40,"417,133",35,"242,578",15,"27,710",40,"182,355",20,"85,998",25,"-121,508",40,"-35,510",20,"6,704",0,0,10,"128,000",0,"9,921",0,"1,173",0,"3,567",160,"53,320",30,"13,312",0,"81,646",20,"1,499,301",23,"1,336,821",45,"2,836,122",40,"2,727,327",22,"-149,771",22,"213,290",45,"63,519"
VIC,3328,925,460,920,"42,506,537",740,"7,540,388",655,"571,992",15,"14,567",675,"7,735,124",25,"83,543",780,"38,571,743",215,"510,010",25,"325,684",25,"98,869",60,"344,015",50,"400,451",10,"82,572",15,"305,416",440,"433,322",60,"13,456",145,"188,446",145,"80,378",925,"45,058,284",300,"830,484",90,"213,420",525,"157,571",35,"48,390",560,"563,747",15,"6,566",15,"13,663",0,"3,018",360,"82,837",475,"115,496",775,"2,133,415",15,"25,305",65,"1,087,873",105,"531,221",15,"431,608",100,"1,184,458",35,"34,043",0,"75,401",0,0,20,"108,647",30,"472,187",40,"956,266",40,"353,959",40,"201,995",30,"5,460",25,562,95,"1,047,000",80,"743,805",35,"61,735",95,"491,858",30,"127,556",70,"-377,954",100,"-250,398",35,"77,299",0,975,0,"37,210",40,"58,966",0,"2,489",55,"23,513",510,"155,922",90,"39,145",35,"54,729",7,"406,736",75,"3,290,525",80,"3,697,261",80,"2,325,058",9,"83,560",77,"1,227,654",85,"1,311,214"
VIC,3329,165,105,160,"6,001,593",115,"995,615",95,"77,510",0,"1,249",105,"994,020",0,"2,606",105,"4,408,636",40,"74,996",0,"100,681",0,"12,056",10,"39,600",15,"127,180",0,"9,448",0,"39,295",85,"138,602",30,"307,062",55,"215,065",55,"92,084",165,"6,289,140",30,"77,803",10,"7,015",65,"17,633",0,"3,795",70,"64,960",0,220,0,98,10,"25,011",45,"11,449",60,"13,421",110,"270,758",0,"5,301",10,"169,954",10,"111,537",45,"-287,166",40,"581,461",20,"73,306",0,"168,447",0,"216,690",0,"71,555",10,"8,440",20,"36,457",25,"236,452",15,"3,087",15,"3,087",15,"1,809",20,"188,065",15,"105,792",0,"6,083",20,"97,743",0,"37,179",15,"-58,732",20,"-21,553",10,"2,442",0,"45,270",0,"45,000",0,"4,353",0,323,10,"5,887",90,"30,378",20,"8,232",0,"6,579",6,"298,383",10,"428,015",15,"726,398",15,"770,849",6,"-177,435",10,"97,992",15,"-79,443"
VIC,3330,130,55,130,"4,796,711",105,"732,304",75,"55,964",0,0,85,"690,859",0,"2,557",90,"3,268,265",25,"39,227",0,"32,577",0,"4,137",15,"57,932",10,"73,154",0,"51,704",0,"19,686",70,"248,364",25,"13,718",30,"66,714",30,"28,574",130,"5,133,936",40,"105,569",0,"2,937",60,"15,706",0,"4,356",60,"48,104",0,255,0,448,0,0,40,"10,090",55,"15,811",95,"306,751",0,"7,635",0,"39,269",0,"28,674",30,"466,523",35,"229,718",15,"37,433",0,"22,386",0,"59,910",0,0,0,"15,740",10,"449,648",0,"7,027",10,"1,031",10,"1,031",10,167,10,"222,721",0,"72,088",0,"3,413",10,"73,614",0,"86,759",0,"-13,153",10,"73,606",0,"2,286",0,"7,280",0,"103,475",0,0,0,0,0,556,80,"26,125",10,"5,148",0,"14,173",10,"400,918",11,"833,644",20,"1,234,562",15,"1,105,412",10,"-76,287",11,"201,123",20,"124,836"
VIC,3331,"2,970","1,605","2,955","146,720,410","2,375","28,144,231","2,135","1,986,874",35,"44,315","2,210","28,706,047",80,"243,161","2,410","125,539,740",740,"1,670,737",55,"798,366",80,"1,116,693",160,"906,871",145,"1,303,966",40,"395,563",25,"741,027","1,475","2,243,092",255,"146,319",600,"2,267,706",600,"971,120","2,960","154,023,719",985,"2,488,558",285,"533,651","1,720","466,645",115,"270,536","1,745","1,871,502",45,"18,573",45,"31,589",25,"44,479","1,215","350,569","1,560","399,005","2,430","7,195,322",40,"87,008",210,"3,207,235",350,"2,329,497",100,"-143,224",410,"10,132,178",130,"755,146",30,"988,509",15,"307,462",35,"286,739",125,"1,415,141",150,"3,086,054",175,"3,295,056",130,"242,277",120,"57,277",105,"175,637",345,"4,235,772",300,"2,849,430",130,"351,398",350,"1,969,426",120,"714,741",235,"-1,649,223",355,"-934,482",140,"264,096",40,"79,423",35,"469,745",115,"235,966",20,"19,869",150,"80,154","1,595","491,235",195,"78,849",105,"339,126",36,"653,838",199,"9,263,415",225,"9,917,253",220,"7,140,816",36,"-756,197",200,"3,154,011",230,"2,397,814"
VIC,3332,550,260,545,"24,804,682",440,"4,414,976",390,"331,103",0,"3,578",400,"4,411,540",10,"41,847",445,"20,322,200",145,"491,175",0,"77,873",15,"80,351",25,"99,266",30,"259,170",10,"112,590",0,"93,409",285,"357,631",40,"10,869",95,"363,619",95,"155,791",545,"26,010,692",165,"442,867",45,"112,540",310,"81,335",20,"26,015",300,"297,562",10,"2,735",10,"6,704",0,179,200,"39,158",280,"88,006",430,"1,164,216",10,"15,131",30,"458,187",50,"350,667",25,"33,199",90,"1,488,210",35,"103,413",0,"148,685",0,"61,304",0,"24,739",20,"145,641",30,"317,363",35,"342,461",25,"227,027",25,"199,722",20,"20,091",65,"623,269",60,"390,905",15,"28,192",65,"312,288",20,"91,919",45,"-200,035",65,"-108,116",25,"53,026",10,301,0,"42,796",15,"24,319",0,"3,914",25,"19,905",310,"99,578",50,"22,789",15,"106,337",8,"171,403",42,"3,084,280",50,"3,255,683",50,"2,273,028",9,"-186,802",43,"1,128,877",50,"942,075"
VIC,3333,485,240,475,"20,044,512",330,"3,927,612",290,"268,974",0,"5,055",300,"3,966,088",10,"30,508",325,"15,023,301",85,"252,276",0,"58,918",0,"30,993",20,"99,079",20,"204,242",0,"36,319",0,"88,599",230,"740,594",60,"74,190",115,"1,924,689",115,"824,882",475,"21,228,673",125,"318,153",35,"42,843",210,"59,701",15,"24,724",195,"200,538",0,0,10,"24,032",10,"38,540",155,"205,239",205,"61,375",330,"1,173,567",0,"9,328",20,"302,815",25,"160,786",75,"-873,271",110,"1,782,592",40,"90,098",0,"50,285",0,"240,443",10,"135,957",30,"95,265",35,"1,103,723",35,"471,572",30,"119,280",25,"43,362",25,"11,356",45,"427,650",30,"185,788",10,"17,680",40,"183,526",20,"126,979",25,"-86,323",45,"40,656",25,"5,756",0,"1,166",10,"176,306",10,"22,107",0,"3,519",15,"12,412",235,"75,705",50,"19,912",10,"50,974",20,"1,015,620",40,"2,029,147",60,"3,044,767",55,"2,885,331",20,"-713,579",41,"739,642",60,"26,063"
VIC,3334,300,140,295,"12,960,754",235,"2,304,129",205,"174,682",0,"5,267",215,"2,359,311",0,"12,030",230,"11,014,780",70,"192,523",0,"48,882",0,"30,782",25,"91,628",20,"237,896",0,"8,967",0,"74,948",155,"355,410",30,"9,031",60,"175,795",60,"75,322",295,"13,728,233",80,"256,191",20,"80,464",165,"49,321",0,"9,301",160,"184,983",0,"1,000",0,"1,758",0,309,115,"33,921",155,"39,446",245,"734,254",0,"8,586",20,"404,377",35,"286,491",35,"-128,673",50,"1,085,997",15,"154,710",0,"57,566",0,"124,473",0,"85,975",10,"197,020",10,"394,811",15,"129,759",10,"11,412",10,903,10,203,35,"447,428",20,"147,980",0,"7,165",30,"150,200",20,"222,718",20,"-80,635",35,"142,083",15,"10,946",0,"25,137",0,"59,994",15,"17,566",0,950,20,"9,365",165,"55,583",40,"17,251",10,"7,375",21,"493,269",21,"970,676",40,"1,463,945",40,"1,740,993",21,"-571,438",23,"192,206",40,"-379,232"
VIC,3335,"1,220",355,"1,210","56,334,519","1,045","9,834,778",925,"764,529",15,"24,127",960,"10,040,981",35,"102,037",975,"46,212,279",240,"770,721",25,"206,289",30,"385,270",80,"369,231",50,"548,148",0,"31,203",0,"140,888",590,"1,677,189",50,"8,793",150,"1,067,815",150,"457,585","1,215","59,266,116",425,"1,118,585",100,"159,771",715,"213,476",50,"72,220",750,"747,197",15,"3,947",25,"9,962",0,"20,343",510,"83,973",710,"215,938","1,020","2,838,900",0,"13,540",40,"658,337",60,"289,041",15,"27,109",155,"3,778,875",25,"43,986",15,"243,673",0,"2,664",10,"56,458",25,"1,018,806",30,"2,189,214",45,"629,819",30,"49,629",25,"42,239",20,534,160,"2,588,490",120,"1,585,306",60,"185,828",160,"950,900",70,"806,826",95,"-940,370",165,"-133,544",85,"109,965",10,"98,560",10,"156,037",50,"37,451",0,0,35,"18,790",785,"252,573",90,"37,446",45,"177,149",7,"51,048",80,"4,655,835",85,"4,706,883",85,"3,292,299",7,"4,091",79,"1,430,671",85,"1,434,762"
VIC,3337,"17,440","5,065","17,375","792,537,388","14,510","135,546,574","12,795","10,560,508",175,"202,770","13,400","138,795,642",410,"1,205,510","15,055","718,107,659","4,080","11,394,936",315,"3,516,284",490,"3,944,460","1,710","8,852,527",910,"8,433,675",155,"1,496,903",155,"4,028,105","7,315","7,473,160",800,"200,049","2,070","6,529,236","2,060","2,796,434","17,385","837,895,546","6,710","17,668,519","1,870","3,324,764","11,520","3,471,493",775,"1,092,843","11,755","12,846,970",445,"179,204",350,"224,317",120,"277,793","8,810","1,682,445","10,370","2,221,731","15,025","44,932,877",200,"385,771",810,"13,297,455","1,425","7,643,643",40,"-214,832","1,220","23,292,215",340,"725,095",165,"2,886,912",10,"46,597",130,"1,193,858",350,"12,282,214",440,"25,545,058",500,"5,568,447",355,"879,607",265,"83,362",245,"83,739","1,635","20,995,169","1,465","16,949,117",805,"2,198,086","1,650","10,662,345",380,"2,080,058","1,285","-10,895,762","1,665","-8,815,704",685,"901,068",115,"410,296",80,"851,990",695,"1,069,710",35,"34,217",730,"356,042","10,800","3,411,065","1,335","560,073",585,"1,337,845",28,"757,590","1,225","90,457,837","1,250","91,008,490","1,230","66,970,985",39,"-190,365","1,242","23,550,933","1,275","23,317,276"
VIC,3338,"9,110","2,750","9,075","421,017,756","7,640","72,512,953","6,710","5,628,488",110,"117,739","7,015","74,314,720",235,"732,639","7,945","389,801,447","2,100","5,767,222",175,"1,753,790",240,"1,741,351",900,"4,900,177",490,"4,738,919",100,"1,132,759",80,"1,891,170","3,995","3,547,456",405,"510,426","1,020","2,897,638","1,015","1,239,616","9,080","444,503,447","3,395","9,116,669",945,"1,474,832","5,880","1,735,339",425,"681,435","6,190","6,551,538",190,"79,531",195,"91,522",45,"529,518","4,430","898,305","5,350","1,120,487","7,830","23,394,682",100,"198,640",375,"5,965,951",725,"3,656,311",15,"-31,143",590,"11,874,308",185,"589,905",90,"1,641,882",10,"29,727",85,"1,108,861",145,"1,077,933",180,"3,735,965",310,"3,947,234",195,"479,101",150,"79,408",140,"27,465",790,"9,546,192",710,"7,584,717",405,"1,094,154",790,"5,165,573",180,"791,687",615,"-5,089,939",795,"-4,298,252",350,"416,946",65,"229,004",45,"513,376",400,"553,206",25,"13,255",370,"192,775","5,550","1,735,301",695,"298,896",295,"714,182",9,"83,514",617,"28,817,632",625,"28,901,146",615,"19,136,074",13,"2,224",628,"9,081,992",640,"9,084,216"
VIC,3340,"10,690","4,435","10,635","539,135,243","8,770","103,511,857","7,860","7,355,934",210,"257,146","8,120","106,302,662",295,"905,981","8,895","462,339,922","2,525","8,063,482",190,"2,496,107",280,"3,035,103",765,"3,723,129",570,"5,170,274",135,"1,402,918",115,"2,853,780","5,475","7,259,385",855,"590,929","2,015","10,548,575","2,010","4,517,502","10,650","570,125,719","4,110","11,353,708","1,035","2,260,934","6,370","1,834,712",470,"787,339","6,980","8,230,732",240,"88,193",200,"160,165",140,"353,188","5,400","1,126,155","5,880","1,512,415","9,105","30,157,858",155,"324,094",700,"10,760,693","1,155","7,605,811",125,"-415,079","1,325","36,720,461",465,"2,818,658",75,"1,456,158",20,"400,809",95,"1,025,182",340,"4,376,511",440,"9,910,087",515,"6,376,120",415,"702,934",355,"277,896",330,"70,181","1,300","17,368,934","1,110","11,901,385",580,"1,524,044","1,300","8,559,978",400,"2,585,565",925,"-7,202,038","1,325","-4,616,473",560,"684,952",80,"90,304",100,"1,507,626",430,"843,069",35,"26,954",565,"284,449","5,880","1,841,316",855,"361,898",345,"1,070,660",67,"1,938,107",699,"47,927,345",755,"49,761,938",755,"35,807,130",74,"-763,538",718,"13,711,384",785,"12,940,881"
VIC,3341,890,410,885,"46,496,283",740,"9,300,565",665,"647,205",15,"20,348",675,"9,577,538",15,"48,684",735,"40,661,608",220,"723,402",20,"275,201",25,"509,049",45,"211,380",35,"327,993",10,"53,523",10,"309,333",465,"612,212",80,"10,694",190,"555,946",190,"238,185",890,"49,039,001",335,"1,082,232",85,"137,098",510,"141,324",45,"67,555",575,"687,894",15,"3,685",20,"7,827",10,"7,955",440,"84,339",475,"136,765",760,"2,492,299",0,"11,400",60,"993,189",90,"626,405",35,"-19,335",110,"2,622,659",35,"215,215",0,"108,241",0,"69,050",10,"126,316",30,"166,296",40,"500,659",50,"446,543",30,"78,837",25,"15,138",25,"10,234",105,"1,322,135",95,"1,007,573",50,"81,573",105,"637,183",35,"145,588",70,"-549,782",105,"-404,194",65,"150,212",10,"19,522",0,"61,152",40,"63,717",0,0,40,"15,732",485,"155,621",70,"30,749",35,"83,707",10,"959,461",76,"4,333,505",85,"5,292,966",85,"4,022,057",14,"-435,695",78,"1,709,250",90,"1,273,555"
VIC,3342,"1,775",755,"1,750","82,846,627","1,395","15,186,589","1,245","1,116,744",25,"32,766","1,285","15,588,635",45,"171,292","1,410","71,400,831",425,"1,316,285",30,"441,663",45,"310,074",105,"541,207",110,"1,088,307",25,"433,638",30,"744,569",940,"1,703,198",190,"170,070",355,"1,415,843",355,"605,909","1,765","88,148,003",650,"1,837,409",165,"478,260",985,"259,345",75,"103,492","1,045","1,183,123",30,"12,164",30,"17,083",25,"67,108",735,"167,070",995,"296,131","1,460","4,798,105",35,"82,784",120,"2,237,416",170,"1,189,756",90,"-912,780",245,"5,163,162",75,"159,952",15,"427,890",30,"939,167",20,"172,357",70,"846,547",90,"1,944,200",105,"1,522,244",85,"159,900",70,"43,525",70,"46,474",205,"2,643,910",175,"1,745,721",70,"165,331",205,"1,240,743",65,"429,262",145,"-937,147",210,"-507,885",115,"82,820",10,"29,239",15,"250,676",75,"118,452",0,338,75,"48,454",930,"295,583",135,"58,536",50,"88,614",31,"1,144,665",151,"7,635,960",180,"8,780,625",180,"7,177,271",38,"-996,131",154,"2,365,917",185,"1,369,786"
VIC,3345,680,320,675,"36,403,840",550,"7,693,591",485,"497,253",10,"21,653",510,"7,809,876",20,"80,620",555,"29,408,121",145,"411,033",15,"219,659",20,"200,455",50,"225,312",30,"250,234",10,"63,704",0,"64,144",330,"582,745",65,"26,245",150,"843,626",150,"361,107",680,"38,304,823",245,"648,718",65,"149,375",380,"107,670",30,"36,615",425,"483,055",15,"4,257",15,"24,112",0,"11,433",315,"70,354",355,"92,189",570,"1,786,658",0,"5,765",40,"653,825",80,"477,301",35,"-106,776",80,"1,361,019",30,"83,668",0,"118,664",0,"84,902",15,"182,485",15,"2,457,736",20,"4,926,162",40,"477,251",20,"98,672",20,"4,015",20,"44,961",90,"1,000,567",75,"700,048",20,"28,331",90,"484,541",30,"182,971",60,"-395,324",90,"-212,353",35,"7,698",0,"20,261",0,"114,133",30,"44,747",0,"4,304",35,"11,638",350,"112,509",70,"32,287",30,"140,205",8,"599,439",63,"3,361,820",70,"3,961,259",70,"2,802,253",9,"-83,551",65,"1,052,434",75,"968,883"
VIC,3350,"31,245","17,260","31,100","1,517,962,933","25,250","290,308,479","22,130","20,396,678",280,"357,586","22,965","296,608,200","1,430","4,651,840","25,460","1,209,428,759","6,525","14,850,151",445,"5,416,076",495,"3,908,246","3,135","17,018,669","1,925","17,720,354",465,"6,396,301",330,"6,279,184","17,630","29,547,634","3,245","1,567,280","7,710","44,425,041","7,675","19,026,065","31,135","1,603,786,024","10,805","25,643,233","3,525","5,159,292","16,980","4,593,321","1,440","2,473,657","18,830","20,922,232",815,"259,289",945,"2,022,947",815,"2,277,091","13,230","4,064,115","16,390","5,021,982","26,370","83,691,763",495,"1,061,629","3,035","53,890,951","3,625","26,835,911",225,"90,727","4,770","137,924,487","1,985","17,989,100",205,"3,617,149",50,"1,284,487",360,"2,202,511","1,460","17,020,937","2,120","47,457,446","2,580","33,852,615","1,800","4,488,091","1,660","1,515,067","1,485","928,921","4,060","56,401,892","3,375","35,828,137","1,485","3,587,326","4,060","27,723,098","1,355","9,473,671","2,765","-20,136,923","4,120","-10,663,252","1,700","2,452,415",380,"1,275,074",455,"7,314,029","1,815","3,833,493",140,"103,401","1,890","1,002,346","17,410","5,630,455","2,365","1,006,193",725,"2,075,543",113,"3,263,126","2,354","242,431,794","2,455","245,021,407","2,395","183,568,228",146,"-1,620,296","2,388","61,234,061","2,515","59,532,901"
VIC,3351,"4,300","2,025","4,270","173,063,437","3,325","28,540,087","2,845","2,277,388",25,"30,020","2,980","28,855,964",90,"290,862","3,360","148,348,557","1,065","2,311,072",55,"491,871",65,"428,273",355,"1,867,338",220,"1,998,184",55,"579,716",40,"795,447","2,260","3,389,708",460,"129,464",965,"2,646,401",955,"1,133,948","4,285","184,791,497","1,435","3,770,444",400,"1,100,717","2,535","713,789",170,"230,591","2,510","2,638,331",100,"28,594",80,"78,256",55,"160,739","1,640","406,436","2,270","621,913","3,525","11,072,232",50,"85,217",320,"5,322,956",385,"2,647,774",260,"2,456,772",670,"10,579,093",200,"453,081",30,"456,044",25,"350,231",75,"565,482",145,"1,292,507",210,"3,517,186",310,"5,443,259",200,"449,944",180,"52,549",165,"62,115",485,"5,749,758",415,"3,841,621",175,"393,929",485,"2,608,858",150,"941,946",340,"-2,036,596",490,"-1,094,650",220,"215,091",30,"88,847",70,"955,982",215,"358,103",25,"21,372",195,"96,342","2,490","805,706",380,"160,881",90,"191,224",62,"5,052,805",352,"23,873,302",405,"28,909,720",395,"24,548,803",62,"-337,566",358,"4,662,026",415,"4,324,460"
VIC,3352,"8,770","5,065","8,700","402,456,883","6,870","75,064,424","6,015","5,412,991",75,"77,330","6,255","76,607,766",265,"823,216","6,830","322,353,044","1,970","4,743,439",135,"1,242,047",125,"851,161",545,"2,956,860",430,"4,096,355",135,"1,927,412",60,"1,402,144","4,950","8,184,990","1,080","385,174","2,225","13,316,000","2,215","5,704,220","8,740","428,397,818","2,925","7,426,269",805,"1,618,138","4,915","1,367,932",290,"422,716","5,070","5,706,906",245,"64,912",225,"348,058",180,"981,171","3,380","940,531","4,470","1,384,013","7,190","24,642,826",120,"273,499",735,"12,299,822",930,"6,526,722",640,"3,027,872","1,700","37,105,548",540,"2,165,502",50,"746,582",85,"1,959,178",135,"1,272,933",395,"4,086,512",535,"11,558,646",725,"8,646,173",425,"924,940",405,"120,096",340,"115,667","1,240","16,302,739",985,"10,341,943",470,"1,097,023","1,240","7,540,843",450,"2,933,672",810,"-5,610,742","1,260","-2,677,070",540,"607,376",105,"309,622",215,"3,333,585",540,"1,013,909",50,"34,239",540,"252,903","4,850","1,544,525",825,"349,089",195,"554,996",168,"9,832,625",716,"62,815,565",860,"72,648,190",860,"59,562,531",187,"-2,940,323",729,"14,560,683",890,"11,620,360"
VIC,3355,"5,845","2,680","5,820","246,451,051","4,595","41,934,298","3,790","3,136,480",45,"50,206","4,005","42,157,073",155,"501,771","4,615","203,051,741","1,220","2,111,253",60,"730,948",75,"558,500",690,"3,814,586",585,"5,726,252",70,"1,169,164",85,"1,608,878","3,025","5,832,257",620,"229,592","1,425","7,090,280","1,420","3,038,675","5,825","259,747,672","1,845","4,290,652",510,"887,519","3,355","947,108",215,"344,351","3,330","3,301,675",120,"30,900",160,"199,323",130,"231,744","2,495","585,690","3,125","883,424","4,805","12,835,745",90,"229,757",425,"7,395,989",525,"3,834,869",40,"145,526",665,"10,432,731",290,"675,908",35,"493,875",0,"14,707",45,"439,794",215,"1,833,722",315,"5,546,276",405,"4,960,785",300,"536,729",290,"227,708",250,"46,100",545,"7,336,208",430,"4,364,012",175,"373,144",540,"3,652,687",200,"1,342,904",350,"-2,396,539",550,"-1,053,635",240,"631,647",50,"190,141",45,"716,983",275,"404,897",15,"18,667",265,"108,197","3,400","1,116,021",535,"232,316",90,"436,639",12,"294,120",348,"30,543,907",360,"30,838,027",345,"21,432,409",15,"-108,822",356,"9,267,790",370,"9,158,968"
VIC,3356,"7,025","2,720","7,005","275,992,821","5,675","41,144,772","4,785","3,505,398",30,"36,600","5,095","41,603,275",210,"592,744","5,995","246,234,116","1,535","2,811,089",90,"561,241",90,"398,953",880,"4,817,798",540,"5,162,278",70,"594,349",80,"1,361,079","3,420","3,966,176",460,"96,126","1,145","4,432,733","1,140","1,898,741","7,010","291,470,476","2,500","5,700,503",655,"1,152,679","4,650","1,315,103",310,"419,369","4,325","4,064,990",130,"33,471",150,"123,255",65,"131,716","3,000","437,848","3,825","857,825","6,015","15,235,883",75,"111,114",445,"7,957,143",525,"2,788,759",20,"-87,984",605,"8,827,301",210,"382,184",60,"983,364",0,"81,141",75,"627,678",175,"1,354,181",235,"2,818,427",345,"3,221,459",200,"318,266",185,"87,377",165,"42,307",560,"6,388,550",475,"3,960,566",200,"371,316",560,"3,109,367",170,"1,079,997",400,"-2,122,792",570,"-1,042,795",240,"254,205",40,"69,767",50,"477,218",345,"511,428",40,"31,383",345,"177,278","4,525","1,504,072",570,"248,420",130,"215,160",20,"409,781",426,"27,052,451",445,"27,444,481",435,"20,701,802",23,"-121,938",431,"6,397,222",450,"6,268,894"
VIC,3357,"2,220","1,435","2,210","115,954,451","1,750","23,930,826","1,575","1,591,900",25,"23,930","1,610","24,350,629",90,"273,824","1,740","91,723,372",450,"1,148,767",35,"349,091",25,"205,020",120,"622,728",115,"991,362",40,"599,791",30,"757,107","1,295","2,303,377",275,"98,187",645,"1,963,263",645,"841,111","2,215","122,240,445",780,"1,805,375",270,"367,768","1,115","289,330",90,"179,104","1,345","1,521,458",80,"24,148",70,"130,162",55,"95,927",945,"313,721","1,165","403,270","1,860","6,091,962",50,"134,293",235,"4,144,293",310,"2,571,988",40,"-245,340",410,"11,046,863",140,"408,249",15,"396,589",10,"153,765",30,"282,773",105,"1,114,147",165,"3,483,912",235,"3,351,670",135,"616,062",125,"106,799",115,"98,035",330,"4,367,351",280,"2,750,824",130,"326,784",330,"2,265,150",105,"660,193",230,"-1,635,600",335,"-975,407",135,"136,293",35,"86,240",45,"671,887",125,"286,008",15,"11,957",165,"80,453","1,135","351,717",190,"79,325",50,"285,541",22,"519,052",188,"16,449,402",210,"16,968,454",200,"10,403,905",24,"-484,889",195,"7,022,479",215,"6,537,590"
VIC,3360,345,140,340,"13,005,143",260,"1,978,154",215,"160,174",0,841,225,"1,950,533",10,"35,430",255,"10,208,778",75,"196,911",0,"55,763",0,"59,089",35,"178,714",20,"252,154",0,"37,071",0,"36,617",215,"332,667",60,"31,587",90,"183,964",90,"78,805",345,"13,891,829",95,"219,530",20,"58,499",165,"46,531",10,"15,526",170,"150,735",15,"2,825",0,485,0,591,120,"42,221",165,"37,613",270,"617,535",0,"2,734",20,"309,087",20,"90,635",50,"1,003,422",70,"747,177",25,"45,053",0,"57,517",0,292,0,"65,929",15,"93,134",20,"188,453",30,"93,421",20,"32,361",20,"3,408",15,347,45,"501,898",40,"325,895",10,"15,570",45,"252,290",10,"78,223",35,"-170,080",45,"-91,857",20,"12,745",0,186,0,"31,000",0,"10,538",0,"1,457",15,"7,503",195,"67,794",50,"22,600",10,"28,335",7,"758,965",23,"619,915",30,"1,378,880",25,"1,167,403",7,"109,276",23,"88,054",30,"197,330"
VIC,3361,340,190,335,"11,000,559",255,"1,721,009",200,"143,513",0,"2,219",210,"1,644,946",0,"6,151",215,"8,024,015",65,"143,270",0,0,0,"19,957",25,"130,706",35,"356,027",0,"54,603",0,"20,485",205,"347,310",70,"59,576",115,"610,270",115,"260,947",340,"12,200,794",85,"198,148",15,"126,598",160,"51,582",10,"17,712",155,"152,962",15,"4,422",10,"36,837",0,"18,938",100,"23,151",155,"51,271",250,"1,033,959",0,"4,414",20,"331,904",20,"136,654",70,"495,106",95,"1,542,402",25,"24,058",0,0,0,"75,790",0,"5,533",15,"71,406",35,"960,778",45,"1,375,239",20,"4,959",20,"4,959",15,304,55,"715,846",40,"291,622",20,"45,353",60,"310,520",25,"159,397",30,"-91,046",60,"68,351",30,"55,932",0,264,20,"333,863",10,"18,475",0,0,15,"8,506",190,"66,923",40,"18,011",0,"4,123",12,"2,476,723",18,"1,028,626",30,"3,505,349",30,"3,424,945",12,"-140,551",17,"218,495",30,"77,944"
VIC,3363,"1,790",800,"1,775","77,294,070","1,390","14,240,990","1,175","1,007,808",15,"16,367","1,235","14,232,806",25,"83,290","1,355","58,141,945",355,"629,047",20,"212,435",25,"124,883",150,"719,409",130,"1,249,032",30,"476,944",30,"639,000","1,000","2,407,744",235,"75,882",440,"6,239,734",435,"2,671,311","1,780","81,602,188",610,"1,421,176",150,"384,571",985,"270,390",60,"89,641",970,"934,727",40,"17,379",45,"27,405",30,"56,920",705,"161,907",930,"244,906","1,455","4,225,038",35,"84,113",115,"2,095,707",155,"893,143",100,"439,839",250,"3,117,565",90,"201,208",10,"215,416",15,"176,081",25,"204,011",85,"316,011",110,"740,277",135,"1,912,524",95,"154,449",85,"77,716",75,"4,375",210,"2,482,577",145,"1,323,795",55,"123,989",210,"1,222,550",90,"542,339",120,"-730,096",210,"-187,757",80,"103,793",10,"6,182",30,"510,251",65,"103,438",15,"8,760",85,"47,005","1,065","355,365",190,"79,391",35,"177,449",21,"987,880",130,"12,210,774",150,"13,198,654",150,"10,460,207",22,"-65,666",131,"2,676,622",150,"2,610,956"
VIC,3364,"1,110",610,"1,100","44,951,603",805,"8,047,185",680,"591,263",10,"12,193",715,"8,146,676",20,"67,094",780,"34,604,795",210,"595,335",10,"142,075",20,"113,179",85,"401,871",65,"600,276",20,"305,652",0,"136,500",680,"1,709,206",170,"60,400",310,"1,977,649",305,"846,761","1,105","47,956,681",310,"797,883",85,"153,471",535,"145,520",20,"32,224",565,"556,904",15,"7,626",25,"23,233",15,"76,351",395,"91,876",510,"152,860",865,"2,605,911",20,"38,537",70,"1,114,917",85,"646,032",180,"1,307,690",240,"3,220,108",75,"144,582",0,"107,689",15,"160,419",20,"250,289",45,"280,776",65,"1,546,990",105,"1,152,972",50,"44,972",45,"34,956",45,"3,130",135,"1,724,358",115,"962,160",25,"59,381",130,"679,663",65,"413,853",70,"-390,699",140,"23,154",75,"59,848",10,"13,763",35,"498,049",50,"69,914",0,"7,164",45,"32,388",590,"195,198",130,"53,231",30,"19,935",43,"2,929,109",101,"5,555,179",130,"8,484,288",135,"7,255,676",49,"-519,593",104,"1,540,793",140,"1,021,200"
VIC,3370,775,315,770,"29,346,445",580,"4,649,285",480,"363,113",0,"9,146",505,"4,521,318",20,"61,564",580,"23,147,447",175,"417,005",25,"312,043",20,"148,200",95,"528,626",65,"626,806",10,"132,581",0,"190,206",405,"629,376",80,"26,155",150,"464,862",150,"199,154",770,"31,191,059",210,"539,015",60,"199,135",395,"108,763",30,"109,814",400,"411,613",20,"2,684",15,"1,332",10,"108,631",270,"45,737",390,"94,095",615,"1,844,614",10,"16,284",55,"905,282",60,"308,811",45,"-1,394",120,"1,375,016",40,"101,622",0,"3,692",10,"250,910",10,"174,281",25,"318,348",40,"1,124,683",65,"979,500",35,"23,128",35,"9,407",30,"1,176",90,"1,113,348",70,"620,183",25,"27,839",90,"535,427",45,"237,795",50,"-307,896",90,"-70,101",45,"26,273",10,"8,464",10,"139,707",35,"82,906",0,0,45,"16,661",450,"144,453",90,"38,953",35,"190,992",16,"591,993",91,"5,678,638",105,"6,270,631",105,"4,640,390",17,"-338,912",91,"1,839,290",105,"1,500,378"
VIC,3371,475,145,475,"17,132,918",340,"2,695,192",280,"213,153",0,"8,473",300,"2,690,351",10,"33,620",360,"14,447,048",95,"241,932",10,"44,882",10,"34,255",55,"311,567",35,"323,007",0,"72,551",10,"312,400",260,"332,549",50,"11,453",95,"327,973",95,"141,894",475,"18,091,687",130,"285,248",30,"69,644",260,"68,301",20,"51,315",245,"271,537",0,"5,045",15,"4,224",0,"14,900",190,"40,731",250,"53,374",380,"915,837",10,"22,336",40,"767,519",20,"99,688",45,"-445,004",70,"369,801",25,"12,354",0,"48,712",10,"261,175",10,"28,838",10,"62,157",20,"299,158",30,"268,826",20,"9,909",15,"3,333",15,277,50,"599,249",35,"234,632",15,"13,809",50,"280,447",25,"188,758",25,"-118,397",50,"70,361",20,"47,073",10,"7,118",0,"25,000",20,"25,172",0,"1,906",25,"12,460",275,"90,706",50,"23,113",15,"31,241",10,"289,395",50,"3,165,424",60,"3,454,819",55,"2,591,755",10,"-264,980",52,"1,072,032",60,"807,052"
VIC,3373,"1,125",470,"1,105","38,103,370",795,"5,882,574",645,"476,986",15,"16,819",685,"5,794,675",15,"57,561",775,"31,272,338",240,"618,053",15,"105,976",10,"123,592",100,"540,562",95,"950,946",15,"150,180",15,"222,440",630,"1,210,133",165,"43,920",345,"795,382",345,"339,077","1,115","40,865,891",320,"816,056",85,"344,698",560,"157,602",25,"44,217",535,"551,128",25,"5,668",15,"3,326",10,"20,048",380,"85,646",525,"146,818",830,"2,599,358",10,"21,261",55,"921,211",90,"594,357",165,"-327,231",230,"2,632,506",75,"203,569",0,"167,637",15,"129,580",20,"99,952",50,"369,245",75,"1,066,043",105,"745,547",70,"46,852",65,"19,779",60,"2,718",155,"1,901,290",105,"766,160",50,"70,618",150,"844,853",85,"521,780",70,"-302,121",155,"219,659",60,"80,216",10,"62,758",30,"365,040",35,"58,914",0,"4,499",30,"13,896",615,"208,846",130,"55,995",25,"118,608",35,"2,976,538",82,"5,277,893",115,"8,254,431",120,"7,441,127",37,"-399,815",83,"1,176,701",120,"776,886"
VIC,3374,165,45,165,"6,753,108",125,"1,100,166",115,"89,084",0,"3,649",115,"1,126,460",0,"17,233",130,"5,886,506",30,"81,772",0,"14,717",0,"8,764",15,"88,101",15,"124,765",0,"16,058",0,"124,440",85,"144,091",10,609,25,"45,689",25,"19,577",165,"7,113,344",45,"128,223",10,"23,386",95,"28,994",0,"7,970",70,"75,143",0,90,0,120,0,0,65,"10,458",90,"18,159",130,"353,417",0,"5,200",10,"179,541",10,"49,996",10,"-18,869",15,"214,560",0,532,0,"15,000",0,"25,483",0,"48,797",0,"11,738",0,"23,287",0,"9,146",0,"2,875",0,45,0,243,20,"118,965",20,"91,864",0,"6,122",20,"68,253",0,"12,426",15,"-59,700",20,"-47,274",0,"2,696",0,0,0,"50,000",10,"10,874",0,"2,346",0,894,95,"30,881",15,"6,536",0,941,2,"197,669",19,"1,393,456",20,"1,591,125",20,"1,288,331",3,"-67,938",19,"370,518",20,"302,580"
VIC,3375,140,75,135,"5,224,388",90,"995,749",70,"66,204",0,"1,698",75,"977,700",0,"8,319",85,"3,230,621",25,"52,827",0,"4,409",0,367,10,"70,577",10,"89,957",0,"19,860",0,0,85,"360,015",40,"41,450",55,"430,780",55,"184,591",140,"5,721,782",35,"81,633",10,"6,500",55,"14,058",0,"1,161",50,"37,685",0,17,0,"30,420",10,"64,549",40,"8,773",50,"14,750",95,"341,713",0,734,0,"21,527",0,"28,588",40,"466,131",40,"468,854",15,"19,078",0,"11,164",0,"64,122",0,"3,909",10,"163,541",15,"461,580",20,"131,357",10,"10,026",10,"2,248",10,279,15,"425,231",10,"166,749",0,"28,446",15,"170,438",10,"85,165",10,"-25,567",15,"59,598",10,"15,180",0,"1,813",0,"81,362",0,805,0,338,0,"1,578",65,"19,787",10,"4,470",0,155,8,"1,068,443",9,"276,296",15,"1,344,739",10,"1,492,006",8,"-161,777",10,"14,510",15,"-147,267"
VIC,3377,"4,845","1,370","4,815","194,404,421","3,745","31,737,691","3,145","2,496,652",40,"46,784","3,345","31,863,818",100,"340,206","3,830","163,416,859",975,"1,771,359",85,"1,005,455",70,"467,216",435,"2,308,230",375,"3,659,506",90,"780,332",55,"1,029,986","2,420","4,404,661",725,"304,571","1,240","5,256,161","1,240","2,251,565","4,835","204,806,725","1,245","2,514,681",410,"995,452","2,970","833,516",210,"295,388","2,530","2,291,802",115,"29,662",110,"89,894",95,"128,006","1,850","420,784","2,810","614,526","3,970","9,714,521",80,"129,485",330,"5,941,447",490,"3,154,681",270,"367,485",645,"9,866,276",260,"844,549",10,"150,650",20,"314,167",50,"611,384",160,"1,314,321",265,"5,324,215",370,"4,706,910",235,"155,388",225,"73,982",210,"13,110",580,"6,471,634",430,"3,309,702",110,"169,518",575,"3,554,185",230,"1,334,699",350,"-1,896,470",580,"-561,771",140,"501,162",30,"119,747",75,"1,276,769",130,"222,638",30,"24,943",180,"103,777","2,815","918,525",495,"212,325",120,"360,086",77,"6,712,612",291,"23,278,200",360,"29,990,812",355,"25,415,413",82,"-325,771",301,"4,531,097",370,"4,205,326"
VIC,3378,120,90,120,"5,072,025",80,"970,342",70,"68,024",0,0,75,"879,553",0,0,70,"1,987,850",15,"40,179",0,0,0,0,10,"35,591",0,"14,452",0,"9,744",0,0,75,"310,565",40,"22,264",65,"170,040",65,"72,858",120,"5,864,663",10,"22,247",10,"7,106",50,"9,669",0,"5,520",45,"24,867",0,0,0,0,10,"55,177",15,"3,735",30,"18,586",85,"387,892",0,0,0,"141,956",10,"99,274",60,"3,939,287",50,"258,132",15,"8,610",0,"38,342",0,0,0,0,0,"11,524",15,"97,540",20,"511,256",10,152,10,152,0,12,20,"313,956",10,"146,762",0,"13,344",15,"104,473",10,"98,574",0,"-49,197",20,"49,377",15,"7,926",0,0,15,"232,846",0,"8,137",0,0,0,"3,182",55,"18,941",0,"1,394",0,0,8,"1,264,769",4,"149,274",10,"1,414,043",10,"1,187,193",8,"140,720",4,"75,635",10,"216,355"
VIC,3379,385,225,380,"16,585,127",270,"3,396,441",225,"221,913",10,"11,646",240,"3,120,263",0,"7,351",220,"6,918,869",55,"227,898",0,"7,234",0,"1,409",25,"159,807",25,"270,291",10,"122,843",0,"27,977",255,"1,093,583",120,"67,852",170,"1,018,629",170,"435,483",385,"18,854,314",45,"113,165",15,"30,492",135,"39,954",10,"32,641",120,"135,106",10,618,0,"148,659",0,"3,347",100,"122,496",115,"42,573",265,"1,663,942",10,"18,806",20,"290,622",10,"62,385",150,"5,550,155",150,"1,711,647",40,"149,424",0,0,0,"23,379",0,"36,388",25,"146,404",30,"499,435",35,"288,061",25,"67,329",25,"64,617",20,"1,218",55,"1,047,083",30,"333,709",10,"32,387",50,"493,394",30,"353,834",25,"-166,241",55,"187,593",20,"3,159",0,333,45,"977,227",10,"17,664",0,0,15,"6,229",195,"65,278",55,"21,143",0,"39,807",23,"1,969,907",26,"2,110,805",45,"4,080,712",45,"3,666,077",23,"-36,422",26,"508,281",45,"471,859"
VIC,3380,"3,500","1,060","3,475","147,386,229","2,750","25,252,413","2,290","1,914,354",45,"56,298","2,435","25,420,036",50,"144,763","2,740","122,138,909",685,"1,293,752",110,"1,620,963",80,"273,256",305,"1,565,689",310,"3,115,977",50,"596,531",35,"705,867","1,845","3,371,832",465,"198,933",880,"3,044,124",875,"1,301,041","3,490","153,974,461",710,"1,434,756",260,"612,199","2,130","566,142",140,"252,186","1,780","1,464,636",130,"25,393",85,"54,376",70,"104,169","1,300","396,219","1,845","442,019","2,855","6,272,575",50,"84,311",245,"4,629,639",340,"2,499,707",165,"-514,823",550,"7,617,294",165,"284,078",10,"203,537",10,"349,529",25,"222,537",145,"750,263",220,"3,134,768",285,"2,194,435",160,"354,499",150,"31,196",140,"76,882",415,"4,565,446",320,"2,368,166",105,"185,434",410,"2,502,352",150,"919,509",270,"-1,410,015",415,"-490,506",120,"225,022",20,"131,173",50,"716,019",125,"201,964",35,"32,915",140,"67,247","2,000","636,871",355,"148,821",125,"316,224",52,"2,789,373",240,"25,410,282",285,"28,199,655",285,"23,265,351",54,"-567,066",243,"5,161,011",290,"4,593,945"
VIC,3381,595,215,590,"23,671,282",420,"4,199,897",345,"303,285",10,"9,040",360,"4,201,674",0,"21,535",425,"17,890,755",80,"165,369",15,"125,772",10,"19,332",45,"256,963",50,"478,156",10,"140,519",10,"243,522",340,"820,030",70,"107,335",150,"1,151,543",150,"493,087",595,"24,824,710",125,"272,133",35,"71,413",290,"73,784",20,"35,482",235,"214,671",15,"2,526",15,"11,220",10,"39,732",185,"48,843",275,"94,991",460,"1,114,444",15,"25,768",40,"704,529",55,"397,422",40,"-233,273",130,"1,919,501",35,"17,908",0,"40,325",0,"166,640",15,"115,555",35,"191,264",50,"895,891",55,"1,057,937",35,"21,121",30,"9,780",30,952,100,"1,074,411",70,"499,434",25,"62,051",95,"564,907",55,"204,675",45,"-256,656",100,"-51,981",25,"17,297",0,"4,590",15,"211,450",20,"37,622",0,"2,033",15,"13,279",295,"100,478",70,"30,566",20,"68,317",12,"235,573",56,"4,028,279",65,"4,263,852",60,"3,752,393",13,"-102,819",53,"566,538",65,"463,719"
VIC,3384,250,130,245,"7,564,506",165,"1,137,889",125,"92,325",0,"3,583",135,"1,128,352",0,"9,858",170,"5,738,854",35,"84,088",0,"97,650",0,"33,028",25,"146,671",35,"339,799",0,"30,281",0,"18,821",160,"298,611",50,"13,499",85,"304,505",85,"130,363",250,"8,083,562",50,"106,371",15,"40,154",125,"33,421",10,"11,062",90,"72,516",10,"1,921",10,"4,933",0,620,70,"11,813",95,"20,249",185,"404,330",0,"1,365",10,"190,044",20,"167,800",60,"-169,275",60,"637,276",20,"8,370",0,0,0,"88,808",0,"24,281",10,"33,779",10,"43,660",20,"109,367",10,"5,527",10,"2,473",15,855,30,"360,900",20,"131,440",0,"10,532",30,"132,785",20,"148,643",10,"-62,500",30,"86,143",15,"24,234",0,"15,663",10,"56,037",15,"42,098",0,338,0,"2,643",125,"43,430",35,"13,285",0,"10,156",15,"1,582,520",25,"2,986,340",35,"4,568,860",35,"4,638,233",18,"-12,388",25,"5,560",35,"-6,828"
VIC,3385,230,100,225,"10,385,163",160,"2,168,025",135,"139,672",0,"3,726",140,"2,000,063",0,"11,748",150,"5,450,921",40,"122,219",0,"49,124",0,"17,010",15,"60,894",10,"80,755",0,"66,535",0,"76,128",150,"367,395",50,"24,224",85,"396,303",85,"170,065",230,"10,951,248",45,"103,279",25,"29,202",110,"32,489",10,"9,015",85,"76,072",10,"2,402",10,"20,652",0,"1,871",70,"26,499",90,"20,803",165,"485,418",10,"13,641",10,"190,548",15,"141,550",65,"2,793,856",70,"439,622",20,"6,992",0,"95,406",0,"43,916",0,182,15,"92,949",20,"116,691",25,"43,449",10,"3,417",10,"3,417",10,362,30,"580,035",25,"201,551",0,"12,082",30,"143,358",20,"315,235",10,"-92,191",30,"223,044",20,"6,157",0,20,10,"150,706",0,"12,178",0,526,0,698,105,"32,486",30,"12,723",10,"75,944",17,"3,208,639",16,"2,004,303",35,"5,212,942",30,"4,827,461",18,"70,719",17,"284,013",35,"354,732"
VIC,3387,205,100,195,"7,109,792",155,"1,170,566",130,"94,224",0,"2,225",135,"1,078,390",0,"5,204",125,"4,328,962",40,"37,874",0,"80,720",0,"13,300",10,"68,838",10,"90,362",10,"55,095",0,"40,035",130,"184,078",50,"15,781",80,"128,235",80,"54,934",200,"7,622,570",35,"86,111",10,"4,241",95,"21,047",0,"11,548",60,"53,680",0,"1,018",0,"9,519",0,"5,779",40,"4,041",75,"17,959",150,"459,314",0,"4,579",0,"89,197",10,"56,830",75,"2,534,967",60,"100,200",20,"3,586",0,0,0,"23,141",0,"3,054",15,"40,736",20,"1,236,599",25,"649,832",15,"3,821",15,"3,821",15,366,15,"92,718",0,"40,427",0,231,10,"33,947",10,"24,225",0,"-6,112",15,"18,113",20,"9,568",0,0,15,"226,422",10,"17,110",0,"1,173",0,"4,517",120,"39,643",25,"11,622",0,"4,203",13,"893,668",13,"622,282",25,"1,515,950",25,"1,386,186",17,"-38,312",12,"144,068",25,"105,756"
VIC,3388,360,200,355,"20,982,905",290,"4,608,281",240,"280,803",10,"11,265",255,"4,140,162",0,"16,701",220,"8,049,317",80,"140,634",0,0,0,"3,899",30,"168,620",20,"249,626",0,"76,776",0,465,240,"871,473",100,"26,894",165,"380,895",165,"163,172",360,"22,333,319",75,"131,462",15,"28,510",145,"40,676",10,"16,228",110,"90,094",0,81,0,"68,156",10,"2,234",100,"84,189",140,"31,776",265,"925,925",0,"9,486",10,"181,477",30,"266,312",130,"10,639,815",145,"1,832,280",65,"26,536",0,0,0,"13,088",0,319,50,"336,125",70,"1,231,401",55,"535,111",45,"13,925",45,"8,119",45,773,35,"687,589",20,"223,253",0,"9,003",35,"216,201",25,"353,565",15,"-114,433",35,"239,132",50,"33,823",0,343,25,"411,245",15,"20,809",0,526,10,"9,768",165,"53,329",35,"13,634",0,818,19,"3,450,023",23,"1,474,731",40,"4,924,754",40,"3,177,677",18,"1,322,822",21,"327,736",40,"1,650,558"
VIC,3390,535,245,530,"25,941,914",420,"5,014,869",360,"347,358",15,"24,208",375,"4,654,502",15,"57,378",390,"15,357,946",130,"203,258",0,"43,494",0,"37,686",30,"203,385",40,"380,025",0,"67,327",0,"115,617",335,"685,582",95,"21,084",160,"335,919",160,"143,822",535,"27,507,674",130,"243,867",35,"61,080",255,"66,344",15,"22,806",220,"158,881",10,"1,055",10,"6,240",10,"30,137",150,"70,792",235,"67,900",420,"1,068,006",0,"16,214",50,"888,382",50,"361,717",105,"6,728,051",140,"1,949,662",50,"48,782",0,0,0,0,0,"32,979",65,"360,832",85,"1,990,741",50,"341,753",45,"110,254",45,"82,467",45,"14,319",65,"737,194",45,"298,550",15,"15,152",65,"329,499",35,"231,465",30,"-137,472",65,"93,993",50,"17,230",0,"3,601",20,"291,176",25,"47,728",0,"1,466",15,"15,149",275,"89,135",65,"27,667",15,"38,938",25,"6,150,069",29,"1,352,425",50,"7,502,494",50,"5,444,681",25,"1,399,257",29,"449,204",50,"1,848,461"
VIC,3391,95,60,95,"4,734,512",75,"1,039,391",65,"66,581",0,0,70,"990,706",0,0,50,"2,671,243",15,"93,225",0,"7,480",0,0,10,"56,043",0,"11,520",0,"2,267",0,0,65,"204,592",25,"5,173",40,"76,770",40,"32,894",95,"5,058,512",10,"24,479",0,"3,025",25,"7,361",0,192,30,"166,996",0,"1,035",0,"1,684",0,866,20,"13,293",40,"10,600",75,"324,000",0,340,0,"134,186",0,"12,276",40,"956,180",30,"559,031",0,"6,746",0,"1,876",0,"2,754",0,510,10,"124,721",15,"274,256",25,"402,045",10,950,10,950,10,119,15,"232,296",0,"86,553",0,0,15,"118,513",0,"87,235",0,"-60,005",15,"27,230",20,"2,576",0,196,0,"79,873",0,"14,596",0,0,0,"5,198",50,"16,080",20,"8,601",0,187,10,"780,255",9,"357,383",20,"1,137,638",15,"791,547",10,"195,816",10,"149,765",20,"345,581"
VIC,3392,315,135,315,"13,772,134",235,"2,549,302",195,"181,607",10,"14,841",210,"2,251,453",0,"13,313",180,"6,169,474",70,"284,683",0,"13,760",0,"1,075",15,"81,517",30,"322,855",0,"4,676",0,"40,095",195,"563,885",80,"35,164",125,"417,445",125,"179,123",315,"14,851,870",50,"103,616",10,"34,419",125,"31,315",10,"33,044",95,"83,847",0,46,10,"31,237",10,"32,773",65,"119,051",130,"44,976",215,"925,997",0,701,30,"482,003",20,"111,965",100,"5,613,706",90,"794,817",25,"11,293",0,0,0,"21,685",0,"66,081",35,"86,409",50,"1,089,877",35,"503,040",35,"2,053",35,"2,053",25,399,30,"391,480",25,"168,342",0,"7,782",30,"147,780",15,"122,727",20,"-55,151",30,"67,576",35,"5,285",0,450,20,"358,495",15,"53,178",0,"1,511",0,818,155,"50,472",40,"17,058",0,"9,570",12,"1,661,921",20,"1,759,449",30,"3,421,370",30,"2,652,558",12,"639,386",18,"103,815",30,"743,201"
VIC,3393,"1,490",655,"1,480","65,249,219","1,185","11,692,420",980,"846,423",15,"19,498","1,035","11,076,740",15,"64,728","1,005","37,280,821",365,"627,275",0,"46,704",0,"19,478",110,"665,622",135,"1,303,101",15,"91,552",10,"247,822",995,"3,287,003",355,"154,664",580,"2,810,489",580,"1,204,183","1,485","68,864,717",230,"478,892",50,"71,584",745,"178,215",40,"94,810",530,"488,032",15,"2,579",35,"43,464",30,"102,427",340,"131,214",720,"196,268","1,170","3,110,571",15,"22,155",160,"2,890,656",125,"791,825",240,"13,864,932",360,"5,222,426",135,"172,131",0,"69,472",0,"43,475",10,"41,922",130,"761,493",190,"2,859,002",215,"1,911,305",160,"65,713",155,"29,773",145,"3,510",145,"1,878,471",85,"601,417",15,"21,633",140,"778,557",80,"778,775",65,"-301,911",145,"476,864",95,"251,547",30,"66,096",75,"1,266,467",40,"54,510",0,"2,119",35,"19,429",850,"276,732",180,"76,624",15,"29,211",54,"5,849,485",89,"11,695,029",140,"17,507,854",135,"13,208,273",56,"2,261,822",92,"2,264,821",140,"4,495,510"
VIC,3395,275,175,275,"14,408,027",210,"3,170,808",180,"196,409",0,0,190,"2,834,904",0,"14,392",135,"3,898,671",60,"66,845",0,"2,173",0,0,20,"95,911",30,"298,544",0,"28,727",0,0,195,"463,630",70,"18,061",115,"239,726",115,"103,018",275,"15,433,118",25,"74,017",10,"12,651",85,"19,414",0,"14,412",70,"73,486",0,211,0,"1,695",0,"35,423",45,"8,999",55,"17,897",170,"882,636",0,"4,309",10,"98,871",10,"132,110",110,"9,534,686",130,"1,131,562",50,"16,158",0,"2,442",0,0,0,0,65,"427,958",70,"1,247,217",25,"415,015",40,"4,393",40,"2,340",35,314,25,"424,138",15,"168,491",0,"9,783",25,"125,675",15,"162,043",15,"-41,854",25,"120,189",25,"18,029",0,"12,645",25,"613,822",15,"10,609",0,0,0,"3,050",130,"45,119",25,"9,372",0,0,13,"958,567",20,"992,738",30,"1,951,305",25,"1,430,185",13,"210,788",19,"285,092",30,"495,880"
VIC,3396,420,270,415,"18,648,161",325,"3,377,017",265,"245,039",0,"6,572",280,"3,238,829",10,"29,942",270,"9,898,424",105,"610,599",0,"8,926",0,"7,974",25,"104,061",45,"464,632",0,"65,081",0,0,300,"839,027",85,"15,377",165,"328,323",165,"140,663",415,"19,641,411",75,"147,168",15,"46,299",195,"52,371",10,"10,403",165,"152,883",0,0,10,"20,805",10,"18,086",105,"27,308",160,"42,337",295,"919,105",0,"3,518",30,"476,518",50,"677,445",115,"6,459,420",145,"1,112,837",50,"46,245",0,"26,045",0,0,0,"17,639",70,"333,100",80,"1,097,284",35,"496,123",60,"7,555",60,"7,555",55,"1,061",25,"281,932",15,"103,346",0,"14,094",25,"133,725",15,"72,597",15,"-41,830",25,"30,767",40,"6,302",0,"79,294",20,"384,243",20,"17,202",0,"2,979",0,"2,914",205,"66,168",50,"20,968",0,"11,526",4,"520,970",23,"887,651",25,"1,408,621",25,"1,137,809",6,"56,168",23,"204,573",25,"260,741"
VIC,3400,"8,070","3,090","8,035","346,330,578","6,430","59,041,251","5,495","4,508,212",90,"115,504","5,745","59,420,867",190,"603,470","6,320","263,212,037","1,770","4,022,933",115,"897,547",70,"397,266",740,"3,927,664",685,"6,230,562",95,"1,105,947",75,"1,175,955","4,810","9,752,212","1,225","534,146","2,430","11,702,804","2,425","5,011,018","8,055","365,217,056","2,075","4,248,356",710,"1,453,023","4,760","1,281,838",355,"668,133","3,885","3,671,316",210,"36,214",205,"205,830",260,"482,313","2,945","1,180,086","3,665","1,059,086","6,585","17,690,914",105,"195,155",805,"13,982,545",745,"5,362,440",335,"12,728,576","1,520","29,078,209",605,"942,514",20,"358,049",20,"378,090",60,"615,607",525,"3,127,254",715,"20,111,166",755,"11,150,741",595,"306,795",580,"186,075",560,"33,383",930,"12,803,483",685,"5,940,872",225,"465,403",920,"5,820,974",415,"3,488,077",530,"-2,911,843",945,"576,234",390,"748,056",135,"405,751",165,"2,870,956",400,"533,561",25,"21,659",260,"159,896","4,740","1,558,659",765,"322,288",125,"225,688",73,"4,611,666",434,"41,686,438",500,"46,298,104",485,"36,308,737",76,"-394,209",437,"9,702,387",505,"9,308,178"
VIC,3401,"2,495","1,165","2,445","110,364,270","1,915","20,729,497","1,650","1,488,546",45,"67,141","1,735","19,909,119",45,"130,027","1,700","68,934,839",505,"1,058,569",15,"343,659",25,"187,005",125,"681,488",135,"1,309,220",35,"340,404",20,"292,826","1,620","3,546,409",525,"205,670",915,"3,083,494",915,"1,320,702","2,485","119,304,462",525,"1,201,919",170,"500,575","1,265","332,960",85,"165,527","1,010","921,625",90,"27,344",60,"210,864",65,"155,255",700,"191,994",990,"289,876","1,895","7,037,468",30,"37,540",205,"3,660,825",180,"1,555,315",590,"24,393,664",805,"10,585,892",210,"380,590",10,"354,424",35,"377,837",25,"161,397",280,"2,001,239",375,"10,007,279",310,"2,838,717",255,"118,719",245,"41,233",215,"13,760",365,"4,969,567",250,"1,969,739",110,"179,142",355,"2,080,111",190,"1,675,426",170,"-934,851",360,"740,575",205,"190,221",55,"75,558",125,"2,314,684",135,"721,830",10,"6,385",75,"47,308","1,360","433,720",230,"97,025",30,"77,154",128,"11,713,709",144,"7,640,085",260,"19,353,794",255,"16,415,421",130,"660,372",146,"1,933,388",260,"2,593,760"
VIC,3407,290,135,280,"8,546,585",200,"1,385,675",150,"112,909",0,"4,367",170,"1,373,285",0,"20,076",185,"6,589,963",45,"109,360",0,"18,485",0,"27,300",15,"70,817",15,"131,251",0,"24,054",0,"17,207",205,"386,672",60,"32,169",95,"297,634",95,"127,539",285,"9,248,544",65,"191,118",20,"43,992",135,"33,994",0,"12,436",110,"105,059",0,797,0,"7,575",0,263,80,"50,405",115,"25,602",210,"616,288",0,"2,406",15,"270,997",15,"95,038",110,"572,623",95,"455,932",25,"35,595",0,"40,186",10,"55,820",0,"24,615",15,"39,676",15,"102,676",35,"291,678",15,"3,835",15,739,10,98,30,"200,162",20,"102,945",0,"2,326",25,"108,472",15,"53,472",15,"-67,053",30,"-13,581",30,"21,489",0,"5,417",0,"125,000",20,"19,047",0,676,0,"3,542",155,"53,387",30,"11,063",0,"11,005",14,"1,244,812",15,"459,079",25,"1,703,891",25,"1,814,467",15,"-314,112",15,"186,075",25,"-128,037"
VIC,3409,640,295,635,"27,002,073",490,"5,154,113",415,"375,133",15,"22,206",435,"4,805,406",20,"56,539",405,"14,914,484",135,"186,202",0,"25,178",0,"9,688",45,"264,998",45,"436,087",10,"81,499",0,"8,829",440,"1,373,005",140,"41,979",230,"769,917",230,"329,855",640,"29,511,225",115,"245,846",35,"104,412",280,"71,638",25,"24,714",225,"170,942",15,"2,771",15,"57,008",15,"15,204",175,"55,169",265,"75,752",485,"1,872,949",0,"9,061",45,"788,800",50,"379,173",210,"7,440,256",215,"1,342,823",60,"15,608",0,"25,989",0,"82,407",10,"44,372",80,"283,408",105,"2,087,782",95,"760,055",80,"32,125",80,"22,593",75,"2,755",80,"914,970",50,"295,882",15,"19,536",70,"351,023",45,"397,697",35,"-149,168",80,"248,529",60,"21,537",15,"117,415",45,"843,621",35,"205,346",0,"1,014",20,"18,778",345,"108,929",75,"31,593",10,"16,043",37,"3,120,210",49,"3,053,098",75,"6,173,308",75,"4,514,656",38,"498,717",49,"1,007,307",80,"1,506,024"
VIC,3412,180,80,175,"7,066,002",130,"1,203,272",115,"93,591",0,"1,474",120,"1,113,999",10,"20,391",105,"4,007,874",40,"30,557",0,"1,333",0,"1,120",15,"68,638",20,"175,455",0,0,0,"42,417",125,"236,181",40,"8,019",55,"95,264",55,"40,810",175,"8,066,844",40,"90,641",10,"29,748",75,"17,042",10,"10,621",70,"62,738",0,"3,680",0,"38,068",0,"14,670",50,"10,074",60,"22,850",125,"434,332",0,"4,241",15,"174,292",15,"86,555",55,"2,066,859",60,"725,329",25,"16,506",0,0,0,"18,196",0,"17,036",10,"34,119",25,"86,779",40,"820,906",20,"2,741",20,"2,741",20,363,25,"619,438",20,"447,620",0,"7,219",20,"169,466",10,"55,166",10,"-60,033",20,"-4,867",10,"1,402",0,"17,184",10,"108,216",10,"25,984",0,338,0,"2,998",90,"30,299",10,"3,108",0,74,11,"986,274",17,"798,006",25,"1,784,280",20,"1,292,176",11,"124,042",16,"379,167",25,"503,209"
VIC,3413,125,55,120,"4,353,911",90,"722,221",75,"56,901",0,"6,259",75,"630,930",0,"9,145",75,"2,383,128",20,"83,636",0,0,0,"4,788",0,"44,263",0,"67,293",0,"23,473",0,0,70,"165,626",35,"9,823",50,"89,757",50,"38,474",125,"5,252,413",20,"56,373",0,"1,856",55,"15,837",0,"15,261",35,"32,945",0,665,0,0,0,"8,397",25,"2,505",35,"7,569",85,"348,816",0,"2,300",0,"33,999",10,"61,103",60,"1,419,001",45,"419,668",10,"4,323",0,0,0,"31,979",0,"32,169",20,"46,908",25,"1,667,445",20,"1,093,592",15,"4,685",15,"4,685",10,384,10,"198,507",0,"74,507",0,"9,880",10,"102,887",0,"73,177",0,"-61,944",15,"11,233",10,762,0,"4,089",10,"192,778",10,"14,630",0,338,0,"4,924",65,"22,497",15,"6,798",0,581,11,"1,437,545",5,"239,289",15,"1,676,834",15,"1,140,042",11,"424,064",5,"90,133",15,"514,197"
VIC,3414,900,330,895,"38,825,252",700,"6,723,686",595,"508,959",15,"23,459",620,"6,600,523",25,"85,413",630,"28,530,395",180,"322,782",0,"31,069",10,"38,461",80,"489,479",85,"928,588",15,"123,282",15,"302,934",530,"1,462,395",180,"54,578",310,"1,023,415",305,"438,615",900,"41,292,118",205,"326,849",70,"274,808",490,"135,867",35,"66,596",415,"456,019",25,"3,775",20,"15,568",20,"42,793",280,"48,097",455,"120,868",700,"1,913,476",20,"32,240",70,"1,178,041",85,"573,413",125,"3,464,368",190,"2,322,978",75,"61,181",0,"82,925",0,676,0,"60,982",90,"643,738",115,"1,465,635",80,"731,886",95,"24,775",95,"23,596",90,"9,770",105,"1,202,832",70,"580,568",25,"76,073",105,"592,535",40,"274,609",70,"-320,953",110,"-46,344",55,"23,642",15,"15,400",30,"364,962",45,"56,726",0,"8,887",30,"38,770",490,"155,769",95,"41,977",10,"40,013",25,"4,153,628",47,"2,001,198",70,"6,154,826",70,"4,734,191",26,"860,569",48,"453,060",70,"1,313,629"
VIC,3418,"1,725",780,"1,710","64,591,810","1,255","11,033,104","1,025","835,221",20,"29,129","1,095","10,644,336",30,"93,967","1,090","39,158,596",290,"468,381",15,"117,990",10,"18,033",120,"582,934",110,"1,071,651",25,"176,177",15,"259,653","1,150","2,892,969",410,"148,705",655,"2,714,024",655,"1,164,325","1,720","68,897,114",230,"519,347",75,"309,328",795,"190,771",60,"145,475",550,"477,836",20,"4,365",35,"80,025",35,"65,086",460,"157,192",705,"201,573","1,275","3,613,088",25,"35,904",155,"2,605,234",135,"973,107",425,"10,996,557",535,"6,636,973",160,"201,334",0,"19,981",10,"72,208",15,"75,335",215,"1,110,259",285,"5,949,808",210,"1,706,526",180,"37,621",180,"37,621",170,"4,059",200,"2,684,516",110,"828,046",25,"61,900",185,"1,079,821",120,"1,114,285",80,"-399,536",200,"714,749",165,"103,332",25,"69,999",85,"1,331,298",90,"128,468",0,"1,991",40,"26,071",925,"303,789",170,"74,598",25,"71,707",56,"5,959,753",83,"4,643,942",130,"10,603,695",130,"9,076,736",59,"323,663",85,"1,152,658",135,"1,476,321"
VIC,3419,590,295,580,"25,035,907",460,"4,523,078",395,"337,555",0,"5,808",410,"4,315,966",15,"52,665",360,"13,808,262",130,"198,595",0,"35,612",0,"29,727",35,"228,296",55,"512,842",15,"108,104",10,"81,468",415,"927,323",175,"59,762",255,"645,233",255,"277,009",590,"26,970,370",100,"227,460",40,"121,997",275,"75,021",20,"44,964",200,"163,579",0,96,10,"13,310",10,"3,305",160,"70,472",195,"59,877",445,"1,567,840",10,"14,453",40,"589,021",50,"373,951",160,"6,488,588",215,"2,482,751",65,"28,101",0,"51,121",0,"21,857",0,"48,499",85,"656,312",120,"3,330,981",80,"1,857,444",85,"27,309",85,"25,719",80,"2,598",65,"1,117,077",40,"306,815",10,"27,498",65,"400,613",45,"492,204",20,"-110,053",70,"382,151",30,"32,627",15,"63,850",50,"701,094",40,"85,143",0,0,20,"11,350",320,"104,492",85,"36,076",10,"6,406",21,"1,930,278",40,"2,073,005",60,"4,003,283",55,"2,855,323",22,"498,685",41,"660,723",60,"1,159,408"
VIC,3420,150,90,150,"7,384,087",120,"1,530,065",105,"107,085",0,"5,715",115,"1,264,045",0,"5,586",85,"2,312,874",25,"112,713",0,0,0,248,10,"38,231",0,"28,857",0,"11,437",0,0,110,"237,763",50,"15,213",60,"95,766",60,"40,993",150,"7,954,477",15,"34,762",0,"15,504",55,"12,714",0,"8,888",35,"25,615",0,0,0,258,0,"2,502",35,"8,055",45,"6,534",110,"476,134",0,"1,562",0,"84,284",0,"36,408",90,"5,519,752",70,"242,136",20,"18,197",0,0,0,"3,767",0,0,25,"151,448",50,"1,406,872",35,"524,358",30,"4,287",30,"4,287",30,585,15,"202,592",10,"71,996",0,"9,317",15,"108,460",10,"37,225",0,"-24,406",15,"12,819",20,"33,251",0,316,20,"325,020",10,"34,759",0,338,0,"4,887",65,"22,147",10,"3,145",0,0,5,"664,803",6,"698,182",10,"1,362,985",10,"1,056,808",5,"239,013",6,"71,195",10,"310,208"
VIC,3423,215,60,215,"7,518,913",155,"1,169,375",130,"97,495",0,"4,536",135,"1,072,639",0,"14,174",145,"4,917,339",45,"39,135",0,"114,074",0,"44,000",35,"252,619",15,"180,276",0,"77,311",0,"43,193",135,"290,501",35,"6,965",55,"61,063",55,"26,158",215,"7,989,536",35,"44,699",10,"78,312",105,"27,931",10,"15,080",75,"52,238",0,297,0,"1,242",0,184,55,"67,603",85,"19,011",150,"425,711",0,"14,131",15,"205,569",10,"82,975",50,"1,304,687",55,"327,165",10,"16,140",0,"22,222",0,0,0,"1,124",20,"38,985",25,"300,223",25,"339,749",0,305,0,305,0,61,20,"238,621",10,"57,528",0,"9,085",20,"163,675",10,"64,284",10,"-55,951",20,"8,333",10,"10,618",0,732,0,"113,800",0,"5,314",0,0,0,"2,111",110,"40,471",30,"12,576",0,"10,535",11,"1,242,614",12,"420,557",20,"1,663,171",20,"1,435,603",11,"50,638",12,"176,228",20,"226,866"
VIC,3424,430,270,420,"18,203,778",330,"3,375,330",275,"240,620",0,"2,769",290,"3,093,812",0,"10,128",260,"8,795,224",110,"121,966",0,"1,302",0,"1,628",25,"136,306",30,"397,555",0,"75,281",0,"11,943",315,"765,069",110,"33,415",165,"602,620",165,"258,255",430,"19,823,059",70,"155,030",20,"50,165",185,"42,239",10,"21,365",150,"110,191",0,888,10,"10,444",10,"88,694",100,"79,181",145,"39,650",315,"1,266,240",0,"10,860",40,"647,961",30,"287,110",150,"5,928,687",160,"1,813,961",45,"23,501",0,"16,204",0,"8,387",0,"60,707",70,"668,621",90,"1,907,133",55,"226,078",55,"5,624",55,"5,624",50,696,50,"659,259",30,"257,442",0,"11,977",45,"225,944",30,"275,524",20,"-111,628",50,"163,896",35,"12,687",0,"13,341",40,"627,895",20,"40,498",0,676,10,"3,800",220,"74,205",60,"24,221",0,"97,736",19,"2,582,644",29,"2,102,737",40,"4,611,329",40,"4,141,199",18,"-44,230",30,"474,728",40,"409,215"
VIC,3427,"1,270",520,"1,255","62,910,836","1,070","12,169,212",940,"852,209",10,"12,936",985,"12,380,655",40,"110,763","1,025","49,577,038",275,"955,060",20,"340,844",30,"217,913",80,"454,778",60,"611,340",20,"147,892",10,"227,799",680,"982,319",100,"202,581",230,"2,340,544",230,"1,002,909","1,260","66,414,371",400,"1,135,776",130,"217,967",730,"205,040",50,"123,089",790,"800,865",15,"4,006",25,"53,743",10,"26,928",575,"104,076",710,"349,052","1,080","3,364,874",20,"29,015",65,"1,161,778",100,"730,053",10,"-802,666",170,"5,552,281",40,"756,038",10,"291,202",0,"67,955",10,"29,465",40,"1,883,051",55,"3,807,143",65,"983,299",45,"40,652",35,"5,139",30,"6,644",140,"2,329,773",125,"1,368,317",60,"157,065",150,"1,052,545",60,"408,737",90,"-656,891",155,"-248,154",65,"136,282",0,"2,018",15,"251,409",55,"92,712",0,"3,337",60,"28,411",795,"254,744",120,"52,597",40,"170,004",9,"108,713",88,"5,059,126",95,"5,132,870",90,"3,340,176",10,"-131,332",91,"1,938,093",100,"1,808,026"
VIC,3428,425,230,425,"20,954,342",315,"4,326,494",290,"288,406",10,"17,885",300,"4,467,775",10,"29,884",310,"15,644,944",80,"354,561",0,"120,306",10,"46,784",20,"116,682",20,"136,799",0,"28,053",0,"92,996",250,"1,930,399",45,"48,348",110,"472,128",110,"202,255",420,"22,310,757",130,"417,169",50,"123,848",210,"64,430",15,"17,612",245,"337,847",0,"2,491",10,"20,401",15,"37,820",185,"43,155",240,"83,141",355,"1,333,211",0,"9,166",15,"225,611",35,"202,769",10,"-80,668",75,"1,760,931",20,"17,836",0,"43,350",0,"162,172",0,"7,424",15,"134,332",30,"352,094",35,"604,271",25,"22,920",25,"21,378",20,315,85,"1,604,377",65,"803,537",25,"67,879",85,"718,021",35,"429,438",50,"-414,498",85,"14,940",30,"15,571",0,"18,202",10,"119,638",20,"65,352",0,"1,173",20,"21,053",215,"68,287",45,"18,510",10,"23,317",5,"314,020",41,"4,097,220",45,"4,411,240",40,"3,571,779",5,"-103,004",42,"944,879",45,"841,875"
VIC,3429,"20,180","10,160","20,095","1,031,800,440","16,740","198,236,467","15,170","14,183,592",275,"327,200","15,635","202,999,533",585,"1,828,895","17,055","900,720,245","4,750","15,916,396",430,"6,096,397",545,"7,084,141","1,285","6,121,099",980,"8,770,734",305,"3,610,292",270,"7,471,568","11,180","12,852,851","1,550","524,833","4,015","21,604,930","3,990","9,252,807","20,125","1,084,005,273","7,070","18,696,849","2,565","3,504,367","11,540","3,029,460",800,"1,339,172","13,390","14,543,967",430,"171,332",460,"382,684",305,"747,357","10,560","2,048,237","11,190","2,733,003","17,395","51,439,512",390,"880,028","1,250","20,325,117","2,240","14,203,224",70,"-682,096","2,035","41,336,834",760,"2,122,065",165,"3,085,006",25,"390,489",220,"1,593,523",555,"7,745,750",830,"17,880,950","1,355","17,929,706",830,"2,618,089",695,"1,076,178",655,"343,563","2,285","33,035,418","2,020","24,729,444","1,220","3,168,250","2,290","15,940,843",565,"4,140,263","1,745","-14,943,382","2,310","-10,803,119",905,"987,145",220,"630,399",145,"1,945,773",960,"2,192,785",60,"42,097","1,300","703,087","11,195","3,471,757","1,520","640,277",695,"2,405,548",55,"758,415","1,580","98,360,630","1,630","99,104,866","1,590","68,375,291",69,"-1,005,684","1,613","31,055,084","1,675","30,042,156"
VIC,3430,165,85,165,"7,894,451",115,"1,706,181",95,"105,225",0,55,100,"1,712,459",0,"6,231",125,"5,535,408",25,"61,398",0,"24,695",0,"39,617",10,"37,074",10,"89,327",0,0,0,"32,712",95,"148,132",20,"4,862",40,"1,015,751",40,"435,310",165,"8,384,907",55,"133,348",10,"29,299",85,"22,005",0,"2,892",95,"99,289",0,144,0,383,0,"7,414",60,"20,644",95,"33,019",135,"470,518",0,"1,483",0,"62,155",15,"114,825",10,"-74,881",20,"683,093",0,"78,604",0,"44,217",0,"69,713",0,"129,257",10,"50,655",10,"78,841",10,"80,341",10,"351,517",10,"43,045",10,"27,427",20,"185,661",15,"127,794",0,"13,118",20,"112,958",0,"47,426",15,"-115,635",20,"-68,209",15,"1,917",0,431,0,"105,000",0,"17,081",0,"3,008",10,"5,550",80,"25,774",15,"6,029",0,"1,340",6,"197,411",15,"425,672",20,"623,083",20,"724,301",6,"-226,213",17,"-34,226",20,"-260,439"
VIC,3431,"2,410","1,445","2,405","123,648,722","1,925","24,105,397","1,750","1,694,030",25,"32,184","1,795","24,558,071",65,"226,692","1,960","106,368,898",575,"1,688,306",55,"864,215",65,"857,086",110,"546,342",110,"916,958",40,"423,996",45,"1,342,026","1,490","2,022,172",230,"84,530",565,"1,936,299",565,"829,419","2,410","130,325,814",810,"2,197,771",325,"622,751","1,225","321,097",115,"232,749","1,535","1,710,610",60,"28,563",75,"78,296",50,"122,353","1,170","277,740","1,270","374,195","2,035","6,577,972",55,"131,691",180,"2,906,586",330,"2,245,349",30,"-91,415",350,"6,827,296",125,"383,027",20,"529,338",10,"119,193",40,"283,178",100,"1,230,350",150,"2,873,732",210,"3,611,713",130,"231,191",110,"65,038",110,"12,850",335,"4,635,995",290,"3,358,489",180,"398,127",335,"2,228,143",95,"600,363",240,"-1,949,127",340,"-1,348,764",110,"151,784",25,"52,100",35,"379,342",135,"221,877",0,"4,533",170,"94,717","1,225","390,923",205,"87,470",90,"380,984",20,"324,901",225,"13,018,122",245,"13,343,023",235,"9,749,213",20,"-297,786",229,"3,747,723",250,"3,449,937"
VIC,3432,100,65,95,"4,298,792",70,"853,483",60,"58,448",0,683,60,"868,007",0,0,60,"2,997,198",15,"244,276",0,"23,995",0,"72,122",0,0,0,"32,390",0,0,0,"72,188",60,"193,090",15,"8,800",35,"227,270",35,"97,386",100,"4,534,757",15,"34,112",0,"22,276",35,"8,033",0,"2,648",40,"45,403",0,83,0,"3,522",0,"21,135",45,"10,604",45,"20,206",75,"210,706",0,"5,365",0,"31,425",0,"44,663",10,"-243,747",20,"315,381",0,"5,613",0,0,0,"297,694",0,0,0,"79,755",0,"191,650",10,"166,865",0,"2,749",0,"2,749",0,363,20,"299,760",15,"199,553",0,"34,933",20,"127,672",10,"65,595",0,"-127,993",20,"-62,398",0,"1,394",0,"20,772",0,"30,244",0,"12,440",0,0,0,"2,001",50,"17,338",15,"7,694",0,"3,867",6,"140,552",10,"1,728,873",15,"1,869,425",15,"1,623,030",6,"-250,363",9,"390,228",15,"139,865"
VIC,3433,125,65,125,"7,165,811",100,"1,530,747",95,"101,612",0,"2,553",95,"1,564,153",0,"29,526",95,"5,508,765",20,"124,611",0,"32,549",0,"143,040",0,"5,333",0,"35,684",0,"14,419",0,"80,719",80,"47,954",0,"1,370",30,"187,563",30,"80,377",125,"7,527,990",45,"103,160",20,"53,121",50,"11,901",0,"1,065",75,"66,946",0,0,0,"1,148",0,45,65,"11,713",65,"26,819",100,"362,179",0,"5,665",0,"117,524",20,"210,634",0,"-25,844",25,"802,987",0,"2,351",0,0,0,"22,441",0,"44,775",0,"1,544",0,"3,002",10,"221,284",0,"1,060",0,"1,060",0,153,15,"267,773",10,"165,585",10,"18,672",15,"124,801",0,"40,287",10,"-81,572",15,"-41,285",10,"4,231",0,"1,004",0,"68,516",10,"17,745",0,0,10,"7,485",55,"18,483",10,"3,493",0,"32,219",5,"288,125",14,"1,491,882",15,"1,780,007",15,"1,394,690",5,"-24,999",14,"300,660",15,"275,661"
VIC,3434,"2,745","1,365","2,725","144,258,432","2,170","29,796,155","1,955","1,974,108",40,"50,018","2,010","30,398,669",45,"126,808","2,215","116,167,652",610,"1,659,064",65,"1,023,759",70,"1,129,651",170,"870,803",145,"1,290,530",20,"304,949",35,"962,098","1,535","2,413,469",250,"116,170",610,"5,844,040",605,"2,504,524","2,730","152,307,945",920,"2,479,311",355,"605,899","1,480","415,702",135,"245,528","1,660","1,870,823",60,"29,064",85,"53,784",50,"67,336","1,245","368,253","1,475","479,934","2,320","7,646,350",30,"75,841",155,"2,297,602",285,"1,735,541",65,"-933,590",355,"9,047,084",100,"538,862",15,"118,291",10,"653,579",50,"434,331",105,"3,652,429",135,"7,557,405",165,"1,569,396",120,"296,498",110,"87,612",95,"9,345",345,"4,251,400",275,"3,058,229",160,"334,797",340,"2,013,383",110,"584,545",235,"-1,739,554",345,"-1,155,009",175,"226,870",35,"182,696",45,"721,602",150,"299,026",10,"8,801",195,"99,133","1,430","445,812",220,"94,069",100,"492,993",24,"1,375,844",289,"15,799,917",310,"17,184,223",315,"12,436,074",32,"-992,999",295,"5,276,283",320,"4,268,243"
VIC,3435,"1,575",790,"1,570","76,222,408","1,255","14,528,269","1,105","1,030,726",15,"17,003","1,135","14,798,415",25,"85,543","1,220","62,150,845",310,"987,120",25,"285,281",30,"422,195",95,"508,719",70,"694,651",20,"253,504",15,"427,823",880,"1,593,374",155,"129,497",380,"1,849,433",380,"792,451","1,575","80,500,020",505,"1,254,345",170,"408,597",810,"226,272",40,"90,286",890,"963,148",25,"12,800",55,"17,805",25,"121,496",740,"150,765",825,"250,940","1,295","4,109,269",25,"55,738",95,"1,486,539",140,"963,476",70,"-224,782",250,"5,391,257",80,"750,856",10,"238,136",15,"152,973",20,"214,262",80,"828,300",105,"2,785,936",100,"1,123,973",75,"122,052",70,"26,830",65,"4,043",195,"2,871,499",165,"1,746,929",75,"181,236",200,"1,283,464",80,"598,509",120,"-938,639",205,"-340,130",110,"62,730",15,"42,723",30,"471,315",75,"133,935",0,"4,206",65,"31,712",830,"262,003",150,"64,850",40,"228,282",46,"1,471,683",191,"17,120,567",230,"18,592,250",225,"15,408,094",51,"-928,765",193,"3,933,485",235,"3,004,720"
VIC,3437,"5,715","3,705","5,685","319,168,572","4,570","68,050,197","4,080","4,396,106",65,"83,861","4,210","69,535,948",145,"507,580","4,500","261,060,243","1,185","4,455,069",130,"2,142,433",125,"2,358,135",245,"1,254,246",280,"2,334,372",105,"1,190,477",120,"3,268,405","3,565","6,210,385",660,"345,861","1,530","8,074,272","1,530","3,459,028","5,695","336,277,822","1,760","4,920,889",695,"1,038,299","2,640","715,451",230,"452,049","3,430","4,141,131",145,"86,079",225,"368,329",155,"680,286","2,685","848,882","3,020","1,081,558","4,760","16,725,091",140,"322,520",425,"6,451,481",790,"6,246,992",70,"-760,036",925,"22,573,946",345,"1,551,875",45,"1,483,357",20,"415,515",70,"1,001,976",285,"5,431,307",405,"18,599,914",575,"9,776,831",380,"1,109,846",340,"508,283",315,"94,073",885,"14,445,976",725,"9,939,261",410,"1,191,791",895,"6,622,622",305,"2,459,868",595,"-5,767,566",900,"-3,307,698",380,"536,442",70,"173,982",95,"1,520,817",395,"829,482",25,"18,330",425,"245,472","2,690","857,284",445,"187,658",190,"896,968",39,"1,008,202",518,"36,945,376",555,"38,205,032",560,"28,375,567",58,"-1,564,769",538,"10,055,799",590,"8,728,054"
VIC,3438,"1,250",775,"1,240","69,524,864",985,"14,794,436",885,"959,925",20,"24,727",905,"15,193,696",40,"143,312",970,"56,481,445",275,"1,157,559",15,"298,755",20,"350,490",60,"276,964",60,"541,190",20,"263,248",15,"436,059",785,"1,135,340",135,"38,146",320,"2,043,045",320,"875,453","1,245","73,565,011",400,"1,305,297",180,"281,993",595,"159,603",60,"117,809",750,"905,327",40,"12,042",40,"73,254",25,"76,550",595,"189,924",660,"229,238","1,040","3,810,740",25,"56,405",110,"1,774,835",150,"1,137,369",10,"22,150",190,"6,437,429",80,"1,022,798",10,"383,990",0,"27,954",10,"169,775",50,"766,253",75,"1,811,592",130,"1,987,244",70,"291,208",55,"117,021",55,"21,914",175,"2,675,685",140,"1,708,841",75,"183,226",175,"1,311,376",65,"358,830",110,"-886,588",175,"-527,758",75,"24,492",10,"15,303",20,"273,321",90,"182,159",0,676,100,"77,028",570,"180,994",75,"33,513",30,"140,852",4,"122,896",96,"8,174,736",100,"8,297,632",95,"6,499,220",4,"-166,045",97,"1,696,648",100,"1,530,603"
VIC,3440,"1,170",760,"1,165","67,585,555",940,"15,125,638",835,"934,501",25,"34,068",860,"15,505,249",35,"125,281",890,"52,120,679",230,"1,076,758",20,"214,977",15,"283,054",40,"200,118",60,"498,881",25,"264,356",30,"771,824",760,"1,704,897",160,"60,221",325,"2,608,662",325,"1,117,047","1,165","71,071,450",330,"963,792",140,"312,333",465,"128,579",50,"106,578",660,"830,881",30,"10,192",40,"5,644",30,"66,733",535,"210,318",635,"221,094",975,"3,465,822",40,"86,081",90,"1,446,086",145,"1,216,815",0,"-15,552",240,"4,547,177",85,"372,263",15,"338,781",0,"800,328",30,"188,026",65,"1,149,608",95,"2,774,561",120,"2,269,145",90,"305,287",80,"121,609",75,"43,543",205,"3,146,193",170,"2,109,208",85,"159,768",205,"1,369,288",75,"537,303",130,"-1,029,374",200,"-492,071",90,"77,620",20,"74,938",25,"449,720",55,"144,220",0,"1,230",85,"51,570",540,"178,453",105,"44,557",25,"94,263",6,"966,737",135,"10,007,137",140,"10,967,409",135,"8,064,448",7,"-1,008,588",139,"3,815,674",145,"2,805,548"
VIC,3441,880,645,870,"66,073,810",695,"17,655,398",630,"938,666",15,"20,689",650,"18,051,081",25,"97,020",595,"39,686,061",160,"1,318,274",20,"508,679",25,"717,804",35,"196,421",35,"257,510",20,"481,429",20,"762,126",570,"1,728,651",115,"126,864",260,"3,946,814",255,"1,690,963",875,"70,293,265",225,"684,574",100,"189,701",265,"71,776",30,"63,675",420,"611,451",25,"9,643",45,"58,460",30,"118,479",375,"580,551",470,"1,018,633",705,"4,162,951",35,"99,746",55,"825,284",115,"1,137,177",0,"-114,540",220,"12,117,366",75,"1,218,288",0,"282,847",0,"7,874",15,"97,713",60,"1,992,990",80,"4,389,908",110,"3,319,637",75,"163,499",65,"66,458",55,"12,257",160,"3,374,127",120,"2,237,803",60,"284,986",160,"1,543,184",80,"607,165",85,"-1,299,011",160,"-691,846",95,"130,946",15,"127,068",30,"505,755",55,"240,490",0,338,60,"49,141",360,"114,888",105,"42,555",30,"193,822",8,"437,233",102,"9,755,115",110,"10,192,348",110,"7,114,181",11,"-361,569",103,"3,347,792",115,"2,986,223"
VIC,3442,"4,105","2,455","4,080","232,816,104","3,280","50,638,271","2,910","3,206,561",65,"71,191","3,000","51,735,186",140,"492,666","3,110","183,552,857",830,"3,151,269",70,"962,190",70,"1,254,217",200,"1,078,842",190,"1,829,606",90,"1,131,521",70,"1,900,444","2,470","5,537,277",460,"296,381","1,080","6,276,310","1,075","2,688,255","4,095","247,861,693","1,145","3,084,544",445,"798,316","1,635","415,861",170,"307,848","2,240","2,700,481",95,"30,378",125,"187,487",90,"461,152","1,895","4,044,794","2,155","897,730","3,390","14,736,318",105,"261,157",325,"5,809,279",510,"3,964,793",95,"-1,075,710",695,"19,961,575",285,"2,524,051",20,"824,511",30,"740,242",75,"713,093",230,"6,195,487",330,"14,203,777",405,"14,036,610",285,"1,088,908",245,"454,350",210,"86,650",655,"10,421,307",545,"6,584,706",275,"636,607",660,"4,637,695",220,"1,929,971",450,"-3,367,672",670,"-1,437,701",330,"470,076",80,"364,806",75,"1,212,749",255,"554,802",10,"6,525",265,"165,537","1,925","620,882",360,"155,946",100,"567,436",72,"1,601,356",467,"31,580,069",525,"33,181,425",540,"24,242,036",85,"-1,933,064",483,"10,401,852",550,"8,468,788"
VIC,3444,"5,005","2,375","4,965","232,884,538","3,825","45,252,115","3,265","3,109,947",65,"84,051","3,420","45,856,051",105,"328,878","3,635","173,449,207",910,"2,994,138",75,"918,430",100,"1,672,874",290,"1,618,818",350,"3,304,480",65,"914,511",65,"1,980,527","2,870","7,424,380",570,"385,264","1,230","7,319,030","1,230","3,135,935","4,990","245,095,423","1,255","2,945,243",435,"793,844","2,220","585,536",200,"343,290","2,450","2,429,862",135,"34,749",115,"123,178",95,"352,046","1,885","711,901","2,430","968,487","3,940","11,333,185",90,"242,137",295,"5,222,696",420,"2,799,555",245,"-2,416,622",845,"21,837,222",270,"1,549,327",25,"489,230",35,"540,475",70,"1,227,223",250,"5,339,481",345,"13,319,768",405,"6,904,867",280,"950,325",245,"357,197",225,"176,531",670,"10,221,612",500,"5,548,717",235,"467,200",670,"4,264,088",300,"2,709,702",390,"-2,768,095",690,"-58,393",360,"677,095",65,"180,014",100,"1,583,154",200,"454,654",20,"11,406",265,"171,299","2,570","826,351",480,"208,067",130,"416,134",106,"4,439,614",569,"39,610,211",660,"44,092,845",665,"33,909,290",123,"-1,788,972",582,"10,964,731",685,"9,196,729"
VIC,3446,515,175,515,"21,509,041",400,"3,591,088",345,"279,702",0,"6,422",365,"3,652,312",20,"42,210",405,"17,973,407",110,"360,944",0,"22,125",10,"71,506",45,"242,191",30,"279,870",10,"206,668",0,"168,266",275,"492,014",45,"4,486",110,"252,199",110,"108,067",515,"22,385,221",130,"266,934",45,"54,758",240,"61,251",25,"31,569",260,"235,758",0,"3,533",10,581,0,"2,177",195,"51,710",245,"63,740",410,"827,452",15,"30,609",45,"1,074,564",40,"330,647",20,"-676,852",60,"762,941",15,"5,370",0,"38,167",0,"517,218",10,"46,794",25,"497,237",30,"933,833",30,"312,717",15,"10,569",15,"5,620",15,"2,267",60,"740,788",40,"362,714",15,"24,602",60,"343,187",30,"159,910",30,"-149,625",60,"10,285",30,"34,554",0,"15,235",0,"34,725",15,"20,716",0,"1,747",25,"11,126",310,"103,040",55,"23,369",10,"6,097",13,"277,352",68,"3,322,883",80,"3,600,235",80,"2,709,942",13,"-82,070",72,"1,010,553",85,"928,483"
VIC,3447,255,90,250,"9,772,429",185,"1,589,862",150,"122,445",0,"8,557",160,"1,621,605",0,"10,433",185,"8,072,679",55,"124,536",0,"9,645",0,"37,348",25,"100,169",15,"117,197",0,"71,021",0,"140,423",130,"181,465",20,"3,711",50,"80,760",50,"34,648",250,"10,221,300",65,"133,167",25,"50,321",100,"24,213",0,"13,191",120,"113,048",0,"1,973",0,249,0,215,120,"25,761",120,"36,741",190,"417,025",0,"11,060",25,"559,970",25,"116,657",10,"-28,513",30,"379,787",10,"8,014",0,0,0,"71,164",0,"31,203",0,"170,161",10,"637,349",15,"89,571",10,"14,313",10,"6,021",10,114,25,"304,648",20,"138,608",0,"12,638",25,"127,072",10,"94,293",10,"-67,963",25,"26,330",15,"4,567",0,20,0,"14,774",0,"3,152",0,338,15,"4,169",135,"45,638",25,"11,310",0,"4,638",4,"77,534",50,"2,264,178",55,"2,341,712",50,"1,695,869",5,"-128,936",50,"697,669",55,"568,733"
VIC,3448,485,200,480,"20,455,477",340,"3,839,638",285,"263,639",0,"7,096",295,"3,837,661",10,"19,605",340,"15,421,675",80,"234,263",0,"16,254",0,"129,277",35,"176,116",30,"244,443",10,"128,093",0,"160,764",290,"577,974",60,"19,670",135,"884,177",130,"378,893",485,"21,633,126",105,"282,685",40,"46,739",190,"46,340",15,"24,162",210,"213,909",0,789,20,"60,211",10,"137,725",190,"54,900",230,"101,785",355,"1,101,958",10,"20,048",30,"637,292",35,"349,102",50,"-381,847",95,"1,632,893",30,"32,370",0,"33,105",0,"78,759",15,"87,414",35,"497,751",50,"1,350,805",45,"1,254,257",35,"47,820",30,"10,605",30,"3,467",70,"1,557,232",50,"580,860",30,"84,853",70,"677,882",40,"495,686",30,"-282,049",70,"213,637",30,"58,485",15,"63,584",10,"91,961",20,"40,752",0,395,15,"16,030",230,"74,291",50,"20,335",10,"93,576",15,"863,576",61,"3,033,855",70,"3,897,431",70,"3,320,723",17,"-179,111",62,"754,817",70,"575,706"
VIC,3450,"4,015","1,585","3,995","166,548,738","3,065","28,363,409","2,535","2,124,147",40,"56,830","2,650","28,399,540",135,"427,572","2,800","120,133,558",780,"1,568,457",40,"429,556",50,"565,263",350,"2,009,274",355,"3,486,840",75,"918,793",70,"1,527,535","2,485","5,656,077",500,"351,725","1,085","5,625,574","1,080","2,408,370","3,995","174,278,322",970,"1,849,515",255,"359,328","1,570","358,810",150,"253,815","1,925","1,808,951",60,"15,338",140,"54,667",100,"163,131","1,975","615,151","2,215","684,875","3,245","7,516,246",95,"207,783",335,"6,292,443",385,"2,801,450",35,"-230,128",695,"13,328,729",250,"476,042",20,"333,537",10,"172,663",105,"1,232,712",215,"2,756,749",305,"7,078,900",380,"8,302,520",285,"483,587",255,"162,717",240,"123,421",655,"8,997,520",455,"4,145,503",210,"341,977",650,"3,889,917",330,"2,497,023",335,"-1,876,900",670,"620,123",205,"205,580",55,"150,481",70,"1,063,346",135,"252,965",20,"10,986",190,"126,597","2,160","700,234",440,"189,907",85,"377,026",17,"915,992",557,"35,792,280",570,"36,708,272",565,"26,779,325",24,"-371,464",574,"9,319,173",590,"8,947,709"
VIC,3451,"2,175",715,"2,155","90,175,255","1,645","15,366,872","1,395","1,168,171",20,"30,024","1,460","15,592,651",55,"202,805","1,610","68,885,882",475,"819,098",25,"317,896",35,"288,192",190,"1,040,218",155,"1,383,994",30,"279,319",25,"480,289","1,240","2,658,464",225,"84,718",465,"1,654,003",465,"708,789","2,165","95,979,263",580,"1,023,714",160,"200,242","1,000","244,280",95,"155,495","1,095","905,262",50,"19,385",55,"25,350",40,"58,422","1,075","1,822,488","1,190","324,154","1,775","5,611,400",35,"52,401",210,"3,841,052",155,"1,005,001",50,"-649,479",330,"8,111,732",105,"242,544",20,"497,026",20,"486,112",70,"433,372",80,"2,789,538",120,"7,069,170",175,"3,215,556",120,"495,172",105,"246,476",105,"70,962",305,"4,320,919",235,"2,088,586",100,"149,166",305,"1,865,060",155,"1,023,804",155,"-805,697",315,"218,107",130,"148,057",20,"16,170",40,"687,456",70,"142,928",15,"10,816",90,"42,598","1,200","395,783",195,"83,158",55,"110,592",24,"665,436",310,"14,406,733",330,"15,072,169",330,"10,536,374",26,"-297,493",324,"4,477,907",345,"4,180,414"
VIC,3453,955,405,950,"41,552,983",710,"7,528,597",625,"551,506",15,"17,369",645,"7,651,557",20,"57,124",725,"32,207,113",195,"314,008",10,"191,377",15,"47,196",65,"293,257",55,"512,566",15,"253,645",0,"197,026",560,"888,309",135,"49,761",275,"1,375,025",275,"588,158",955,"43,692,587",255,"475,241",80,"155,082",450,"116,251",40,"50,109",490,"443,773",15,"4,228",35,"46,243",20,"68,187",400,"114,409",470,"130,983",745,"2,073,660",15,"42,814",90,"1,685,325",90,"784,521",65,"-315,028",175,"4,092,435",45,"78,287",10,"142,418",15,"309,778",10,"90,138",50,"759,899",80,"2,419,589",80,"1,190,678",45,"101,738",40,"5,542",40,"10,084",140,"1,882,994",105,"991,744",45,"77,367",145,"825,154",70,"447,931",75,"-459,202",145,"-11,271",55,"54,849",10,"21,810",20,"415,877",30,"52,777",0,"2,525",45,"26,062",495,"162,497",85,"36,024",20,"106,513",18,"293,073",90,"7,044,791",110,"7,337,864",105,"6,012,087",22,"-277,058",90,"1,511,544",110,"1,234,486"
VIC,3458,"1,010",440,995,"44,530,097",730,"8,438,153",615,"582,597",20,"28,078",655,"8,545,157",20,"55,215",695,"34,998,480",190,"529,276",15,"342,162",20,"288,141",80,"439,535",75,"749,989",15,"113,148",20,"456,076",610,"1,381,980",125,"94,400",235,"1,024,050",235,"437,641","1,005","47,210,708",250,"655,803",90,"170,380",415,"124,530",40,"80,926",505,"551,781",15,"4,894",25,"20,642",20,"61,970",410,"202,976",530,"204,746",785,"2,359,125",20,"35,248",75,"1,383,968",90,"623,396",65,"-239,917",180,"2,769,574",60,"152,299",10,"166,892",10,"176,348",15,"222,213",45,"689,940",75,"1,757,000",80,"1,755,687",65,"160,846",60,"30,304",55,"10,444",140,"2,036,367",95,"1,148,493",55,"110,597",135,"923,022",70,"496,850",70,"-642,595",140,"-145,745",55,"51,892",20,"41,861",15,"176,966",50,"99,617",0,"1,472",40,"33,447",485,"160,505",100,"41,359",25,"107,491",38,"1,644,917",157,"8,220,717",190,"9,865,634",185,"7,688,818",39,"-251,954",161,"2,266,332",190,"2,014,378"
VIC,3460,"1,600",700,"1,590","69,298,641","1,190","13,048,409",950,"865,034",20,"25,166","1,005","12,952,673",45,"149,409","1,085","46,325,249",235,"775,424",25,"367,442",15,"216,692",170,"992,848",130,"1,139,012",30,"476,705",30,"598,939",975,"2,694,704",175,"149,586",390,"3,083,546",390,"1,321,322","1,595","73,169,745",365,"825,719",115,"296,990",635,"176,282",65,"105,532",685,"729,215",25,"3,287",65,"142,989",40,"94,856",615,"273,822",845,"316,037","1,230","3,704,931",30,"82,770",110,"1,906,403",120,"1,144,038",40,"-203,766",285,"6,757,058",105,"777,660",15,"144,065",10,"207,201",45,"285,003",100,"2,246,825",135,"4,825,352",145,"3,300,519",120,"438,535",100,"125,776",95,"48,628",290,"4,584,497",205,"1,895,212",90,"122,921",290,"2,217,556",145,"1,151,710",150,"-802,902",290,"348,808",80,"61,064",30,"71,865",35,"626,031",50,"77,995",0,"1,564",65,"43,702",825,"283,371",170,"72,177",45,"264,252",9,"234,212",278,"16,968,482",285,"17,264,074",285,"13,562,982",12,"-125,618",287,"3,441,173",300,"3,291,053"
VIC,3461,"2,035",795,"2,010","78,743,874","1,450","13,069,653","1,195","987,738",30,"42,527","1,250","13,096,572",40,"130,675","1,365","57,439,690",325,"1,123,909",25,"478,424",20,"206,683",165,"1,098,738",140,"1,507,133",40,"462,759",35,"833,989","1,195","2,514,647",195,"81,479",450,"1,527,539",450,"654,698","2,020","83,344,610",495,"1,153,824",145,"266,601",850,"238,604",75,"113,899",895,"1,040,105",35,"11,703",85,"61,163",45,"160,783",780,"319,279","1,030","361,498","1,535","4,290,716",45,"91,120",125,"2,326,392",140,"1,116,845",85,"-263,765",360,"6,083,539",80,"368,786",10,"211,395",20,"271,840",55,"722,704",70,"1,299,329",100,"3,240,953",135,"2,005,947",95,"661,719",70,"120,818",65,"28,140",285,"4,315,073",215,"1,897,850",70,"119,469",280,"1,952,212",140,"1,069,547",150,"-724,005",285,"345,542",135,"260,783",30,"131,366",30,"409,386",75,"152,350",0,"3,455",75,"45,293","1,085","349,026",220,"93,300",45,"181,472",40,"1,086,267",369,"21,886,483",400,"22,972,750",405,"18,042,585",47,"-514,658",378,"5,075,858",420,"4,561,200"
VIC,3462,620,195,610,"22,242,919",430,"3,528,196",350,"276,801",0,"5,240",370,"3,487,785",10,"55,681",420,"16,938,223",120,"298,624",0,"58,824",10,"93,897",70,"374,261",55,"601,847",10,"133,489",0,"250,999",360,"613,989",75,"65,537",150,"299,560",150,"128,396",620,"23,638,048",150,"278,093",40,"71,487",255,"66,270",20,"26,572",270,"196,792",15,"4,827",25,"28,531",10,"24,127",255,"47,806",285,"75,378",460,"998,726",10,"28,366",35,"667,168",30,"201,524",40,"303,373",95,"1,562,624",35,"72,916",0,"38,459",0,"200,840",10,"183,463",25,"205,812",35,"493,454",50,"429,026",30,"16,207",25,"6,286",25,"1,557",70,"869,913",50,"416,373",10,"14,872",70,"409,906",35,"200,802",40,"-172,040",75,"28,762",25,"19,657",10,"67,641",15,"149,862",20,"28,981",0,"4,319",20,"8,385",320,"104,734",75,"33,271",15,"73,924",18,"631,221",80,"4,609,748",95,"5,240,969",95,"4,137,552",18,"-116,576",85,"983,754",100,"867,178"
VIC,3463,"1,295",560,"1,290","54,506,701",940,"10,307,447",760,"691,321",20,"21,264",795,"10,221,214",25,"83,526",850,"40,764,940",240,"638,192",15,"136,274",15,"231,262",120,"623,808",160,"1,455,769",20,"251,096",20,"645,719",785,"1,829,989",135,"44,091",350,"1,040,061",350,"445,693","1,295","57,054,883",270,"539,934",75,"157,786",515,"123,481",35,"59,237",525,"490,347",25,"7,292",25,"15,866",20,"9,665",480,"147,093",665,"252,415",985,"2,316,077",30,"61,937",90,"1,612,369",110,"874,445",105,"498,609",235,"4,203,201",85,"383,381",10,"61,079",15,"186,014",25,"235,623",80,"858,448",105,"2,390,538",120,"1,217,126",90,"572,691",70,"64,038",70,"116,552",215,"2,544,208",155,"1,201,111",45,"69,147",215,"1,183,986",95,"656,115",120,"-566,151",215,"89,964",65,"104,750",15,"141,332",35,"424,559",45,"87,227",10,"5,133",40,"29,494",685,"234,727",135,"57,529",25,"92,367",26,"1,389,599",176,"8,647,991",200,"10,037,590",195,"8,149,317",32,"-302,389",180,"2,059,508",210,"1,757,119"
VIC,3464,575,195,560,"21,068,643",430,"3,201,539",350,"266,969",0,"4,480",375,"3,181,339",10,"31,363",420,"17,149,391",130,"463,740",10,"23,431",0,"27,440",45,"268,620",40,"435,167",10,"181,706",10,"110,792",340,"387,950",70,"21,793",125,"348,367",125,"149,163",570,"23,211,235",135,"297,276",30,"63,494",335,"87,945",25,"41,247",295,"347,247",10,"5,602",15,"14,227",10,"12,736",255,"53,024",315,"71,142",470,"1,159,779",10,"10,485",45,"680,038",45,"339,658",45,"851,249",95,"1,328,313",20,"116,591",0,"57,851",0,"7,780",10,"73,403",30,"289,856",40,"1,172,833",55,"777,439",20,"12,106",15,"2,979",10,330,85,"1,247,785",65,"587,719",15,"51,092",85,"586,101",40,"250,931",45,"-228,058",85,"22,873",30,"13,577",0,"54,546",0,"139,306",15,"25,953",0,"2,346",30,"11,957",335,"112,008",55,"22,528",15,"41,479",13,"487,822",53,"3,573,202",65,"4,061,024",70,"3,414,360",18,"-132,681",54,"780,661",70,"647,980"
VIC,3465,"4,365","1,430","4,340","160,954,222","3,315","24,010,834","2,705","1,986,535",35,"40,675","2,890","23,927,803",70,"223,509","3,280","127,245,806",900,"1,432,788",60,"429,275",60,"234,626",530,"2,801,727",425,"4,104,899",60,"684,720",65,"1,201,245","2,430","4,515,360",510,"178,962","1,020","4,243,078","1,015","1,818,033","4,350","169,137,610","1,000","2,059,971",285,"665,010","2,560","690,812",135,"204,858","2,105","1,725,885",45,"14,572",130,"57,855",95,"283,889","1,800","343,670","2,255","546,745","3,545","7,456,453",70,"118,934",285,"4,728,626",330,"2,290,417",195,"1,255,790",690,"10,260,143",225,"377,724",15,"331,486",20,"199,913",55,"471,157",170,"1,565,922",235,"4,022,371",325,"3,271,908",200,"229,497",180,"14,935",165,"6,841",515,"5,342,318",370,"2,780,761",110,"174,715",505,"2,759,522",220,"1,151,786",295,"-1,524,466",515,"-372,680",175,"92,741",35,"305,526",55,"608,444",140,"246,418",15,"12,458",175,"82,377","2,635","884,054",475,"205,657",85,"151,556",43,"3,244,730",323,"23,599,300",360,"26,844,030",355,"21,279,476",47,"-74,796",331,"5,392,126",375,"5,317,330"
VIC,3467,620,210,610,"22,548,179",440,"3,664,537",355,"281,049",0,"2,662",380,"3,568,340",0,"18,584",450,"17,286,582",125,"257,444",0,"12,234",0,"35,780",65,"391,326",60,"636,372",10,"79,367",15,"265,939",340,"745,968",80,"14,573",165,"459,563",165,"196,856",610,"23,883,609",200,"483,911",40,"165,698",355,"100,066",20,"32,807",315,"281,736",10,717,20,"2,647",0,"6,169",210,"32,038",310,"88,640",475,"1,313,899",10,"17,126",25,"435,387",40,"343,364",55,"1,013,094",120,"1,491,221",30,"88,026",0,"143,138",0,"132,396",15,"256,863",35,"165,544",45,"492,605",30,"339,395",30,"14,876",30,"7,630",30,"5,517",70,"716,312",45,"314,930",10,"17,951",70,"334,568",45,"180,034",30,"-131,171",70,"48,863",30,"10,951",0,"4,300",0,"96,065",15,"23,301",0,"1,173",30,"18,797",340,"113,669",70,"31,319",0,"14,911",23,"842,325",41,"2,027,790",60,"2,870,115",60,"2,659,862",23,"-158,835",42,"220,268",60,"61,433"
VIC,3468,145,60,140,"4,802,421",95,"716,853",85,"60,477",0,"6,204",85,"733,158",0,"12,095",95,"4,125,679",35,"192,845",0,"27,291",0,"19,442",0,"49,045",10,"113,200",0,"11,622",0,"64,628",80,"107,097",25,"3,030",45,"370,864",45,"158,836",145,"5,255,416",45,"127,804",15,"79,393",75,"25,511",0,"3,884",75,"69,512",0,264,0,388,0,"4,645",45,"6,632",75,"16,826",120,"452,995",0,"1,669",0,"115,681",15,"70,002",35,"-323,501",35,"82,707",10,"3,017",0,0,0,0,0,"7,370",10,"62,356",10,"263,475",10,"102,948",0,"3,801",0,"2,123",0,546,15,"150,649",15,"98,539",0,"11,809",15,"65,268",0,"16,173",10,"-41,140",15,"-24,967",15,"127,667",0,0,0,"105,000",0,"13,136",0,"2,131",0,885,75,"26,662",20,"7,402",0,297,12,"393,524",9,"325,572",20,"719,096",20,"782,369",12,"-218,983",10,"155,918",20,"-63,065"
VIC,3469,150,55,145,"4,622,349",100,"725,806",85,"59,207",0,"1,391",85,"696,915",0,"8,014",95,"3,895,768",25,"58,300",0,0,0,"41,907",20,"133,345",20,"176,945",0,0,0,"121,181",90,"124,144",35,"12,867",50,"127,363",50,"54,544",145,"4,878,981",30,"99,064",10,"29,278",70,"19,167",0,"4,557",50,"55,871",0,18,0,"1,064",0,850,50,"8,539",55,"14,189",100,"255,017",0,"10,116",0,"47,458",0,"30,758",30,"-5,133",40,"131,640",10,"59,309",0,0,0,"15,489",0,"1,457",0,"4,440",10,"19,295",15,"46,368",0,515,0,515,0,40,15,"215,531",10,"163,433",0,"3,975",10,"85,481",0,"18,898",10,"-56,256",10,"-37,358",10,"39,526",0,0,0,"20,000",0,"2,415",0,0,10,"2,196",80,"26,608",25,"11,093",0,48,9,"591,127",10,"344,922",20,"936,049",20,"984,554",9,"-196,929",11,"147,749",20,"-49,180"
VIC,3472,565,175,555,"17,752,583",365,"2,670,075",285,"209,279",0,"4,381",305,"2,509,959",0,"13,520",365,"12,825,535",110,"147,093",0,"21,478",15,"72,246",75,"451,533",75,"893,573",0,"25,633",10,"140,031",315,"863,383",65,"29,242",120,"528,274",115,"226,590",560,"18,616,477",120,"249,851",30,"52,785",265,"65,961",15,"23,622",210,"163,001",0,736,20,"4,821",0,"6,620",205,"37,343",250,"94,662",415,"843,476",0,"9,627",25,"313,806",25,"92,125",75,"39,799",105,"851,035",25,"57,547",0,0,0,"70,077",10,"70,360",25,"138,408",35,"589,548",45,"301,074",30,"38,636",25,"5,251",25,591,60,"561,258",35,"294,489",15,"18,658",60,"273,886",35,"173,956",25,"-199,731",60,"-25,775",30,"82,445",0,"20,316",10,"118,932",15,"25,142",0,"5,132",20,"13,447",285,"95,916",55,"25,203",15,"113,621",21,"1,383,837",60,"2,846,225",75,"4,230,062",75,"3,279,724",21,"-25,045",61,"885,364",75,"860,319"
VIC,3475,175,75,170,"5,768,760",115,"936,219",95,"72,479",0,"4,043",100,"861,925",0,"6,179",110,"3,918,947",35,"82,338",0,"60,895",0,"5,341",20,"129,973",15,"188,636",0,"23,665",0,0,115,"217,260",25,"5,633",35,"39,351",35,"16,855",175,"6,244,979",30,"59,285",10,"12,136",80,"22,455",0,"2,039",70,"51,801",0,0,0,"10,307",0,0,45,"4,941",55,"13,476",110,"249,954",0,"3,227",0,"99,069",0,"30,920",60,"534,010",50,"127,153",20,"2,670",0,0,0,"27,914",0,"26,075",10,"162,207",15,"576,707",15,"44,755",10,"20,604",0,178,0,36,10,"109,144",10,"41,331",0,26,10,"42,315",0,"43,758",0,"-18,286",10,"25,472",0,528,0,0,0,"71,000",0,"2,514",0,"1,230",0,"2,332",90,"31,034",15,"7,374",0,"12,308",14,"1,902,470",8,"735,872",20,"2,638,342",20,"2,431,333",14,"88,302",9,"91,460",20,"179,762"
VIC,3477,345,180,340,"12,675,741",240,"2,310,204",190,"167,717",0,"8,519",205,"2,103,129",0,"24,757",205,"6,755,139",65,"202,236",0,"43,823",0,"1,204",25,"155,322",25,"241,792",0,"13,967",0,"126,124",240,"742,747",80,"23,213",135,"211,399",135,"90,577",345,"13,866,925",55,"142,686",20,"113,091",120,"33,655",0,"3,013",100,"75,177",0,767,10,"10,862",0,"3,250",80,"21,877",115,"30,933",225,"1,078,561",0,"7,843",10,"134,727",20,"164,472",145,"4,861,636",105,"502,406",20,"2,674",0,"2,468",0,"138,267",0,"18,666",20,"82,575",30,"312,164",40,"299,139",25,"1,164",25,"1,164",20,159,35,"342,921",25,"238,592",0,"4,004",30,"156,111",15,"43,097",20,"-98,883",35,"-55,786",25,"58,683",10,"1,272",30,"638,607",10,"4,643",0,0,10,"6,749",170,"59,092",40,"16,683",0,"55,066",24,"2,020,078",15,"379,999",40,"2,400,077",40,"1,949,536",26,"167,646",17,"160,374",40,"328,020"
VIC,3478,"1,450",535,"1,440","51,565,252","1,055","7,704,308",860,"635,522",0,"4,991",915,"7,611,231",20,"53,231","1,020","37,890,418",305,"769,194",15,"191,975",10,"80,159",125,"720,169",135,"1,360,749",20,"143,641",20,"400,749",850,"1,570,036",230,"58,129",420,"1,609,264",420,"685,679","1,450","54,644,054",335,"695,823",110,"429,681",795,"206,823",40,"69,946",640,"562,907",20,"3,883",90,"10,008",30,"46,381",500,"75,309",700,"200,224","1,120","2,800,596",25,"31,564",125,"2,314,717",110,"571,593",160,"1,968,777",345,"4,816,322",115,"166,537",0,"62,183",10,"111,115",20,"302,572",60,"224,358",75,"736,642",100,"869,221",85,"35,926",80,"23,071",70,"1,782",145,"1,640,456",105,"731,402",30,"47,635",145,"707,118",65,"593,013",85,"-438,712",150,"154,301",95,"56,364",15,"9,721",35,"418,358",55,"80,282",0,"3,825",55,"26,637",840,"273,234",165,"71,464",25,"74,464",29,"2,417,245",105,"9,513,086",130,"11,930,331",130,"10,029,782",32,"-233,872",110,"1,936,086",135,"1,702,214"
VIC,3480,"1,070",515,"1,065","42,621,958",820,"6,884,262",655,"533,667",10,"10,362",700,"6,590,506",20,"61,416",745,"26,888,915",215,"461,733",0,"27,194",0,"11,470",100,"609,652",120,"1,215,414",10,"90,708",0,"41,302",720,"1,508,836",260,"75,202",410,"1,595,703",410,"683,820","1,070","45,454,352",190,"366,513",105,"251,346",540,"130,903",25,"42,320",405,"375,268",0,"1,275",20,"10,934",25,"151,472",300,"99,490",385,"108,671",795,"2,529,073",10,"13,201",70,"1,248,039",95,"622,050",205,"8,199,410",320,"3,252,458",120,"78,869",0,"23,301",0,868,15,"110,943",110,"827,241",150,"2,887,507",120,"982,873",125,"20,249",125,"12,487",120,"2,304",130,"1,380,046",90,"542,619",35,"40,155",125,"615,433",70,"445,244",60,"-263,405",130,"181,839",80,"63,761",20,"37,710",50,"907,809",35,"82,800",0,"1,511",35,"25,437",585,"191,530",125,"54,590",0,"3,659",21,"1,769,048",54,"2,538,163",75,"4,307,211",65,"2,936,838",23,"600,862",54,"725,230",75,"1,326,092"
VIC,3482,85,50,85,"3,965,479",65,"777,093",55,"53,412",0,"8,113",55,"615,823",0,"6,611",45,"1,180,721",10,"26,728",0,0,0,0,10,"56,288",10,"153,592",0,"9,460",0,0,55,"146,204",20,"9,199",30,"66,347",30,"28,422",85,"4,130,748",0,"10,800",0,"4,777",15,"3,340",0,"2,195",20,"7,142",0,0,0,"1,130",0,784,10,"3,049",25,"4,163",55,"118,366",0,"1,419",0,"121,738",0,"28,323",45,"2,782,927",25,"86,624",15,"3,606",0,0,0,0,0,0,0,"54,290",10,"135,749",15,"87,255",15,"2,486",10,551,10,132,0,"73,894",0,"63,600",0,0,0,"27,949",0,"11,571",0,"-29,226",0,"-17,655",15,"37,967",0,0,0,"57,847",0,"23,139",0,0,0,551,40,"13,815",10,"4,355",0,29,7,"1,089,176",3,"145,452",10,"1,234,628",10,"799,332",7,"354,588",3,"76,958",10,"431,546"
VIC,3483,570,375,555,"24,259,773",435,"4,295,272",370,"315,352",0,"1,730",385,"3,827,068",20,"66,970",360,"13,829,713",115,"268,133",0,"12,948",0,"12,212",30,"161,909",50,"407,008",0,"27,726",0,"2,760",410,"883,918",120,"42,576",195,"507,231",195,"217,655",565,"26,773,237",145,"331,094",30,"59,264",275,"68,241",0,"9,354",245,"282,776",0,815,0,"2,570",0,"23,730",155,"68,380",200,"75,949",420,"1,588,976",0,"4,158",35,"571,735",45,"315,875",165,"9,327,371",175,"1,413,545",70,"111,614",0,"286,906",0,"63,314",0,"19,934",55,"598,629",85,"1,553,642",80,"757,630",60,"17,777",60,"16,863",45,"2,351",65,"922,420",45,"540,697",25,"70,953",65,"482,300",30,"149,766",35,"-321,296",65,"-171,530",45,"46,380",0,85,35,"619,057",35,"47,746",0,"1,887",15,"3,336",300,"96,287",75,"32,546",0,"90,498",32,"5,485,135",42,"4,465,781",65,"9,950,916",65,"8,324,936",36,"664,869",44,"929,425",75,"1,594,294"
VIC,3485,165,115,165,"6,970,785",130,"1,208,652",105,"91,290",0,0,110,"1,030,764",0,"16,558",105,"3,689,517",40,"81,716",0,0,0,"14,757",10,"73,414",10,"148,657",0,"18,532",0,"24,577",100,"318,261",40,"14,879",70,"231,766",70,"99,305",165,"7,386,427",35,"87,594",15,"38,444",75,"23,537",0,"8,284",55,"58,581",0,256,0,"8,227",0,"7,247",50,"13,287",60,"16,684",120,"369,124",0,"2,779",0,"86,716",15,"158,891",60,"2,389,490",45,"81,523",15,"2,260",0,0,0,0,0,669,20,"81,214",35,"329,608",30,"181,128",25,"3,721",25,"3,721",20,285,20,"187,505",10,"89,878",0,"2,847",15,"81,684",10,"51,288",0,"-38,192",20,"13,096",20,"5,621",0,588,0,"103,353",0,"3,630",0,463,0,796,85,"25,922",30,"12,781",0,577,8,"356,368",10,"828,597",15,"1,184,965",15,"970,571",9,"90,096",10,"123,028",15,"213,124"
VIC,3487,55,30,55,"2,438,356",40,"445,008",40,"34,470",0,935,40,"407,818",0,"2,496",25,"962,755",10,"23,632",0,0,0,0,0,"5,385",0,"40,705",0,"18,742",0,"3,514",35,"143,117",15,"5,328",25,"40,566",25,"17,386",55,"2,516,477",0,"10,534",0,"3,451",20,"4,544",0,230,15,"15,198",0,0,0,0,0,0,0,382,15,"2,827",30,"74,166",0,"2,810",0,"47,864",0,"42,159",25,"1,428,918",25,"27,404",0,187,0,"2,343",0,0,0,0,0,"86,300",0,"209,420",0,"72,255",0,593,0,593,0,147,10,"107,286",10,"43,223",0,552,0,"30,372",0,"42,668",0,"-9,529",10,"33,139",0,561,0,"40,000",0,"37,000",0,0,0,0,0,"5,547",25,"8,355",0,"1,735",0,0,1,"318,576",4,"41,302",0,"359,878",0,"363,789",1,"-10,564",3,"6,653",0,"-3,911"
VIC,3488,75,50,75,"3,129,456",55,"582,022",50,"43,923",0,0,50,"544,152",0,"2,020",50,"1,222,201",15,"40,769",0,0,0,0,10,"64,624",0,"21,285",0,"12,983",0,0,50,"266,827",15,"6,491",35,"59,176",35,"25,350",75,"3,469,672",10,"24,267",0,"13,442",30,"6,092",0,"3,301",20,"25,195",0,0,0,122,0,"2,708",15,"1,601",20,"3,839",50,"295,340",0,"1,947",0,"38,923",0,"74,322",35,"1,574,439",30,"240,289",0,"1,056",0,446,0,0,0,"2,166",15,"65,226",20,"141,656",0,"7,554",15,"1,137",15,"1,137",15,198,0,"107,205",0,"57,765",0,"2,604",0,"39,049",0,"35,173",0,"-27,386",0,"7,787",10,255,0,0,10,"212,794",0,"1,979",0,0,0,436,35,"12,704",10,"2,827",0,0,1,"28,375",4,"186,823",0,"215,198",0,"183,488",1,"22,891",4,"8,819",0,"31,710"
VIC,3490,730,360,705,"27,386,181",520,"5,390,633",435,"384,002",10,"13,502",455,"5,391,244",15,"36,176",465,"19,078,459",180,"265,800",10,"147,709",0,"10,801",55,"300,580",60,"573,914",10,"68,921",0,"120,377",490,"1,362,013",180,"67,950",260,"899,960",260,"385,686",725,"29,104,890",155,"376,095",35,"83,351",380,"111,960",20,"37,162",285,"247,172",0,"2,547",10,"7,395",10,"15,458",215,"35,987",305,"81,719",535,"1,509,313",10,"9,106",55,"904,443",60,"289,944",135,"742,419",225,"3,130,210",80,"315,778",0,0,0,0,10,"86,795",95,"946,891",125,"3,978,163",55,"644,364",70,"59,138",70,"15,191",60,"1,161",65,"814,046",35,"383,287",10,"33,645",60,"324,952",40,"194,758",25,"-122,596",65,"72,162",65,"33,253",15,"4,613",20,"470,164",25,"30,451",0,"2,187",10,"5,348",370,"118,152",100,"39,705",10,"35,175",33,"5,284,635",41,"3,953,105",70,"9,237,740",65,"8,814,120",33,"-30,248",40,"438,942",70,"408,694"
VIC,3491,80,55,75,"2,873,661",60,"485,312",50,"36,247",0,0,55,"456,834",0,0,40,"1,106,646",15,"41,644",0,0,0,0,0,"17,444",0,"43,195",0,0,0,"19,665",60,"250,322",25,"6,406",30,"177,346",30,"75,987",80,"3,171,983",10,"38,596",0,"3,397",30,"7,267",0,200,20,"22,318",0,"5,433",0,0,0,382,15,"2,207",30,"4,946",45,"114,902",0,0,0,0,0,"18,125",30,"1,515,874",25,"77,220",15,"3,626",0,0,0,0,0,"14,685",20,"448,335",20,"575,107",10,"32,092",15,"1,334",15,"1,334",15,223,15,"131,296",0,"75,301",0,107,10,"56,330",0,"28,612",0,"-29,054",15,-442,10,232,0,"28,026",0,"30,156",0,0,0,0,0,872,45,"15,501",10,"5,598",0,0,3,"417,039",3,"196,750",0,"613,789",0,"589,525",3,"-30,241",4,"54,505",0,"24,264"
VIC,3494,315,155,305,"10,687,059",240,"1,525,710",205,"139,454",0,881,220,"1,449,801",0,"7,419",245,"9,053,538",35,"109,630",0,"29,790",0,"7,701",30,"177,152",10,"115,012",0,"10,240",0,"18,753",140,"100,975",45,"119,077",55,"108,964",55,"46,658",315,"11,665,399",100,"227,724",15,"34,162",195,"59,610",10,"11,523",145,"80,754",0,507,10,"102,537",0,"8,050",100,"16,047",140,"52,744",240,"767,172",0,"1,536",10,"170,922",30,"162,130",70,"405,885",65,"885,989",20,"30,721",0,"11,533",10,"549,573",0,"60,965",15,"83,131",20,"277,937",20,"49,642",15,"11,726",15,"1,074",15,174,35,"585,568",30,"228,303",10,"32,122",35,"287,596",10,"101,278",25,"-63,731",35,"37,547",10,"210,084",0,"8,032",0,"75,931",10,"97,583",0,57,0,"2,476",205,"71,220",40,"16,523",0,"11,923",3,"2,659,306",10,"756,773",10,"3,416,079",10,"3,677,265",3,"-436,975",10,"178,800",10,"-258,175"
VIC,3496,"3,310","1,515","3,235","121,861,549","2,470","19,560,246","2,105","1,604,131",30,"33,830","2,225","19,498,231",65,"187,267","2,545","101,288,142",550,"1,248,324",30,"249,436",40,"221,097",340,"1,995,567",220,"2,081,961",30,"284,727",25,"436,562","1,595","2,677,418",400,"175,378",730,"2,422,120",730,"1,038,540","3,285","130,076,104",855,"2,027,057",215,"662,321","2,050","614,600",150,"224,865","1,610","1,299,786",25,"6,766",25,"42,405",40,"172,471","1,085","141,189","1,515","359,653","2,515","6,621,663",30,"56,709",125,"2,789,530",205,"1,507,060",505,"2,618,308",635,"9,243,113",190,"605,772",15,"425,941",30,"452,817",35,"261,029",155,"1,114,101",220,"3,573,217",255,"7,101,420",145,"121,837",140,"16,322",130,"28,076",295,"2,864,971",230,"1,553,163",65,"109,428",295,"1,464,352",110,"572,310",190,"-834,282",300,"-261,972",155,"173,634",30,"89,975",55,"898,116",100,"172,434",45,"26,590",65,"36,164","1,975","654,569",330,"136,283",60,"142,898",81,"9,175,688",184,"13,358,179",255,"22,533,867",255,"19,874,486",87,"-222,109",185,"2,687,195",265,"2,465,086"
VIC,3498,"2,430","1,305","2,395","104,650,861","1,875","18,714,599","1,615","1,389,861",15,"24,253","1,685","18,990,211",35,"137,994","1,870","81,547,844",430,"751,054",30,"507,257",25,"183,027",225,"1,208,688",165,"1,694,526",20,"283,082",20,"391,424","1,290","2,320,897",295,"110,348",590,"3,301,709",590,"1,414,352","2,420","110,638,796",635,"1,438,344",205,"626,554","1,500","433,501",80,"138,330","1,210","1,089,899",20,"4,752",35,"24,289",45,"106,244",790,"129,837","1,175","280,642","1,895","5,265,939",25,"52,533",100,"1,824,475",200,"1,231,041",265,"1,929,003",545,"10,587,546",150,"613,595",15,"258,940",25,"211,137",20,"83,078",110,"749,546",165,"3,411,365",190,"2,853,495",110,"126,479",110,"121,317",100,"26,468",255,"2,863,997",195,"1,355,784",75,"139,603",260,"1,474,736",100,"704,791",160,"-810,917",260,"-106,126",155,"321,826",40,"36,871",50,"756,377",115,"232,374",30,"16,500",70,"32,521","1,365","445,045",240,"103,720",40,"106,783",40,"2,525,197",136,"9,106,700",170,"11,631,897",170,"9,043,098",43,"123,991",137,"2,361,540",175,"2,485,531"
VIC,3500,"14,325","6,045","14,265","601,579,634","11,345","101,251,966","9,680","7,805,143",120,"168,197","10,170","102,949,050",375,"1,231,791","11,925","513,441,217","2,765","5,828,314",160,"1,669,758",175,"1,121,444","1,665","9,462,133","1,050","10,268,833",135,"1,683,016",145,"3,051,697","6,690","10,732,529","1,275","1,115,829","2,760","12,281,907","2,755","5,260,698","14,275","637,231,718","4,220","9,645,504","1,365","3,692,790","9,590","2,947,999",800,"1,250,746","8,015","7,917,680",175,"70,244",250,"551,900",175,"1,247,379","5,580","1,179,095","7,530","1,829,767","11,725","34,233,789",170,"359,097",750,"14,822,597","1,100","7,453,477",280,"2,334,510","1,795","36,945,376",680,"2,492,562",45,"957,004",30,"896,142",90,"903,478",475,"2,156,952",685,"10,727,947",825,"12,194,642",575,"1,212,436",550,"200,820",510,"301,118","1,555","20,515,666","1,290","11,825,916",450,"1,114,318","1,575","10,611,663",465,"3,889,147","1,120","-6,925,378","1,580","-3,036,231",610,"599,605",145,"298,495",155,"2,553,616",610,"1,296,167",135,"77,797",370,"213,566","8,530","2,821,223","1,140","495,706",255,"536,461",51,"3,433,016",840,"61,100,935",885,"64,533,951",865,"47,323,162",59,"-428,126",853,"16,468,657",905,"16,040,531"
VIC,3501,"2,235","1,100","2,210","94,111,823","1,745","15,898,240","1,520","1,248,935",15,"14,092","1,575","16,237,661",50,"148,291","1,770","76,019,505",475,"1,054,476",25,"336,287",20,"68,950",190,"961,592",105,"1,031,035",20,"307,423",15,"202,547","1,120","1,999,427",230,"132,741",500,"2,160,178",500,"925,433","2,220","99,816,781",645,"1,629,563",230,"794,189","1,430","429,107",105,"156,108","1,165","1,105,068",25,"14,238",35,"72,849",15,"79,129",725,"109,907","1,070","276,765","1,750","5,422,240",15,"39,683",100,"1,865,997",155,"982,276",170,"1,381,966",435,"8,799,784",105,"419,007",10,"185,510",15,"255,430",30,"297,354",85,"451,719",120,"1,887,203",150,"2,269,659",75,"48,993",75,"34,590",70,"11,780",250,"2,889,047",215,"1,860,890",60,"122,614",255,"1,592,614",80,"392,678",180,"-1,079,749",255,"-687,071",145,"69,779",20,"43,144",35,"539,224",90,"212,393",25,"12,614",65,"26,970","1,290","412,093",210,"93,863",40,"85,477",31,"2,360,203",186,"13,465,138",215,"15,825,341",210,"12,300,555",36,"-215,181",191,"3,750,297",220,"3,535,116"
VIC,3505,"2,465","1,105","2,430","93,172,961","1,835","14,885,832","1,540","1,194,751",15,"20,961","1,625","14,874,034",30,"94,999","1,915","77,696,873",515,"1,282,074",25,"222,093",25,"172,002",275,"1,481,094",200,"2,097,592",25,"196,337",20,"464,464","1,165","2,068,226",360,"88,727",555,"2,023,667",550,"867,026","2,450","98,926,261",645,"1,558,594",205,"707,842","1,525","453,004",90,"116,068","1,225","992,877",30,"7,168",45,"81,191",20,"51,818",855,"122,303","1,185","292,553","1,865","5,069,155",20,"38,158",105,"2,228,024",175,"942,130",305,"1,190,270",460,"5,506,531",135,"190,118",0,"83,788",20,"258,452",25,"238,953",70,"722,111",105,"1,695,753",165,"1,784,466",105,"93,702",100,"24,606",95,"20,784",245,"2,938,558",195,"1,427,706",40,"131,238",240,"1,567,763",75,"649,342",170,"-837,491",245,"-188,149",100,"151,364",25,"33,808",30,"488,713",95,"191,271",25,"10,924",60,"46,080","1,395","468,075",235,"106,895",35,"194,482",54,"4,079,755",151,"11,512,402",190,"15,529,773",190,"13,692,233",58,"-318,294",153,"1,982,638",195,"1,619,352"
VIC,3507,100,55,100,"3,984,804",80,"732,060",70,"54,889",0,"1,292",70,"719,777",0,"3,486",55,"1,713,865",15,"24,355",0,"12,370",0,0,0,"42,405",10,"72,270",0,0,0,0,75,"413,555",35,"22,507",45,"310,333",45,"132,876",100,"4,233,570",20,"48,627",0,"9,140",40,"11,221",0,"5,826",30,"19,105",0,0,0,0,0,"30,814",30,"6,232",45,"16,230",70,"248,766",0,0,0,"75,190",0,"40,798",40,"933,463",50,"291,152",20,"27,618",0,0,0,0,0,0,20,"32,037",35,"234,346",20,"247,020",20,"3,603",20,"3,603",20,467,15,"83,460",15,"48,050",0,"7,228",15,"41,317",0,"10,450",10,"-23,585",15,"-13,135",20,"58,526",0,28,0,"88,500",0,"13,071",0,"1,063",0,590,55,"20,086",20,"7,520",0,"7,978",3,"78,843",6,"248,555",10,"327,398",0,"202,351",3,"19,640",6,"105,407",10,"125,047"
VIC,3509,175,110,170,"5,918,727",115,"1,007,342",90,"75,849",0,354,100,"979,547",0,"8,895",85,"2,899,576",30,"29,050",0,0,0,"1,915",15,"74,764",15,"167,223",0,"16,041",0,0,125,"707,673",60,"21,121",90,"364,532",90,"156,129",170,"6,433,942",30,"68,578",0,"6,172",70,"17,953",0,"3,434",50,"48,378",0,593,0,"10,201",0,"12,884",45,"10,488",65,"17,506",120,"362,121",0,"2,405",10,"122,092",0,"40,146",80,"742,775",85,"406,674",30,"32,884",0,0,0,"25,870",0,"6,518",40,"126,109",55,"459,349",35,"631,305",25,"1,508",25,-484,20,845,20,"236,063",15,"121,493",0,"1,750",20,"65,857",0,"89,546",15,"-42,583",20,"46,963",30,"11,018",0,"18,425",10,"148,424",0,"17,510",0,"1,173",0,"9,487",85,"27,233",35,"14,959",0,46,8,"191,988",5,"286,432",15,"478,420",10,"412,370",8,"10,826",5,"55,224",15,"66,050"
VIC,3512,230,125,225,"7,415,201",175,"1,275,061",135,"101,552",0,552,140,"1,168,343",0,"6,892",135,"4,751,762",40,"65,816",0,"1,809",0,"15,913",0,"9,529",15,"125,594",0,"60,135",0,0,165,"680,313",50,"12,803",90,"364,351",90,"156,288",225,"8,163,522",30,"74,672",10,"40,368",90,"18,968",10,"6,728",75,"49,033",0,0,0,"133,360",0,"4,863",50,"12,455",85,"27,134",160,"492,419",0,"9,019",0,"91,123",10,"88,405",85,"552,549",70,"871,313",30,"17,157",0,"36,880",0,0,0,"18,487",35,"116,278",55,"497,053",35,"146,987",40,"5,864",35,"2,764",35,658,30,"256,270",20,"117,843",10,"14,916",30,"107,089",10,"89,655",20,"-73,233",30,"16,422",25,"5,285",0,63,10,"102,895",15,"21,885",0,"2,534",0,"2,344",140,"44,786",30,"13,507",0,"52,808",15,"1,879,538",12,"1,626,236",20,"3,505,774",20,"3,907,122",15,"-634,957",11,"184,499",20,"-450,458"
VIC,3515,870,365,860,"37,279,580",670,"6,511,512",595,"492,976",0,"4,718",615,"6,604,336",15,"50,698",670,"30,197,344",185,"523,332",15,"66,383",20,"109,490",65,"316,605",45,"414,055",10,"74,427",10,"300,241",455,"604,318",85,"26,321",205,"1,001,677",205,"429,239",865,"39,544,667",260,"591,794",75,"210,557",500,"117,698",30,"55,119",460,"399,588",15,"2,106",40,"16,200",10,"17,346",325,"73,497",450,"118,200",705,"2,159,770",10,"17,182",60,"1,074,341",75,"420,137",75,"519,152",130,"2,887,070",45,"71,075",10,"209,274",10,"99,851",10,"96,247",25,"238,362",45,"1,215,716",70,"673,795",35,"12,115",35,"2,078",35,345,130,"1,679,201",105,"1,051,624",35,"79,077",135,"696,547",55,"270,177",80,"-418,224",135,"-148,047",55,"32,356",10,"28,678",25,"502,864",30,"54,801",15,"4,386",25,"8,620",505,"163,596",80,"35,470",20,"99,262",7,"106,922",70,"4,175,365",75,"4,282,287",70,"3,097,192",9,"-162,041",71,"1,182,197",75,"1,020,156"
VIC,3516,365,215,360,"14,805,438",265,"2,561,674",235,"196,022",0,"13,942",240,"2,515,859",0,"26,848",240,"9,912,012",70,"188,746",0,"16,026",0,"88,239",30,"141,147",20,"208,217",0,"17,156",0,"59,578",225,"658,476",95,"43,524",155,"920,086",155,"394,328",365,"15,906,835",75,"133,858",35,"117,885",165,"41,311",10,"23,565",140,"104,076",0,614,10,"2,352",10,"12,267",110,"23,514",165,"38,315",265,"851,668",0,"2,511",25,"378,148",30,"265,102",95,"1,731,390",95,"701,123",40,"34,191",0,"46,207",0,"316,720",0,"27,682",20,"51,251",35,"316,105",40,"425,112",20,"10,014",20,"8,080",15,"1,030",50,"585,354",45,"278,183",15,"31,950",50,"277,540",25,"122,611",30,"-124,930",55,"-2,319",30,"56,420",0,170,20,"324,682",15,"29,229",0,0,10,"5,184",190,"61,771",45,"21,280",0,"28,243",18,"2,045,274",17,"837,760",30,"2,883,034",35,"2,230,483",19,"341,665",17,"262,834",35,"604,499"
VIC,3517,645,280,645,"22,731,564",460,"3,449,477",370,"281,143",0,"7,635",405,"3,337,638",0,"6,096",440,"17,175,778",135,"269,719",0,"94,050",10,"29,404",60,"336,094",65,"614,948",0,"45,951",0,"71,924",355,"884,111",95,"27,197",210,"449,787",210,"192,609",645,"23,821,204",140,"269,771",35,"84,925",335,"92,748",15,"20,014",280,"201,211",0,483,35,"5,728",10,"8,597",190,"27,923",295,"78,363",485,"989,991",0,"9,105",40,"559,666",30,"218,155",105,"1,508,796",125,"1,153,489",45,"43,044",0,670,0,"41,824",0,"55,679",40,"203,285",55,"1,618,764",60,"810,688",45,"21,062",40,"6,073",40,"1,006",65,"789,517",45,"386,532",15,"35,384",65,"318,627",35,"194,276",30,"-145,302",65,"48,974",20,"25,423",0,"2,930",15,"180,027",15,"20,080",0,338,15,"8,759",365,"123,914",80,"34,237",15,"27,386",22,"1,230,137",48,"2,431,706",65,"3,661,843",65,"3,011,417",25,"46,774",49,"566,447",70,"613,221"
VIC,3518,645,275,640,"24,175,624",455,"4,112,142",345,"294,192",0,"9,177",375,"3,889,619",10,"27,991",420,"15,395,701",110,"160,365",0,"37,118",0,"10,404",75,"484,220",75,"774,613",0,"74,818",10,"167,730",400,"1,097,233",105,"32,703",185,"721,468",185,"309,121",640,"25,532,826",160,"348,115",35,"81,637",300,"87,668",20,"31,570",260,"218,215",0,"1,161",90,"24,618",10,"44,358",185,"31,654",300,"79,108",455,"1,145,329",0,"15,893",25,"392,786",30,"156,693",125,"2,973,089",140,"909,320",40,"20,171",0,0,0,"24,050",20,"123,779",35,"281,677",40,"896,076",45,"588,162",30,"60,319",25,"4,000",25,463,60,"744,115",40,"336,576",20,"23,318",55,"377,811",30,"176,144",30,"-169,734",60,"6,410",30,"35,621",15,"73,334",10,"164,000",15,"29,157",0,"3,585",20,"13,446",340,"110,145",70,"30,848",10,"23,198",31,"3,688,176",47,"2,728,481",75,"7,388,660",75,"5,491,017",32,"382,612",49,"1,128,111",75,"1,510,723"
VIC,3521,305,115,305,"12,150,752",245,"1,874,132",205,"155,404",0,0,215,"1,915,490",0,"6,123",235,"10,067,189",60,"227,807",0,"21,633",0,"18,081",20,"118,053",20,"133,180",0,54,0,"95,872",145,"278,825",30,"14,833",55,"101,782",55,"43,606",305,"12,855,438",70,"185,994",10,"35,825",155,"42,913",10,"14,390",165,"121,542",0,579,0,120,0,"6,174",135,"15,996",160,"35,317",250,"505,433",0,0,10,"167,824",25,"141,540",20,"61,533",40,"535,039",10,"2,401",0,"74,292",0,"26,167",0,"17,260",10,"48,261",15,"231,881",15,"51,380",10,938,10,938,10,75,20,"128,546",15,"77,676",0,774,20,"52,676",10,"32,345",15,"-34,925",20,"-2,580",25,"27,798",0,755,0,"28,000",10,"16,482",0,0,10,"3,284",190,"62,300",35,"15,791",0,238,13,"1,878,966",30,"4,438,818",40,"6,317,784",40,"5,364,850",14,"166,165",31,"771,423",40,"937,588"
VIC,3522,155,75,155,"5,135,580",115,"774,948",85,"63,209",0,902,90,"734,406",0,"4,974",105,"4,127,738",25,"64,695",0,0,0,0,15,"103,933",10,"123,752",0,"7,760",0,0,85,"248,654",15,"2,495",35,"101,517",35,"43,500",155,"5,443,928",30,"60,490",15,"21,958",70,"19,166",0,"12,266",65,"55,989",0,601,10,"7,400",0,"3,837",55,"7,327",65,"14,101",115,"286,477",0,201,0,"111,428",10,"57,136",30,"-66,649",30,"-3,742",0,"1,162",0,"40,680",0,"44,979",10,"50,091",0,"28,235",10,"63,031",0,"144,510",0,27,0,27,0,4,20,"239,182",15,"125,253",0,645,20,"43,419",15,"72,254",0,"-2,389",20,"69,865",15,"29,187",0,"74,011",0,"16,635",10,"66,707",0,57,0,"9,114",85,"28,123",20,"8,215",0,"26,550",9,"142,231",19,"790,048",25,"932,279",25,"604,714",9,"-52,608",20,"358,932",30,"306,324"
VIC,3523,"1,540",525,"1,530","58,242,127","1,095","9,679,930",875,"709,896",35,"48,045",940,"9,556,859",25,"93,039","1,075","45,062,007",300,"823,874",20,"228,321",35,"570,282",155,"864,595",150,"1,479,855",25,"203,362",25,"554,973",815,"1,591,717",160,"42,025",370,"1,762,252",370,"754,963","1,530","61,304,509",400,"1,028,075",110,"175,863",785,"211,875",45,"73,595",705,"716,577",20,"8,795",35,"41,230",15,"53,851",470,"102,190",745,"195,793","1,160","2,965,597",20,"36,839",75,"1,193,180",95,"520,913",100,"-201,444",210,"3,472,201",45,"227,384",10,"133,725",15,"202,099",30,"251,709",60,"766,155",80,"2,011,027",105,"999,033",50,"243,387",45,"22,462",40,"50,155",190,"2,349,488",155,"1,373,607",60,"129,223",195,"975,047",90,"569,854",110,"-698,243",195,"-128,389",90,"73,423",20,"93,812",20,"212,657",50,"143,655",20,"8,885",50,"35,894",790,"260,649",160,"70,931",50,"225,766",28,"1,066,446",145,"8,678,328",170,"9,744,774",175,"7,795,036",34,"-352,208",148,"2,120,286",175,"1,768,078"
VIC,3525,775,440,760,"26,276,452",550,"3,888,040",425,"320,529",0,"2,153",455,"3,610,979",15,"37,148",485,"17,197,807",145,"225,283",10,"28,237",0,"16,326",65,"402,390",70,"700,093",10,"70,065",15,"222,237",510,"1,186,330",255,"61,841",320,"1,062,946",320,"456,118",770,"28,122,103",140,"263,492",45,"32,680",340,"80,730",10,"15,148",290,"260,088",10,"1,845",30,"16,585",20,"9,387",200,"77,948",290,"79,175",540,"1,406,155",0,"11,223",30,"436,221",65,"455,188",145,"3,795,760",210,"1,886,945",100,"83,584",0,"26,854",10,"95,449",10,"113,267",85,"261,088",115,"883,503",110,"969,533",75,"16,833",75,"7,713",70,976,70,"716,984",55,"287,905",15,"17,483",70,"333,958",25,"235,360",45,"-157,722",70,"77,638",45,"22,553",10,"26,725",35,"504,309",25,"64,768",0,733,20,"7,635",410,"133,417",95,"40,336",10,"5,381",26,"3,204,032",46,"2,373,623",65,"5,577,655",65,"4,451,657",27,"356,900",47,"649,779",65,"1,006,679"
VIC,3527,445,225,425,"15,355,776",295,"2,426,856",255,"196,932",0,"5,367",265,"2,256,932",10,"27,145",275,"10,310,469",115,"309,564",0,0,0,"17,664",25,"140,053",40,"383,627",0,"64,442",0,"7,022",290,"609,406",125,"30,812",170,"308,085",170,"132,538",445,"17,044,218",75,"162,980",25,"119,749",195,"43,486",10,"27,477",160,"235,930",0,0,15,"12,231",0,628,115,"34,873",145,"50,210",305,"1,023,509",0,"4,767",25,"327,077",35,"193,468",115,"2,671,387",130,"977,299",35,"21,667",0,"21,605",0,"12,149",0,"59,293",45,"145,728",70,"701,678",70,"406,735",55,"30,717",50,"6,890",40,"1,317",45,"394,968",30,"171,536",0,"1,741",45,"246,063",25,"91,558",20,"-115,930",45,"-24,372",35,"92,711",0,"17,085",15,"296,576",20,"39,369",0,338,10,"4,347",215,"71,024",50,"18,576",0,"2,817",33,"5,318,108",38,"3,682,389",65,"9,000,497",65,"7,216,803",33,"1,028,779",38,"708,867",65,"1,737,646"
VIC,3529,95,70,90,"3,879,412",60,"748,503",50,"51,751",0,"1,486",50,"591,354",0,"6,850",45,"1,554,893",15,"26,957",0,687,0,0,10,"65,052",10,"68,873",0,0,0,"15,567",65,"192,560",25,"5,910",35,"84,243",35,"36,089",95,"4,359,705",15,"58,833",0,"8,495",35,"11,484",0,0,25,"29,584",0,0,0,"59,779",0,240,20,"5,725",20,"4,580",65,"314,712",0,0,0,"50,363",0,"17,048",35,"2,048,628",30,"209,768",10,"1,538",0,0,0,0,0,0,10,"15,703",15,"43,757",25,"173,331",10,359,10,359,10,55,10,"151,629",0,"43,715",0,500,10,"44,310",10,"64,082",0,-978,10,"63,104",15,"11,096",0,16,0,"125,000",10,"10,992",0,0,0,"1,258",30,"10,591",0,"2,000",0,44,9,"1,636,489",6,"570,747",15,"2,207,236",10,"1,927,841",9,"233,618",6,"45,777",15,"279,395"
VIC,3530,75,50,75,"3,438,093",55,"633,592",45,"45,227",0,0,50,"535,323",0,"31,249",45,"1,550,128",15,"27,007",0,0,0,0,10,"42,800",0,"28,500",0,0,0,0,55,"146,547",20,"3,921",30,"45,780",30,"19,601",75,"3,718,747",10,"15,479",0,"22,491",30,"5,631",0,904,20,"13,058",0,425,0,0,0,0,10,"2,986",25,"8,720",55,"275,546",0,0,0,"38,049",0,"36,596",30,"2,051,738",35,"179,534",15,"2,936",0,0,0,0,0,0,15,"37,966",20,"113,677",15,"138,709",15,978,15,978,15,144,0,"50,983",0,"37,539",0,0,0,"18,261",0,"7,006",0,"-11,823",0,"-4,817",10,"2,635",0,"38,257",10,"200,000",0,"5,852",0,0,0,0,35,"8,766",10,"4,075",0,"2,181",6,"1,246,419",5,"311,800",10,"1,558,219",10,"1,230,724",6,"324,820",5,"2,675",10,"327,495"
VIC,3531,130,80,125,"5,629,156",105,"996,455",80,"73,750",0,"2,109",85,"887,718",0,"9,457",80,"2,620,153",25,"133,174",0,0,0,0,10,"51,238",10,"102,606",0,0,0,0,90,"328,095",35,"7,955",55,"179,042",55,"76,716",130,"6,300,941",20,"49,882",0,"2,496",50,"13,923",0,"3,169",45,"52,340",0,"1,345",0,271,0,0,40,"18,478",35,"7,836",85,"430,441",0,0,0,"50,998",10,"136,555",45,"2,494,439",60,"220,187",30,"20,912",0,0,0,0,0,0,25,"212,262",30,"476,899",25,"50,471",30,"8,534",30,"8,534",30,"1,199",0,"100,624",0,"38,423",0,"3,199",0,"27,009",0,"38,108",0,"-6,115",0,"31,993",10,"1,899",0,"16,568",10,"271,078",0,"9,623",0,0,0,"1,431",65,"19,636",15,"4,322",0,0,10,"1,188,119",7,"289,984",15,"1,478,103",15,"1,167,855",10,"203,733",7,"106,515",15,"310,248"
VIC,3533,430,185,425,"19,003,548",330,"3,529,660",275,"251,330",10,"9,533",295,"3,350,617",10,"25,535",290,"10,640,874",115,"537,353",0,"40,841",10,"61,868",50,"293,359",30,"290,525",0,"40,072",0,"17,716",245,"652,277",85,"19,821",140,"544,471",140,"233,333",430,"20,203,077",90,"193,121",30,"118,582",225,"54,875",0,"7,987",150,"126,511",0,"2,740",0,"6,490",0,"4,746",85,"27,470",185,"56,187",315,"951,670",0,"2,996",25,"361,671",30,"156,725",90,"4,921,789",115,"923,258",30,"6,928",0,"37,824",0,"6,919",0,"23,835",60,"831,209",60,"1,795,025",30,"227,367",45,"267,251",45,"36,134",45,"73,214",45,"462,079",30,"277,647",10,"17,652",40,"196,073",25,"110,767",20,"-137,599",45,"-26,832",25,"35,512",10,"5,176",20,"325,234",10,"27,727",0,"2,846",10,"3,197",230,"77,084",45,"19,939",10,"49,453",17,"2,167,646",23,"2,257,921",40,"4,425,567",40,"3,830,598",18,"120,074",23,"474,895",40,"594,969"
VIC,3537,620,335,605,"24,087,975",460,"3,986,441",390,"315,173",10,"12,359",405,"3,738,798",15,"43,727",410,"14,911,086",125,"155,621",0,"38,574",0,"23,685",40,"259,946",55,"502,969",15,"124,028",0,"79,544",425,"1,277,696",125,"70,221",230,"963,178",230,"413,023",615,"25,563,967",110,"230,578",30,"40,879",270,"64,369",15,"23,384",230,"183,688",0,"3,885",20,"5,131",20,"20,187",175,"53,293",225,"61,320",430,"1,190,967",15,"24,002",45,"728,929",45,"446,099",130,"5,180,033",175,"1,729,105",55,"30,166",0,"26,109",10,"77,909",0,"11,502",65,"270,233",75,"1,715,252",50,"416,573",65,"38,055",60,"34,373",60,"1,808",70,"707,758",50,"334,594",15,"36,441",65,"288,073",30,"226,505",40,"-177,855",70,"48,650",45,"17,202",0,"16,365",25,"451,672",25,"52,581",0,"1,568",20,"11,741",335,"109,066",80,"34,219",0,"4,424",21,"3,029,600",37,"1,711,053",55,"4,740,653",50,"3,585,049",22,"301,102",37,"806,539",55,"1,107,641"
VIC,3540,170,85,170,"9,470,843",135,"2,023,120",125,"131,181",0,"7,467",130,"1,742,764",0,"3,721",100,"3,534,507",30,"51,229",0,"2,136",0,54,20,"114,385",10,"97,221",0,0,0,0,115,"396,673",40,"29,671",65,"344,869",65,"147,787",170,"10,289,350",30,"100,404",10,"18,329",65,"15,089",0,"3,856",55,"44,256",0,467,0,"1,302",0,"1,670",45,"23,821",50,"17,801",135,"802,960",0,0,10,"170,767",10,"36,631",65,"6,605,391",65,"535,263",15,"4,390",0,0,0,0,0,0,35,"250,862",35,"815,215",20,"111,529",25,"1,513",25,"1,513",25,296,20,"240,051",15,"62,562",0,"3,737",20,"85,967",10,"113,942",10,"-26,157",20,"87,785",15,"2,669",0,792,25,"574,757",0,"1,208",0,0,0,"1,066",85,"25,716",20,"7,159",0,"2,371",9,"1,913,034",15,"878,882",20,"2,791,916",20,"2,306,378",9,"241,235",16,"218,645",20,"459,880"
VIC,3542,105,70,105,"4,166,922",85,"781,415",65,"56,895",0,0,70,"602,034",0,0,40,"1,260,845",10,"5,274",0,0,0,0,0,"13,537",15,"153,581",0,0,0,"24,781",70,"306,882",30,"5,144",45,"80,531",45,"34,520",105,"5,232,921",15,"28,489",0,"6,609",35,"7,941",0,"7,426",30,"23,832",0,200,0,24,0,0,20,"5,894",25,"4,885",60,"313,313",0,871,0,"63,721",0,"19,049",55,"3,301,479",50,"470,947",20,"6,517",0,0,0,"1,130",0,0,15,"30,408",20,"66,248",10,"40,724",10,269,10,269,10,36,0,"36,892",0,"8,276",0,0,0,"14,949",0,"14,635",0,-968,0,"13,667",0,256,0,119,15,"224,162",0,"3,851",0,"1,173",0,530,55,"17,633",10,"5,029",0,830,3,"139,010",4,"155,873",0,"294,883",0,"158,527",4,"169,576",4,"63,959",0,"233,535"
VIC,3544,135,70,130,"5,600,254",105,"1,025,995",75,"69,663",0,"2,551",80,"906,232",0,"6,669",70,"2,295,876",25,"23,642",0,0,0,"5,875",20,"99,363",15,"153,939",0,"13,758",0,0,85,"126,092",25,"10,885",45,"359,375",45,"153,835",135,"6,171,619",20,"50,349",0,"16,537",55,"14,948",0,"14,127",35,"26,408",0,"1,048",0,0,0,520,15,"7,609",45,"10,135",85,"327,311",0,"2,063",0,"88,171",0,"3,753",50,"2,508,994",55,"46,566",10,"20,188",0,0,0,0,0,"14,180",15,"53,325",20,"122,272",25,"208,590",10,448,10,448,10,70,10,"117,640",0,"38,818",0,0,10,"45,174",10,"46,133",0,"-12,485",10,"33,648",15,"43,472",0,0,10,"185,628",0,0,0,0,0,"5,144",60,"21,885",10,"3,309",0,147,11,"1,064,166",13,"772,952",20,"1,837,118",20,"1,303,435",12,"371,512",13,"177,993",25,"549,505"
VIC,3546,280,145,280,"10,146,399",215,"1,799,338",180,"143,524",0,"6,783",195,"1,694,193",0,"14,145",170,"6,322,374",65,"157,822",0,"16,043",0,"2,115",20,"118,156",10,"104,418",0,"16,531",0,"54,209",180,"447,505",60,"27,267",105,"252,912",105,"108,352",280,"11,206,234",50,"126,765",10,"56,077",125,"32,816",10,"23,836",95,"113,428",0,0,10,"4,951",10,"81,093",40,"8,143",120,"27,272",200,"978,896",0,"4,777",15,"257,391",15,"80,829",110,"2,239,629",105,"830,176",30,"15,676",0,0,0,0,0,0,45,"235,834",65,"1,158,027",40,"273,552",40,"6,567",40,"6,567",35,846,20,"431,080",15,"238,878",0,"2,375",20,"158,218",10,"61,285",10,"-29,676",20,"31,609",35,"66,000",15,"10,415",25,"493,150",10,"11,357",0,0,10,"8,166",160,"51,515",30,"12,215",0,"1,940",15,"3,310,465",12,"759,845",25,"4,070,310",25,"3,545,209",16,"456,492",12,"36,476",25,"492,968"
VIC,3549,"2,080",765,"2,065","80,275,576","1,565","13,596,741","1,300","1,035,709",10,"18,065","1,385","13,202,646",20,"71,172","1,560","53,791,925",270,"539,935",25,"305,187",10,"108,817",180,"1,110,185",115,"1,018,725",15,"124,384",0,"92,399","1,040","3,244,190",225,"79,677",415,"1,426,768",410,"611,375","2,075","85,588,887",410,"948,650",90,"219,405","1,135","329,436",60,"103,460",750,"668,911",0,"2,742",35,"42,881",15,"47,837",340,"98,332",925,"259,985","1,505","4,284,413",10,"14,346",100,"1,638,894",115,"899,208",360,"13,877,211",410,"5,891,953",105,"51,696",0,"94,040",15,"156,266",10,"32,752",70,"525,464",95,"1,528,063",120,"1,261,054",110,"389,675",100,"357,167",85,"49,942",185,"2,980,346",150,"1,263,837",50,"150,689",185,"1,335,595",65,"837,473",120,"-607,248",185,"230,225",135,"134,435",45,"80,416",75,"1,444,468",60,"113,927",10,"3,530",25,"10,479","1,245","414,421",210,"92,092",25,"112,962",18,"4,790,891",100,"9,318,747",115,"14,109,638",110,"11,942,304",21,"-112,071",100,"2,283,030",115,"2,170,959"
VIC,3550,"21,755","10,765","21,665","1,011,024,047","17,225","187,563,820","14,780","13,218,173",235,"328,396","15,495","189,979,929",840,"2,781,070","17,255","777,441,279","4,430","9,887,856",325,"3,833,290",305,"2,144,629","2,425","13,405,743","1,665","15,076,437",330,"4,296,529",405,"8,876,141","12,385","24,108,286","2,355","1,294,777","6,045","37,989,105","6,035","16,279,194","21,695","1,060,552,096","6,050","11,740,860","2,175","2,773,404","11,405","2,750,731",995,"1,490,583","11,635","10,568,532",270,"77,816",980,"1,592,000",645,"1,377,512","8,775","5,180,941","11,145","3,433,412","18,095","48,533,356",440,"1,023,183","2,145","39,366,127","2,275","16,908,551",180,"1,777,547","3,350","80,772,506","1,480","6,318,590",115,"2,103,898",25,"187,404",200,"1,830,510","1,050","10,705,997","1,515","31,292,623","1,905","22,744,100","1,275","2,354,351","1,200","590,497","1,165","562,394","2,895","43,028,477","2,320","23,614,299",915,"2,112,606","2,890","19,472,502","1,255","9,114,878","1,675","-11,285,808","2,930","-2,170,930","1,210","2,269,801",230,"714,745",335,"5,327,182",925,"2,165,886",95,"71,508",975,"586,824","12,030","3,905,033","1,730","735,305",465,"1,962,096",86,"4,165,733","1,523","134,199,817","1,595","137,477,489","1,520","98,539,353",101,"-504,707","1,539","38,915,474","1,625","37,914,061"
VIC,3551,"15,270","8,145","15,190","735,953,523","12,280","138,309,932","10,985","10,004,535",195,"250,495","11,340","141,488,797",465,"1,509,909","12,315","604,760,263","3,385","8,693,069",245,"2,615,520",240,"1,721,994",915,"4,434,782",755,"6,342,781",225,"2,497,473",225,"4,787,993","8,705","12,027,673","1,505","505,413","4,025","17,930,944","4,010","7,681,217","15,225","770,458,631","4,850","10,428,773","1,535","2,279,216","8,885","2,157,304",660,"1,005,924","8,765","8,069,881",255,"96,229",685,"597,153",340,"842,191","6,170","1,371,296","7,985","2,070,578","12,870","33,735,600",245,"494,291","1,530","26,659,892","1,680","10,928,679",405,"2,608,123","2,475","54,965,925",850,"3,378,007",60,"1,460,431",75,"1,540,429",210,"1,440,825",735,"7,765,002","1,000","18,650,578","1,330","13,487,137",730,"1,278,074",680,"172,759",640,"273,886","2,135","27,892,013","1,800","16,657,087",785,"1,719,872","2,160","12,735,546",775,"5,260,997","1,400","-8,481,459","2,175","-3,220,462",865,"1,047,696",175,"472,138",230,"3,302,592",880,"1,487,374",110,"78,499",820,"392,944","8,335","2,656,537","1,150","482,318",370,"1,578,155",123,"5,850,499","1,198","86,519,281","1,300","92,369,780","1,295","69,359,389",137,"-1,492,318","1,236","23,336,148","1,350","21,843,830"
VIC,3555,"9,945","4,145","9,900","410,357,068","7,915","65,911,866","6,785","5,310,876",70,"83,213","7,115","66,807,263",300,"876,906","8,000","342,681,311","2,060","3,476,841",155,"1,626,510",160,"836,743","1,015","5,328,218",815,"7,736,003",100,"1,046,893",180,"3,851,185","5,200","7,004,869",880,"314,591","2,285","8,376,230","2,285","3,591,613","9,905","427,524,985","2,775","5,098,497",885,"1,342,345","5,885","1,461,327",415,"551,562","5,455","4,429,329",150,"50,266",375,"108,045",190,"241,635","4,130","750,770","5,190","1,129,913","8,230","16,909,943",145,"292,409",775,"14,240,367",825,"4,690,898",65,"74,135","1,225","22,097,189",470,"538,997",45,"539,852",10,"84,950",95,"569,240",370,"2,628,744",515,"6,123,991",675,"5,586,871",450,"652,142",435,"124,775",420,"84,331","1,000","12,346,278",815,"6,987,128",310,"633,473","1,010","5,576,117",395,"2,337,615",625,"-3,188,055","1,020","-850,440",380,"451,167",110,"180,387",95,"1,203,864",370,"534,615",60,"41,605",400,"181,526","6,060","1,964,768",815,"349,625",210,"569,830",18,"667,490",716,"44,679,751",735,"45,347,241",715,"32,049,968",21,"-98,727",720,"12,928,810",740,"12,830,083"
VIC,3556,"6,045","2,090","6,020","241,392,761","4,870","36,972,082","4,120","3,078,142",50,"58,388","4,360","37,279,255",150,"417,386","4,995","207,292,196","1,340","2,795,294",100,"669,550",120,"710,992",745,"3,786,497",515,"4,969,496",40,"391,916",85,"1,613,642","2,940","3,802,096",475,"109,729","1,155","3,258,516","1,150","1,395,227","6,030","252,075,831","1,725","3,215,697",560,"1,080,265","3,720","942,556",250,"339,397","3,410","2,720,914",70,"17,563",230,"67,060",60,"73,804","2,365","435,631","3,305","658,476","5,105","10,473,621",70,"121,222",485,"8,680,873",485,"2,798,959",70,"393,861",590,"7,999,331",210,"244,899",40,"784,072",20,"260,740",65,"413,315",160,"1,324,079",215,"3,351,273",305,"2,353,700",205,"241,550",190,"55,253",175,"26,457",565,"6,954,130",455,"3,987,839",155,"311,068",565,"3,164,049",220,"1,250,034",350,"-1,758,860",570,"-508,826",250,"397,032",70,"219,731",55,"607,311",205,"312,358",40,"25,231",230,"109,843","3,775","1,262,085",570,"249,409",160,"360,721",28,"969,378",423,"26,292,939",450,"27,262,317",445,"18,529,972",34,"-440,063",433,"8,680,634",460,"8,240,571"
VIC,3557,390,210,380,"14,804,864",295,"2,493,367",245,"198,442",0,"1,950",260,"2,522,791",0,"8,912",290,"12,230,031",70,"109,427",0,"25,927",0,"41,493",20,"115,011",25,"227,089",0,"10,743",10,"195,861",205,"346,660",55,"18,050",115,"330,119",115,"141,134",385,"15,709,484",105,"223,127",35,"87,320",215,"52,634",10,"9,672",190,"174,342",0,558,0,988,0,426,135,"28,674",180,"35,648",315,"854,593",0,"3,697",15,"279,305",20,"99,172",50,"-22,948",85,"1,167,739",20,"50,167",0,"11,199",0,"173,744",0,"23,369",15,"29,357",25,"458,812",35,"271,602",10,355,10,355,15,96,55,"652,091",40,"293,123",10,"17,305",50,"243,806",25,"212,519",30,"-114,662",55,"97,857",30,"6,305",0,230,15,"220,611",10,"20,593",0,"1,463",20,"8,782",220,"72,219",45,"19,486",10,"5,495",24,"1,725,122",29,"1,403,716",50,"3,128,838",50,"2,616,016",26,"-21,779",30,"459,426",55,"437,647"
VIC,3558,485,255,480,"17,921,885",345,"2,984,352",285,"226,666",0,"5,496",300,"2,763,829",0,"18,287",280,"11,415,925",85,"183,968",0,"19,428",0,"72,138",40,"223,003",55,"422,048",0,"8,567",0,"98,428",310,"741,382",110,"42,949",215,"447,200",215,"191,595",485,"19,317,084",100,"234,732",30,"63,945",200,"50,793",15,"13,461",180,"129,672",0,460,10,"34,229",0,"9,644",140,"20,739",200,"55,991",335,"1,031,735",0,"1,445",25,"498,689",25,"135,134",105,"3,657,654",150,"1,086,181",55,"47,648",0,"30,862",0,"15,837",0,"25,701",35,"256,368",55,"574,290",65,"1,065,510",25,"3,083",25,"3,083",25,267,65,"734,730",40,"324,348",15,"23,776",65,"332,727",35,"214,211",30,"-160,332",70,"53,879",35,"16,644",0,"39,524",20,"395,419",15,"22,650",0,921,25,"22,255",245,"80,854",65,"24,936",10,"23,151",23,"3,581,663",41,"3,075,610",60,"6,657,273",55,"6,265,732",25,"370,442",41,"384,511",60,"754,953"
VIC,3559,300,170,295,"9,785,963",210,"1,521,445",170,"127,588",0,"3,007",180,"1,496,935",10,"39,992",175,"6,742,622",55,"127,723",0,"3,937",0,"2,151",30,"187,047",25,"245,815",0,"8,933",0,"29,089",185,"411,177",70,"36,365",100,"383,209",100,"164,274",300,"10,672,458",60,"139,016",10,"10,362",110,"31,427",10,"5,003",110,"82,985",0,492,0,"12,116",0,322,75,"22,085",110,"28,359",210,"525,146",0,477,15,"258,058",15,"79,573",85,"1,231,163",90,"954,639",25,"8,204",0,934,0,"121,695",0,"2,150",25,"114,101",35,"434,250",30,"250,707",20,"14,061",20,"14,061",15,576,35,"254,959",25,"141,052",0,"6,154",35,"126,904",15,"75,818",20,"-94,969",35,"-19,151",30,"5,694",0,"2,943",15,"162,331",10,"30,648",0,"1,173",10,"5,428",150,"50,373",30,"13,227",0,107,20,"2,615,337",20,"1,129,171",35,"3,744,508",35,"3,240,156",20,"-157,938",20,"581,368",35,"423,430"
VIC,3561,"2,380","1,040","2,340","96,442,845","1,775","16,870,565","1,475","1,264,859",35,"54,903","1,540","16,761,194",40,"115,060","1,605","69,377,231",540,"957,846",35,"283,649",45,"518,747",160,"839,369",185,"1,791,402",35,"452,656",15,"224,500","1,390","3,591,199",420,"462,365",805,"2,636,765",805,"1,130,106","2,370","102,370,911",540,"1,113,428",170,"463,174","1,230","346,105",90,"138,482","1,030","986,815",10,"4,738",55,"56,902",40,"178,584",755,"146,263","1,050","280,649","1,760","5,155,013",25,"51,381",150,"2,325,748",175,"1,071,110",435,"6,244,080",625,"10,171,787",190,"635,137",0,"504,467",30,"362,065",20,"105,091",125,"1,089,805",175,"6,875,087",180,"2,114,844",140,"100,143",135,"36,268",125,"7,438",280,"2,744,549",200,"1,425,947",35,"60,941",275,"1,364,244",130,"569,232",150,"-675,815",280,"-106,583",145,"84,905",20,"87,809",80,"1,177,866",120,"261,873",10,"5,260",75,"42,286","1,250","403,023",245,"105,095",50,"182,244",58,"5,704,306",149,"13,366,410",190,"19,070,716",190,"16,849,341",62,"31,828",149,"2,005,688",195,"2,037,516"
VIC,3562,155,75,155,"5,658,148",110,"856,719",100,"74,174",0,0,105,"878,383",0,"7,810",110,"4,541,928",25,"30,264",0,"6,847",0,"1,844",10,"73,689",0,"81,141",0,"87,122",0,"6,877",80,"75,565",20,"2,964",40,"290,579",40,"124,523",155,"5,947,658",35,"69,388",10,"20,151",80,"21,497",0,"2,622",65,"44,232",0,0,0,60,0,"4,684",35,"10,785",75,"21,825",115,"226,030",0,"2,547",10,"206,331",0,"58,162",15,"-37,765",20,"312,422",0,439,0,0,0,"150,459",0,0,0,"25,274",10,"109,495",0,"68,761",0,840,0,840,0,93,25,"200,016",25,"171,743",0,773,25,"85,555",0,"33,667",15,"-91,722",25,"-58,055",15,"12,925",0,"1,374",0,"6,152",15,"24,634",0,0,0,"1,192",85,"29,792",15,"6,179",0,46,7,"557,086",16,"836,825",20,"1,393,911",20,"1,160,080",7,"-136,249",16,"278,090",20,"141,841"
VIC,3563,420,175,420,"14,163,380",305,"2,171,695",240,"180,888",0,893,260,"2,100,956",0,"18,454",265,"10,315,211",85,"215,271",0,"30,104",0,"41,595",40,"206,703",40,"480,880",0,"39,283",0,"39,489",220,"621,860",85,"152,672",130,"272,268",130,"116,484",420,"15,186,465",90,"208,773",20,"97,819",195,"53,123",15,"34,217",165,"127,876",0,174,10,"1,381",0,948,120,"37,606",165,"48,860",300,"1,000,306",0,"5,891",20,"295,974",25,"190,929",90,"773,560",115,"1,258,713",35,"7,956",0,"242,800",0,"63,271",0,"1,865",25,"279,419",40,"2,769,826",30,"177,085",25,"1,526",25,"1,526",25,228,30,"292,419",20,"156,643",10,"62,507",30,"115,551",15,"53,666",15,"-95,948",30,"-42,282",25,"6,460",0,"2,746",15,"349,365",20,"40,164",0,"2,187",15,"5,229",240,"77,931",45,"18,427",10,"10,738",19,"1,479,922",29,"1,308,709",45,"2,788,631",45,"2,741,434",20,"-322,001",29,"403,816",50,"81,815"
VIC,3564,"9,100","3,500","9,025","389,279,765","7,165","67,289,060","6,190","5,139,998",100,"119,182","6,430","68,286,728",190,"625,678","7,085","308,730,705","2,335","4,469,616",125,"1,083,697",110,"663,332",750,"3,834,393",660,"6,364,037",125,"1,537,683",90,"1,729,934","4,855","8,236,286","1,095","713,947","2,210","12,968,778","2,210","5,559,267","9,070","411,801,518","2,435","5,477,187",760,"1,791,852","5,350","1,438,728",415,"726,156","4,615","4,404,219",50,"26,909",270,"589,140",170,"672,168","2,755","694,071","4,770","1,272,411","7,410","20,793,258",115,"255,823",670,"11,936,351",725,"5,271,285",390,"708,950","1,655","37,389,139",665,"2,427,531",30,"433,498",45,"755,921",85,"811,225",365,"2,393,032",545,"11,668,285",760,"10,101,039",510,"798,614",490,"187,622",460,"102,484","1,130","16,142,136",935,"9,545,632",270,"769,375","1,140","7,391,189",405,"3,233,774",745,"-4,797,834","1,145","-1,564,060",520,"436,734",95,"362,171",180,"2,402,095",650,"1,273,561",65,"47,282",340,"176,693","5,220","1,736,539",870,"373,741",170,"542,350",85,"5,165,625",697,"55,677,407",765,"60,812,006",760,"48,607,756",89,"-1,575,057",707,"13,382,140",780,"11,807,083"
VIC,3566,300,110,290,"9,587,744",205,"1,449,503",160,"121,793",0,0,180,"1,412,419",0,"13,726",175,"6,805,800",50,"127,925",0,"26,454",0,"46,140",20,"134,164",20,"214,337",0,"51,491",0,"80,086",160,"460,449",55,"185,157",70,"129,364",70,"55,424",300,"10,472,548",55,"135,261",20,"89,741",135,"35,449",10,"9,697",105,"95,885",0,0,0,"8,644",0,"26,073",65,"20,873",120,"27,941",200,"658,463",0,"3,535",10,"139,446",15,"111,551",75,"655,069",80,"792,958",10,"6,905",0,0,0,"4,888",0,"54,704",15,"38,332",15,"176,067",15,"57,351",10,"7,241",10,"1,371",10,302,35,"346,782",20,"122,844",0,"8,737",35,"155,411",15,"114,622",20,"-54,832",35,"59,790",30,"21,687",0,"104,964",10,"173,437",15,"35,462",0,0,15,"5,557",165,"54,408",30,"12,182",0,"10,163",10,"1,948,744",24,"1,505,644",35,"3,454,388",30,"3,018,886",11,"-100,579",24,"482,866",35,"382,287"
VIC,3567,390,195,380,"12,616,105",275,"2,025,906",225,"171,375",0,"7,813",235,"1,868,437",0,"11,780",235,"8,717,607",80,"77,599",0,"91,330",0,"223,988",25,"176,675",35,"327,756",0,"27,384",0,"21,053",225,"561,938",90,"161,287",95,"286,248",95,"122,455",385,"13,418,596",80,"154,938",20,"28,177",170,"47,775",15,"21,789",120,"100,019",0,192,20,"9,584",10,"13,120",90,"11,770",155,"38,476",270,"573,616",0,"6,022",25,"525,737",20,"134,451",125,"1,078,938",140,"944,225",45,"40,096",0,"49,689",10,"97,483",0,"5,906",25,"108,035",40,"548,032",55,"461,968",30,"4,908",30,"3,700",30,407,40,"409,858",30,"254,759",0,"1,912",40,"244,709",15,"56,040",25,"-147,562",40,"-91,522",40,"11,597",0,424,0,"46,401",25,"101,375",0,"1,352",0,"7,609",220,"74,542",55,"23,463",10,"50,672",21,"2,880,722",24,"773,466",40,"3,654,188",40,"3,452,479",22,"-250,431",24,"358,441",45,"108,010"
VIC,3568,"1,565",730,"1,545","59,946,663","1,195","10,036,169","1,020","790,875",0,"6,707","1,055","9,948,451",25,"86,043","1,070","43,190,038",335,"625,588",25,"313,056",20,"138,211",110,"584,181",115,"996,678",20,"204,826",15,"279,047",990,"2,941,797",365,"535,113",480,"1,854,192",480,"794,363","1,560","64,008,443",330,"658,555",110,"338,255",855,"219,766",50,"91,451",610,"445,673",10,"5,350",25,"21,048",40,"68,306",410,"67,703",660,"268,961","1,205","3,352,641",20,"36,911",130,"2,243,437",125,"993,592",260,"746,778",450,"7,091,525",120,"233,614",0,"94,708",10,"156,205",15,"47,473",95,"858,374",135,"4,394,058",130,"2,398,732",95,"70,004",95,"62,876",75,"3,946",175,"1,728,848",100,"815,439",30,"72,711",170,"861,241",90,"450,395",80,"-470,938",175,"-20,543",115,"39,372",30,"75,088",70,"1,001,745",80,"163,914",10,"5,266",50,"23,369",920,"311,115",190,"80,724",30,"126,521",31,"2,877,496",102,"22,734,362",125,"25,615,081",125,"23,797,336",32,"151,679",104,"1,673,522",130,"1,825,201"
VIC,3570,370,165,365,"14,650,189",300,"2,366,309",240,"191,932",0,953,255,"2,332,903",0,"19,280",255,"10,509,360",80,"175,302",0,"42,593",0,"91,970",25,"108,071",20,"210,385",0,"19,737",0,"16,401",200,"506,691",45,"14,384",105,"392,563",105,"167,927",365,"15,613,216",80,"151,244",30,"111,618",185,"48,354",10,"6,856",165,"118,457",0,583,20,"3,503",15,"16,080",110,"16,710",185,"42,640",295,"912,907",0,"1,357",25,"406,114",25,"121,974",75,"2,135,683",85,"713,022",35,"23,924",0,"104,739",10,"371,795",0,"28,768",30,"145,084",35,"583,900",30,"151,987",25,"56,473",25,"1,739",25,"11,316",50,"469,613",35,"227,635",10,"10,865",45,"179,968",25,"125,902",25,"-74,757",50,"51,145",25,"68,355",0,0,15,"376,291",15,"20,571",0,338,20,"10,190",215,"69,886",50,"21,503",10,"16,534",7,"493,612",28,"2,136,641",35,"2,630,253",35,"2,400,159",7,"-435,049",28,"533,763",35,"98,714"
VIC,3571,185,115,180,"5,446,763",115,"936,590",95,"73,493",0,"4,102",100,"875,164",0,"2,086",90,"3,138,653",30,"95,526",0,"13,763",0,"2,028",10,"60,467",25,"248,407",0,0,0,0,125,"463,875",55,"79,422",75,"207,591",75,"88,236",185,"6,084,705",20,"42,395",0,"36,574",60,"14,487",0,0,45,"36,039",0,76,0,485,0,0,35,"9,128",50,"9,198",110,"425,413",0,0,0,"142,433",0,"10,367",80,"1,136,016",65,"179,805",20,"7,540",0,0,0,"6,923",0,0,20,"296,279",30,"1,401,663",20,"505,055",10,868,10,868,10,115,10,"351,474",0,"255,401",0,"2,718",10,"13,772",10,"79,583",0,0,10,"79,583",20,"28,293",0,36,15,"266,917",10,"10,114",0,"1,014",10,"4,423",90,"31,178",20,"8,137",0,"4,768",22,"2,302,428",13,"395,958",35,"2,698,386",30,"2,370,983",23,"120,335",14,"206,937",35,"327,272"
VIC,3572,170,95,160,"6,537,634",115,"1,346,503",85,"81,428",0,0,95,"1,157,725",0,0,110,"4,435,404",40,"178,548",0,"29,218",0,"177,910",15,"81,784",0,"54,209",0,0,0,0,85,"170,267",25,"21,735",45,"154,290",45,"66,112",165,"7,350,921",35,"114,069",15,"44,028",75,"21,882",10,"17,860",75,"146,611",0,0,0,116,0,"78,879",40,"27,866",70,"21,847",125,"609,259",0,0,10,"162,088",0,"17,497",50,"821,476",50,"294,233",25,"8,262",0,0,0,"28,134",0,0,10,"77,165",15,"570,901",0,"40,738",15,"501,595",15,"6,990",10,"80,753",0,"90,509",0,"17,068",0,0,0,"47,475",0,"32,496",0,"-6,530",0,"25,966",20,"71,796",0,0,0,"128,452",0,"7,649",0,0,0,"2,597",80,"28,687",10,"4,239",0,"95,331",14,"614,015",12,"1,262,052",20,"1,876,067",20,"1,729,455",15,"34,429",12,"96,248",20,"130,677"
VIC,3573,210,110,205,"6,856,788",140,"1,045,114",115,"83,471",0,"1,561",125,"977,913",0,"3,100",110,"3,789,127",25,"81,225",0,"4,712",0,"9,214",15,"81,292",20,"237,209",0,"58,917",0,"38,261",145,"549,104",55,"67,601",80,"211,212",80,"90,505",210,"7,445,423",25,"55,851",10,"39,205",75,"16,909",0,0,60,"39,213",0,32,0,60,0,"72,872",40,"8,755",60,"27,023",125,"431,106",0,"5,498",10,"159,343",10,"77,908",85,"1,143,603",85,"845,993",30,"15,925",0,0,0,"58,388",0,730,20,"94,373",30,"526,999",20,"126,974",15,"7,286",15,"2,928",15,"1,218",25,"365,558",15,"84,081",0,"4,731",20,"151,058",15,"158,785",10,"-33,097",25,"125,688",20,"2,821",0,17,10,"156,086",10,"15,100",0,0,0,"4,140",110,"35,454",25,"11,289",0,"1,693",15,"924,940",12,"1,223,269",25,"2,148,209",25,"1,960,176",15,"-84,935",12,"273,250",25,"188,315"
VIC,3575,430,180,420,"15,306,122",310,"2,416,242",245,"188,978",0,"1,001",270,"2,222,404",0,"15,950",275,"9,318,864",90,"118,443",0,"27,638",0,"58,556",50,"357,962",30,"304,389",0,"8,677",0,0,255,"819,852",80,"37,991",130,"331,550",130,"142,155",430,"16,579,862",70,"148,973",20,"38,540",195,"49,879",10,"13,815",155,"117,419",0,161,10,"16,292",10,"9,521",105,"18,731",155,"34,264",290,"692,362",0,"1,261",20,"322,303",25,"132,425",120,"2,960,936",140,"1,730,951",70,"198,288",0,"26,484",10,"138,703",0,"6,042",30,"156,363",40,"359,041",40,"478,802",35,"6,465",35,"6,196",35,"1,069",35,"276,278",20,"132,350",0,"6,237",30,"91,046",20,"85,807",10,"-39,162",30,"46,645",25,"167,774",10,"2,957",15,"233,913",10,"10,763",0,"2,346",10,"14,125",235,"79,200",50,"21,957",0,"26,867",14,"1,775,495",26,"1,438,357",35,"3,213,852",35,"2,639,886",15,"141,883",24,"448,658",35,"590,541"
VIC,3579,"2,905","1,205","2,860","102,180,691","2,110","15,830,915","1,735","1,301,944",30,"47,966","1,830","15,282,452",45,"149,293","1,995","73,524,946",600,"1,171,937",35,"456,368",30,"214,252",240,"1,362,912",300,"3,088,961",30,"312,449",30,"403,691","1,845","3,929,207",625,"698,074",905,"2,852,968",900,"1,222,883","2,895","107,938,553",465,"971,022",135,"422,753","1,585","400,136",65,"113,024","1,030","744,739",25,"6,978",75,"166,328",40,"80,617",670,"258,124","1,120","308,257","2,150","4,785,694",30,"63,238",185,"3,080,488",220,"1,605,926",430,"3,686,641",740,"10,993,509",205,"180,129",0,"94,452",20,"678,955",30,"90,355",185,"982,256",285,"6,811,296",285,"3,302,442",175,"412,094",170,"378,268",145,"137,152",315,"2,986,641",190,"1,249,982",70,"127,667",305,"1,434,792",175,"739,821",140,"-565,621",315,"174,200",165,"84,690",35,"51,736",75,"1,104,971",90,"207,636",15,"9,196",75,"41,736","1,630","548,626",320,"137,234",45,"250,084",102,"8,208,152",185,"12,110,350",275,"20,318,502",275,"18,566,078",108,"-1,492,662",187,"2,673,719",280,"1,181,057"
VIC,3580,540,175,530,"18,250,112",390,"2,615,115",315,"226,330",10,"15,453",335,"2,631,876",0,"27,399",410,"15,501,620",125,"169,982",0,"9,644",10,"39,950",50,"266,172",50,"598,881",0,"66,656",0,"39,273",285,"463,971",85,"80,543",125,"186,765",125,"80,175",535,"19,136,646",145,"269,166",35,"75,413",335,"89,916",15,"40,489",215,"151,655",0,394,10,"3,240",0,"22,942",135,"24,686",250,"57,618",415,"866,087",0,"9,445",25,"468,943",30,"199,942",50,"-192,781",115,"1,042,159",35,"61,797",0,"105,876",0,"58,011",15,"116,730",20,"116,411",30,"324,393",30,"377,660",35,"7,887",35,"7,887",30,938,50,"497,987",40,"268,052",15,"24,226",50,"286,903",20,"56,016",35,"-137,210",50,"-81,194",20,"7,840",10,"18,988",10,"69,914",30,"60,654",10,"4,386",15,"14,541",310,"104,798",65,"27,727",0,"2,285",10,"570,933",40,"2,535,342",50,"3,106,275",50,"2,628,380",10,"-134,235",42,"548,045",50,"413,810"
VIC,3581,115,55,110,"3,531,494",65,"547,960",55,"44,527",0,0,60,"562,889",0,"3,611",65,"2,680,604",20,"11,131",0,0,0,"1,005",0,"21,237",15,"139,605",0,0,0,"19,901",75,"132,132",30,"4,301",40,"59,111",40,"25,327",115,"3,756,718",15,"30,159",0,104,55,"15,478",0,"4,658",35,"23,600",0,0,0,305,0,"4,408",15,"2,013",40,"9,431",80,"186,287",0,0,0,"162,057",0,"11,223",30,"-429,270",45,"795,031",10,"26,051",0,0,0,"53,471",0,"3,981",0,"5,125",10,"15,131",15,"36,366",0,443,0,443,0,92,15,"213,677",0,"42,904",0,"2,041",10,"89,754",10,"95,356",0,"-16,378",10,"78,978",10,961,0,0,0,"81,259",0,"14,872",0,"1,173",0,"2,248",50,"17,339",10,"3,150",0,0,4,"304,996",7,"429,073",10,"734,069",10,"560,299",5,"-25,826",7,"179,470",10,"153,644"
VIC,3583,100,25,95,"2,923,820",65,"400,908",50,"33,911",0,0,60,"402,589",0,0,60,"2,334,209",20,"25,070",0,0,0,"4,913",10,"38,267",0,"32,637",0,0,0,"33,822",50,"44,890",10,"1,422",20,"54,682",20,"23,432",95,"3,143,092",15,"73,434",10,"2,912",50,"13,809",0,"4,490",30,"17,079",0,13,0,0,0,"8,043",15,"3,671",30,"6,786",65,"202,349",0,"1,794",0,"55,271",0,"26,118",25,"79,776",25,"233,214",0,"10,787",0,"3,518",0,"82,610",0,"40,079",0,205,0,"19,591",0,"33,095",0,60,0,60,0,0,10,"139,035",0,"80,485",0,689,10,"59,369",0,"27,430",0,"-28,938",10,"-1,508",0,"5,328",0,"8,229",0,"66,147",0,"5,965",0,0,0,"2,271",50,"18,931",0,"1,458",0,987,4,"523,093",4,"550,998",10,"1,074,091",10,"1,036,635",5,"-16,135",4,"44,549",10,"28,414"
VIC,3584,545,205,540,"20,347,194",410,"3,174,376",335,"258,951",10,"9,054",355,"3,147,514",0,"10,236",385,"15,286,086",100,"142,861",0,"64,011",0,"96,940",50,"243,741",50,"450,700",10,"68,231",0,"203,356",260,"433,229",80,"14,804",140,"394,505",140,"168,951",540,"21,450,733",105,"242,719",35,"62,336",295,"79,472",25,"38,122",205,"160,238",10,"3,344",10,"13,352",0,"1,996",145,"26,914",240,"73,814",410,"1,068,989",0,"6,332",40,"751,344",35,"263,163",80,"591,570",120,"1,985,313",25,"13,832",0,"39,739",10,"66,595",0,"18,247",15,"62,765",20,"141,551",40,"175,542",25,"18,356",25,"1,637",20,123,70,"745,505",50,"305,388",15,"23,311",65,"379,203",40,"193,110",30,"-155,507",70,"37,603",30,"77,769",10,"7,867",15,"346,250",10,"20,432",0,"4,738",15,"3,517",320,"109,497",60,"24,808",0,"35,297",13,"2,087,244",30,"2,598,552",45,"4,685,796",40,"4,011,209",12,"129,150",30,"536,890",40,"666,040"
VIC,3585,"6,855","2,830","6,785","300,487,815","5,475","52,947,581","4,670","3,934,191",75,"108,555","4,900","53,214,024",175,"542,890","5,280","215,088,686","1,340","2,861,253",45,"532,251",40,"220,273",505,"2,750,888",460,"4,544,962",75,"1,026,312",60,"781,329","3,715","8,883,238","1,040","382,681","1,820","9,455,026","1,815","4,051,952","6,825","317,957,069","1,665","3,642,799",520,"1,081,001","4,210","1,098,609",325,"658,244","3,115","2,847,115",125,"30,222",130,"195,116",130,"445,652","1,615","521,687","3,095","777,198","5,475","16,268,948",75,"158,185",525,"8,837,704",635,"5,164,818",550,"10,971,236","1,555","40,737,770",545,"1,817,104",15,"184,746",30,"429,712",45,"180,757",395,"4,603,462",595,"21,826,161",570,"6,876,441",440,"94,479",435,"82,697",360,"13,500",820,"10,012,101",595,"4,599,203",200,"436,478",815,"4,847,238",390,"2,551,204",435,"-2,422,022",825,"129,182",425,"285,674",85,"317,582",245,"4,320,281",315,"544,855",35,"29,456",205,"111,774","4,030","1,324,651",600,"256,360",70,"462,916",112,"10,832,592",405,"34,695,324",505,"45,517,202",490,"35,549,077",118,"399,877",402,"9,070,691",505,"9,476,010"
VIC,3586,215,95,210,"8,173,537",165,"1,403,703",140,"109,003",0,"7,244",150,"1,398,266",0,"13,020",145,"6,168,176",40,"55,911",0,0,0,"6,611",15,"69,879",10,"105,279",0,0,0,0,115,"183,295",35,"36,425",45,"73,775",45,"31,606",215,"8,607,258",55,"103,729",15,"40,705",115,"29,675",0,"4,645",90,"95,587",0,363,0,533,0,"12,744",45,"7,989",85,"24,895",155,"390,121",0,0,20,"382,686",15,"139,049",45,"-273,460",80,"1,487,387",30,"99,184",0,0,0,"101,687",0,"8,440",20,"217,137",30,"468,656",25,"438,520",20,"2,440",20,"1,114",15,142,35,"268,274",25,"191,594",10,"11,963",35,"108,788",15,"24,315",20,"-68,386",35,"-44,071",20,"5,426",0,"5,736",0,"58,473",0,"10,772",0,0,10,"3,127",115,"40,370",15,"4,870",0,463,7,"335,237",13,"857,449",20,"1,192,686",20,"937,297",8,"-66,339",15,"256,914",20,"190,575"
VIC,3588,180,40,180,"6,698,826",135,"1,008,738",120,"87,319",0,"4,074",125,"1,016,787",0,"12,432",145,"5,530,263",30,"44,729",0,0,0,0,20,"86,437",15,"123,077",0,"8,053",0,"45,714",85,"134,493",20,"1,463",45,"42,044",45,"18,140",180,"7,004,239",50,"88,524",10,"35,449",120,"31,806",10,"10,861",75,"47,882",0,0,0,"1,155",0,0,45,"8,308",90,"16,132",145,"295,096",0,"1,067",10,"155,071",10,"52,526",10,"153,532",15,"75,476",0,"1,506",0,0,0,0,0,0,0,"15,493",0,"32,330",0,"62,575",0,653,0,653,0,70,15,"120,541",10,"80,940",0,347,15,"69,122",0,"13,420",10,"-43,288",15,"-29,868",0,"88,178",0,0,0,"42,850",0,"12,129",0,338,0,"2,648",110,"38,928",25,"11,373",0,0,4,"355,562",19,"1,687,958",20,"2,043,520",20,"1,410,459",4,"138,337",19,"494,724",20,"633,061"
VIC,3589,185,65,185,"7,347,579",140,"1,310,756",120,"98,913",0,"3,310",130,"1,305,045",0,"11,389",115,"4,058,205",30,"95,282",0,"15,338",0,0,10,"77,013",10,"58,282",0,"65,781",0,0,110,"201,019",15,"2,061",50,"184,654",50,"79,126",185,"8,044,134",30,"71,657",10,"25,666",90,"24,124",10,"20,908",60,"59,976",0,658,0,12,0,0,30,"5,169",70,"15,385",130,"683,522",0,"9,867",10,"135,359",0,"44,533",60,"628,227",45,"1,944,939",15,"148,481",0,0,0,"166,095",0,"2,804",0,"35,247",0,"72,379",0,"60,001",0,150,0,150,0,10,15,"183,635",0,"49,483",0,0,15,"81,238",10,"71,487",0,"-18,573",15,"52,914",25,"2,321",0,723,20,"433,777",10,"26,190",0,0,0,457,110,"36,265",30,"12,886",0,"1,561",8,"864,077",6,"280,785",15,"1,144,862",15,"915,777",11,"11,448",6,"110,845",15,"122,293"
VIC,3590,215,95,210,"9,115,245",160,"1,701,197",130,"117,311",0,"8,816",140,"1,727,471",0,"9,304",145,"5,507,432",35,"40,843",0,"21,260",0,"10,000",15,"62,054",15,"155,340",0,"37,081",0,0,120,"473,099",25,"7,440",50,"293,116",50,"125,601",210,"9,652,957",40,"83,774",10,"3,976",110,"28,275",0,"6,259",85,"54,942",0,651,0,"3,327",0,"16,410",40,"15,121",80,"21,043",150,"486,942",0,"5,562",10,"138,274",15,"115,117",50,"2,613,478",60,"1,108,485",15,"38,826",0,"45,696",0,"77,424",0,0,10,"40,553",15,"1,495,776",20,"424,224",15,"7,460",15,"7,460",10,680,25,"197,154",20,"120,837",0,"2,500",25,"103,833",10,"19,206",15,"-49,222",25,"-30,016",10,"2,381",0,"2,717",15,"231,392",10,"21,772",0,395,0,"1,477",115,"37,838",20,"8,337",0,"4,691",8,"211,387",13,"800,508",15,"1,011,895",15,"874,919",8,"-36,997",13,"173,973",15,"136,976"
VIC,3591,100,45,100,"4,177,504",80,"668,898",75,"56,929",0,"1,152",75,"658,984",0,"9,841",80,"3,376,954",25,"22,088",0,0,0,0,0,"25,115",0,"15,931",0,"3,011",0,0,55,"100,777",20,"1,932",30,"19,319",30,"8,276",100,"4,423,874",20,"38,990",10,"5,969",65,"16,720",0,"6,422",45,"45,042",0,108,0,"5,903",0,"1,220",30,"4,951",35,"11,420",80,"235,212",0,452,10,"164,707",10,"115,787",35,"518,689",30,"181,900",10,"1,665",0,0,0,"5,331",0,0,0,"17,593",0,"29,681",10,"49,422",10,"1,158",10,"1,158",0,83,15,"114,021",15,"95,855",0,17,15,"42,519",0,"13,151",15,"-37,521",15,"-24,370",0,505,0,0,0,"86,296",10,"12,171",0,813,0,836,65,"21,183",10,"5,324",0,"5,795",4,"617,740",3,"21,982",0,"639,722",0,"542,280",4,"84,140",3,"9,448",0,"93,588"
VIC,3594,335,75,330,"11,333,513",225,"1,704,720",185,"142,145",0,"5,507",195,"1,731,422",0,"11,383",255,"9,271,149",65,"134,640",0,"5,882",0,"21,522",25,"123,609",30,"288,091",0,"11,196",0,"60,085",155,"304,390",35,"4,522",60,"262,798",60,"112,848",330,"11,908,780",70,"183,241",20,"55,688",180,"47,551",10,"9,694",135,"125,866",0,562,0,"19,029",0,"1,707",35,"5,039",140,"74,517",225,"564,924",0,"1,677",25,"373,951",30,"232,538",30,"111,418",45,"584,240",15,"10,000",0,"7,101",0,"59,380",0,0,0,"4,183",15,"47,705",25,"283,728",10,"8,379",10,"4,311",10,781,35,"282,190",25,"132,341",15,"20,868",35,"119,776",15,"74,456",20,"-65,251",35,"9,205",25,"14,992",0,0,0,"32,400",0,"9,215",0,"2,286",0,"1,504",175,"54,525",35,"14,003",0,"2,425",6,"256,202",23,"2,813,808",25,"3,070,010",25,"2,524,208",6,"54,404",22,"491,398",25,"545,802"
VIC,3595,305,85,300,"10,233,210",220,"1,407,176",180,"125,142",0,0,195,"1,360,009",0,"6,927",230,"7,902,342",60,"168,737",0,"37,967",0,"24,161",40,"190,506",30,"338,655",0,"27,221",0,"51,158",130,"188,667",40,"14,777",60,"157,790",60,"67,623",300,"10,943,378",65,"163,937",20,"138,518",185,"53,001",0,"2,804",125,"90,498",0,73,0,78,0,0,60,"10,513",120,"27,230",230,"686,589",0,"3,183",15,"260,815",15,"48,802",30,"1,336,621",35,"143,204",0,"3,253",0,"57,290",0,"28,302",0,0,15,"81,892",20,"215,492",20,"120,917",10,"1,116",10,"1,116",10,277,25,"193,895",20,"82,649",10,"6,394",25,"86,730",15,"48,886",10,"-30,764",25,"18,122",15,"3,416",0,"11,817",10,"190,700",10,"9,237",0,253,0,"2,312",180,"62,387",30,"14,155",0,"7,633",6,"934,423",22,"1,165,073",25,"2,099,496",25,"1,429,246",7,"391,671",23,"276,679",25,"668,350"
VIC,3596,75,40,75,"4,086,892",65,"913,184",50,"55,255",0,864,55,"862,805",0,"3,452",45,"1,851,178",10,"15,879",0,"2,840",0,"3,061",0,"20,841",0,"19,711",0,0,0,0,45,"182,991",15,"1,716",20,"17,727",20,"7,593",75,"4,358,316",10,"29,876",0,619,35,"9,634",0,605,30,"23,384",0,0,0,"38,136",0,0,10,"3,399",25,"3,822",60,"271,424",0,0,0,"103,828",0,"19,152",35,"1,642,252",35,"498,097",0,"9,126",0,0,0,"4,522",0,0,0,"35,746",0,"70,624",0,"5,234",0,447,0,447,0,42,10,"154,132",0,"25,556",0,"5,028",10,"49,703",10,"78,176",0,"-4,331",10,"73,845",0,385,0,0,0,"150,284",0,"11,665",0,0,0,"3,134",45,"13,172",10,"3,381",0,146,3,"406,633",2,"117,424",0,"524,057",0,"219,579",3,"249,960",2,"54,518",0,"304,478"
VIC,3597,240,105,240,"10,191,594",195,"1,823,309",175,"144,777",0,"2,307",180,"1,793,614",0,"14,185",175,"6,591,331",35,"56,520",0,"13,025",0,"3,049",10,"52,951",10,"128,257",0,"34,271",0,"4,441",135,"379,628",35,"7,817",55,"95,897",55,"41,082",240,"11,055,768",65,"194,763",15,"26,362",125,"33,224",0,"10,771",80,"76,562",0,0,0,"10,074",0,0,50,"25,435",115,"22,106",185,"814,215",0,"5,140",10,"178,229",0,"19,953",65,"1,887,054",70,"1,531,891",20,"64,045",0,"26,972",0,"16,323",0,0,30,"158,728",35,"4,040,033",20,"164,097",20,"3,523",20,"3,523",20,301,20,"238,594",15,"97,962",0,"7,710",20,"115,441",10,"72,332",10,"-54,851",20,"17,481",30,"4,216",0,59,20,"400,320",10,"14,598",0,397,0,"2,485",140,"46,110",20,"8,734",0,418,8,"399,749",16,"2,682,070",20,"3,081,819",20,"2,640,394",9,"39,119",16,"387,133",20,"426,252"
VIC,3599,70,25,70,"3,210,638",55,"597,113",50,"44,523",0,0,50,"596,268",0,"3,660",50,"1,815,529",10,"39,425",0,513,0,"9,528",0,"37,242",0,"32,936",0,"21,684",0,0,40,"154,598",10,"1,360",20,"236,064",20,"101,168",70,"3,627,820",20,"59,888",0,"12,538",35,"10,855",0,"2,833",25,"21,037",0,0,0,0,0,0,15,"2,702",35,"12,930",55,"347,783",0,"3,253",0,"4,760",0,472,25,"1,405,833",20,"501,449",0,955,0,0,0,"9,426",0,"4,292",0,"73,536",0,"311,467",0,"347,214",0,0,0,0,0,0,15,"190,471",10,"87,741",0,"8,077",15,"99,879",0,"39,004",15,"-44,230",15,"-5,226",0,"1,238",0,579,10,"225,000",0,0,0,0,0,979,45,"12,896",0,"2,813",0,0,0,0,3,"192,562",0,"192,562",0,"181,958",1,"-21,683",4,"32,287",0,"10,604"
VIC,3607,55,20,55,"2,111,087",40,"324,842",35,"25,604",0,0,35,"327,526",0,"2,172",40,"1,521,208",0,"6,398",0,"2,539",0,0,10,"58,671",0,"29,920",0,0,0,0,30,"198,392",10,"6,829",15,"208,851",15,"89,502",55,"2,284,710",15,"32,406",0,"14,293",30,"8,377",0,"2,970",20,"22,056",0,106,0,0,0,248,20,"5,417",30,"6,827",40,"117,660",0,0,0,"79,060",0,"4,352",0,"-23,953",10,"126,963",0,"30,607",0,0,0,0,0,"20,350",10,"5,639",10,"10,122",0,116,0,"1,128",0,"1,128",0,227,0,"99,251",0,"70,998",0,"8,996",0,"35,935",0,"27,616",0,"-44,294",0,"-16,678",0,172,0,"2,400",0,"24,000",0,960,0,0,0,0,30,"10,124",10,"4,259",0,0,2,"93,218",3,"7,597",0,"100,815",0,"116,158",2,"-17,228",3,"1,885",0,"-15,343"
VIC,3608,"1,245",570,"1,235","51,238,979",955,"8,777,902",800,"659,296",10,"16,438",840,"8,695,520",20,"76,398",890,"39,400,239",260,"901,035",10,"84,401",20,"277,131",80,"482,190",100,"945,434",20,"217,591",30,"610,739",720,"1,739,367",170,"55,890",325,"1,535,800",325,"658,277","1,240","53,850,210",310,"691,628",95,"193,786",680,"181,754",40,"67,058",585,"506,744",10,"2,750",25,"14,542",10,"12,415",510,"105,251",595,"175,670",965,"2,344,573",20,"39,381",60,"993,415",105,"584,380",115,"143,662",210,"3,347,200",65,"259,370",0,"108,233",10,"475,071",15,"95,301",50,"395,407",70,"3,560,959",115,"1,184,333",60,"396,079",50,"38,169",50,"85,221",190,"2,265,446",150,"1,138,519",55,"119,084",185,"1,008,162",75,"512,808",115,"-513,127",190,-319,70,"125,081",15,"4,885",20,"328,128",45,"63,651",0,"5,242",35,"37,860",700,"228,231",145,"60,136",30,"126,171",33,"2,177,714",92,"5,918,980",120,"8,057,099",120,"6,207,788",37,"-214,222",96,"1,878,029",125,"1,641,932"
VIC,3610,815,325,800,"28,356,964",615,"4,226,190",480,"348,980",0,"6,712",510,"4,133,713",20,"49,417",575,"22,094,111",155,"341,870",15,"49,845",20,"38,562",85,"433,895",60,"590,051",0,"45,130",15,"208,393",420,"644,263",100,"28,550",185,"759,380",185,"325,098",805,"30,057,787",215,"408,443",55,"162,115",435,"112,769",30,"44,483",400,"326,714",0,329,15,"19,293",15,"26,217",300,"54,470",430,"125,155",635,"1,511,290",10,"14,543",55,"1,011,270",50,"297,568",110,"-277,450",175,"2,496,151",60,"97,167",0,"18,772",10,"462,930",0,"90,344",40,"259,381",55,"1,324,802",55,"679,691",50,"231,862",40,"168,550",35,"18,293",105,"1,423,168",85,"892,375",20,"110,676",100,"556,635",35,"254,405",70,"-390,923",105,"-136,518",60,"110,367",15,"19,140",15,"181,635",30,"47,195",0,240,30,"21,975",465,"157,435",75,"32,736",15,"73,159",26,"3,458,615",63,"6,544,900",85,"10,003,515",80,"8,967,057",28,"192,023",64,"854,279",85,"1,046,302"
VIC,3612,805,235,795,"29,761,576",585,"4,596,802",485,"375,154",0,"6,991",515,"4,536,118",10,"34,380",595,"24,034,707",190,"414,066",20,"216,073",15,"92,886",75,"418,421",70,"740,491",15,"203,815",10,"229,784",405,"965,109",145,"41,599",190,"526,345",190,"225,460",800,"31,596,932",225,"494,479",70,"151,223",460,"144,554",50,"86,491",435,"400,306",15,"2,209",20,"4,251",15,"15,983",315,"56,183",450,"94,589",650,"1,757,307",10,"38,232",60,"995,189",55,"261,131",60,"1,557,405",130,"1,553,992",40,"162,510",0,"6,758",0,"47,316",10,"47,077",30,"108,049",45,"508,681",50,"1,092,788",35,"23,279",35,"4,188",30,340,75,"765,647",65,"447,532",20,"17,168",75,"453,476",30,"135,680",50,"-288,209",75,"-152,529",40,"67,141",10,218,15,"261,830",30,"42,919",0,"5,030",25,"14,212",455,"146,249",95,"39,694",20,"33,586",25,"1,959,074",51,"1,420,518",70,"3,379,592",70,"2,579,504",26,"318,271",51,"475,512",70,"793,783"
VIC,3614,550,235,550,"23,338,421",420,"4,157,245",375,"313,085",0,"10,098",385,"4,128,902",10,"42,248",435,"18,496,630",120,"371,991",20,"31,442",15,"53,096",45,"286,855",25,"261,484",10,"128,673",0,"70,086",320,"244,622",75,"24,454",140,"571,328",140,"244,816",550,"24,589,999",145,"315,235",40,"53,936",320,"76,455",20,"36,565",270,"248,572",0,971,10,"18,016",10,"10,359",215,"30,626",275,"66,544",445,"1,153,125",0,"17,138",30,"567,413",35,"319,807",55,"-483,238",105,"2,998,798",40,"192,762",0,"34,670",0,"95,591",0,"27,379",30,"235,262",35,"632,445",30,"246,151",20,"14,567",20,"14,567",15,"1,516",85,"740,896",75,"464,324",25,"32,937",90,"384,585",30,"122,373",60,"-263,323",90,"-140,950",35,"5,879",15,"86,142",15,"232,955",35,"62,891",0,"2,223",25,"10,079",305,"95,753",60,"24,252",15,"110,571",9,"1,282,869",39,"2,843,823",45,"4,126,692",45,"3,455,883",10,"-299,071",39,"941,424",45,"642,353"
VIC,3616,"2,940","1,320","2,905","120,983,790","2,235","20,895,305","1,910","1,593,038",15,"14,721","1,980","20,999,501",60,"192,136","2,210","98,284,158",600,"1,286,889",95,"477,656",95,"308,886",265,"1,460,999",235,"2,186,956",40,"707,460",30,"482,320","1,640","3,511,503",415,"206,922",840,"4,044,414",840,"1,734,101","2,930","127,532,424",825,"1,659,322",235,"380,872","1,725","465,614",130,"195,824","1,590","1,490,697",80,"17,507",80,"36,677",85,"242,665","1,345","385,053","1,525","369,004","2,360","6,085,685",45,"114,588",165,"2,731,292",265,"1,866,599",300,"1,898,935",550,"6,404,476",225,"685,963",0,"177,780",25,"658,103",45,"388,493",130,"1,330,032",200,"3,716,764",200,"4,001,081",170,"52,831",160,"40,322",140,"7,354",345,"4,603,237",260,"2,494,657",105,"265,474",340,"2,067,254",155,"1,199,610",190,"-1,423,758",345,"-224,148",110,"154,770",20,"114,912",40,"615,258",125,"221,986",10,"7,396",145,"76,076","1,625","525,422",265,"113,127",85,"245,287",68,"7,390,658",185,"17,700,462",245,"25,091,120",245,"23,054,723",71,"-742,525",195,"2,222,369",255,"1,479,844"
VIC,3617,95,55,90,"2,870,410",65,"437,223",55,"40,252",0,0,55,"447,107",0,"7,690",60,"2,458,473",15,"66,022",0,"17,282",0,770,10,"41,302",0,"27,327",0,0,0,0,60,"96,662",20,"2,560",35,"108,372",35,"46,432",95,"3,143,033",20,"46,725",0,"5,273",50,"12,117",0,"6,344",40,"32,386",0,607,0,257,0,167,35,"6,536",35,"8,380",70,"163,264",0,0,0,"53,186",0,"32,167",15,"55,666",30,"-5,893",10,"3,336",0,0,0,0,0,"5,203",0,"249,410",0,"500,452",0,"75,942",10,77,10,77,10,11,15,"114,558",10,"47,243",0,"9,706",15,"51,494",10,"34,796",0,"-28,681",15,"6,115",0,"1,661",0,0,0,"25,000",0,"16,067",0,0,0,"1,556",50,"17,062",10,"3,355",0,415,6,"499,694",5,"293,962",10,"793,656",10,"733,577",6,"-14,080",5,"-5,337",10,"-19,417"
VIC,3618,420,120,410,"13,751,923",295,"1,944,447",240,"169,763",0,370,255,"1,891,713",0,"12,936",315,"11,664,674",70,"86,350",15,"79,143",15,"71,458",40,"274,571",25,"253,283",0,"83,621",0,"63,140",195,"244,582",30,"12,966",55,"65,464",55,"28,050",420,"14,497,999",115,"219,363",30,"31,145",235,"66,884",15,"15,740",190,"154,602",10,587,0,"5,665",0,67,130,"17,384",170,"35,763",300,"603,695",0,"18,854",20,"350,924",25,"156,754",50,"562,269",65,"200,442",30,"27,796",0,0,0,"39,012",0,0,10,"118,050",15,"694,300",15,"258,636",10,210,10,210,10,50,40,"520,607",35,"308,354",15,"59,572",40,"252,147",15,"70,830",25,"-170,296",40,"-99,466",15,"26,347",0,"7,120",0,"32,400",10,"24,095",0,"2,675",15,"8,471",220,"77,770",30,"13,854",15,"33,681",12,"550,787",33,"2,076,215",45,"2,627,002",40,"2,088,408",12,"-24,333",31,"562,945",40,"538,612"
VIC,3620,"4,295","1,575","4,240","161,120,797","3,175","25,719,948","2,630","2,044,467",35,"35,625","2,770","25,813,879",75,"223,519","3,180","132,100,814",875,"1,462,755",95,"399,786",105,"366,195",390,"2,008,027",375,"3,634,150",50,"494,539",40,"516,491","2,470","4,372,692",620,"265,485","1,200","4,798,815","1,200","2,055,589","4,280","171,685,336","1,190","2,696,967",315,"751,226","2,535","736,314",180,"332,596","2,240","2,164,210",90,"17,092",130,"222,927",95,"168,222","1,525","426,134","2,000","567,444","3,370","9,677,033",40,"78,890",265,"4,404,428",315,"2,187,121",370,"2,143,199",805,"9,926,687",325,"559,544",10,"266,914",40,"680,598",40,"232,075",200,"1,582,407",290,"4,818,686",300,"3,351,503",245,"102,490",225,"52,157",220,"4,998",585,"6,920,450",455,"3,914,434",125,"295,140",575,"3,055,618",225,"1,590,856",360,"-1,935,598",585,"-344,742",180,"149,662",45,"88,076",85,"1,171,238",225,"418,491",10,"6,741",155,"109,292","2,410","789,108",365,"153,728",100,"246,012",70,"6,258,641",248,"21,368,035",310,"27,626,676",305,"22,764,652",78,"-177,438",250,"4,724,763",315,"4,547,325"
VIC,3621,"1,225",360,"1,210","42,814,175",880,"6,558,693",740,"551,291",10,"11,820",780,"6,475,001",15,"46,088",910,"37,674,952",270,"319,877",10,"26,722",20,"18,313",110,"588,511",95,"942,855",10,"148,025",10,"55,870",630,"1,128,377",155,"82,824",270,"716,159",270,"306,195","1,220","45,041,323",265,"556,650",60,"143,508",715,"211,644",60,"100,304",630,"519,357",10,"1,285",35,"21,633",15,"8,191",380,"91,823",570,"155,559",910,"2,066,281",10,"15,190",55,"978,560",65,"475,483",170,"-432,943",180,"1,361,893",50,"28,164",0,"65,324",20,"231,948",15,"183,283",45,"372,860",55,"1,230,571",60,"514,998",40,"90,746",35,"4,693",35,506,120,"1,066,235",95,"764,085",20,"65,999",110,"529,259",45,"161,101",75,"-454,209",115,"-293,108",50,"16,622",10,"21,112",10,"173,782",50,"82,545",10,"5,866",20,"9,348",690,"231,553",85,"33,881",15,"48,372",36,"4,080,529",74,"4,035,742",105,"8,116,271",105,"7,267,713",39,"-200,290",76,"932,534",110,"732,244"
VIC,3622,230,75,225,"8,766,912",160,"1,530,572",145,"120,113",0,"3,227",145,"1,532,397",0,"7,366",150,"6,989,989",55,"74,948",0,"2,286",0,"10,346",15,"106,450",15,"109,022",0,"17,396",0,"17,625",125,"136,634",40,"19,198",50,"428,358",50,"183,570",225,"9,340,427",45,"111,410",10,"37,675",105,"30,243",10,"14,306",105,"131,244",0,"1,239",0,"3,820",0,"5,224",55,"17,586",100,"58,975",155,"553,522",0,"1,762",10,"204,151",10,"55,162",50,"-53,837",45,"662,354",0,"11,306",0,0,0,"116,596",0,"18,662",0,"94,889",15,"1,745,994",20,"680,252",0,995,0,"1,011",0,88,25,"320,825",25,"264,572",0,"8,731",25,"94,393",10,"33,641",15,"-80,512",25,"-46,871",10,"170,116",0,"60,100",0,"128,925",0,"12,875",0,"2,741",0,"1,218",115,"36,728",20,"8,018",0,499,16,"1,441,974",14,"740,534",30,"2,182,508",25,"2,045,395",16,"20,329",14,"114,140",30,"134,469"
VIC,3623,530,205,520,"17,254,981",365,"2,533,441",305,"219,738",10,"10,411",310,"2,538,568",10,"23,888",365,"15,005,654",105,"205,362",15,"28,736",10,"7,315",40,"216,900",40,"499,383",10,"103,412",0,"23,824",280,"267,924",85,"20,489",135,"332,588",135,"142,409",530,"18,549,023",125,"296,101",35,"124,005",280,"80,620",25,"39,393",245,"228,080",10,"2,838",15,"1,629",0,"10,802",155,"25,851",230,"63,495",385,"1,099,023",0,"9,515",25,"452,209",35,"258,256",100,"129,488",135,"1,228,075",45,"16,918",0,"5,739",10,"138,205",10,"86,058",10,"10,022",25,"248,600",40,"529,043",40,"107,672",40,"5,145",40,"20,215",50,"492,847",40,"422,174",10,"28,299",50,"271,294",15,"39,652",35,"-268,572",50,"-228,920",30,"74,104",0,"6,097",15,"174,719",25,"51,490",0,"1,069",10,"3,454",285,"94,062",60,"25,469",10,"13,930",18,"1,477,811",40,"2,733,943",55,"4,211,754",55,"4,036,337",21,"-503,122",41,"542,166",60,"39,044"
VIC,3624,285,105,280,"8,813,305",195,"1,305,217",155,"112,121",0,0,170,"1,284,376",0,"17,945",190,"7,134,293",45,"66,333",10,"20,627",10,"28,286",30,"161,309",15,"139,729",0,"20,586",0,0,170,"295,298",50,"6,280",80,"141,337",80,"60,557",285,"9,316,041",55,"121,652",15,"9,859",150,"44,195",10,"15,707",125,"123,807",0,454,0,112,0,"7,990",80,"11,249",110,"24,134",210,"449,947",0,"2,021",10,"151,359",25,"206,970",70,"587,319",65,"334,791",20,"16,886",0,"124,936",0,"8,519",0,790,15,"28,232",20,"169,685",10,"104,248",20,"13,287",15,"3,300",20,"1,390",30,"292,174",25,"170,901",0,"1,010",30,"164,049",10,"26,047",20,"-69,833",30,"-43,786",20,"20,988",0,249,10,"70,175",10,"20,613",0,"3,336",10,"5,252",165,"56,117",35,"15,251",0,"2,170",15,"1,003,211",12,"418,175",25,"1,421,386",25,"1,096,989",15,"78,375",13,"207,101",25,"285,476"
VIC,3629,"4,830","1,475","4,795","187,443,661","3,760","29,373,696","3,100","2,371,592",30,"46,645","3,280","29,360,337",95,"282,350","3,930","158,367,204","1,030","2,322,517",200,"745,929",220,"536,219",550,"3,056,403",410,"3,955,336",55,"638,114",50,"924,414","2,380","3,181,543",535,"375,420","1,050","4,032,388","1,045","1,726,255","4,810","198,581,016","1,405","2,678,700",390,"861,032","3,090","850,490",265,"416,091","2,735","2,354,523",40,"7,132",130,"113,369",125,"371,421","2,010","326,147","2,600","617,987","3,990","9,926,421",60,"116,863",315,"6,264,604",330,"2,000,131",245,"876,893",640,"11,135,329",240,"802,837",10,"120,712",15,"28,790,658",25,"1,947,991",145,"1,093,691",200,"3,086,825",245,"5,394,074",170,"464,131",160,"180,117",140,"79,425",490,"6,013,527",390,"3,493,604",155,"301,687",485,"3,047,441",185,"1,137,622",305,"-1,966,827",490,"-829,205",210,"400,163",40,"29,204",60,"936,911",215,"384,984",10,"10,117",195,"91,168","2,940","964,826",435,"186,241",170,"315,205",38,"5,824,177",267,"22,541,187",305,"28,365,364",300,"28,120,210",40,"-29,252,581",272,"2,645,835",310,"-26,606,746"
VIC,3630,"16,385","5,510","16,280","681,560,900","12,870","113,910,376","10,780","8,686,046",145,"170,005","11,410","115,350,962",390,"1,220,562","13,385","557,268,203","3,175","9,209,881",660,"2,554,947",685,"1,844,215","1,960","10,988,295","1,270","11,870,510",185,"2,351,064",140,"1,926,131","8,210","13,438,495","1,635","731,277","3,485","16,904,976","3,470","7,243,609","16,305","721,241,137","4,940","10,527,972","1,325","2,318,189","10,120","2,792,572",905,"1,721,374","9,175","9,462,829",135,"40,030",505,"514,481",515,"825,389","6,495","3,565,853","9,115","2,375,980","13,365","38,696,081",185,"370,258","1,355","24,972,560","1,345","10,041,792",225,"-242,679","2,300","54,156,663",925,"3,838,300",40,"862,254",30,"743,418",115,"530,874",535,"3,983,631",790,"11,441,893","1,020","12,888,820",720,"754,276",680,"221,848",625,"144,361","1,900","25,783,737","1,525","15,277,892",665,"1,838,583","1,915","12,922,148",710,"4,977,074","1,210","-9,231,960","1,920","-4,254,886",755,"571,978",185,"507,508",220,"3,240,624",695,"1,266,953",60,"38,557",675,"344,329","9,775","3,230,436","1,375","583,796",525,"983,544",97,"6,446,542","1,132","87,521,484","1,210","94,082,876","1,190","70,675,823",105,"-1,142,792","1,149","24,509,408","1,235","23,091,063"
VIC,3631,"6,035","3,125","5,980","273,613,228","4,665","50,763,938","4,110","3,679,125",55,"84,213","4,235","51,939,516",160,"493,738","4,600","209,462,418","1,155","4,040,408",165,"809,700",180,"563,861",410,"2,333,127",305,"2,661,378",95,"1,606,144",40,"706,135","3,560","6,653,694",840,"317,298","1,755","10,654,093","1,750","4,565,518","6,010","289,965,173","1,690","4,115,628",480,"903,031","3,435","888,805",255,"424,642","3,155","3,191,177",75,"28,120",225,"403,665",225,"433,345","2,355","537,873","2,935","1,255,526","4,855","15,306,644",100,"246,138",510,"8,494,136",575,"4,866,726",470,"1,524,583","1,420","32,922,034",550,"2,475,669",20,"252,668",40,"991,712",55,"389,783",300,"2,251,562",440,"6,861,633",585,"8,721,465",390,"492,278",380,"137,470",345,"51,918","1,040","14,983,931",835,"9,246,005",430,"1,225,001","1,025","7,195,498",380,"2,705,423",665,"-5,387,996","1,045","-2,682,573",420,"434,248",110,"239,073",145,"2,243,883",370,"857,576",25,"16,245",280,"142,511","3,285","1,071,605",510,"212,480",145,"258,834",95,"8,583,878",419,"34,393,173",500,"42,839,147",490,"33,924,969",102,"-599,283",430,"9,152,378",515,"8,473,110"
VIC,3633,440,225,435,"16,988,262",330,"2,758,146",270,"220,386",0,"1,291",290,"2,766,776",0,"8,226",330,"13,643,648",80,"187,820",10,"58,580",10,"13,725",30,"137,983",30,"291,479",0,"2,561",0,"91,602",260,"539,827",80,"37,208",145,"433,792",145,"185,932",440,"19,085,305",110,"219,687",25,"40,415",260,"65,666",25,"47,403",235,"191,409",0,604,20,"5,659",15,"4,013",145,"46,436",200,"85,653",340,"996,078",0,167,40,"654,421",40,"277,983",65,"1,270,293",120,"2,069,523",35,"187,189",0,"1,165",0,"62,479",0,"23,145",25,"184,559",40,"507,330",50,"327,320",25,"8,810",25,"3,452",20,363,80,"1,009,147",60,"509,609",25,"41,687",80,"467,234",30,"289,492",50,"-298,875",80,"-9,383",35,"14,651",0,"3,296",20,"236,647",30,"50,780",0,0,15,"6,428",245,"80,087",35,"15,182",0,"2,554",13,"1,668,305",31,"1,586,645",40,"3,254,950",40,"3,415,861",15,"-463,192",33,"203,424",45,"-259,768"
VIC,3634,"1,145",500,"1,120","42,573,255",865,"6,809,828",750,"566,518",10,"20,855",780,"6,854,403",15,"42,347",850,"36,511,880",230,"602,998",40,"143,916",45,"126,384",75,"356,525",60,"622,022",15,"185,030",0,"102,148",600,"910,937",170,"95,291",300,"973,628",300,"417,192","1,135","45,321,513",295,"602,331",95,"200,767",660,"178,448",30,"59,284",575,"506,179",10,"4,355",40,"27,727",25,"38,804",390,"64,641",555,"137,829",900,"2,270,303",15,"27,913",85,"1,447,337",100,"663,330",225,"-254,674",260,"2,922,738",85,"142,696",0,"129,550",15,"213,551",15,"75,817",35,"248,130",65,"1,546,438",105,"1,335,215",55,"91,051",55,"79,185",45,"27,128",150,"1,645,435",125,"1,092,978",40,"65,017",150,"767,924",45,"257,444",105,"-537,928",150,"-280,484",80,"123,726",20,"21,610",25,"312,327",65,"129,523",10,"4,647",50,"21,365",690,"230,885",115,"45,667",30,"12,947",50,"3,971,261",85,"5,852,381",125,"9,823,642",130,"8,874,762",56,"-384,132",90,"1,239,001",135,"854,869"
VIC,3635,310,105,305,"10,491,038",230,"1,606,128",195,"136,894",0,"2,981",205,"1,593,574",0,"8,082",225,"9,252,066",75,"190,866",0,"66,130",10,"50,493",30,"145,381",15,"140,802",0,"3,957",0,"41,264",155,"200,160",45,"15,412",70,"201,681",70,"86,408",310,"11,225,230",90,"172,752",20,"78,955",185,"52,964",15,"31,847",155,"142,509",10,"1,050",0,"4,376",0,200,105,"20,609",155,"37,518",250,"618,712",0,"4,126",25,"356,025",20,"108,170",55,"-187,095",65,"743,821",25,"6,016",0,"-2,488",0,"18,133",0,"26,232",20,"107,954",20,"640,824",20,"55,193",10,"18,099",10,"1,068",0,"2,429",45,"471,940",40,"252,605",20,"41,617",45,"254,678",15,"82,450",30,"-159,410",45,"-76,960",20,"4,775",0,"1,248",0,"53,641",20,"22,291",0,"4,045",0,"1,944",190,"61,673",25,"11,207",10,"8,378",15,"1,974,991",32,"1,775,977",45,"3,750,968",45,"3,188,463",15,"190,155",34,"317,482",45,"507,637"
VIC,3636,"2,865","1,055","2,830","105,470,480","2,175","16,379,052","1,820","1,360,894",15,"16,323","1,925","16,406,749",40,"131,981","2,065","84,556,428",620,"1,263,624",40,"252,110",55,"160,950",250,"1,291,893",245,"2,350,107",35,"319,709",30,"494,861","1,540","3,061,574",410,"233,296",765,"2,781,907",760,"1,193,658","2,860","112,069,800",690,"1,413,873",220,"620,256","1,615","430,308",130,"250,171","1,330","1,197,353",65,"15,734",90,"69,998",50,"108,580","1,030","240,056","1,330","326,823","2,205","5,589,528",35,"53,418",190,"3,361,496",185,"1,347,515",350,"391,402",635,"8,536,940",210,"247,878",15,"406,711",30,"454,283",25,"240,463",150,"628,832",215,"3,675,487",245,"2,495,115",145,"94,493",135,"59,665",125,"4,732",345,"4,055,700",275,"2,403,200",105,"256,345",340,"2,161,105",115,"702,033",235,"-1,466,983",350,"-764,950",150,"115,279",40,"29,681",60,"678,641",125,"226,064",15,"11,184",105,"59,962","1,670","555,195",285,"120,684",60,"93,035",60,"6,069,072",210,"14,523,512",265,"20,568,350",265,"16,404,496",61,"-316,319",212,"3,933,529",265,"3,600,534"
VIC,3637,290,95,280,"8,039,335",190,"1,182,589",155,"105,843",0,"3,974",170,"1,169,032",10,"23,421",185,"7,007,053",55,"158,522",0,"3,332",0,"3,167",15,"58,643",15,"117,080",0,"89,057",0,"49,157",150,"263,242",45,"7,658",70,"168,551",70,"72,213",285,"8,927,456",70,"163,827",15,"26,537",145,"48,986",15,"16,518",115,"108,488",0,"3,552",0,"3,137",0,0,70,"13,144",100,"20,206",200,"510,278",0,"14,526",15,"244,182",10,"30,851",90,"-46,509",90,"431,420",30,"41,809",0,0,0,"63,760",0,"21,145",15,"57,292",20,"330,902",20,"342,535",15,538,15,535,15,87,25,"304,344",20,"178,153",0,"4,175",25,"163,323",10,"40,457",15,"-81,764",25,"-41,307",15,"2,671",0,"52,242",0,"31,392",15,"74,491",0,0,0,440,165,"54,387",20,"9,786",0,0,10,"1,190,564",16,"819,083",25,"2,009,647",25,"1,720,942",11,"11,882",17,"274,983",25,"286,865"
VIC,3638,"1,115",430,"1,100","40,878,440",800,"7,076,332",665,"538,165",0,"9,997",700,"7,127,373",20,"52,985",765,"31,862,713",215,"459,309",10,"51,778",20,"54,068",100,"515,567",85,"869,828",10,"83,886",15,"229,313",600,"1,186,075",180,"78,823",350,"2,479,284",350,"1,062,410","1,110","43,457,154",255,"538,425",80,"198,330",600,"172,737",50,"90,570",505,"475,631",10,927,40,"27,388",15,"10,932",355,"77,492",505,"128,107",835,"2,020,787",10,"15,574",85,"1,617,713",105,"788,973",160,"-404,326",255,"3,238,946",85,"145,139",10,"111,175",15,"599,222",0,"102,642",55,"305,636",75,"1,294,211",90,"859,049",50,"8,222",50,"8,222",45,"37,516",135,"1,211,246",95,"694,415",45,"113,733",135,"649,306",55,"265,099",80,"-511,307",135,"-246,208",80,"76,464",10,"3,231",25,"257,514",30,"39,999",0,"2,780",20,"9,581",630,"212,278",95,"38,887",15,"6,400",37,"3,381,912",90,"6,841,124",120,"10,223,036",120,"9,017,395",39,"-903,891",93,"1,653,919",125,"750,028"
VIC,3639,310,95,300,"10,133,106",215,"1,435,384",180,"126,273",0,"5,421",185,"1,420,250",0,"4,064",215,"8,093,868",60,"73,085",0,"67,319",0,"74,476",40,"238,011",20,"201,282",0,"56,155",0,"18,591",165,"254,417",40,"17,817",65,"365,055",65,"156,454",310,"10,895,916",65,"101,320",20,"52,898",160,"40,852",10,"22,970",125,"99,273",0,492,0,"1,713",0,"1,349",80,"10,362",125,"22,728",225,"544,068",0,"8,172",20,"353,391",15,"57,384",75,"733,043",60,"349,021",20,"21,128",0,0,0,0,0,"28,968",15,"48,391",15,"633,190",15,"65,891",15,"5,465",15,"5,465",15,540,10,"70,189",10,"43,767",0,"1,951",10,"44,609",0,"7,409",0,"-27,547",10,"-20,138",10,782,0,"7,468",15,"189,000",0,"1,111",0,452,0,"1,412",180,"62,999",35,"15,863",0,"17,729",10,"337,514",21,"1,589,410",30,"1,926,924",30,"1,484,766",10,"6,731",21,"438,427",30,"445,158"
VIC,3640,580,220,570,"20,661,316",380,"3,672,849",315,"264,541",10,"32,294",335,"3,680,988",0,"22,365",385,"15,095,421",100,"179,944",0,"160,855",10,"56,206",40,"223,897",35,"280,961",0,"4,733",0,"22,987",305,"406,063",70,"70,687",125,"1,671,570",125,"716,250",575,"21,785,512",125,"270,144",35,"79,462",285,"74,557",15,"19,954",230,"202,288",0,740,0,309,0,"33,840",155,"26,833",195,"47,802",395,"902,077",0,0,20,"293,279",30,"190,643",140,"545,854",150,"1,503,192",50,"52,506",0,0,10,"207,299",0,"28,836",15,"82,934",25,"554,638",50,"462,450",20,"11,006",20,"4,773",20,472,60,"635,193",45,"436,380",20,"60,024",55,"279,116",20,"79,212",35,"-219,539",60,"-140,327",35,"73,487",0,647,15,"100,619",25,"43,932",0,922,10,"3,224",300,"100,942",45,"20,104",10,"28,370",20,"1,639,699",41,"2,647,621",60,"4,287,320",60,"3,762,862",23,"-332,056",41,"855,036",60,"522,980"
VIC,3641,650,220,640,"24,075,935",465,"3,838,984",390,"307,338",0,"9,197",420,"3,789,773",0,"15,939",490,"20,301,227",170,"279,465",10,"156,120",20,"105,420",45,"228,795",35,"324,548",0,"77,490",0,"70,806",350,"503,143",85,"57,740",175,"752,895",175,"322,768",640,"25,275,140",165,"350,241",35,"53,627",370,"94,406",25,"51,739",300,"238,936",10,"3,753",15,"39,538",15,"24,624",195,"28,702",285,"74,899",500,"1,137,246",0,"10,969",25,"534,971",45,"321,376",120,"574,118",140,"1,022,542",60,"35,885",0,"25,516",10,"222,082",0,"12,725",40,"181,214",55,"1,300,377",40,"384,971",45,"38,540",40,"6,758",40,"2,198",60,"597,681",50,"323,713",30,"62,666",60,"383,162",25,"81,169",40,"-253,029",65,"-171,860",35,"45,055",10,"85,069",10,"118,063",30,"58,618",0,0,15,"5,642",345,"116,657",55,"23,493",15,"89,710",22,"2,008,257",19,"689,566",40,"2,697,823",45,"2,655,842",24,"-258,759",20,"214,890",45,"-43,869"
VIC,3644,"4,725","1,695","4,680","190,173,206","3,580","32,408,701","3,030","2,491,825",80,"92,189","3,195","32,543,364",60,"201,441","3,560","147,018,713","1,030","2,358,402",70,"861,528",95,"613,212",385,"2,115,619",335,"3,219,418",60,"772,830",35,"740,521","2,550","4,784,724",585,"241,964","1,270","6,153,436","1,270","2,637,140","4,700","200,956,370","1,125","2,502,695",295,"919,502","2,760","794,869",180,"293,959","2,170","1,989,619",85,"23,194",105,"108,582",70,"212,195","1,540","300,713","2,065","702,640","3,675","9,719,542",65,"147,366",205,"3,313,719",335,"2,605,572",360,"757,239",890,"19,666,795",250,"1,024,093",25,"648,628",25,"1,933,832",35,"322,950",165,"1,080,252",265,"6,609,976",375,"6,058,828",220,"327,691",210,"232,895",190,"18,675",565,"6,868,656",420,"3,700,128",200,"435,656",550,"3,323,637",250,"1,432,663",315,"-2,023,428",565,"-590,765",265,"186,857",75,"171,731",80,"1,307,443",220,"563,681",15,"7,299",160,"101,668","2,620","871,477",475,"205,396",90,"193,055",72,"10,373,085",269,"17,548,082",330,"28,026,607",315,"24,435,756",77,"-355,483",272,"3,743,733",335,"3,464,169"
VIC,3646,350,155,345,"13,276,715",255,"2,183,881",215,"172,198",0,"4,897",225,"2,100,099",10,"26,282",230,"9,798,641",70,"104,066",10,"15,239",10,"23,839",25,"141,784",25,"271,001",0,"21,011",0,"29,530",220,"416,725",55,"8,515",100,"188,810",100,"80,891",350,"14,003,842",85,"162,462",25,"60,423",160,"41,030",15,"15,316",170,"153,866",0,286,15,"3,549",0,"13,642",100,"17,616",145,"38,077",235,"630,493",0,"4,112",20,"342,850",30,"175,982",90,"1,439,659",90,"543,031",30,"15,720",0,160,0,"301,345",0,"31,335",15,"167,538",20,"544,987",30,"136,719",20,"24,080",20,718,15,201,35,"369,146",25,"150,807",15,"21,224",35,"177,711",15,"97,798",20,"-78,394",35,"19,404",25,"20,290",0,439,0,"106,480",0,"17,746",0,338,15,"9,950",185,"59,629",35,"13,841",10,"25,480",22,"5,944,341",29,"1,853,103",45,"7,797,444",45,"6,250,039",22,"1,212,598",29,"296,784",45,"1,509,382"
VIC,3649,260,85,255,"9,072,279",180,"1,435,389",145,"115,434",0,"2,166",155,"1,331,564",0,"9,934",170,"6,079,780",50,"166,658",0,"11,098",0,"22,036",25,"150,353",20,"212,022",0,"4,284",0,"50,034",135,"225,191",45,"31,758",60,"113,967",60,"48,820",260,"9,569,949",45,"99,021",15,"59,371",115,"36,000",0,"4,962",90,"77,220",0,740,0,185,0,"5,225",70,"12,562",95,"24,153",175,"422,377",0,"2,785",10,"172,875",15,"36,796",70,"2,302,540",60,"303,241",15,"13,008",0,0,0,"1,866",0,"4,043",10,"179,240",10,"356,691",30,"137,472",10,"7,665",0,"2,073",0,257,20,"169,981",10,"69,131",0,"11,509",20,"97,651",10,"49,880",10,"-58,190",20,"-8,310",20,"77,608",0,"1,575",0,"81,265",0,"21,673",0,0,0,"4,594",135,"44,087",25,"10,032",0,749,7,"548,569",14,"630,523",20,"1,179,092",20,"1,135,502",7,-565,14,"42,866",20,"42,301"
VIC,3658,"3,090","1,050","3,065","139,720,421","2,465","24,892,734","2,120","1,817,927",45,"51,212","2,230","25,426,180",60,"184,651","2,540","120,393,307",665,"1,970,398",50,"588,208",70,"1,153,880",260,"1,369,101",170,"1,600,350",25,"286,652",30,"656,044","1,430","2,154,557",215,"101,381",475,"3,254,793",475,"1,393,402","3,070","147,074,513",880,"2,173,049",330,"667,091","1,825","577,217",115,"203,482","1,895","1,867,503",30,"6,332",95,"151,299",35,"138,438","1,500","487,938","1,705","404,898","2,555","7,266,598",30,"54,086",175,"2,909,309",260,"1,509,301",60,"-643,719",280,"5,246,462",100,"380,180",30,"677,457",15,"336,965",65,"809,782",80,"878,323",100,"1,981,154",125,"1,596,667",90,"169,721",85,"81,628",80,"10,843",320,"3,597,688",275,"2,449,634",115,"243,146",320,"1,752,792",100,"600,741",230,"-1,448,625",330,"-847,884",150,"528,846",20,"71,601",25,"325,480",155,"239,424",20,"12,456",105,"42,791","1,775","562,546",260,"113,765",75,"278,960",40,"1,618,857",288,"20,521,785",320,"22,140,642",330,"17,523,620",49,"-793,547",289,"4,821,553",330,"4,028,006"
VIC,3659,370,175,370,"19,340,393",275,"4,283,256",245,"260,451",0,"7,560",255,"4,427,400",10,"40,426",290,"13,659,536",70,"189,030",0,"55,590",10,"75,610",30,"157,784",20,"220,863",0,"85,701",10,"183,878",200,"335,131",35,"21,231",85,"2,648,783",85,"1,135,160",370,"20,325,116",100,"208,686",25,"77,999",180,"45,252",15,"21,403",200,"154,965",10,"3,195",10,"10,525",0,"262,556",150,"29,892",180,"92,283",295,"966,317",0,"11,525",20,"391,692",45,"310,182",25,"-320,906",70,"1,108,753",25,"54,268",0,"152,530",10,"409,294",0,"34,355",15,"233,835",30,"1,900,594",35,"675,865",30,"5,822",30,"5,822",25,533,60,"768,484",45,"409,564",15,"27,016",60,"341,760",25,"176,475",40,"-186,331",60,"-9,856",30,"30,329",0,"6,515",0,0,20,"59,198",0,"1,849",20,"5,050",175,"55,386",30,"12,510",10,"15,837",10,"559,525",25,"1,170,132",30,"1,433,823",35,"1,424,888",13,"-351,083",25,"242,170",35,"-212,151"
VIC,3660,"3,600","1,350","3,575","152,148,953","2,845","25,358,544","2,380","1,915,044",35,"41,976","2,535","25,378,028",60,"159,906","2,855","123,550,145",660,"1,261,661",50,"445,611",55,"377,979",365,"2,184,290",290,"2,638,227",60,"655,449",140,"3,020,005","1,900","3,304,652",345,"138,141",710,"2,882,832",705,"1,234,895","3,590","159,168,653",970,"1,927,841",280,"405,576","2,135","545,803",135,"234,820","1,875","1,502,019",55,"13,657",55,"62,982",35,"62,305","1,640","336,629","1,845","425,048","2,990","6,582,876",90,"177,737",205,"3,403,185",300,"2,098,271",110,"-1,369,446",480,"7,985,380",145,"349,165",50,"1,257,094",30,"855,993",45,"669,311",130,"1,004,503",185,"3,229,777",220,"2,621,470",155,"334,907",140,"74,986",125,"46,910",355,"4,590,792",275,"2,240,593",100,"186,470",355,"1,917,791",185,"1,200,664",175,"-954,726",360,"245,938",195,"131,079",20,"38,391",50,"812,943",140,"227,514",20,"13,912",105,"45,958","2,100","674,744",380,"162,290",90,"399,377",55,"2,203,971",257,"26,994,684",305,"29,198,655",305,"23,820,088",61,"-838,682",267,"5,604,086",315,"4,765,404"
VIC,3662,495,205,495,"28,692,209",420,"5,792,572",235,"166,958",0,"4,980",415,"5,884,351",15,"47,270",475,"29,527,599",335,"178,739",0,671,0,"6,641",0,"10,947",0,"19,777",0,"26,195",0,"160,965",255,"248,935",15,"1,110",45,"33,324",45,"14,266",495,"30,052,129",270,"494,326",50,"15,780",400,"162,075",30,"39,643",400,"467,389",20,"13,244",10,"5,170",0,"3,119",250,"45,050",290,"83,843",455,"1,353,493",0,0,35,"346,106",15,"65,942",0,0,15,"34,070",10,"11,635",0,"1,449",0,0,0,"15,449",10,"55,339",15,"298,243",15,"363,268",15,"90,202",10,"37,296",15,"3,309",115,"1,660,883",115,"1,071,955",55,"171,822",115,"866,753",25,"68,998",90,"-518,645",115,"-449,647",25,"22,744",0,51,0,0,10,"12,582",35,"12,637",10,"4,468",225,"55,283",0,"1,149",0,502,0,0,13,"201,621",15,"201,621",10,"148,530",0,0,12,"53,091",10,"53,091"
VIC,3663,80,40,80,"2,875,100",60,"397,033",50,"35,046",0,0,55,"400,094",0,"4,224",60,"2,560,915",20,"91,780",0,"6,750",0,"2,755",0,"21,906",10,"57,559",0,"17,188",0,0,55,"122,635",15,"2,362",20,"46,738",20,"20,020",80,"3,080,417",30,"67,565",15,"19,543",45,"12,226",0,692,45,"29,691",0,250,10,"1,341",0,0,35,"18,845",35,"9,084",65,"185,727",0,"1,822",0,"90,302",10,"106,423",10,"-35,958",15,"98,816",10,"31,027",0,"84,244",0,409,0,"42,824",0,"18,724",0,"88,512",0,"84,699",0,277,0,277,0,51,15,"104,864",10,"49,887",0,83,15,"45,593",0,"33,727",10,"-24,426",15,"9,301",0,174,0,0,0,"25,000",0,"1,490",0,0,0,"1,012",50,"16,420",10,"3,679",0,227,6,"418,712",5,"53,834",10,"472,546",10,"571,405",6,"-120,190",5,"21,331",10,"-98,859"
VIC,3664,590,260,580,"24,117,237",450,"4,281,517",380,"320,970",0,"5,893",400,"4,288,845",10,"26,836",425,"19,483,281",115,"308,787",0,"63,021",0,"15,899",40,"202,106",45,"395,884",10,"35,659",20,"444,330",340,"876,081",75,"44,748",135,"1,049,047",135,"449,590",585,"25,561,515",155,"372,510",40,"72,841",315,"82,111",15,"36,059",275,"223,886",15,"4,811",20,"21,698",15,"57,694",240,"151,845",300,"104,844",465,"1,322,534",10,"15,901",25,"380,919",70,"482,460",55,"-325,694",125,"1,491,739",40,"123,644",0,"101,420",0,"85,619",0,"18,752",35,"234,462",50,"1,157,897",50,"1,234,536",40,"285,828",40,"150,434",40,"66,213",80,"989,582",55,"459,561",25,"58,213",75,"447,690",40,"276,944",40,"-252,826",80,"24,118",40,"7,139",10,"10,217",10,"148,672",25,"45,413",0,"1,810",20,"9,097",305,"102,873",65,"28,983",10,"36,817",12,"1,466,225",48,"4,456,989",60,"5,923,214",55,"5,608,350",12,"-478,416",47,"737,258",60,"258,842"
VIC,3665,200,90,200,"7,424,449",150,"1,208,176",115,"93,965",0,"2,788",125,"1,198,230",0,0,130,"5,711,754",45,"71,531",0,"12,658",0,"70,885",15,"70,037",15,"156,448",0,"119,424",0,0,115,"341,240",30,"4,101",55,"197,284",55,"84,530",200,"7,991,891",40,"92,913",20,"92,423",90,"23,456",0,"2,494",85,"87,213",0,"2,548",0,"1,604",0,971,55,"16,025",85,"20,491",145,"560,766",0,"17,591",0,"78,970",10,"120,860",45,"-111,570",50,"692,641",15,"61,122",0,0,0,"35,017",0,"25,158",10,"141,782",10,"279,569",10,"62,946",10,"14,218",10,"14,218",0,"1,802",20,"316,596",15,"66,569",0,"4,508",20,"118,086",10,"162,036",10,"-34,603",20,"127,433",15,"21,417",0,0,10,"199,278",10,"20,936",0,"2,403",0,"4,234",115,"36,710",30,"12,420",0,"11,861",9,"847,195",26,"1,347,286",35,"2,194,481",30,"1,861,638",9,"-20,813",27,"331,882",35,"311,069"
VIC,3666,"2,570","1,245","2,535","97,577,756","1,870","16,493,716","1,510","1,243,620",20,"26,819","1,600","16,195,426",30,"89,633","1,720","70,499,549",505,"1,245,608",35,"230,689",35,"432,887",180,"1,134,004",275,"2,629,352",35,"482,251",50,"1,271,948","1,580","4,418,372",415,"232,150",725,"4,664,529",720,"1,998,698","2,560","103,123,701",540,"1,268,390",160,"234,124","1,265","326,214",80,"134,538","1,015","919,926",30,"8,130",80,"78,922",50,"89,312",895,"324,952","1,150","353,043","1,925","4,816,487",45,"107,147",125,"2,103,731",170,"1,082,709",395,"-2,541,389",530,"9,919,088",165,"857,116",15,"94,518",40,"787,254",50,"506,498",110,"1,166,931",160,"3,195,756",200,"3,276,847",155,"615,222",140,"116,999",130,"169,392",305,"4,555,116",210,"2,234,842",70,"125,580",290,"2,077,770",145,"1,235,045",160,"-1,118,121",305,"116,924",140,"259,155",20,"110,880",55,"866,824",90,"211,736",10,"5,126",75,"46,843","1,370","457,121",305,"128,108",55,"224,624",119,"7,429,547",245,"15,389,294",340,"22,818,841",340,"19,980,962",122,"-1,383,394",247,"3,288,490",345,"1,905,096"
VIC,3669,690,285,680,"24,630,075",460,"4,271,354",385,"316,281",0,"9,451",405,"4,087,975",10,"21,952",430,"18,089,627",160,"448,318",10,"36,313",10,"31,697",50,"266,260",55,"498,635",0,"181,971",10,"200,886",420,"1,225,918",115,"49,054",195,"1,421,214",195,"609,008",685,"26,195,628",130,"326,095",50,"102,302",300,"79,519",20,"24,637",265,"284,971",0,"5,205",20,"44,258",20,"29,579",225,"65,839",290,"90,568",490,"1,357,121",10,"37,752",40,"723,498",45,"366,570",140,"-356,933",165,"1,662,246",45,"88,389",0,"24,569",15,"400,630",10,"38,380",55,"477,499",70,"1,236,438",60,"472,067",45,"13,823",45,"12,032",40,"1,192",90,"865,156",60,"418,062",20,"69,282",90,"392,703",45,"272,706",50,"-287,597",95,"-14,891",50,"13,362",10,"17,851",15,"260,608",25,"40,051",0,"1,906",15,"8,260",340,"114,959",90,"38,586",25,"188,373",47,"2,295,873",73,"3,759,575",115,"6,055,448",110,"5,363,223",54,"-649,527",72,"1,063,426",120,"413,899"
VIC,3670,335,115,335,"12,298,627",230,"2,064,159",190,"155,666",0,"5,760",200,"2,064,597",0,"6,170",240,"9,697,837",70,"175,880",0,"97,303",10,"52,418",25,"167,556",25,"230,773",10,"99,810",0,"41,697",185,"439,739",55,"106,460",85,"385,131",85,"165,035",335,"12,937,978",70,"174,439",25,"50,944",155,"42,298",15,"30,177",135,"130,670",0,"2,387",0,"5,014",0,677,85,"49,548",135,"52,850",235,"622,440",10,"12,217",15,"220,496",20,"183,038",65,"-309,045",65,"1,010,369",10,"132,284",0,"6,581",0,"106,973",0,"85,374",10,"47,869",20,"143,853",30,"401,973",15,"50,636",10,"1,753",10,"6,525",40,"501,908",20,"163,076",0,"11,841",35,"237,724",20,"184,555",20,"-95,288",40,"89,267",15,"21,370",0,"3,335",0,"51,085",10,"17,467",0,"1,361",0,"2,422",180,"59,782",45,"19,154",0,"33,716",22,"1,713,097",37,"2,438,449",50,"4,151,546",50,"4,009,174",24,"-519,060",37,"609,161",55,"90,101"
VIC,3672,"5,420","1,750","5,380","223,135,341","4,205","37,300,851","3,525","2,851,424",70,"92,423","3,715","37,400,066",100,"310,636","4,105","173,935,738","1,070","2,237,418",70,"1,106,489",80,"771,875",560,"3,029,224",475,"4,570,309",75,"819,529",95,"2,158,823","3,125","7,686,770",730,"499,081","1,500","8,361,083","1,495","3,580,267","5,400","233,332,434","1,135","2,206,684",360,"837,727","3,000","726,148",195,"332,799","2,575","2,035,495",55,"30,051",155,"144,921",130,"545,712","1,850","656,533","2,615","776,442","4,370","9,551,634",110,"227,937",345,"5,835,596",585,"4,145,246",195,"-792,447",885,"13,729,447",310,"448,056",20,"360,815",25,"319,864",50,"590,469",235,"2,578,936",370,"7,148,487",460,"6,462,353",320,"390,697",290,"173,541",270,"33,472",735,"10,124,702",545,"5,058,903",150,"333,320",725,"4,594,758",310,"2,389,154",430,"-2,251,433",740,"137,721",260,"260,638",55,"167,823",65,"878,570",170,"370,271",25,"16,008",180,"145,605","3,035","990,206",620,"267,422",125,"465,944",64,"1,990,926",385,"29,139,623",440,"30,955,610",440,"25,440,310",68,"-1,566,080",392,"6,850,254",450,"5,242,798"
VIC,3673,"1,050",415,"1,030","38,354,349",720,"6,757,581",600,"503,067",15,"19,882",635,"6,730,905",20,"47,059",705,"30,733,816",215,"482,107",15,"280,221",20,"225,582",60,"395,516",70,"678,989",20,"222,792",0,"126,923",660,"1,593,391",175,"78,014",305,"1,547,018",305,"663,186","1,045","40,692,090",195,"411,447",70,"198,892",485,"116,538",30,"63,824",450,"403,571",10,"1,958",20,"29,043",15,"66,229",300,"112,766",470,"144,353",775,"1,987,290",15,"40,634",65,"985,090",100,"816,200",230,"-1,679,974",250,"3,257,982",65,"202,404",10,"129,359",25,"483,719",20,"143,455",55,"630,997",80,"1,695,870",105,"1,810,260",70,"83,907",60,"20,080",60,"6,530",175,"2,203,280",125,"1,185,268",40,"110,659",170,"1,027,447",80,"592,859",95,"-712,953",175,"-120,094",55,"78,273",0,"23,528",25,"373,201",35,"61,221",0,"4,285",35,"13,479",530,"169,233",140,"55,051",30,"128,999",80,"3,504,731",101,"5,742,609",170,"9,247,340",170,"9,058,167",87,"-1,581,194",102,"1,536,809",175,"-44,385"
VIC,3675,"1,170",490,"1,155","43,378,455",820,"7,091,232",700,"558,482",15,"18,255",730,"7,070,622",20,"71,823",820,"34,917,160",220,"502,979",10,"117,389",10,"61,608",100,"532,738",110,"1,008,428",35,"459,077",15,"334,691",710,"1,236,275",170,"94,563",325,"726,756",325,"311,544","1,165","45,484,529",245,"479,582",75,"190,790",580,"137,031",35,"64,482",525,"422,635",20,"3,755",30,"13,331",15,"9,339",425,"88,110",500,"130,981",870,"1,916,897",35,"55,784",80,"1,492,680",115,"858,543",170,"509,556",225,"2,750,925",65,"31,049",0,"126,174",15,"263,024",15,"158,081",55,"221,929",75,"951,007",115,"765,350",60,"44,910",55,"18,275",50,"1,790",140,"1,590,883",100,"771,415",30,"46,196",140,"767,713",75,"344,236",70,"-338,677",145,"5,559",70,"79,044",15,"71,239",25,"282,355",55,"91,640",0,"5,987",45,"21,180",605,"194,479",135,"55,690",15,"104,172",61,"3,451,000",112,"4,721,486",165,"8,172,486",160,"7,252,218",61,"-445,504",114,"1,148,150",165,"702,646"
VIC,3677,"9,435","3,310","9,400","400,883,327","7,500","67,464,440","6,410","5,190,694",95,"113,259","6,745","68,518,808",220,"699,644","7,545","319,660,510","2,080","3,878,070",95,"999,189",105,"624,569",985,"5,255,238",835,"7,955,125",110,"1,081,784",125,"2,270,278","5,375","9,399,434","1,035","531,028","2,270","13,114,861","2,270","5,615,049","9,420","417,608,745","2,185","4,022,530",715,"1,399,467","5,630","1,340,425",370,"634,258","4,815","3,933,813",140,"39,468",275,"212,598",230,"699,151","4,040","841,070","4,640","1,148,181","7,775","16,258,886",130,"243,193",780,"13,690,792",895,"6,221,199",155,"-703,780","1,465","24,556,865",610,"1,467,747",35,"668,185",40,"559,019",100,"805,300",405,"2,676,705",610,"8,353,906",830,"10,105,654",525,"743,036",495,"187,619",460,"75,707","1,025","13,097,733",770,"7,121,831",255,"606,333","1,010","5,944,690",465,"2,944,265",565,"-3,519,386","1,030","-575,121",440,"407,043",120,"543,531",115,"1,276,705",510,"676,625",45,"33,157",400,"210,972","5,630","1,846,993",895,"391,625",150,"422,158",64,"1,491,252",679,"62,325,373",730,"63,816,625",735,"47,274,683",71,"-647,084",701,"16,395,164",760,"15,748,080"
VIC,3678,"3,745","1,750","3,705","157,367,686","2,725","29,222,086","2,335","2,102,342",55,"65,334","2,445","29,450,924",75,"238,413","2,655","118,350,131",665,"1,627,917",25,"387,646",40,"395,009",245,"1,430,294",285,"2,553,345",65,"777,155",35,"774,377","2,400","6,097,524",685,"634,695","1,215","7,004,580","1,210","3,002,678","3,740","165,100,374",705,"1,385,143",235,"656,302","1,800","422,009",115,"167,252","1,605","1,311,078",30,"9,759",145,"271,607",115,"191,586","1,285","378,364","1,515","524,984","2,790","6,934,548",60,"131,558",250,"4,609,492",360,"2,789,358",645,"-2,449,571",905,"12,810,306",265,"805,232",0,"74,028",90,"1,510,170",65,"863,151",175,"1,586,978",275,"5,688,915",470,"6,697,129",230,"656,055",210,"190,342",200,"118,976",535,"7,201,337",385,"3,391,346",145,"298,892",525,"3,256,990",265,"1,871,334",270,"-1,617,225",535,"254,109",210,"252,247",70,"196,236",75,"1,209,529",195,"386,146",25,"15,483",160,"89,777","1,895","623,851",420,"179,698",60,"306,111",173,"9,261,335",310,"24,478,085",455,"33,739,420",460,"28,624,238",195,"-2,247,129",314,"6,962,178",475,"4,715,049"
VIC,3682,345,130,345,"13,213,926",265,"2,216,300",230,"179,668",0,"2,212",240,"2,211,107",0,"20,945",250,"10,384,603",80,"174,348",10,"65,039",0,"40,167",20,"108,330",25,"178,399",0,"13,002",0,"52,837",210,"458,732",60,"34,921",90,"486,616",90,"208,497",345,"14,164,648",55,"111,709",20,"78,672",185,"40,629",15,"32,218",135,"104,756",0,814,10,837,10,"11,143",120,"25,267",140,"38,254",285,"833,176",0,248,15,"273,561",25,"189,724",95,"402,732",90,"939,402",25,"17,773",0,0,10,"126,320",0,"45,994",15,"87,019",20,"138,926",35,"357,532",20,"3,150",20,"1,392",15,715,40,"384,069",25,"163,457",10,"9,114",40,"138,444",25,"128,068",15,"-55,014",40,"73,054",25,"6,914",15,"28,384",20,"332,588",30,"56,289",0,"3,176",10,"14,793",200,"64,460",45,"16,952",10,"14,456",24,"1,405,115",29,"2,199,092",50,"3,604,207",50,"3,164,994",25,"-343,515",28,"715,961",50,"372,446"
VIC,3683,945,370,940,"40,225,586",730,"6,886,283",630,"532,124",20,"17,910",665,"6,955,037",20,"66,652",745,"35,831,615",190,"426,206",15,"153,853",10,"39,838",80,"445,955",75,"704,517",25,"327,450",25,"541,783",550,"602,664",110,"21,347",220,"315,291",215,"134,425",945,"42,117,563",245,"580,672",70,"246,333",545,"133,304",40,"62,180",485,"443,356",15,"4,569",15,"12,001",10,"21,073",350,"60,712",475,"124,560",765,"1,858,746",25,"63,835",50,"1,021,912",105,"612,435",60,"-256,778",125,"1,439,372",35,"95,208",0,"37,243",10,"97,615",10,"52,270",30,"152,515",50,"1,372,484",60,"901,316",40,"37,229",35,"15,030",35,"1,793",115,"1,183,019",95,"658,156",25,"39,970",115,"604,984",50,"249,934",65,"-370,025",115,"-120,091",40,"43,780",10,"14,180",0,"98,450",55,"64,778",10,"3,344",30,"16,522",510,"153,360",95,"39,444",25,"93,993",22,"777,027",69,"4,090,801",90,"4,867,828",90,"4,052,732",28,"-215,545",69,"878,831",95,"663,286"
VIC,3685,"1,650",795,"1,640","69,135,153","1,285","11,737,595","1,110","911,391",10,"13,961","1,145","11,821,002",25,"74,740","1,260","54,642,514",285,"568,798",25,"435,283",30,"246,881",140,"793,522",120,"1,106,464",25,"384,205",25,"506,471","1,030","1,997,224",240,"96,530",475,"1,940,868",475,"830,324","1,645","72,800,853",380,"717,168",125,"335,843",930,"203,020",65,"73,722",785,"614,565",15,"3,686",40,"61,024",65,"113,676",655,"117,209",770,"235,968","1,345","3,315,398",35,"54,343",65,"1,129,989",190,"1,365,766",170,"742,084",360,"5,758,672",125,"318,485",0,"158,290",15,"137,468",20,"218,347",80,"650,904",130,"3,291,509",215,"2,643,553",110,"91,492",100,"27,372",90,"2,622",210,"2,519,835",155,"1,216,479",75,"172,926",210,"1,170,717",95,"628,470",120,"-668,757",215,"-40,287",85,"78,562",25,"48,601",35,"592,618",175,"242,067",0,"3,736",60,"43,354",920,"294,245",195,"79,484",40,"81,216",33,"1,573,989",115,"10,006,237",140,"11,542,107",140,"10,017,395",39,"-232,615",116,"1,553,379",150,"1,319,384"
VIC,3687,575,225,570,"26,910,412",475,"4,889,253",405,"358,062",0,"7,968",420,"4,903,666",10,"24,232",470,"22,152,861",120,"123,278",10,"95,511",10,"47,585",40,"196,624",50,"480,258",0,"151,714",0,"146,952",325,"619,669",65,"14,017",145,"795,518",145,"340,848",570,"28,187,421",180,"357,528",55,"78,859",390,"102,406",25,"43,475",320,"276,150",0,26,10,"6,806",20,"24,818",280,"42,890",310,"80,600",485,"1,205,547",10,"28,415",30,"458,505",55,"334,489",25,"181,473",80,"1,875,966",35,"251,636",0,"6,979",0,"17,998",0,"154,598",25,"125,570",35,"367,013",55,"663,312",30,"53,802",25,"2,962",25,"10,184",65,"767,749",45,"367,995",30,"53,519",60,"304,519",35,"182,856",30,"-141,140",65,"41,716",20,"92,745",0,"1,479",10,"114,737",75,"75,888",0,"3,388",30,"16,956",335,"100,099",65,"26,686",15,"54,905",6,"257,296",33,"1,102,139",35,"1,359,435",35,"1,104,739",6,"-120,877",31,"251,503",35,"130,626"
VIC,3688,770,360,760,"34,267,599",615,"6,211,365",540,"467,439",0,"9,525",555,"6,268,124",25,"83,121",610,"30,318,499",165,"556,568",10,"143,031",15,"138,859",40,"168,033",40,"396,349",10,"101,803",15,"390,112",465,"571,488",110,"27,992",195,"888,433",195,"380,648",770,"36,385,629",210,"493,925",90,"231,602",430,"110,587",40,"59,501",405,"438,425",15,"4,246",20,"40,147",15,"11,761",270,"58,352",345,"127,763",630,"1,890,546",10,"15,898",45,"803,784",90,"671,571",85,"-1,104,586",145,"1,689,496",50,"93,203",0,"153,116",25,"384,353",10,"90,908",25,"148,552",40,"724,794",70,"894,668",40,"138,425",40,"14,313",35,"39,400",130,"1,298,918",100,"842,476",30,"36,782",130,"666,726",40,"224,066",90,"-471,132",130,"-247,066",45,"24,338",0,"92,354",15,"190,289",60,"91,395",0,417,20,"13,613",440,"132,594",85,"32,695",20,"112,971",43,"1,576,002",65,"3,918,761",95,"5,494,763",95,"4,672,839",44,"-881,190",64,"1,379,008",95,"497,818"
VIC,3690,"17,705","7,435","17,645","805,787,044","14,545","139,932,476","12,440","10,335,708",170,"195,998","13,260","141,961,363",495,"1,524,099","14,785","686,902,766","3,880","8,490,769",260,"2,695,630",250,"1,358,548","1,585","8,719,473","1,260","11,264,947",250,"2,359,407",525,"13,085,884","9,770","11,852,753","1,510","516,886","3,505","11,711,073","3,485","5,016,954","17,665","842,665,618","4,765","9,909,948","1,435","3,827,105","11,045","2,856,972",980,"1,415,259","9,465","8,356,891",330,"94,910",375,"568,455",305,"881,780","6,865","1,358,658","8,470","2,190,599","15,055","35,952,012",385,"777,901","1,105","19,381,222","1,605","10,714,470",150,"-284,349","2,275","41,735,670",945,"2,379,753",85,"1,252,927",40,"1,460,141",170,"5,553,618",565,"3,897,338",830,"11,458,703","1,205","19,994,437",870,"1,703,127",795,"409,847",755,"377,905","2,185","29,626,360","1,825","18,428,091",980,"2,290,769","2,180","13,997,754",700,"4,602,216","1,495","-9,689,100","2,195","-5,086,884",740,"925,197",235,"834,601",215,"2,698,034",885,"1,683,902",130,"72,615",640,"331,675","10,485","3,297,144","1,445","608,643",410,"1,387,141",63,"2,940,228","1,159","87,471,032","1,210","90,183,710","1,200","63,849,661",90,"-1,685,309","1,175","23,074,619","1,250","21,284,147"
VIC,3691,"4,965","2,560","4,925","238,268,697","3,925","45,894,662","3,375","3,093,589",60,"68,250","3,615","46,621,026",135,"415,979","3,875","187,274,391","1,190","2,387,814",75,"867,168",75,"943,025",295,"1,566,880",260,"2,343,294",85,"1,030,173",95,"2,612,193","3,000","4,444,855",610,"592,916","1,225","8,117,911","1,225","3,478,121","4,945","249,993,715","1,325","2,843,494",350,"948,816","2,770","686,683",220,"370,919","2,455","2,421,057",100,"20,654",110,"223,731",95,"221,106","1,650","464,940","2,225","705,924","4,055","11,366,424",85,"184,346",315,"5,234,764",475,"3,517,600",505,"1,130,196","1,000","18,676,187",330,"811,462",15,"352,017",55,"914,611",75,"564,744",205,"1,454,538",280,"4,657,634",415,"5,565,722",270,"758,001",250,"200,085",240,"144,366",770,"11,533,323",615,"6,182,955",315,"692,666",770,"5,014,401",290,"2,580,190",490,"-2,936,889",780,"-356,699",325,"414,590",95,"294,795",115,"1,636,702",310,"806,874",50,"27,564",180,"91,402","2,690","834,954",440,"186,207",110,"460,665",131,"6,228,647",372,"24,479,041",485,"30,707,688",480,"22,214,097",148,"-1,032,595",374,"9,056,346",500,"8,023,751"
VIC,3694,195,30,195,"7,985,887",170,"1,162,164",100,"47,360",0,0,160,"1,157,407",10,"23,272",185,"7,871,648",150,"57,881",0,"3,542",0,"2,464",20,"62,734",0,"29,312",0,"3,006",0,"82,914",95,"47,745",0,"1,963",0,"15,096",0,"6,468",195,"8,329,844",75,"97,054",15,"28,018",155,"44,665",30,"22,013",145,"109,686",0,"1,052",0,30,0,0,50,"11,803",80,"13,065",175,"340,597",0,0,15,"82,739",0,"27,722",0,"-1,759",10,"125,397",0,"1,631",0,0,0,0,0,318,0,14,0,244,0,"84,814",0,"2,596",0,"2,596",0,321,10,"180,766",10,"72,036",0,"10,545",10,"80,315",0,"52,821",0,"-34,951",10,"17,870",0,933,0,20,0,390,0,"12,821",0,"1,687",0,133,150,"47,265",0,0,0,62,0,0,1,"3,620",0,"3,620",0,"3,938",0,0,1,-318,0,-318
VIC,3695,295,135,290,"11,172,374",205,"1,864,307",170,"142,523",0,"1,463",180,"1,880,327",0,"14,528",205,"8,791,812",40,"60,272",0,"41,772",0,"28,630",20,"109,674",15,"143,587",0,"40,808",0,"69,251",190,"413,104",50,"48,004",85,"152,827",85,"65,427",295,"11,938,136",60,"153,903",20,"10,424",145,"34,482",10,"14,954",125,"120,206",0,883,0,564,0,"7,667",75,"23,988",110,"39,976",215,"605,274",0,"9,631",15,"293,432",30,"268,742",70,"188,704",95,"850,422",20,"54,329",0,"4,310",10,"162,824",10,"184,206",15,"28,240",20,"380,847",25,"86,206",20,"30,920",15,"27,270",10,406,50,"665,736",35,"335,604",25,"34,453",50,"351,501",20,"128,003",30,"-183,825",50,"-55,822",25,"13,171",10,"33,780",15,"178,210",10,"17,438",0,"2,075",0,"2,868",135,"44,664",20,"8,665",0,"14,259",9,"205,579",24,"1,295,691",30,"1,501,270",30,"1,135,014",9,"-101,113",24,"459,185",30,"358,072"
VIC,3697,315,160,305,"12,343,362",235,"2,056,537",190,"152,424",0,"4,451",200,"2,065,769",10,"21,235",220,"9,099,994",80,"158,792",0,"34,828",0,"9,082",15,"74,776",25,"245,955",0,"50,297",0,"167,787",205,"525,231",60,"76,786",90,"433,468",90,"185,647",310,"13,109,269",70,"142,734",35,"69,599",155,"44,656",20,"27,092",140,"132,974",0,"1,520",10,"12,115",0,"17,417",115,"32,703",135,"67,393",250,"693,090",0,"10,934",15,"276,355",40,"315,411",35,"30,584",70,"752,035",20,"12,001",0,"2,705",0,"70,388",0,"152,081",15,"451,287",20,"965,866",40,"896,324",20,"11,802",15,"5,563",20,"4,092",65,"791,753",50,"241,910",25,"48,017",65,"386,735",45,"225,416",25,"-110,325",65,"115,091",25,"11,944",10,"48,242",0,"128,400",10,"16,160",0,"1,511",15,"5,652",175,"59,215",35,"13,613",0,"3,545",9,"169,659",36,"1,879,623",45,"2,049,282",45,"1,633,603",10,"-203,883",35,"491,264",45,"287,381"
VIC,3698,465,270,465,"20,590,629",340,"3,808,320",295,"268,889",0,"4,485",300,"3,764,878",10,"38,298",330,"14,469,173",75,"515,606",0,"62,107",0,"216,261",25,"201,619",40,"324,948",10,"173,237",10,"185,597",310,"676,634",75,"21,445",155,"455,266",155,"195,278",465,"21,492,805",100,"195,539",45,"54,697",215,"52,642",20,"35,420",190,"186,792",0,831,15,"27,479",10,"74,756",165,"47,605",195,"76,318",350,"890,198",15,"37,971",25,"313,810",45,"357,678",0,"33,360",105,"1,910,602",40,"161,904",0,"63,285",0,0,15,"299,140",25,"152,448",35,"334,715",55,"819,714",40,"325,502",35,"20,627",35,"102,701",90,"1,138,864",70,"498,100",40,"64,085",90,"452,778",45,"307,754",50,"-183,853",90,"123,901",25,"21,698",10,"8,742",0,"102,700",20,"33,922",0,"5,392",20,"11,115",230,"72,638",55,"23,838",10,"17,924",6,"318,922",60,"4,379,938",65,"4,698,860",55,"3,617,286",6,"56,109",62,"908,090",65,"964,199"
VIC,3699,665,260,655,"23,297,328",460,"3,510,520",375,"287,863",0,"5,660",400,"3,546,308",15,"51,968",485,"18,649,296",145,"274,457",10,"126,785",10,"64,391",65,"373,884",45,"469,973",10,"68,809",15,"343,941",370,"673,647",85,"25,242",170,"423,610",170,"181,782",660,"24,826,418",140,"330,853",60,"80,628",330,"90,749",35,"86,507",290,"288,049",10,"1,313",20,"16,860",10,"7,578",175,"54,485",300,"100,940",500,"1,227,937",15,"23,620",25,"367,091",45,"358,049",10,"-241,485",95,"1,586,438",35,"22,302",0,"163,695",0,"17,688",15,"337,975",35,"464,978",45,"1,079,337",50,"553,546",35,"61,459",25,"7,951",30,"3,901",100,"1,866,876",75,"885,635",25,"47,005",100,"916,817",45,"452,578",60,"-435,159",100,"17,419",35,"36,880",0,"20,112",10,"140,671",25,"28,148",0,"1,905",15,"7,815",365,"117,526",70,"32,436",20,"19,248",9,"150,971",82,"5,739,350",90,"5,887,946",80,"4,951,458",8,"-74,517",84,"659,775",90,"585,258"
VIC,3700,830,375,825,"31,824,321",635,"5,210,570",520,"402,694",10,"9,328",550,"5,089,767",15,"42,084",575,"24,770,974",195,"489,104",15,"254,358",10,"164,035",55,"209,636",70,"661,703",15,"220,026",15,"270,836",505,"1,143,123",135,"48,607",235,"1,044,104",235,"447,226",830,"33,370,723",170,"357,120",55,"122,085",425,"105,224",35,"48,208",330,"325,166",15,"5,829",10,"9,080",15,"71,468",240,"63,256",345,"97,184",635,"1,484,609",15,"32,479",60,"815,530",60,"424,721",130,"-402,507",190,"1,874,137",50,"24,867",0,"45,752",10,"132,696",15,"93,633",45,"277,601",55,"1,727,241",65,"1,252,649",45,"75,991",40,"24,273",40,"2,142",115,"1,300,268",80,"625,167",45,"62,546",115,"669,901",50,"275,199",65,"-332,545",115,"-57,346",40,"7,892",15,"11,402",25,"217,370",35,"61,954",0,676,25,"25,744",465,"151,257",95,"38,593",20,"156,732",37,"2,552,617",59,"4,231,090",90,"6,783,707",90,"5,726,109",42,"191,893",60,"752,621",95,"944,514"
VIC,3701,570,285,570,"20,450,614",395,"3,407,964",320,"259,733",0,"2,634",350,"3,314,756",0,"21,866",355,"14,250,455",100,"246,579",10,"37,113",10,"68,723",45,"227,974",35,"299,094",0,"54,120",0,"183,662",345,"425,450",120,"242,724",160,"396,226",160,"169,759",570,"21,496,930",95,"188,059",25,"71,054",260,"64,277",10,"20,098",185,"177,013",0,"1,320",0,"20,240",10,"8,233",130,"20,002",230,"68,298",405,"947,889",10,"20,159",30,"585,984",45,"247,490",180,"1,299,064",180,"2,109,921",45,"113,516",0,"37,280",10,"116,616",10,"29,004",30,"283,495",35,"1,031,010",35,"350,569",35,"10,128",30,"5,783",30,667,60,"637,216",40,"404,857",15,"22,346",60,"251,681",20,"128,433",40,"-170,101",60,"-41,668",55,"72,839",10,"59,211",20,"188,145",30,"119,924",0,"4,453",25,"12,932",310,"101,300",75,"33,402",15,"97,149",28,"2,039,927",46,"2,056,272",70,"4,096,199",70,"3,507,029",31,"-199,061",49,"726,803",75,"527,742"
VIC,3705,180,80,175,"6,204,430",130,"969,075",100,"77,610",0,"3,497",110,"953,368",0,"10,659",115,"4,366,345",35,"62,010",0,"10,557",0,"7,356",20,"93,753",10,"110,155",0,"49,197",0,"40,355",110,"115,847",40,"30,741",50,"136,599",50,"58,526",180,"6,441,806",30,"53,299",10,"5,599",70,"17,805",0,"3,603",60,"52,322",0,555,0,"4,685",0,656,35,"6,090",55,"16,118",120,"203,329",0,"7,379",10,"185,639",10,"117,780",60,"556,048",55,"623,450",20,"3,039",0,"8,303",0,"23,876",0,"6,474",0,"57,217",10,"435,125",20,"127,635",15,"10,667",10,667,15,641,25,"201,058",15,"119,413",0,"15,747",20,"91,787",15,"38,502",10,"-64,391",25,"-25,889",20,"10,356",0,"77,954",10,"33,219",10,"9,276",0,"3,892",10,"2,496",105,"36,271",25,"11,938",0,640,16,"1,570,058",8,"200,808",25,"1,770,866",20,"1,621,358",16,"98,448",8,"9,679",25,"108,127"
VIC,3707,"1,005",450,995,"36,613,017",750,"5,739,452",610,"462,142",10,"16,019",650,"5,640,283",15,"43,572",620,"25,056,842",170,"292,471",10,"163,802",10,"104,762",75,"508,543",90,"916,511",10,"138,276",15,"242,134",635,"1,236,949",220,"164,158",280,"715,613",280,"306,630","1,000","38,502,339",185,"404,216",60,"113,746",420,"102,028",40,"92,516",320,"323,864",25,"6,645",20,"30,223",10,"11,683",270,"81,866",410,"134,045",735,"1,749,838",10,"26,372",55,"953,215",65,"472,022",190,"3,801,578",285,"2,650,933",85,"94,615",0,"11,587",0,"74,015",15,"93,006",45,"282,453",70,"636,253",105,"1,054,104",60,"78,652",55,"19,780",45,"7,136",165,"1,936,371",130,"975,530",55,"56,424",160,"874,163",80,"466,800",85,"-436,546",165,"30,254",100,"57,343",15,"34,427",40,"358,290",45,"87,712",0,"3,519",30,"17,117",565,"198,357",115,"48,009",15,"55,713",49,"2,331,882",88,"5,254,495",130,"7,586,377",115,"6,109,935",54,"157,709",94,"1,306,219",140,"1,463,928"
VIC,3709,185,95,180,"6,169,402",125,"1,014,163",100,"79,178",0,"3,822",110,"919,949",0,"2,097",110,"3,797,729",30,"97,045",0,"10,821",0,0,15,"98,754",10,"91,070",0,"67,830",0,"60,280",120,"278,487",35,"7,977",65,"333,098",65,"142,743",185,"6,657,809",35,"110,718",10,"30,336",60,"13,630",0,"4,930",65,"72,846",10,984,0,30,0,"82,480",35,"25,326",65,"12,656",125,"481,815",0,"13,441",10,"200,480",10,"69,343",50,"820,191",65,"367,780",15,"3,584",0,"22,471",0,"123,952",0,"99,775",15,"99,477",20,"190,931",15,"217,964",10,"170,077",10,481,10,"55,945",20,"319,296",15,"142,168",10,"21,466",20,"148,721",15,"83,387",10,"-76,446",20,"6,941",20,"2,272",0,"7,704",0,"122,384",0,"5,495",0,"1,173",0,"2,361",100,"33,368",35,"14,312",0,757,10,"1,115,704",23,"2,189,989",30,"3,305,693",30,"3,243,797",12,"-400,744",22,"348,914",30,"-51,830"
VIC,3711,265,120,265,"10,225,934",180,"1,868,040",145,"132,060",0,"4,257",150,"1,866,384",0,0,170,"7,063,475",35,"90,243",0,"33,654",0,"20,140",10,"75,156",20,"197,977",0,"63,379",10,"229,955",175,"607,690",35,"10,968",85,"626,063",85,"268,237",265,"10,659,937",40,"128,230",20,"45,754",110,"34,353",10,"9,441",105,"108,774",0,526,0,570,0,"21,190",70,"19,851",135,"34,500",195,"427,054",10,"18,950",15,"277,029",20,"153,700",15,"-271,474",50,"1,023,112",15,"46,935",0,0,0,"40,569",10,"57,617",25,"123,960",40,"377,368",40,"1,433,298",20,"28,816",15,"3,433",10,293,35,"356,818",25,"164,053",10,"11,827",40,"141,276",20,"121,936",20,"-82,274",40,"39,662",20,"10,905",0,"63,178",0,0,10,"22,861",0,"6,429",15,"8,921",120,"40,496",30,"11,246",10,"23,902",10,"214,850",47,"2,566,427",55,"2,781,277",55,"2,567,497",12,"-190,067",48,"379,137",60,"189,070"
VIC,3712,190,80,190,"7,436,553",145,"1,304,941",110,"94,784",0,"7,082",120,"1,280,242",0,"7,396",135,"5,157,522",30,"45,123",0,"37,840",0,"23,244",10,"72,381",20,"166,234",0,"31,058",0,"239,203",110,"457,187",15,"5,083",45,"423,466",45,"181,545",190,"7,931,980",50,"130,711",20,"47,844",100,"28,770",10,"16,473",75,"75,085",0,190,0,940,0,"19,684",50,"7,809",100,"29,791",150,"495,427",0,"26,536",10,"181,565",15,"92,923",15,"-172,791",30,"804,463",10,"143,179",0,"30,552",0,"378,666",0,"16,847",0,"20,328",10,"128,878",20,"177,772",10,"62,483",0,537,0,49,25,"310,333",20,"141,002",0,"3,391",25,"129,077",15,"90,233",10,"-53,370",25,"36,863",15,"21,616",0,"21,088",0,"116,400",10,"16,775",0,209,0,"4,808",110,"35,959",25,"12,555",0,"26,084",12,"318,979",22,"1,229,145",30,"1,548,124",30,"1,475,967",13,"-509,077",23,"306,290",35,"-202,787"
VIC,3713,490,165,485,"16,405,305",355,"2,212,857",285,"195,821",0,"1,605",300,"2,203,753",0,"18,541",370,"13,885,998",90,"183,905",10,"55,803",10,"22,050",40,"181,401",45,"545,352",0,"37,574",10,"228,926",235,"376,220",40,"50,330",85,"223,934",85,"95,615",485,"17,224,118",130,"305,553",40,"45,749",285,"90,120",30,"36,917",245,"217,222",0,508,0,320,10,"2,784",160,"21,507",250,"60,981",380,"800,676",0,"8,188",30,"560,917",25,"151,679",0,0,50,"270,143",20,"21,630",0,"65,774",0,0,10,"211,813",15,"72,380",20,"230,829",30,"182,850",25,"58,674",15,"6,848",15,420,50,"458,216",35,"291,412",10,"16,449",50,"205,220",20,"108,161",30,"-163,026",50,"-54,865",30,"37,833",0,"14,917",0,450,15,"12,179",0,"2,493",10,"8,416",285,"98,749",50,"21,211",10,"11,189",2,"34,248",49,"2,972,935",50,"3,000,880",50,"2,334,618",2,"-21,021",52,"515,912",55,"537,431"
VIC,3714,"2,005",935,"1,990","78,283,414","1,475","13,144,766","1,210","994,177",20,"23,606","1,275","13,216,575",40,"124,890","1,430","58,000,052",275,"576,906",20,"373,435",20,"186,838",140,"732,927",195,"1,896,099",30,"429,595",30,"598,015","1,265","2,884,431",260,"183,775",545,"3,978,859",545,"1,704,939","2,000","82,778,374",535,"1,309,981",165,"315,085","1,000","297,761",110,"187,220",920,"863,490",25,"17,668",40,"38,657",25,"93,377",655,"215,414",985,"239,910","1,565","4,183,438",35,"77,260",105,"1,936,286",170,"1,343,650",125,"-1,358,533",370,"6,445,715",115,"470,439",0,"129,812",25,"464,267",45,"273,913",95,"1,029,563",130,"2,503,046",195,"3,335,399",125,"170,175",105,"71,950",105,"7,168",270,"3,301,110",185,"1,624,703",45,"77,128",275,"1,613,114",125,"870,787",150,"-884,622",275,"-13,835",125,"35,550",25,"63,296",40,"480,023",80,"123,877",10,"3,984",60,"45,910","1,080","355,834",215,"98,624",35,"114,958",50,"1,833,008",215,"15,657,605",255,"17,490,613",265,"13,478,676",55,"-536,041",219,"4,113,880",265,"3,577,839"
VIC,3715,165,65,165,"5,059,075",105,"1,005,228",90,"74,744",0,"1,844",90,"1,006,199",0,"9,806",95,"4,177,409",35,"154,166",0,0,0,0,10,"26,306",15,"181,432",0,"54,495",0,"67,892",100,"263,505",30,"3,201",55,"482,859",55,"206,929",165,"5,499,051",30,"102,397",10,"77,697",65,"19,050",0,"3,392",60,"77,295",0,0,0,478,0,"3,540",40,"10,781",55,"18,156",115,"356,466",0,"10,613",0,"161,190",10,"82,755",40,"-773,705",45,"420,529",15,"65,805",0,0,10,"52,040",0,"13,603",10,"52,902",15,"136,611",15,"176,185",15,"4,009",15,"2,702",15,226,25,"205,069",10,"69,285",0,809,25,"80,765",15,"77,216",10,"-23,006",25,"54,210",10,"1,461",0,"3,043",0,"25,500",10,"18,175",0,"1,343",0,"2,633",80,"27,078",20,"7,743",0,29,8,"298,904",26,"1,114,679",30,"1,413,583",30,"1,376,174",11,"-268,496",25,"313,515",30,"45,019"
VIC,3717,"1,515",750,"1,495","59,182,908","1,085","10,231,714",885,"747,426",15,"15,142",935,"10,167,736",25,"77,164","1,000","43,114,872",260,"744,248",15,"76,848",15,"86,849",105,"585,685",135,"1,391,165",20,"359,846",25,"520,303",920,"2,498,727",185,"113,781",395,"3,141,263",395,"1,346,214","1,505","62,829,968",350,"862,214",85,"147,763",610,"168,051",35,"60,720",615,"632,703",20,"7,822",30,"23,431",35,"82,667",445,"157,957",725,"315,204","1,120","3,062,921",25,"81,118",80,"1,407,076",125,"963,578",190,"-1,389,745",335,"4,955,906",90,"133,251",15,"314,780",25,"986,251",30,"452,050",70,"666,750",105,"1,577,433",110,"2,337,938",110,"252,001",95,"48,723",75,"10,544",185,"2,502,120",110,"1,098,860",50,"97,925",180,"1,092,248",100,"713,270",85,"-500,183",185,"213,087",90,"136,763",20,"42,317",30,"480,063",40,"118,590",10,"6,709",45,"34,976",785,"259,984",165,"66,852",30,"188,993",67,"3,672,488",170,"11,374,423",225,"15,046,911",225,"12,801,110",75,"-864,988",173,"2,376,750",235,"1,511,762"
VIC,3719,220,105,215,"7,163,302",140,"1,228,728",115,"93,931",0,0,120,"1,202,698",0,"2,167",145,"5,991,017",50,"137,490",0,"19,927",0,"1,440",10,"51,874",15,"159,028",0,"101,758",0,"95,089",140,"322,756",35,"26,431",55,"151,312",55,"64,833",220,"7,662,157",50,"158,534",20,"32,535",100,"27,981",10,"16,137",85,"106,718",10,"1,995",0,"4,815",0,"11,869",60,"13,752",95,"23,423",160,"495,808",0,"15,848",10,"166,156",0,"36,619",55,"-727,028",55,"1,014,324",10,"37,439",0,0,0,"14,209",0,"1,711",10,"24,731",15,"54,110",20,"263,734",0,"24,332",0,571,0,"8,190",20,"137,813",20,"120,937",0,"5,882",20,"76,147",0,"9,205",20,"-74,358",20,"-65,153",20,"4,206",0,238,0,"81,706",10,"16,343",0,"1,549",0,"3,685",100,"34,549",15,"7,456",0,"27,516",16,"368,744",22,"1,037,351",35,"1,406,095",35,"1,245,089",18,"-199,735",22,"366,920",35,"167,185"
VIC,3720,305,140,300,"11,710,596",220,"1,957,887",170,"142,103",10,"12,022",190,"1,909,956",0,"7,808",205,"8,570,717",50,"98,770",0,"31,157",0,"15,223",20,"150,668",30,"277,283",0,"20,931",0,"115,015",155,"256,983",35,"5,595",75,"392,322",75,"168,225",300,"12,368,289",60,"185,198",15,"45,591",140,"36,807",0,"1,894",115,"137,786",0,"1,064",0,338,10,"30,965",80,"13,841",145,"49,139",220,"568,311",0,"4,098",20,"269,285",20,"176,693",15,"-275,321",60,"1,286,997",10,"64,662",0,"59,568",0,"3,488",0,"40,097",0,"277,477",15,"606,453",25,"214,945",15,"69,247",10,"1,784",10,"25,837",45,"548,194",30,"316,420",15,"28,485",40,"254,010",15,"109,563",25,"-160,284",45,"-50,721",25,"21,861",0,603,0,"38,250",10,"27,438",0,"1,981",0,"6,122",165,"58,490",45,"18,272",0,"56,245",6,"85,385",41,"3,191,486",45,"3,276,871",45,"2,574,810",7,"-89,463",41,"750,369",45,"660,906"
VIC,3722,"2,825","1,270","2,800","113,125,332","2,120","19,488,390","1,730","1,438,114",25,"37,120","1,825","19,257,202",55,"186,902","1,970","78,551,302",530,"1,271,521",15,"377,320",30,"180,332",205,"1,150,373",265,"2,545,008",50,"685,117",50,"1,400,096","1,750","3,965,074",400,"350,970",765,"4,582,277",760,"1,963,567","2,815","119,742,564",565,"1,357,036",195,"490,548","1,420","357,369",125,"241,524","1,085","1,059,476",35,"12,212",75,"98,085",55,"161,918",690,"407,645","1,295","407,528","2,170","6,008,082",70,"172,258",155,"2,580,370",245,"2,082,695",165,"-1,585,549",660,"13,022,350",215,"833,767",40,"824,606",25,"304,146",55,"596,026",150,"1,985,047",245,"9,867,720",280,"4,079,338",220,"328,953",200,"130,858",190,"28,977",390,"5,507,319",285,"2,722,081",85,"191,462",385,"2,349,385",185,"1,528,089",205,"-1,283,698",395,"244,391",170,"193,726",25,"56,534",75,"1,153,023",145,"253,997",25,"11,486",110,"78,790","1,535","513,884",280,"118,930",50,"455,134",55,"1,916,445",343,"28,402,766",385,"30,319,211",380,"24,443,740",61,"-1,233,125",350,"6,444,413",395,"5,211,288"
VIC,3723,"1,415",595,"1,395","49,836,074",935,"8,440,716",760,"619,374",20,"23,602",810,"8,419,256",35,"115,544",945,"37,160,851",225,"649,446",15,"225,820",20,"196,579",90,"527,517",100,"1,142,344",25,"290,107",20,"423,334",860,"1,435,954",185,"62,850",350,"1,855,462",350,"795,501","1,405","52,889,355",270,"664,797",120,"327,611",640,"177,851",40,"72,268",515,"564,415",20,"12,478",40,"48,088",20,"55,183",320,"118,584",595,"243,531","1,020","2,849,318",25,"47,805",65,"1,072,566",95,"706,818",120,"-1,387,703",295,"5,964,885",90,"961,582",15,"244,898",35,"867,529",30,"473,935",50,"620,650",90,"1,517,618",130,"2,309,469",95,"191,418",80,"50,698",65,"16,153",195,"2,489,360",125,"1,158,331",40,"98,717",185,"1,094,869",100,"677,952",100,"-540,509",200,"137,443",85,"58,330",15,"76,983",30,"490,144",40,"73,255",10,"8,080",55,"25,488",690,"234,985",140,"60,095",35,"138,458",43,"1,569,824",184,"9,825,348",215,"11,395,172",215,"10,144,078",51,"-1,679,205",182,"2,135,085",220,"455,880"
VIC,3725,340,135,340,"13,950,077",250,"2,523,952",210,"183,600",0,"10,487",225,"2,481,836",0,"9,974",225,"10,056,970",65,"147,829",0,"4,257",0,"45,426",25,"124,272",20,"205,212",0,"61,283",0,"75,376",215,"450,885",60,"19,153",100,"538,182",100,"230,631",340,"14,862,684",65,"130,977",20,"65,691",160,"40,535",10,"31,147",155,"118,349",0,"2,491",15,"6,916",0,17,90,"20,595",125,"33,094",245,"779,143",0,"14,401",20,"274,779",35,"265,753",80,"1,611,830",80,"961,442",15,"33,660",0,0,0,"23,358",0,"80,044",10,"110,397",20,"311,871",30,"422,598",15,"24,123",10,"4,235",10,"1,072",35,"491,560",25,"271,615",10,"13,800",35,"194,177",20,"99,414",15,"-87,446",35,"11,968",25,"12,061",0,"6,754",15,"319,520",10,"9,811",0,57,10,"4,316",185,"64,000",40,"18,462",0,"26,200",24,"2,910,979",33,"3,343,760",50,"6,242,879",50,"5,223,509",25,"214,928",33,"729,079",50,"938,447"
VIC,3726,215,80,210,"7,066,823",155,"1,061,152",115,"84,670",0,"1,876",120,"1,019,648",0,"8,551",125,"4,286,561",30,"121,399",0,"5,170",0,204,25,"125,571",25,"188,202",0,"8,271",0,"81,428",155,"259,356",55,"37,042",90,"521,015",90,"223,073",215,"7,604,989",30,"80,706",10,"23,870",85,"18,443",0,"19,671",60,"58,993",0,"1,149",0,"12,899",15,"37,584",65,"20,960",80,"23,636",150,"395,693",0,205,10,"196,697",15,"140,768",65,"790,348",70,"306,428",15,"11,330",0,0,0,"42,635",0,"5,634",25,"55,878",30,"186,673",25,"253,522",20,"9,589",15,"2,241",15,379,25,"315,168",20,"152,798",0,"6,163",30,"139,646",20,"76,341",10,"-59,780",30,"16,561",15,"6,985",0,"5,058",0,"86,877",0,"10,905",0,"1,173",10,"6,106",110,"37,634",25,"9,546",0,0,13,"1,352,079",19,"1,360,689",30,"2,712,768",30,"2,015,249",13,"236,113",19,"475,898",30,"712,011"
VIC,3727,190,80,185,"6,097,887",135,"880,410",110,"76,685",0,945,115,"816,400",0,"6,174",120,"4,212,232",30,"25,773",0,"26,400",0,"1,307",10,"80,457",15,"156,574",0,0,0,"55,523",115,"176,282",25,"12,551",45,"84,041",45,"36,006",190,"6,762,020",35,"83,124",0,"29,629",85,"21,330",0,"12,833",65,"70,444",0,134,0,113,0,34,40,"9,733",65,"21,619",125,"365,497",0,0,10,"132,624",15,"119,830",60,"796,190",65,"122,209",25,"27,952",0,0,0,"50,023",0,0,10,"121,585",20,"1,712,512",30,"301,984",10,627,10,627,10,55,15,"96,289",10,"65,419",0,387,15,"32,718",0,"24,319",10,"-26,554",15,"-2,235",15,"19,605",0,"2,519",10,"102,807",0,"13,697",0,"2,395",0,"1,693",105,"34,715",20,"8,062",0,"14,749",12,"1,970,902",11,"1,336,420",25,"3,307,322",25,"2,735,285",12,"273,904",11,"286,599",25,"560,503"
VIC,3728,320,80,320,"13,283,990",265,"2,158,013",230,"176,678",0,"3,593",235,"1,981,075",0,"17,392",250,"9,756,502",70,"102,722",0,"21,186",0,"12,394",20,"106,747",25,"239,442",0,"26,820",0,"60,378",175,"402,329",35,"8,285",75,"146,815",75,"63,062",320,"14,967,249",70,"163,461",25,"54,738",180,"46,353",10,"19,757",150,"151,473",0,202,0,"2,589",0,275,90,"10,673",125,"36,951",240,"713,684",0,"2,112",15,"287,848",25,"88,881",50,"2,990,757",65,"1,052,863",15,"2,602",0,0,0,"33,917",0,"1,180",15,"30,718",20,"74,371",25,"63,763",0,524,0,524,10,92,25,"250,434",20,"159,542",0,"29,228",25,"108,080",15,"39,512",10,"-85,928",25,"-46,416",15,"11,086",0,"1,740",10,"201,884",15,"25,328",0,"1,014",0,"1,397",205,"69,809",50,"20,310",0,"8,857",10,"2,815,752",22,"1,242,841",30,"4,058,593",30,"3,570,383",9,"467,416",22,"22,847",30,"490,263"
VIC,3730,"4,340","1,720","4,310","183,813,979","3,315","32,298,660","2,795","2,360,568",45,"49,911","2,930","32,222,852",90,"307,322","3,105","136,081,599",955,"1,782,871",45,"224,390",60,"370,523",335,"1,778,157",400,"4,109,023",70,"612,943",110,"2,771,077","2,480","5,498,097",585,"356,511","1,165","4,842,670","1,160","2,075,051","4,325","193,669,057",880,"1,956,276",305,"734,757","2,270","584,257",165,"288,951","1,850","1,626,999",25,"7,744",105,"333,533",95,"341,454","1,355","281,538","1,870","565,293","3,355","8,086,429",115,"236,602",235,"4,420,232",450,"3,226,700",175,"4,908,822",805,"17,057,688",250,"986,484",10,"108,323",15,"381,618",50,"376,484",190,"4,277,248",280,"9,782,410",355,"10,597,397",225,"326,866",210,"109,416",190,"79,961",540,"6,562,304",400,"3,605,390",150,"323,080",540,"3,019,367",235,"1,416,178",315,"-1,801,711",550,"-385,533",290,"345,337",55,"320,335",75,"1,076,662",160,"278,340",15,"10,587",165,"106,368","2,365","768,755",410,"168,651",80,"202,001",26,"1,510,535",322,"19,038,564",345,"20,549,099",340,"14,602,589",34,"-118,129",327,"5,886,019",355,"5,767,890"
VIC,3732,380,160,375,"12,870,894",255,"2,132,108",205,"162,440",0,"3,765",210,"2,070,955",0,"41,141",265,"10,187,757",55,"74,384",0,"19,162",0,"14,559",35,"175,616",45,"451,413",0,"40,574",0,"49,596",240,"408,342",55,"36,016",105,"587,484",105,"251,759",380,"13,479,807",75,"111,355",15,"49,140",180,"44,354",0,"5,092",150,"83,930",0,21,15,"11,363",15,"5,466",105,"16,944",175,"66,644",270,"523,502",0,"5,913",20,"374,855",25,"139,924",65,"-69,208",85,"615,281",25,"20,734",0,"263,241",0,"109,487",0,"58,260",20,"36,096",30,"436,937",40,"941,738",20,"20,216",15,"15,957",15,"2,347",45,"664,648",40,"381,317",15,"20,072",45,"247,511",20,"101,059",25,"-85,311",45,"15,748",25,"12,071",0,"3,511",0,"85,220",20,"43,973",0,"3,056",15,"10,054",180,"61,957",35,"14,358",10,"77,514",32,"2,245,296",42,"2,107,532",70,"4,352,828",70,"4,447,079",34,"-858,315",43,"699,017",70,"-159,298"
VIC,3733,130,50,125,"4,363,609",95,"599,031",70,"49,015",0,0,80,"581,995",0,"5,216",90,"2,836,721",10,"22,148",0,0,0,0,10,"69,060",15,"180,172",0,"48,214",0,426,90,"264,606",20,"33,508",45,"329,255",45,"141,096",130,"4,663,873",25,"45,016",0,"5,471",65,"16,303",0,"6,065",55,"48,586",0,628,0,770,0,"8,339",45,"9,773",50,"17,994",95,"242,459",0,"5,240",0,"87,011",10,"73,705",35,"13,875",40,"371,536",10,"9,254",0,0,0,"28,704",0,"13,780",0,"25,816",10,"65,581",10,"807,837",10,"16,026",10,"1,491",10,142,15,"201,189",10,"42,376",0,0,15,"65,116",10,"102,796",0,"-9,099",15,"93,697",0,"6,066",0,11,0,"75,000",0,"8,206",0,830,0,492,75,"25,539",20,"9,089",0,0,5,"445,920",12,"620,694",15,"1,066,614",20,"901,323",6,"20,583",12,"128,266",20,"148,849"
VIC,3735,420,175,420,"15,297,536",310,"2,443,408",255,"194,087",0,"4,452",265,"2,376,760",0,"5,427",285,"11,366,807",80,"127,867",0,"83,770",0,599,35,"224,630",35,"261,697",0,"32,046",0,"24,918",280,"598,690",85,"45,559",135,"652,073",135,"279,461",420,"15,974,335",75,"150,243",30,"61,485",195,"45,701",20,"26,789",160,"109,655",0,511,20,"23,284",10,"14,152",120,"36,204",145,"31,275",285,"655,962",0,"3,784",15,"271,874",30,"225,252",120,"347,453",125,"1,087,474",25,"10,626",0,"58,606",0,"50,246",10,"46,471",15,"21,361",25,"154,147",45,"356,036",25,"87,739",25,"8,088",20,"82,049",65,"606,117",50,"299,640",10,"12,121",65,"275,145",35,"156,302",30,"-137,091",65,"19,211",20,"8,920",0,"8,683",10,"123,745",15,"22,624",10,"8,889",10,"5,413",230,"76,262",30,"12,034",0,"1,638",23,"1,693,563",34,"2,290,254",55,"3,983,817",50,"3,205,026",23,"277,939",34,"448,326",55,"726,265"
VIC,3737,"2,445",900,"2,420","94,956,231","1,825","15,410,109","1,540","1,223,222",35,"39,257","1,620","15,663,493",35,"107,919","1,825","77,816,707",545,"771,968",20,"118,047",25,"96,351",190,"1,061,990",185,"1,773,191",45,"364,910",25,"646,706","1,570","3,535,012",330,"201,530",625,"2,224,988",625,"954,001","2,430","100,065,332",600,"1,244,049",170,"414,249","1,385","363,258",95,"184,720","1,055","990,100",25,"13,802",60,"45,882",40,"96,325",725,"143,326","1,125","300,132","1,900","4,803,980",40,"66,755",115,"1,851,105",195,"1,289,006",205,"-1,548,809",490,"7,434,505",150,"404,603",0,"147,752",15,"133,700",35,"354,623",110,"536,614",150,"2,384,013",180,"2,723,574",150,"267,752",130,"21,058",120,"42,809",340,"3,944,790",205,"1,603,663",105,"194,259",335,"1,792,964",190,"1,205,883",150,"-851,979",340,"353,904",80,"103,828",30,"152,115",40,"629,006",125,"338,264",15,"14,969",70,"35,742","1,375","446,280",260,"112,991",40,"51,774",50,"2,229,529",183,"13,549,125",225,"15,778,654",220,"13,364,679",56,"-570,224",183,"2,771,055",230,"2,200,831"
VIC,3738,95,40,95,"3,748,330",75,"591,117",60,"46,475",0,0,65,"601,868",0,"8,493",80,"3,255,797",15,"25,387",0,0,0,177,10,"68,423",0,"43,282",0,"53,512",0,0,50,"158,024",10,532,20,"64,488",20,"27,637",95,"3,955,255",30,"58,367",10,"49,410",55,"11,879",0,"6,634",40,"35,116",0,0,10,"8,706",0,960,25,"13,925",45,"11,697",80,"206,925",0,"8,026",0,"17,000",0,"14,000",10,"-121,203",20,"308,990",0,755,0,0,0,0,0,"22,537",0,"19,039",0,"40,286",10,"40,460",0,0,0,0,0,0,10,"63,217",0,"6,339",0,25,10,"34,594",10,"22,935",0,-676,10,"22,259",0,"4,178",0,73,0,941,0,"9,290",0,0,0,0,55,"15,975",20,"7,762",0,4,2,"24,551",5,"48,420",0,"72,971",0,"77,640",2,"12,184",5,"-20,063",0,"-7,879"
VIC,3739,110,40,110,"3,905,561",80,"572,158",70,"49,516",0,0,70,"568,415",0,"6,942",70,"2,571,161",10,"2,999",0,"11,635",0,0,10,"61,918",10,"117,441",0,"63,775",0,0,75,"185,301",20,"2,443",30,"279,455",30,"119,765",110,"4,149,813",20,"62,963",0,"2,727",50,"13,079",0,"8,585",35,"23,153",0,0,0,"3,713",0,0,30,"37,641",45,"26,624",85,"214,898",0,"6,682",0,"52,340",0,"83,755",25,"13,649",25,"332,336",0,"14,949",0,0,0,"22,247",0,"68,076",0,"4,849",0,"11,663",10,"106,024",0,"1,495",0,"1,495",0,255,10,"132,219",0,"16,337",0,"11,217",10,"52,592",10,"53,324",0,"-1,251",10,"52,073",10,744,0,366,0,"29,220",0,"7,193",0,0,0,"6,100",65,"22,215",15,"5,420",0,"2,453",2,"169,176",9,"1,071,434",10,"1,240,610",10,"968,491",4,"-40,059",9,"277,871",10,"237,812"
VIC,3740,585,215,580,"21,653,566",420,"3,327,804",360,"274,892",0,"8,614",370,"3,246,432",10,"31,032",445,"16,986,671",120,"177,838",0,"4,523",0,"4,336",45,"311,194",45,"383,332",10,"136,536",0,"133,316",345,"614,561",75,"35,495",160,"458,217",160,"196,334",580,"22,776,369",130,"279,265",50,"77,481",325,"92,386",25,"45,511",230,"248,420",0,"1,813",15,"18,329",10,"2,656",145,"33,844",265,"77,572",445,"1,045,062",10,"30,282",15,"200,634",50,"517,057",30,"-228,591",120,"1,794,546",35,"65,076",0,"56,545",0,"59,843",20,"426,930",25,"171,579",35,"597,367",45,"451,953",35,"200,763",30,"7,746",35,"83,838",90,"1,189,180",65,"521,416",20,"31,431",90,"571,126",50,"322,995",40,"-257,788",90,"65,207",25,"109,170",0,995,0,"92,200",20,"71,917",0,"2,132",20,"8,400",325,"109,381",60,"27,189",0,"66,222",7,"247,865",61,"2,241,030",65,"2,488,895",70,"1,638,997",10,"-110,355",66,"491,700",70,"381,345"
VIC,3741,"1,845",770,"1,825","69,466,131","1,295","11,483,948","1,050","854,670",15,"21,295","1,100","11,149,276",40,"116,340","1,240","48,087,587",300,"848,918",10,"177,848",15,"261,461",160,"873,761",170,"1,478,227",30,"473,365",45,"1,437,677","1,105","2,453,219",245,"258,639",475,"1,943,577",475,"833,848","1,835","73,015,918",375,"874,506",160,"273,973",825,"249,588",60,"127,711",670,"723,518",20,"5,420",50,"41,545",35,"46,451",495,"157,510",780,"245,819","1,320","3,211,527",50,"136,859",80,"1,235,835",120,"930,724",55,"-7,383",420,"6,386,231",105,"333,267",15,"364,277",10,"127,596",35,"464,719",100,"1,132,095",140,"4,142,643",155,"1,900,870",120,"490,222",95,"52,470",90,"19,155",285,"3,980,408",200,"1,670,074",85,"171,382",285,"2,026,489",135,"1,013,841",145,"-901,378",285,"112,463",80,"47,652",20,"68,379",25,"301,457",50,"161,322",10,"4,790",55,"37,196",955,"324,337",185,"76,299",40,"400,010",17,"293,940",202,"12,420,162",215,"12,714,102",210,"9,524,245",19,"-303,313",204,"3,464,314",220,"3,161,001"
VIC,3744,245,105,240,"8,579,033",165,"1,286,127",140,"106,424",0,"3,800",145,"1,268,709",0,303,160,"6,008,732",40,"76,043",0,"64,515",0,"54,581",20,"134,002",15,"140,516",0,"46,633",0,"90,155",125,"291,614",30,"10,155",55,"344,786",60,"147,388",245,"9,170,133",45,"94,002",15,"14,196",110,"28,732",10,"9,126",80,"78,850",0,"1,790",0,36,0,"35,229",55,"38,112",110,"28,427",170,"427,610",0,"11,805",15,"228,332",15,"79,510",0,"223,501",60,"676,543",15,"28,246",0,"39,365",0,0,0,"22,065",15,"260,647",20,"552,161",15,"460,567",15,"34,839",10,345,10,"9,535",50,"824,370",45,"454,490",10,"30,043",50,"425,837",15,"115,251",35,"-201,251",50,"-86,000",10,"22,761",0,166,0,"75,000",10,"24,110",0,0,0,"6,522",125,"43,677",20,"9,424",0,"20,314",3,"96,872",29,"1,785,402",30,"1,882,274",30,"1,378,581",3,"4,104",31,"484,565",35,"488,669"
VIC,3746,200,65,200,"8,271,255",150,"1,420,998",125,"106,638",0,"8,492",135,"1,446,443",0,"8,223",150,"6,586,864",45,"107,906",0,"27,879",0,"21,786",15,"117,473",15,"125,389",0,"23,492",0,"93,759",105,"166,615",25,"10,333",40,"107,839",40,"46,216",200,"8,527,383",40,"62,589",15,"29,386",115,"25,096",0,"4,863",95,"76,223",0,941,0,59,0,"1,657",65,"15,593",115,"29,534",170,"254,245",0,"11,923",10,"230,058",20,"146,571",0,"-19,110",25,"327,436",0,"55,797",0,"5,905",0,"32,298",0,"50,650",10,"25,724",15,"88,264",15,"104,716",10,"29,649",0,"1,748",0,"1,896",25,"232,172",20,"141,299",0,"6,620",25,"116,529",10,"39,809",15,"-72,085",25,"-32,276",10,"2,928",0,268,0,"3,069",0,"4,931",0,"2,187",10,"3,487",115,"37,367",25,"9,980",0,864,2,"138,707",27,"1,830,621",30,"1,969,328",30,"1,278,964",3,"-42,029",27,"704,800",30,"662,771"
VIC,3747,"2,530","1,115","2,505","105,961,748","1,895","18,557,935","1,605","1,372,186",35,"40,912","1,670","18,572,314",55,"155,819","1,885","81,598,811",525,"1,010,937",30,"449,519",25,"340,998",195,"1,051,868",210,"1,945,667",70,"639,833",70,"1,573,301","1,585","3,223,968",280,"98,468",635,"3,405,843",635,"1,458,691","2,525","110,598,399",565,"1,019,570",165,"252,510","1,135","258,341",90,"170,885","1,140","1,042,321",35,"8,282",65,"69,248",45,"125,476","1,025","246,753","1,170","351,599","1,975","4,328,780",85,"161,161",245,"4,956,053",260,"2,128,978",145,"113,013",460,"5,228,358",155,"250,503",10,"315,194",25,"550,011",40,"633,793",115,"2,481,705",175,"7,489,618",225,"3,200,448",165,"366,632",140,"76,067",140,"17,686",355,"4,547,211",245,"2,254,753",125,"274,115",350,"2,021,677",180,"1,066,647",180,"-1,074,657",355,"-8,010",165,"178,595",60,"237,302",40,"609,288",100,"162,757",20,"11,778",110,"52,446","1,325","430,594",310,"127,925",50,"273,244",44,"1,439,798",251,"16,839,662",285,"18,279,460",285,"14,950,542",54,"-1,015,231",254,"3,714,180",295,"2,698,949"
VIC,3749,"1,095",555,"1,090","52,896,678",840,"10,553,018",735,"719,508",15,"18,275",755,"10,748,367",35,"87,628",850,"41,535,949",220,"434,280",10,"59,379",10,"26,616",80,"374,865",75,"654,618",20,"435,710",30,"639,149",735,"1,367,835",145,"59,123",295,"1,286,687",295,"551,967","1,095","55,289,491",275,"546,759",100,"170,813",525,"120,321",50,"66,334",545,"524,476",20,"4,935",30,"17,613",30,"51,322",360,"122,514",490,"162,651",870,"2,123,853",25,"80,467",100,"2,039,696",125,"974,903",70,"88,655",205,"4,994,064",80,"656,371",0,"63,800",20,"162,977",20,"147,694",55,"775,258",75,"2,648,876",100,"1,777,794",70,"85,237",65,"15,677",60,"2,037",180,"2,118,994",140,"1,260,820",65,"105,533",180,"884,961",80,"432,536",105,"-564,856",180,"-132,320",70,"89,312",10,"23,851",15,"206,636",65,"127,229",10,"6,362",55,"27,748",560,"171,554",100,"42,643",15,"71,767",41,"1,337,483",114,"5,280,618",145,"6,618,101",145,"5,270,981",45,"-663,360",116,"1,907,883",150,"1,244,523"
VIC,3750,"1,875",630,"1,865","89,697,688","1,605","15,588,672","1,460","1,231,898",15,"22,406","1,520","16,278,877",95,"323,491","1,655","84,239,109",415,"1,263,324",30,"179,086",40,"341,804",90,"450,808",40,"351,842",0,"40,656",0,"86,815",925,"1,635,382",55,"28,842",180,"359,299",180,"153,901","1,870","94,417,356",685,"1,889,473",225,"335,224","1,120","334,937",105,"178,681","1,250","1,301,013",40,"16,826",50,"48,842",15,"19,601",790,"162,077","1,090","223,898","1,610","4,701,016",0,"9,918",120,"2,190,280",100,"368,332",25,"-168,974",115,"2,349,725",20,"50,391",15,"321,831",0,"11,700",15,"58,178",25,"163,922",30,"391,214",55,"879,994",20,"28,504",20,"27,110",15,900,210,"2,704,749",165,"1,809,009",100,"257,723",210,"1,146,352",70,"519,970",140,"-1,028,305",210,"-508,335",80,"133,646",10,"7,864",0,"80,000",100,"107,918",0,676,65,"39,129","1,205","354,133",45,"21,212",50,"83,374",9,"114,647",166,"7,147,447",175,"7,047,992",155,"4,709,794",10,"-93,084",167,"2,642,261",175,"2,549,177"
VIC,3751,145,75,145,"8,656,156",110,"2,153,367",100,"119,067",0,"1,910",100,"2,224,542",0,"5,118",100,"4,263,209",20,"112,747",0,"44,788",0,"18,299",0,"30,194",0,"42,970",0,"7,165",0,0,90,"404,490",10,"31,087",40,"1,487,702",40,"637,569",145,"9,084,833",35,"107,759",10,"22,300",60,"15,387",0,"5,482",60,"55,671",0,0,0,220,0,178,40,"6,820",60,"21,145",105,"361,676",0,"1,074",0,"114,964",0,"22,051",0,"-28,647",40,"1,514,771",10,"254,312",0,0,0,"10,623",0,"16,136",10,"144,492",10,"309,993",10,"41,675",0,"1,036",0,"1,036",0,95,25,"245,096",20,"155,363",10,"13,663",25,"87,409",10,"61,040",15,"-72,379",25,"-11,339",15,"12,161",0,35,0,"115,000",10,"11,713",0,338,0,"3,766",80,"26,376",15,"7,768",0,"1,907",1,"4,317",19,"1,463,193",20,"1,467,510",20,"1,123,030",1,"-70,133",19,"409,883",20,"339,750"
VIC,3752,"12,220","5,230","12,150","591,929,038","10,280","106,659,695","9,260","8,073,034",125,"141,850","9,650","110,407,884",345,"1,178,335","10,705","548,896,909","2,805","9,497,534",195,"2,122,457",290,"2,577,078",705,"3,535,320",380,"3,320,906",65,"494,805",55,"1,219,061","6,000","5,532,485",525,"167,588","1,615","5,053,582","1,610","2,137,504","12,155","622,652,023","4,275","12,751,591","1,385","1,745,087","7,160","2,135,236",550,"913,385","8,075","8,458,670",255,"110,086",300,"200,535",80,"166,829","5,310","1,236,938","6,930","1,563,301","10,500","30,517,462",70,"113,676",880,"15,460,282",955,"4,674,451",15,"-65,610","1,040","21,159,996",250,"305,125",105,"1,886,867",0,"3,700",115,"1,143,044",240,"2,466,488",315,"5,757,645",510,"7,348,038",230,"245,419",210,"76,622",180,"19,856","1,615","20,701,647","1,465","17,448,137",865,"2,478,211","1,635","9,907,828",370,"1,909,508","1,265","-11,042,037","1,635","-9,132,529",595,"676,848",85,"247,651",45,"241,789",610,"955,677",20,"21,118",670,"333,292","7,260","2,263,093",610,"259,473",360,"899,811",13,"252,888",863,"76,154,049",875,"76,356,571",855,"59,702,872",22,"-164,558",881,"16,092,905",905,"15,928,347"
VIC,3753,770,330,765,"39,673,420",665,"7,588,359",600,"548,175",20,"15,782",625,"7,815,158",25,"78,151",640,"34,588,484",165,"765,740",20,"201,141",25,"199,808",45,"236,871",25,"216,869",0,"71,628",0,"51,455",365,"551,517",40,"10,420",115,"658,178",115,"282,049",765,"41,931,135",270,"903,590",100,"189,497",445,"129,477",25,"66,492",490,"537,422",15,"1,867",20,"25,634",0,"4,267",325,"48,174",430,"106,166",650,"2,184,443",0,"12,115",50,"784,925",65,"366,261",10,"-9,271",110,"2,207,461",20,"152,050",0,"391,497",0,"73,279",0,"27,903",20,"398,442",30,"866,808",40,"618,960",25,"23,673",20,"6,078",15,833,90,"1,539,640",85,"969,313",55,"147,301",95,"667,589",35,"259,837",60,"-504,400",95,"-244,563",55,"45,356",10,"38,567",0,"101,400",50,"65,047",0,"3,144",30,"12,966",465,"144,857",55,"22,034",35,"88,093",4,"69,404",54,"3,847,510",60,"3,916,914",60,"2,944,552",4,"-115,584",56,"1,016,335",60,"900,751"
VIC,3754,"14,745","7,565","14,680","770,482,999","12,585","147,004,997","11,545","10,684,294",175,"186,522","11,905","152,831,128",675,"2,169,816","12,990","698,836,888","3,595","13,763,942",245,"2,374,442",380,"3,446,981",765,"3,652,098",445,"3,881,328",105,"1,225,323",65,"1,696,739","7,660","6,106,767",595,"260,522","1,910","8,147,093","1,905","3,489,777","14,695","812,294,791","5,760","17,379,731","1,945","2,673,405","8,560","2,507,020",745,"1,255,952","10,070","11,373,957",270,"96,761",330,"273,154",100,"244,642","6,200","1,404,558","8,305","1,925,891","12,875","41,394,697",105,"220,896","1,210","20,419,972","1,170","5,917,023",30,"-2,335,317","1,130","34,865,133",325,"3,446,335",130,"2,773,167",10,"348,671",165,"1,227,577",320,"6,527,229",400,"13,663,338",620,"7,446,702",285,"1,604,103",245,"859,772",225,"164,908","1,415","18,384,224","1,325","15,469,064",730,"2,080,212","1,420","8,706,822",260,"1,824,642","1,170","-9,696,516","1,430","-7,871,874",730,"580,800",125,"349,721",90,"953,742",810,"1,239,749",45,"35,694",870,"477,518","8,470","2,543,112",640,"268,692",470,"693,794",39,"1,028,087","1,221","72,924,984","1,260","73,951,119","1,225","48,560,760",50,"-316,226","1,241","24,871,437","1,290","24,555,211"
VIC,3755,160,90,160,"7,939,463",115,"1,645,365",105,"106,947",0,"3,548",105,"1,692,451",0,"14,800",115,"5,401,325",25,"83,554",0,0,0,"47,122",10,"59,747",10,"130,034",0,"16,719",0,"31,327",90,"335,908",15,"2,916",40,"143,239",40,"61,411",160,"8,371,963",50,"159,385",15,"4,535",75,"22,218",0,"7,083",90,"95,644",0,289,0,688,0,0,55,"9,862",75,"19,504",130,"379,698",0,"4,915",10,"128,371",15,"114,970",10,"-100,152",30,"398,665",10,"74,453",0,"11,509",0,"9,731",0,0,15,"1,314,842",15,"2,629,467",0,"23,183",10,977,10,977,0,183,25,"322,140",20,"199,447",0,"20,224",25,"114,482",10,"70,308",15,"-82,321",25,"-12,013",10,772,0,0,0,"48,041",0,"12,449",0,338,10,"5,147",85,"26,232",20,"7,718",0,"6,783",4,"157,399",18,"1,438,140",20,"1,595,539",20,"1,175,917",4,"-26,447",18,"450,856",20,"424,409"
VIC,3756,"5,530","2,165","5,515","272,725,215","4,610","50,367,851","4,155","3,719,824",65,"73,470","4,320","51,866,113",135,"399,677","4,750","245,251,766","1,275","4,231,642",105,"1,259,657",150,"1,568,149",350,"1,802,916",225,"2,139,263",50,"520,032",50,"1,102,567","2,785","2,993,970",325,"114,946",885,"3,387,596",880,"1,451,640","5,515","287,649,382","1,950","5,727,122",635,"1,176,792","3,440","989,066",240,"439,461","3,635","3,730,089",110,"36,004",125,"186,764",50,"312,683","2,620","474,920","3,185","771,938","4,795","14,671,517",60,"113,803",330,"5,412,549",495,"2,956,266",40,"-276,672",475,"9,671,842",155,"314,029",65,"1,427,336",10,"239,809",65,"399,714",135,"826,851",175,"1,814,380",270,"4,542,999",170,"679,055",135,"124,495",125,"35,277",615,"7,852,009",550,"6,232,828",290,"826,072",620,"3,714,792",145,"817,191",480,"-3,738,874",625,"-2,921,683",315,"324,137",45,"173,233",35,"322,938",260,"491,461",10,"8,356",255,"144,264","3,210","981,871",375,"156,325",180,"488,429",25,"240,426",488,"39,635,060",510,"39,848,268",510,"29,731,237",35,"-658,914",494,"10,331,961",525,"9,673,047"
VIC,3757,"4,580","2,365","4,555","222,916,005","3,645","42,670,082","3,245","3,010,786",45,"56,827","3,340","43,680,882",90,"289,742","3,555","176,943,871",890,"3,942,133",75,"1,014,356",95,"1,479,688",260,"1,453,027",195,"1,799,204",60,"823,650",60,"1,472,332","2,580","5,431,743",395,"141,861",920,"5,615,618",920,"2,389,598","4,560","234,784,043","1,315","4,255,084",405,"784,202","2,370","695,306",145,"266,396","2,580","2,748,826",70,"15,881",135,"72,866",65,"167,010","1,655","400,268","2,540","678,796","3,740","11,580,686",75,"175,348",285,"4,817,159",470,"3,677,416",90,"-1,387,195",685,"16,930,145",180,"692,760",40,"647,787",25,"1,030,601",65,"722,318",140,"3,695,357",220,"8,081,546",310,"5,385,924",175,"289,682",155,"129,481",150,"42,099",545,"7,991,204",445,"5,047,999",235,"615,225",545,"3,395,780",200,"1,804,774",360,"-2,872,574",560,"-1,067,800",310,"411,137",55,"356,013",70,"1,022,586",225,"452,128",10,"7,810",225,"135,817","2,465","789,063",370,"152,750",120,"410,149",30,"567,034",458,"35,005,549",485,"34,768,428",490,"25,287,371",44,"-653,270",477,"9,805,752",515,"9,117,238"
VIC,3758,"1,280",555,"1,270","60,054,563","1,050","10,747,183",930,"814,475",30,"31,696",965,"11,108,133",20,"81,276","1,070","53,045,590",265,"1,238,631",25,"197,086",40,"339,593",75,"368,117",45,"422,594",10,"203,964",0,"256,176",610,"750,323",85,"29,385",225,"785,355",225,"336,877","1,270","63,460,866",415,"1,099,204",160,"422,675",755,"229,810",55,"92,871",805,"834,101",15,"3,214",30,"93,073",0,"27,947",565,"102,204",680,"150,085","1,075","3,341,321",10,"26,256",75,"1,260,028",110,"790,308",10,"-66,728",150,"2,778,903",40,"179,926",0,"95,960",10,"224,622",25,"225,412",25,"260,549",30,"647,060",50,"1,003,281",40,"167,085",35,"10,592",25,645,140,"1,586,758",125,"1,169,190",55,"114,249",140,"770,526",35,"217,301",105,"-684,508",140,"-467,207",60,"32,383",0,"53,303",10,"109,343",70,"175,261",10,"6,993",65,"39,686",745,"239,405",130,"54,773",45,"69,530",9,"976,715",136,"11,666,428",140,"12,643,143",140,"10,481,946",11,"-282,528",135,"2,179,300",140,"1,896,772"
VIC,3759,660,425,655,"39,713,488",530,"9,207,732",470,"553,344",10,"9,396",485,"9,443,252",15,"45,015",485,"26,120,360",125,"679,340",10,"228,881",15,"622,952",20,"98,200",30,"273,803",10,"160,842",0,"128,628",390,"740,455",75,"100,736",180,"1,998,958",180,"856,478",660,"41,631,739",160,"560,835",45,"93,591",235,"58,250",15,"28,666",315,"318,472",20,"3,762",25,"73,918",20,"165,686",205,"79,305",300,"152,793",530,"1,894,872",15,"30,225",45,"797,430",90,"780,636",10,"-39,889",180,"5,595,369",65,"655,341",0,"94,520",0,"25,702",0,"27,012",30,"1,053,348",45,"2,063,250",55,"618,151",40,"154,996",35,"21,342",30,"28,606",100,"1,778,320",85,"1,159,057",35,"116,813",100,"708,936",40,"393,313",65,"-599,799",105,"-206,486",70,"45,677",10,"49,699",20,"266,088",30,"82,535",0,57,35,"20,333",330,"106,318",50,"20,150",20,"80,683",5,"56,937",84,"5,668,959",90,"5,725,896",90,"4,125,450",8,"-147,938",83,"1,848,996",90,"1,701,058"
VIC,3760,275,165,275,"13,802,963",215,"2,662,656",200,"189,999",0,"2,409",205,"2,747,235",0,"22,551",215,"11,749,043",55,"162,875",0,"35,277",0,"20,326",15,"47,833",10,"91,314",0,"81,610",0,"64,786",155,"172,901",35,"20,484",80,"637,244",80,"273,054",275,"14,461,991",75,"262,418",20,"12,437",110,"26,332",10,"23,789",165,"160,540",10,"1,710",0,"2,371",0,"17,144",100,"37,276",120,"38,111",220,"643,972",0,"15,710",25,"453,493",40,"461,817",0,"-133,483",45,"771,294",15,"23,219",0,"12,053",0,"44,196",0,"13,945",10,"43,062",15,"134,965",30,"334,831",10,"106,904",10,"4,371",10,"12,887",35,"555,379",35,"381,133",15,"21,093",35,"298,265",15,"59,365",25,"-204,477",35,"-145,112",15,"21,348",0,44,0,"27,669",10,"34,175",0,867,15,"7,232",145,"45,944",30,"12,264",0,952,6,"101,561",33,"1,248,528",40,"1,350,089",35,"991,112",6,"-140,226",33,"479,724",40,"339,498"
VIC,3761,655,360,650,"97,871,146",515,"35,622,226",460,"1,416,331",10,"20,203",465,"36,660,474",25,"98,423",480,"24,761,807",115,"598,953",10,"171,369",10,"174,406",30,"164,779",40,"353,640",10,"99,264",0,"127,214",370,"757,082",60,"24,143",165,"1,461,076",160,"626,130",650,"102,405,186",165,"483,105",75,"92,419",235,"64,133",20,"49,441",335,"417,484",15,"3,068",20,"13,473",10,"11,373",240,"3,103,798",315,"104,733",500,"4,522,886",10,"21,565",40,"671,157",75,"672,053",10,"2,663",115,"3,195,195",40,"145,192",0,"141,021",0,"52,769",10,"73,422",25,"59,948,960",35,"60,439,026",55,"1,583,933",30,"1,291,664",30,"1,277,223",20,"2,519",80,"1,160,881",65,"679,585",25,"80,549",80,"489,444",30,"346,346",55,"-435,043",80,"-88,697",55,"6,462,293",10,"54,081",10,"131,095",25,"48,764",0,"2,278",35,"20,531",330,"106,199",65,"28,464",15,"157,013",4,"54,369",81,"5,177,471",85,"5,231,840",85,"3,699,448",7,"-84,596",85,"1,546,614",90,"1,462,018"
VIC,3762,85,50,85,"4,244,016",65,"864,481",55,"57,363",0,"1,598",55,"880,578",0,0,65,"3,396,804",20,"77,940",0,"127,741",0,"98,648",0,"33,783",0,"64,231",0,0,0,0,55,"80,114",10,"2,828",25,"156,392",25,"67,012",85,"4,433,084",25,"78,750",15,"13,875",40,"10,309",0,"3,329",45,"39,835",0,85,0,446,0,"18,229",25,"4,858",50,"14,689",65,"189,069",0,0,0,"37,987",10,"42,831",0,"-14,114",20,"212,722",0,"4,458",0,0,0,"27,405",0,"5,299",0,"92,714",10,"186,268",0,"177,825",0,878,0,878,0,101,15,"249,473",15,"194,666",0,"26,527",15,"84,779",10,"66,335",10,"-122,834",15,"-56,499",10,"81,921",0,0,0,0,0,"4,664",0,338,0,"1,651",35,"10,403",0,"2,285",0,"23,438",2,"46,846",9,"361,435",10,"408,281",10,"401,635",2,"-48,310",9,"24,577",10,"-23,733"
VIC,3763,900,360,895,"40,360,858",715,"7,053,669",635,"538,166",15,"14,562",660,"7,194,972",20,"57,109",710,"34,440,926",170,"595,986",15,"278,490",20,"157,992",65,"318,971",55,"502,162",15,"162,982",10,"296,813",475,"480,068",55,"19,541",135,"451,900",135,"193,611",900,"42,770,005",285,"932,835",85,"179,213",470,"134,414",45,"91,953",525,"518,461",20,"6,656",20,"5,007",10,"83,588",295,"74,919",495,"176,935",745,"2,388,184",15,"32,470",65,"1,098,396",75,"450,084",10,"-102,540",95,"2,013,478",15,"96,738",0,"74,886",0,"68,957",10,"343,939",25,"306,481",35,"661,665",50,"1,068,435",15,"27,017",10,"8,161",10,"2,265",95,"1,127,632",90,"882,469",45,"134,122",100,"564,475",20,"77,180",80,"-530,614",100,"-453,434",60,"80,212",10,"29,599",10,"112,738",40,"71,449",0,"2,430",40,"32,047",495,"161,863",60,"26,076",25,"93,246",2,"538,927",120,"7,661,756",120,"8,200,683",120,"5,894,812",3,"-18,051",121,"2,016,331",125,"1,998,280"
VIC,3764,"4,200","1,900","4,170","204,686,397","3,435","38,538,218","3,010","2,741,280",65,"82,582","3,145","39,427,322",125,"395,392","3,405","172,375,191",915,"2,539,064",75,"830,925",105,"1,210,961",255,"1,316,282",265,"2,518,452",45,"439,243",55,"1,523,801","2,190","3,431,392",335,"128,333",775,"4,974,531",775,"2,129,790","4,175","215,305,071","1,285","3,400,115",470,"893,226","2,380","686,718",155,"291,782","2,570","2,662,191",65,"25,460",125,"204,865",40,"81,655","1,960","604,979","2,295","556,838","3,510","10,345,987",55,"120,340",245,"3,787,858",430,"2,983,854",115,"-1,186,965",530,"12,055,705",155,"624,448",45,"562,417",30,"924,498",75,"1,006,398",150,"1,712,646",195,"3,851,182",230,"3,159,422",150,"539,762",130,"266,993",125,"89,878",565,"8,164,278",485,"5,298,409",240,"589,446",565,"3,497,736",185,"1,506,428",390,"-2,727,741",575,"-1,221,313",265,"245,799",30,"224,024",40,"474,808",235,"432,577",20,"10,769",195,"111,804","2,335","744,039",355,"151,954",135,"315,701",48,"2,345,564",389,"24,013,240",430,"26,403,804",435,"19,753,596",55,"-845,775",396,"6,999,811",440,"6,189,985"
VIC,3765,"3,975","2,155","3,955","201,886,433","3,205","39,876,670","2,880","2,764,724",35,"50,279","2,955","41,025,538",120,"367,663","3,140","157,760,503",855,"3,125,021",65,"647,687",80,"631,538",210,"1,002,063",195,"1,755,031",60,"525,204",40,"1,182,936","2,345","3,864,389",370,"136,395",995,"5,341,085",990,"2,288,583","3,960","211,202,070","1,095","3,020,645",420,"406,605","1,890","462,230",170,"288,603","2,165","2,090,961",55,"21,444",155,"316,428",75,"149,357","1,505","474,359","1,895","547,407","3,285","9,226,956",70,"127,672",275,"4,960,167",400,"3,225,090",15,"3,958",630,"20,454,698",225,"1,022,308",30,"491,135",0,"35,772",60,"423,843",125,"1,053,554",200,"3,068,760",300,"4,908,920",215,"517,001",180,"179,086",165,"29,917",500,"7,910,819",400,"4,916,535",215,"498,089",500,"3,440,585",180,"1,614,054",335,"-2,558,444",515,"-944,390",225,"260,235",45,"114,389",95,"1,072,353",205,"362,910",15,"7,538",210,"119,118","2,175","677,240",370,"157,858",105,"249,154",12,"122,242",401,"25,592,914",410,"25,715,156",410,"16,006,157",14,"8,957",406,"9,460,923",420,"9,469,880"
VIC,3766,800,435,795,"41,556,469",650,"8,386,167",555,"561,847",10,"11,851",580,"8,614,973",20,"84,553",635,"35,308,828",160,"517,982",10,"87,545",15,"69,077",45,"287,857",45,"486,275",15,"213,146",10,"194,500",430,"698,712",85,"37,078",195,"949,719",190,"406,951",795,"43,621,215",225,"676,887",85,"112,288",335,"83,854",35,"75,065",440,"466,478",15,"4,442",35,"95,941",15,"28,700",345,"124,857",415,"145,821",660,"1,980,413",15,"30,799",45,"1,041,750",90,"771,892",0,"51,509",105,"1,173,658",35,"25,380",10,"222,686",0,"1,564",10,"84,305",25,"964,884",40,"2,044,992",60,"452,335",55,"411,997",40,"350,251",30,"27,737",120,"1,775,799",100,"1,245,913",55,"134,023",120,"814,046",40,"318,316",80,"-736,499",120,"-418,183",55,"68,117",15,"117,359",10,"73,612",45,"89,361",0,"1,511",40,"24,806",410,"125,014",80,"34,851",25,"21,282",3,"10,720",89,"4,214,302",90,"4,225,022",90,"2,561,770",3,"3,283",91,"1,607,066",95,"1,610,349"
VIC,3767,685,405,680,"34,223,026",520,"6,905,069",445,"459,241",10,"15,082",460,"6,794,001",20,"71,199",500,"26,653,553",145,"682,478",10,"32,575",10,"183,223",35,"191,529",45,"426,663",10,"66,476",15,"483,965",405,"995,530",70,"44,377",185,"1,004,778",185,"429,338",685,"36,070,448",185,"539,323",70,"60,052",240,"59,862",35,"77,557",330,"387,923",10,"7,590",20,"94,272",20,"27,187",250,"97,243",325,"127,001",540,"1,784,766",15,"45,363",50,"969,495",85,"685,205",0,0,100,"1,803,091",30,"152,504",0,"118,299",0,0,15,"181,468",20,"381,158",40,"888,225",85,"1,558,002",45,"803,220",35,"21,528",35,"249,021",90,"1,416,015",75,"1,005,717",30,"72,010",95,"573,861",35,"219,931",60,"-455,504",95,"-235,573",35,"26,664",10,"22,780",15,"228,130",30,"59,108",0,338,45,"37,616",320,"107,087",65,"29,806",15,"39,401",3,"319,968",90,"5,432,055",95,"5,752,023",90,"4,129,074",3,"-23,526",93,"1,480,533",95,"1,457,007"
VIC,3770,"1,870","1,005","1,855","106,927,603","1,500","24,344,630","1,330","1,475,235",20,"22,680","1,375","25,024,655",35,"121,649","1,430","67,413,641",365,"1,331,751",20,"113,511",30,"200,650",80,"353,787",85,"869,201",20,"165,135",10,"275,572","1,095","2,388,043",185,"245,462",465,"9,827,503",460,"4,211,142","1,860","112,051,683",460,"1,311,003",165,"286,729",940,"245,856",60,"89,248",910,"769,931",25,"11,529",60,"194,064",40,"88,918",715,"482,711",840,"299,715","1,515","4,861,184",20,"24,272",85,"1,504,092",150,"1,152,698",90,"-530,028",375,"17,757,346",145,"3,330,932",15,"485,926",20,"1,401,913",25,"379,346",70,"1,067,964",105,"2,734,470",140,"5,325,970",110,"429,516",100,"73,631",95,"100,613",230,"4,519,516",180,"2,438,428",70,"208,248",220,"1,610,967",110,"1,232,509",125,"-970,636",235,"261,873",130,"137,980",25,"38,409",50,"883,118",90,"191,930",0,"4,065",95,"71,964","1,015","325,040",165,"71,378",40,"35,215",27,"2,727,527",183,"16,752,072",205,"19,479,599",205,"16,168,830",37,"-1,127,618",186,"3,924,166",215,"2,796,548"
VIC,3775,"2,230","1,235","2,205","114,991,732","1,750","23,784,330","1,545","1,550,219",40,"39,316","1,595","24,048,594",60,"200,208","1,670","86,113,098",390,"1,579,899",35,"367,069",40,"382,361",110,"590,787",140,"1,372,368",35,"797,503",25,"713,996","1,315","2,329,743",220,"128,867",565,"5,659,873",560,"2,425,447","2,220","120,989,716",575,"1,724,897",215,"314,124","1,045","273,632",85,"141,741","1,135","1,082,416",20,"10,144",75,"136,924",45,"242,755",770,"393,598","1,075","340,014","1,785","5,343,953",35,"138,532",125,"1,931,416",220,"1,960,879",105,"-572,699",400,"11,223,270",130,"1,208,425",20,"492,065",20,"439,729",35,"480,361",80,"1,469,467",115,"3,784,822",180,"2,151,623",120,"832,670",100,"667,357",95,"268,859",305,"5,089,111",230,"3,134,562",115,"289,888",300,"2,086,175",125,"1,093,873",185,"-1,515,387",310,"-421,514",150,"234,035",20,"125,568",30,"424,296",110,"253,320",0,"1,765",120,"59,278","1,145","362,279",185,"75,586",60,"241,286",31,"917,431",239,"14,915,025",265,"15,832,456",255,"12,092,364",36,"-666,553",240,"4,022,293",270,"3,355,740"
VIC,3777,"5,705","2,325","5,685","256,241,242","4,520","45,668,921","3,900","3,364,902",85,"111,442","4,065","46,283,238",120,"355,780","4,370","201,464,666","1,025","3,522,428",80,"869,629",90,"1,436,937",425,"2,162,973",400,"3,992,578",80,"1,045,047",70,"1,513,601","3,155","4,954,017",455,"224,454","1,125","6,438,827","1,120","2,755,153","5,690","268,119,688","1,385","3,599,649",500,"684,873","2,890","772,524",240,"339,483","2,850","2,790,750",75,"27,866",125,"199,549",65,"214,507","1,820","582,917","2,835","838,591","4,585","11,429,304",90,"186,086",265,"4,489,307",470,"3,403,149",85,"1,366,708",805,"15,683,824",220,"761,030",40,"811,768",15,"103,088",105,"1,180,515",200,"2,868,304",280,"7,569,065",350,"9,170,292",270,"1,166,276",220,"248,740",200,"211,785",740,"9,899,187",585,"5,705,819",250,"524,430",735,"4,239,070",320,"2,248,009",425,"-2,818,141",750,"-570,132",290,"281,949",80,"80,269",75,"878,268",245,"414,284",25,"15,815",230,"149,123","3,240","1,054,055",550,"231,274",145,"480,699",30,"1,154,570",680,"46,064,327",705,"47,227,302",690,"33,613,345",41,"-72,533",700,"13,135,558",730,"13,076,289"
VIC,3778,110,20,110,"3,379,886",80,"411,028",65,"40,728",0,0,70,"412,142",0,"2,523",80,"2,889,329",10,"36,117",0,0,0,"2,679",0,"17,894",10,"74,953",0,"7,714",0,"18,946",65,"172,580",0,"1,798",15,"34,758",15,"14,891",110,"3,513,286",25,"52,811",10,"8,759",60,"16,475",0,0,40,"29,340",0,101,0,510,0,0,25,"5,575",35,"6,699",75,"121,561",0,"1,157",0,"6,538",0,"28,503",10,"-44,370",15,"210,439",0,235,0,0,0,0,0,"186,703",0,"1,322",0,"3,710",10,"55,564",0,"4,402",0,"4,402",0,28,0,"96,130",0,"56,030",0,0,0,"48,785",0,"28,859",0,"-37,544",0,"-8,685",0,327,0,0,0,0,0,"1,291",0,0,0,737,70,"24,184",10,"4,893",0,67,3,"30,697",16,"974,232",20,"1,004,929",20,"1,112,846",3,"-27,594",15,"-80,917",20,"-108,511"
VIC,3779,200,90,200,"6,610,394",145,"998,278",115,"84,421",0,"1,387",120,"950,658",0,"2,673",105,"4,060,709",20,"83,107",0,0,0,"45,225",15,"72,812",20,"202,997",0,"5,612",0,"118,081",145,"725,126",25,"10,609",50,"213,485",50,"91,481",200,"7,031,094",25,"87,212",15,"15,258",65,"16,542",0,"8,747",65,"65,352",0,0,0,"7,544",0,"12,965",60,"39,335",90,"34,543",150,"416,083",0,"5,750",0,"81,475",10,"69,648",0,"-29,176",50,"412,759",15,"15,158",0,"25,800",0,0,0,"24,030",10,"64,424",10,"125,576",15,"34,585",20,"263,818",15,"16,109",15,"36,099",20,"339,390",10,"32,877",0,"9,735",20,"96,406",20,"208,381",0,"-8,009",25,"200,372",15,"8,923",0,"1,131",10,"113,200",0,"10,673",0,0,10,"5,514",115,"38,039",30,"13,005",0,"6,819",2,"46,395",30,"1,633,222",30,"1,679,617",30,"1,227,256",2,"-13,498",31,"443,264",35,"429,766"
VIC,3781,"2,345",890,"2,325","114,914,838","1,940","21,591,211","1,765","1,580,958",30,"32,368","1,805","22,081,143",60,"182,668","1,960","98,498,870",545,"1,765,628",50,"371,162",60,"497,251",155,"686,557",80,"802,698",15,"141,994",10,"236,245","1,105","1,172,363",135,"23,586",325,"1,740,781",320,"746,049","2,325","120,151,681",670,"1,956,468",195,"344,424","1,315","370,975",110,"204,616","1,330","1,279,217",35,"8,408",40,"49,753",15,"39,383",800,"204,333","1,215","322,134","1,955","5,187,233",15,"33,741",135,"2,312,834",190,"995,975",25,"-24,876",270,"7,101,472",70,"137,155",25,"587,139",10,"149,798",35,"216,594",60,"1,060,618",75,"2,315,377",95,"847,862",65,"682,740",50,"37,247",55,"186,510",255,"3,481,635",225,"2,647,350",105,"283,483",250,"1,480,314",85,"481,418",175,"-1,410,930",260,"-929,512",145,"164,693",10,"59,219",30,"197,056",125,"201,470",10,"12,455",110,"57,191","1,385","427,559",180,"79,657",75,"201,029",9,"601,318",216,"14,193,560",225,"14,794,878",220,"10,858,225",11,"34,895",221,"3,664,276",230,"3,699,171"
VIC,3782,"4,740","2,490","4,715","239,195,836","3,730","48,007,102","3,315","3,253,571",70,"84,045","3,405","48,996,441",100,"332,598","3,700","186,289,909",900,"2,982,123",85,"1,064,534",95,"1,477,121",235,"989,724",235,"2,177,771",80,"823,941",60,"1,442,322","2,655","4,032,269",420,"186,268","1,035","6,154,521","1,030","2,637,477","4,720","250,097,612","1,215","3,729,764",420,"477,458","2,105","527,674",155,"239,889","2,470","2,538,742",80,"21,756",110,"153,142",70,"330,848","1,675","815,880","2,260","678,538","3,800","10,706,901",80,"160,930",335,"5,337,595",485,"3,649,843",65,"-451,921",705,"18,420,853",235,"2,147,725",55,"878,097",10,"87,121",60,"709,885",170,"6,916,744",245,"11,202,540",325,"4,318,101",210,"883,159",170,"166,849",160,"81,392",610,"9,881,305",530,"6,745,488",260,"618,087",620,"4,032,309",200,"1,788,579",420,"-3,303,158",625,"-1,514,579",295,"375,340",65,"183,777",70,"779,613",205,"385,938",15,"13,403",270,"156,056","2,455","788,578",460,"197,508",140,"643,549",20,"822,270",458,"33,653,238",475,"34,475,508",465,"23,055,501",22,"-44,613",465,"10,861,774",480,"10,817,161"
VIC,3783,"1,230",565,"1,225","56,838,447",955,"10,298,493",855,"765,456",20,"24,107",875,"10,626,013",35,"113,973",960,"47,069,676",270,"787,297",20,"195,690",25,"297,033",95,"486,978",60,"608,573",20,"144,405",10,"223,834",630,"965,140",95,"44,778",235,"1,306,818",235,"559,998","1,225","59,646,410",335,"900,850",110,"163,160",635,"157,986",65,"107,584",675,"678,620",20,"4,731",30,"41,907",25,"108,774",390,"146,608",580,"171,294","1,000","2,759,653",15,"19,699",75,"1,101,410",100,"631,067",45,"115,497",180,"2,939,356",50,"197,974",10,"239,700",0,"44,865",25,"229,353",45,"567,755",60,"1,385,132",65,"1,800,100",45,"72,153",40,"17,824",35,"3,664",160,"1,978,137",135,"1,361,529",60,"127,361",160,"827,564",65,"282,337",95,"-620,654",160,"-338,317",75,"75,483",10,"26,524",20,"190,050",45,"86,888",0,303,60,"35,790",645,"203,319",105,"47,148",30,"68,055",11,"473,027",128,"6,360,480",140,"6,833,507",135,"3,898,378",14,"-16,720",132,"2,756,149",145,"2,739,429"
VIC,3786,910,575,905,"51,348,041",735,"10,993,302",660,"711,036",20,"18,741",675,"11,379,709",35,"119,371",705,"40,540,491",150,"705,750",20,"232,728",15,"201,140",45,"222,510",50,"421,085",10,"143,601",0,"184,340",525,"1,074,368",85,"35,729",235,"2,434,227",230,"1,042,304",905,"53,535,777",260,"686,680",105,"135,494",325,"79,583",35,"77,908",500,"518,832",10,"4,899",40,"56,528",15,"33,667",350,"98,884",460,"200,699",745,"2,150,826",10,"26,273",80,"1,346,549",120,"1,155,334",0,"-2,259",145,"3,257,094",50,"87,616",10,"113,345",0,0,10,"115,043",35,"534,362",50,"1,375,413",95,"1,807,890",60,"153,738",50,"18,351",45,"22,841",130,"1,994,257",115,"1,497,987",70,"156,596",130,"928,432",50,"302,197",85,"-890,955",135,"-588,758",70,"150,887",20,"97,572",10,"146,493",50,"103,086",0,676,55,"39,321",435,"134,367",85,"36,384",25,"30,398",4,"111,011",108,"10,864,800",110,"10,975,811",105,"8,662,213",5,"45,823",108,"2,191,112",115,"2,236,935"
VIC,3787,650,410,645,"34,352,416",525,"6,894,799",475,"475,009",10,"13,624",485,"7,090,810",20,"63,910",485,"27,010,195",120,"635,478",10,"336,702",0,"65,948",30,"170,808",35,"347,659",10,"138,104",10,"295,813",415,"793,317",65,"19,997",185,"672,414",180,"287,989",645,"36,268,539",155,"464,818",65,"76,276",220,"52,245",25,"43,738",355,"441,721",10,"4,386",25,"26,445",15,"126,482",245,"92,811",315,"116,295",540,"1,816,567",10,"27,743",40,"779,330",70,"606,628",0,0,120,"2,656,216",40,"183,645",0,"70,410",0,0,10,"94,232",35,"377,697",45,"952,601",55,"2,139,035",50,"48,570",45,"27,635",40,"3,748",120,"2,302,327",90,"1,139,553",35,"115,326",120,"967,692",60,"702,202",60,"-622,446",120,"79,756",50,"18,649",15,"24,047",20,"246,612",40,"123,675",0,959,45,"24,784",320,"103,355",70,"28,799",15,"59,040",0,0,63,"4,377,926",65,"4,377,926",60,"2,490,434",2,"-3,708",65,"1,861,875",65,"1,858,167"
VIC,3788,"1,100",625,"1,090","61,429,257",880,"13,234,083",780,"845,089",15,"15,475",805,"13,506,071",35,"124,926",795,"44,953,914",215,"1,073,002",20,"579,599",20,"382,993",60,"345,110",60,"510,377",20,"174,773",20,"408,866",655,"1,537,398",115,"88,042",285,"2,522,570",285,"1,080,774","1,095","64,472,181",300,"809,151",120,"129,931",375,"92,888",45,"114,943",555,"558,444",20,"7,153",50,"59,490",30,"164,841",415,"183,054",510,"220,483",875,"2,835,504",20,"38,198",80,"1,510,744",130,"1,026,415",0,"46,762",220,"5,771,687",75,"451,163",0,"225,881",0,0,20,"220,181",60,"414,362",85,"1,306,714",100,"2,698,550",85,"316,151",75,"125,544",60,"20,787",175,"2,864,842",145,"1,818,998",40,"109,057",170,"1,168,123",80,"640,361",100,"-871,697",180,"-231,336",75,"35,711",15,"13,524",20,"361,514",55,"111,666",0,"1,173",75,"51,530",540,"170,612",95,"40,075",30,"179,598",7,"85,930",141,"8,020,049",145,"8,105,979",140,"4,425,416",8,"62,394",143,"3,485,097",150,"3,547,491"
VIC,3789,155,105,155,"8,812,381",120,"1,942,106",105,"119,593",0,908,110,"1,900,318",0,"9,715",100,"6,003,664",20,"79,257",0,"53,478",0,"74,584",10,"36,971",0,"31,335",0,"8,640",0,"175,827",105,"379,508",30,"83,699",55,"295,236",55,"126,501",155,"9,174,037",35,"86,305",15,"13,458",50,"11,480",0,"23,685",65,"57,350",0,537,0,305,0,"8,269",75,"29,461",80,"39,924",120,"361,647",0,"17,094",15,"219,149",30,"303,284",0,0,25,"833,337",10,"73,186",0,0,0,0,0,"69,442",10,"481,398",15,"1,281,170",25,"525,161",15,"23,443",10,"5,605",10,924,30,"748,948",30,"489,612",10,"41,848",35,"363,604",15,"157,367",20,"-303,483",35,"-146,116",10,"3,332",0,"1,376",0,"64,566",10,"22,650",0,0,10,"7,921",70,"22,271",20,"9,611",0,"94,599",1,"12,478",20,"910,110",20,"922,588",20,"563,479",1,"-2,217",20,"316,939",20,"314,722"
VIC,3791,920,555,915,"46,816,184",710,"9,567,012",620,"634,649",10,"12,247",640,"9,724,522",35,"129,861",675,"37,062,669",145,"394,220",20,"306,558",15,"336,171",45,"214,267",50,"473,281",20,"235,914",15,"353,426",535,"684,459",115,"347,754",250,"1,239,123",255,"531,157",920,"49,034,343",240,"627,043",85,"100,033",295,"69,960",35,"49,352",455,"455,959",20,"9,760",35,"61,408",20,"45,158",345,"184,322",400,"152,348",725,"2,121,984",20,"44,662",90,"1,589,401",115,"1,069,156",0,"-106,544",145,"2,668,660",55,"201,070",10,"490,917",0,"129,676",10,"125,624",50,"855,451",75,"2,739,328",105,"2,078,017",60,"293,009",50,"80,501",50,"18,946",145,"2,209,429",105,"1,461,629",50,"133,249",145,"975,116",65,"464,650",80,"-825,215",145,"-360,565",70,"87,616",15,"32,554",20,"288,864",35,"75,959",0,"1,173",45,"28,513",450,"144,446",90,"37,934",25,"146,692",4,"85,631",107,"97,605,844",110,"97,691,475",110,"95,350,153",7,"-60,681",109,"2,324,954",115,"2,264,273"
VIC,3792,705,405,705,"35,219,037",545,"7,446,567",495,"492,283",0,"11,405",505,"7,528,515",25,"70,575",535,"29,506,279",130,"464,050",10,"115,572",10,"73,000",35,"219,914",40,"383,298",25,"257,968",10,"228,269",420,"775,686",75,"30,413",185,"1,083,000",185,"463,882",705,"38,059,874",165,"442,949",60,"68,911",275,"68,982",25,"35,477",365,"344,360",20,"5,431",35,"67,584",25,"155,082",260,"169,997",325,"131,362",565,"2,832,662",20,"36,695",60,"1,141,386",90,"696,709",15,"278,935",115,"2,412,936",35,"146,085",10,"278,224",0,"9,554",15,"144,473",25,"198,501",45,"687,504",90,"1,782,581",45,"409,583",35,"339,535",30,"124,051",120,"2,011,090",95,"1,503,936",45,"147,419",120,"889,581",50,"311,668",70,"-841,514",120,"-529,846",45,"32,167",10,"15,863",15,"196,547",35,"1,145,980",0,"5,071",55,"31,998",330,"106,726",80,"32,516",15,"22,744",7,"184,829",74,"4,112,447",80,"4,297,276",80,"3,120,112",9,"-197,711",77,"1,165,675",85,"967,964"
VIC,3793,"2,080",940,"2,065","90,099,896","1,615","15,732,814","1,375","1,174,458",20,"32,369","1,445","15,890,732",50,"165,632","1,555","68,782,814",365,"1,105,985",35,"260,037",35,"395,611",120,"602,579",135,"1,398,832",30,"407,127",15,"309,807","1,200","2,059,421",155,"67,260",430,"2,179,706",425,"933,806","2,070","94,299,795",495,"1,307,633",140,"167,463",940,"244,813",65,"90,983",990,"811,901",30,"10,864",45,"40,098",25,"76,516",775,"232,768",925,"251,156","1,635","4,014,750",30,"63,939",105,"1,897,850",185,"1,179,100",70,"1,932,912",320,"6,536,666",95,"482,409",25,"449,299",10,"108,009",30,"267,402",75,"1,141,239",105,"2,689,606",130,"1,856,833",105,"650,143",80,"39,630",80,"27,715",285,"4,059,991",225,"2,372,660",100,"185,105",275,"1,734,402",115,"970,502",175,"-1,202,678",290,"-232,176",130,"126,708",25,"60,017",50,"639,775",90,"131,289",0,"3,474",105,"58,600","1,155","384,161",195,"84,963",45,"200,085",30,"1,115,308",214,"11,360,725",240,"12,476,033",230,"8,199,104",31,"-48,189",217,"4,222,815",245,"4,174,626"
VIC,3795,855,445,845,"39,501,101",670,"7,347,675",585,"531,245",10,"13,516",600,"7,513,121",10,"42,912",595,"24,870,244",130,"575,482",0,"82,700",10,"119,975",45,"197,831",45,"464,147",0,"166,027",0,"113,543",515,"1,411,053",80,"31,910",210,"1,643,392",210,"702,084",845,"41,269,364",175,"522,767",50,"43,749",360,"90,706",30,"63,161",350,"317,182",15,"2,529",20,"19,175",10,"40,740",280,"83,396",340,"99,469",640,"1,635,390",0,"25,686",40,"687,721",90,"962,960",65,"2,285,227",190,"4,978,894",65,"391,618",10,"310,174",10,"248,784",10,"118,342",35,"461,141",55,"1,842,287",60,"700,349",65,"131,616",50,"21,831",50,"7,110",150,"2,294,907",105,"954,665",40,"92,125",140,"782,586",90,"940,082",65,"-474,551",155,"465,531",75,"110,576",15,"34,177",20,"170,298",50,"117,510",0,"1,603",40,"31,455",465,"155,412",75,"30,609",15,"18,757",25,"2,235,854",67,"4,917,081",90,"7,152,935",80,"5,108,929",25,"418,244",67,"1,328,593",90,"1,746,837"
VIC,3796,"5,330","2,365","5,300","246,713,899","4,315","43,830,123","3,855","3,329,950",65,"81,004","3,975","45,138,430",115,"349,234","4,280","204,208,865","1,160","3,805,594",85,"1,135,447",110,"863,308",325,"1,544,179",260,"2,374,879",50,"449,554",40,"831,448","2,885","3,589,336",385,"314,752","1,035","4,095,769","1,035","1,755,240","5,305","258,189,057","1,460","4,144,454",505,"538,247","2,835","752,554",235,"359,755","2,905","2,783,287",80,"24,486",130,"89,483",60,"172,978","2,055","537,673","2,600","689,813","4,420","11,366,754",65,"106,698",295,"5,440,458",455,"3,639,433",30,"158,746",665,"15,668,661",180,"744,268",45,"1,297,387",0,"48,176",65,"558,386",160,"1,992,328",220,"5,366,876",320,"3,607,180",190,"536,018",150,"103,192",140,"43,656",565,"7,720,714",495,"5,783,889",220,"568,535",565,"3,632,390",175,"1,061,335",390,"-3,325,435",570,"-2,264,100",310,"278,581",60,"146,063",85,"855,773",240,"395,836",0,"5,341",290,"146,882","3,060","970,475",415,"176,375",145,"328,804",11,"641,558",576,"33,086,536",585,"33,728,094",575,"19,439,805",14,"71,907",582,"13,565,900",595,"13,637,807"
VIC,3797,"1,750",640,"1,730","75,443,559","1,365","13,269,143","1,155","978,763",25,"47,276","1,215","13,463,134",35,"98,681","1,355","59,592,707",345,"1,046,638",25,"377,566",25,"407,956",120,"652,230",100,"995,559",20,"257,551",20,"452,900",855,"1,242,292",120,"43,898",355,"3,107,149",350,"1,331,527","1,735","79,286,126",475,"1,333,721",135,"251,802",885,"233,251",55,"86,755",880,"800,600",20,"10,241",40,"161,322",20,"43,264",635,"164,481",810,"243,266","1,410","3,780,662",25,"54,630",80,"1,497,181",125,"820,954",30,"-18,610",240,"4,048,376",65,"108,763",20,"280,293",0,"713,174",20,"88,351",55,"784,294",75,"1,633,465",110,"3,357,292",70,"275,271",55,"60,708",55,"6,747",200,"2,965,393",160,"1,616,101",50,"119,592",200,"1,335,358",95,"602,586",105,"-708,244",200,"-105,658",75,"80,236",20,"26,689",25,"316,661",70,"130,476",0,"5,041",80,"40,847","1,005","334,129",185,"80,657",45,"157,996",14,"199,737",184,"11,042,383",195,"11,242,120",195,"7,347,286",15,"-767,052",186,"3,897,367",200,"3,130,315"
VIC,3799,"2,865",845,"2,850","114,239,285","2,250","17,880,595","1,900","1,454,984",40,"45,178","2,000","18,014,527",60,"164,057","2,270","93,397,098",580,"1,387,294",40,"380,454",55,"652,063",320,"1,787,747",210,"2,093,655",25,"518,978",20,"473,617","1,350","1,925,264",170,"73,040",450,"2,314,721",445,"991,760","2,860","119,998,498",760,"1,894,543",220,"465,485","1,490","395,972",125,"191,634","1,460","1,265,269",25,"10,262",75,"93,029",20,"247,958","1,050","260,608","1,355","387,036","2,300","5,720,565",35,"86,755",170,"3,214,856",180,"989,395",25,"-154,570",305,"5,164,350",85,"340,678",30,"651,775",10,"127,204",60,"548,952",95,"1,373,271",125,"3,013,923",125,"2,143,491",85,"156,392",70,"32,158",65,"12,428",275,"3,828,169",220,"2,230,891",85,"193,067",275,"1,670,544",125,"926,859",155,"-1,193,192",280,"-266,333",150,"218,161",45,"338,365",30,"345,459",100,"143,845",10,"6,280",95,"62,513","1,755","570,683",270,"111,640",75,"233,371",18,"333,832",359,"15,693,377",375,"16,002,035",375,"10,828,880",22,"-368,194",366,"5,331,825",385,"4,963,631"
VIC,3800,70,35,70,"3,681,952",50,"791,910",40,"45,974",0,"3,606",45,"824,704",0,"15,048",60,"3,516,518",10,"8,936",0,"7,815",0,0,10,"45,082",0,"5,232",0,"29,999",0,0,45,"102,626",0,127,10,"3,309",10,"1,417",70,"3,838,631",15,"23,670",10,"49,621",15,"2,774",0,"2,460",25,"45,276",0,"7,401",0,0,0,86,20,"9,242",25,"8,005",45,"155,654",0,"2,613",15,"281,812",0,"34,690",0,0,0,"1,212",0,226,0,0,0,0,0,"4,083",0,0,0,0,0,"71,663",0,"22,323",0,292,0,12,15,"280,527",15,"111,060",0,"2,987",15,"151,312",10,"74,907",0,"-59,739",15,"15,168",0,"1,581",0,0,0,0,0,"5,357",0,0,0,"1,125",25,"8,001",0,"1,000",0,195,1,"3,609",6,"201,246",0,"204,855",0,"133,452",1,"3,609",6,"67,794",0,"71,403"
VIC,3802,"13,510","5,290","13,435","599,727,317","10,915","102,242,309","9,735","8,030,581",160,"173,639","10,145","104,855,174",470,"1,636,297","11,235","529,797,778","2,685","8,667,231",270,"3,086,480",290,"2,927,106","1,085","5,651,084",490,"4,418,959",135,"1,277,116",75,"1,889,455","7,005","9,298,957",895,"278,332","2,240","6,946,803","2,235","2,974,652","13,450","628,191,520","3,960","10,067,195","1,330","1,562,748","7,145","1,907,803",615,"1,113,017","7,930","7,181,950",205,"78,378",440,"493,643",170,"744,444","5,265","1,558,387","6,890","1,633,100","11,105","27,992,455",150,"258,166",760,"13,125,915","1,225","7,936,149",10,"-45,169","1,195","22,097,556",375,"1,108,245",150,"2,979,350",0,"36,769",110,"712,358",365,"4,302,426",485,"11,003,332",670,"9,652,764",445,"1,424,222",365,"297,608",345,"164,896","2,230","33,610,495","1,985","25,174,854","1,065","2,793,002","2,235","14,785,168",635,"4,190,388","1,620","-13,332,917","2,255","-9,142,529",565,"854,747",140,"442,270",70,"563,672",555,"1,046,689",10,"6,420",630,"348,198","8,145","2,617,469","1,255","539,589",385,"948,924",41,"984,540","1,286","77,239,154","1,325","78,133,432","1,290","53,755,370",44,"265,265","1,295","23,669,021","1,335","23,898,119"
VIC,3803,"5,430","1,520","5,405","237,070,742","4,395","40,076,477","3,875","3,131,703",50,"67,877","4,075","41,012,875",160,"505,743","4,540","204,322,289","1,120","3,400,891",120,"1,322,266",125,"1,503,108",555,"2,976,381",200,"1,903,032",40,"293,043",25,"606,935","2,490","2,612,175",260,"89,487",710,"4,676,615",710,"2,003,507","5,405","247,833,199","1,500","3,726,867",450,"666,813","3,215","909,253",230,"429,487","3,180","2,785,681",65,"51,070",275,"106,495",40,"84,927","2,080","609,912","2,890","626,990","4,435","10,565,244",45,"66,226",250,"4,322,710",390,"1,963,232",10,"84,679",395,"10,550,117",105,"209,772",55,"940,441",0,"6,541",55,"321,133",100,"1,395,672",130,"2,975,975",195,"3,445,833",120,"587,946",95,"110,154",95,"87,265",690,"9,904,919",605,"7,632,437",335,"897,408",690,"4,254,672",185,"1,407,205",515,"-4,286,803",700,"-2,879,598",250,"358,148",40,"21,728",25,"225,217",185,"323,450",0,"2,403",205,"109,388","3,420","1,099,694",460,"199,222",165,"359,835",8,"171,802",525,"35,921,015",535,"36,054,004",515,"26,636,979",10,"15,906",530,"9,204,334",540,"9,220,240"
VIC,3804,"4,860","2,965","4,830","284,518,222","3,950","63,326,337","3,560","3,960,013",70,"114,855","3,655","65,164,705",115,"426,908","3,670","194,350,669",900,"4,776,342",85,"1,204,726",85,"1,081,858",180,"853,364",145,"1,242,144",100,"1,439,851",20,"306,022","2,825","7,839,934",445,"247,732","1,290","17,854,402","1,290","7,648,891","4,835","298,468,892","1,240","3,910,461",405,"580,024","2,105","541,190",145,"223,728","2,480","2,475,672",90,"31,566",190,"613,454",95,"744,045","1,695","1,027,177","2,315","960,801","3,880","13,632,966",95,"204,679",280,"4,767,663",570,"5,065,458",55,"-226,977","1,085","39,268,553",300,"2,225,520",60,"1,216,393",10,"885,721",55,"731,408",235,"5,349,888",320,"13,080,150",410,"8,200,867",265,"824,969",220,"406,413",210,"89,693","1,030","19,043,369",880,"13,026,808",515,"1,579,889","1,040","7,983,401",345,"3,711,701",705,"-7,258,430","1,050","-3,546,729",420,"533,548",65,"478,362",105,"1,648,129",260,"754,134",10,"4,938",275,"180,936","2,495","798,559",415,"176,769",120,"501,871",20,"601,664",425,"41,717,754",445,"42,436,779",445,"30,037,973",30,"-240,314",435,"12,169,902",460,"11,959,152"
VIC,3805,"29,200","11,270","29,065","1,352,019,729","24,035","237,216,473","21,475","18,227,738",270,"290,464","22,450","244,727,181",735,"2,395,378","25,020","1,223,159,644","6,145","19,923,456",515,"5,572,445",625,"5,811,261","2,105","10,333,914","1,030","9,201,358",210,"2,000,847",150,"3,418,803","13,810","14,123,392","1,370","467,826","4,005","15,472,205","3,990","6,629,257","29,080","1,419,636,702","9,410","25,781,984","3,245","3,632,502","17,335","4,805,005","1,390","2,310,226","18,035","17,668,975",485,"201,823",870,"849,850",230,"755,679","11,760","2,884,879","15,475","3,742,035","24,685","66,529,667",225,"394,163","1,645","26,119,908","2,300","12,215,112",45,"120,729","2,395","49,488,615",765,"2,376,886",295,"5,689,821",15,"262,806",315,"2,676,472",665,"7,327,635",895,"17,446,658","1,165","14,528,229",765,"1,699,889",635,"260,319",575,"164,180","3,615","47,384,940","3,340","39,694,738","2,020","5,265,554","3,655","22,497,282",695,"4,938,414","2,990","-25,011,048","3,680","-20,072,634","1,265","2,164,023",315,"891,185",150,"1,513,787","1,350","2,224,289",50,"38,950","1,445","689,255","17,640","5,544,874","1,820","779,429",805,"1,889,665",58,"665,788","2,490","143,062,364","2,545","140,316,053","2,480","93,508,546",71,"-316,229","2,536","45,487,599","2,595","45,076,031"
VIC,3806,"26,315","14,630","26,190","1,419,919,737","21,620","290,998,344","19,365","19,530,338",310,"362,464","20,025","300,181,719",785,"2,676,586","21,510","1,162,662,457","5,355","21,290,760",455,"5,178,141",535,"6,400,000","1,315","6,484,824","1,195","11,163,816",260,"3,182,597",225,"5,062,055","14,310","24,092,062","2,015","1,462,715","5,420","43,710,405","5,395","18,727,659","26,215","1,489,180,543","8,420","24,657,343","3,220","3,691,600","13,490","3,484,070","1,170","2,108,100","15,705","16,679,394",490,"235,527",765,"867,510",400,"1,332,665","10,825","3,395,582","13,335","3,862,456","22,060","68,079,490",325,"713,754","1,985","32,870,049","2,705","18,611,826",70,"-562,111","3,410","115,633,161","1,265","13,090,520",265,"6,234,147",15,"1,054,449",265,"2,534,295",990,"14,605,816","1,365","37,371,403","1,745","29,729,481","1,205","3,397,911","1,010","945,876",930,"514,090","3,970","60,247,737","3,630","47,987,649","2,220","6,538,318","4,035","27,876,798",865,"7,966,448","3,205","-30,118,183","4,070","-22,151,735","1,395","2,639,784",335,"872,616",330,"4,616,316","1,395","2,977,708",55,"32,608","1,625","927,343","13,875","4,353,370","1,680","712,476",720,"1,885,721",80,"1,819,309","2,099","160,506,553","2,170","162,056,435","2,100","110,512,634",95,"-1,272,987","2,134","50,423,855","2,220","48,984,528"
VIC,3807,"4,100","2,425","4,085","225,305,179","3,370","47,167,321","3,080","3,145,367",50,"57,163","3,165","48,675,494",90,"274,906","3,370","180,969,742",865,"3,431,794",65,"931,276",80,"1,297,076",180,"920,920",120,"1,037,684",55,"631,440",25,"612,927","2,305","3,178,631",335,"262,139",910,"8,634,200",910,"3,700,209","4,085","237,835,604","1,270","3,815,657",475,"576,417","2,180","546,819",195,"317,606","2,420","2,395,852",95,"41,031",130,"1,280,040",60,"460,459","1,645","464,596","2,020","897,804","3,470","12,216,233",50,"92,520",280,"4,453,651",470,"3,471,454",30,"57,332",670,"21,181,104",205,"1,763,947",35,"802,413",0,"1,054,637",50,"451,147",140,"1,318,200",190,"3,018,216",275,"7,880,609",180,"730,638",160,"53,696",145,"88,218",660,"9,799,612",590,"7,831,045",345,"986,395",660,"4,320,526",125,"1,262,006",540,"-4,600,360",665,"-3,338,354",300,"474,318",70,"196,797",65,"874,540",240,"516,503",10,"6,618",260,"140,566","2,140","690,103",280,"117,377",110,"367,465",14,"330,246",340,"22,828,635",350,"23,158,881",350,"14,771,031",20,"-1,250,283",350,"9,357,862",370,"8,107,579"
VIC,3808,"1,945","1,275","1,930","116,506,642","1,570","26,288,642","1,430","1,636,422",35,"41,944","1,470","27,049,525",45,"144,245","1,490","80,811,247",355,"1,375,078",25,"366,853",40,"949,215",70,"375,159",65,"587,170",30,"550,940",20,"810,916","1,165","2,309,252",240,"120,968",625,"7,067,101",620,"3,031,548","1,935","122,052,923",520,"1,654,454",175,"317,426",855,"203,063",65,"111,003","1,010","1,076,791",30,"12,678",75,"295,383",40,"181,710",670,"234,324",910,"385,253","1,565","5,485,416",35,"129,834",125,"2,131,843",245,"2,107,177",15,"366,214",435,"16,479,772",175,"1,960,491",10,"324,884",0,"112,428",20,"147,733",105,"1,940,147",150,"5,313,473",210,"3,472,253",150,"368,039",140,"250,811",125,"51,185",350,"6,091,412",295,"3,948,384",170,"499,435",355,"2,505,981",115,"1,144,028",245,"-2,006,416",360,"-862,388",170,"240,964",30,"52,000",45,"735,822",95,"233,765",0,"1,498",110,"68,295",895,"291,174",170,"69,887",55,"197,137",15,"213,504",188,"13,865,880",200,"13,869,229",195,"10,156,506",19,"-341,648",195,"3,937,574",210,"3,584,804"
VIC,3809,"2,010","1,005","2,000","113,901,076","1,690","24,552,086","1,545","1,596,090",30,"42,291","1,595","25,428,569",90,"297,587","1,720","90,006,282",435,"1,530,684",40,"370,466",55,"434,731",95,"459,478",75,"623,109",20,"215,740",10,"222,148","1,075","2,219,169",110,"41,768",305,"1,568,497",305,"671,542","2,000","119,770,073",720,"2,259,918",260,"373,430","1,175","336,381",115,"232,688","1,245","1,376,301",30,"7,173",40,"99,246",15,"36,698",830,"171,551","1,060","287,159","1,720","5,762,413",20,"39,138",115,"1,661,787",160,"883,218",35,"-36,521",240,"16,118,884",70,"3,721,556",20,"606,961",0,"58,134",25,"159,977",60,"2,102,516",70,"2,973,661",110,"2,289,560",60,"105,924",55,"-38,213",50,"14,972",245,"3,778,515",215,"2,492,995",125,"374,605",250,"1,818,943",65,"635,839",190,"-1,543,867",255,"-908,028",120,"218,250",25,"165,500",25,"443,531",110,"138,179",10,"4,287",100,"48,606","1,160","350,728",115,"51,980",65,"111,930",19,"602,625",160,"9,377,509",180,"9,980,134",175,"7,388,730",19,"-327,251",170,"2,830,513",190,"2,503,262"
VIC,3810,"21,475","7,715","21,355","977,028,775","17,815","167,626,996","15,670","13,057,502",200,"231,493","16,495","172,787,987",585,"1,825,149","18,460","883,356,034","4,775","13,263,956",340,"2,787,617",500,"3,854,978","1,680","8,244,046","1,105","10,363,193",140,"1,386,204",105,"2,115,812","9,925","10,260,796",945,"414,350","2,700","14,217,553","2,690","6,089,943","21,390","1,029,268,953","7,500","20,838,572","2,500","3,144,502","13,645","3,735,050","1,090","1,798,472","13,270","13,449,933",240,"106,237",525,"313,004",165,"364,092","9,005","1,775,601","11,265","2,748,245","18,505","51,365,572",140,"244,979","1,195","19,443,197","1,535","8,442,661",140,"-191,668","1,675","30,710,925",525,"1,220,969",255,"4,770,599",35,"1,176,263",265,"1,621,388",460,"4,350,867",630,"11,005,298",715,"11,656,644",510,"1,489,124",415,"408,396",385,"167,117","1,870","23,575,958","1,690","18,679,923",935,"2,426,787","1,900","11,045,783",455,"3,002,113","1,450","-11,578,648","1,905","-8,576,535",975,"1,051,330",170,"322,226",150,"1,767,083",860,"1,249,033",55,"40,004",930,"477,336","13,155","4,120,640","1,190","511,866",620,"1,119,876",77,"1,488,244","1,766","101,096,723","1,840","102,649,223","1,795","70,135,908",88,"-1,163,099","1,813","32,659,673","1,895","31,520,509"
VIC,3812,"1,470",735,"1,445","69,090,010","1,145","13,225,224","1,015","934,260",20,"23,161","1,050","13,536,881",20,"74,068","1,095","53,119,773",280,"1,077,105",20,"279,958",25,"262,355",85,"369,763",55,"535,507",15,"146,385",0,"148,771",815,"1,671,407",190,"145,267",365,"1,934,572",365,"828,584","1,450","73,025,896",430,"1,210,440",115,"212,254",780,"206,880",45,"71,481",745,"763,733",15,"9,502",65,"126,301",25,"68,449",515,"151,018",635,"214,092","1,180","3,785,335",15,"20,661",60,"1,304,721",155,"1,200,922",105,"-336,489",310,"7,894,407",95,"421,066",10,"187,115",15,"253,551",25,"390,033",55,"1,119,144",80,"2,385,555",95,"1,111,910",55,"25,848",55,"15,836",45,"1,727",210,"2,496,585",160,"1,551,635",70,"139,913",205,"1,049,815",85,"614,539",120,"-859,317",205,"-244,778",95,"167,488",20,"45,181",45,"595,393",70,"149,448",10,"3,388",60,"23,466",810,"258,293",130,"56,219",30,"177,805",33,"1,018,276",141,"48,846,504",165,"49,714,546",165,"46,940,203",38,"-782,284",143,"3,385,504",175,"2,603,220"
VIC,3813,500,250,495,"22,317,870",390,"4,135,744",340,"302,440",0,"6,049",355,"4,138,561",10,"42,994",355,"17,340,751",95,"292,152",0,"59,047",10,"187,600",35,"160,225",20,"163,811",0,"15,494",0,"64,212",285,"509,023",50,"11,306",110,"407,771",110,"174,731",495,"23,359,966",110,"252,143",35,"45,188",245,"66,857",15,"28,829",230,"206,000",0,"3,585",10,"19,726",0,"5,025",165,"68,507",230,"75,035",385,"928,392",0,453,25,"323,043",30,"195,522",30,"81,897",95,"1,893,777",25,"198,253",0,"9,737",0,"66,352",10,"41,913",20,"201,174",25,"492,412",35,"494,387",25,"13,362",20,"4,892",20,619,65,"1,281,083",50,"695,699",25,"82,800",60,"539,614",25,"286,946",35,"-323,976",65,"-37,030",40,"209,759",0,"68,038",10,"69,349",25,"88,148",0,0,25,"11,048",280,"88,540",45,"19,717",15,"139,651",8,"206,851",63,"5,262,474",70,"5,469,325",70,"4,554,414",10,"-136,563",65,"1,014,973",75,"878,410"
VIC,3814,"1,230",550,"1,220","52,572,732",965,"9,164,298",820,"702,460",10,"13,725",860,"9,335,087",15,"43,773",905,"42,769,973",220,"772,157",15,"131,596",15,"258,949",80,"341,844",55,"471,328",15,"127,913",0,"144,823",680,"1,167,889",145,"20,838",290,"1,440,529",290,"616,765","1,225","55,291,285",340,"900,420",105,"200,991",620,"170,720",50,"92,748",625,"599,059",0,645,45,"31,445",15,"46,364",420,"87,203",575,"204,768",960,"2,657,676",15,"27,793",60,"1,010,087",100,"795,306",95,"-713,505",220,"3,765,257",45,"131,155",0,"193,862",10,"107,958",10,"55,285",35,"509,764",55,"1,210,617",95,"1,079,783",55,"299,024",45,"21,860",45,"64,336",160,"2,270,113",115,"1,297,250",60,"130,983",160,"876,877",70,"698,020",90,"-733,017",165,"-34,997",80,"75,115",20,"107,076",15,"213,661",45,"105,505",0,"1,511",55,"38,217",680,"225,168",110,"50,199",25,"34,592",24,"916,495",124,"10,937,298",145,"11,820,593",140,"9,550,086",27,"-320,843",126,"2,590,359",150,"2,269,516"
VIC,3815,"1,590",680,"1,585","71,278,497","1,205","13,155,872","1,065","949,009",25,"31,873","1,105","13,404,571",20,"55,988","1,165","55,771,534",310,"925,036",15,"184,051",30,"447,561",90,"468,277",90,"815,311",15,"152,303",15,"348,830",830,"1,898,147",195,"43,115",335,"1,304,468",335,"558,655","1,590","75,382,947",470,"1,327,758",165,"370,817",875,"238,080",60,"95,818",795,"895,132",15,"9,103",35,"69,753",10,"37,465",545,"106,942",770,"382,368","1,275","3,967,167",15,"40,566",85,"1,491,402",100,"778,705",95,"-493,447",260,"7,381,179",65,"419,875",10,"256,985",15,"470,654",15,"202,361",50,"1,081,715",65,"1,892,831",80,"1,667,732",50,"99,551",45,"15,267",40,"3,535",180,"2,256,999",140,"1,276,549",55,"134,045",185,"1,121,820",70,"543,534",115,"-818,949",185,"-275,415",120,"196,376",20,"52,572",25,"291,329",75,"138,048",0,"3,021",80,"46,638",855,"273,998",130,"55,935",40,"127,744",26,"10,846,605",149,"12,045,493",170,"22,892,098",170,"19,992,851",29,"-86,184",151,"2,809,164",175,"2,722,980"
VIC,3816,"1,320",430,"1,305","57,549,295","1,040","10,333,424",885,"742,446",15,"33,184",935,"10,475,070",30,"85,248",985,"45,601,760",245,"765,079",15,"114,181",45,"617,141",120,"572,559",75,"682,147",10,"123,038",0,"164,004",650,"1,465,946",100,"37,422",205,"598,598",205,"256,494","1,310","60,768,070",380,"1,095,422",120,"256,606",735,"211,223",45,"67,571",645,"619,151",10,962,30,"10,590",10,"20,733",440,"72,300",610,"185,118","1,020","2,969,731",10,"16,678",40,"688,156",75,"447,285",130,"1,485,400",190,"3,910,672",55,"304,716",10,"219,833",10,"230,143",15,"61,617",40,"1,536,616",45,"3,700,225",65,"692,037",30,"17,538",25,"3,814",25,419,115,"1,334,584",90,"883,812",35,"82,284",110,"591,625",40,"259,201",75,"-482,338",115,"-223,137",90,"37,007",15,"29,512",25,"311,672",45,"116,223",0,"4,195",55,"24,465",765,"252,130",100,"43,906",50,"92,926",25,"2,792,496",126,"5,603,694",145,"8,396,190",145,"6,532,654",27,"-141,884",129,"1,948,867",150,"1,806,983"
VIC,3818,"6,750","2,485","6,710","278,163,222","5,180","47,022,913","4,440","3,623,781",80,"88,615","4,650","47,459,142",190,"589,937","5,030","224,521,077","1,255","3,160,607",95,"790,035",100,"838,311",515,"2,713,848",485,"4,588,883",105,"1,365,631",65,"1,365,595","3,550","8,128,641",710,"486,418","1,505","7,621,186","1,500","3,262,536","6,725","292,612,432","1,945","4,500,442",550,"936,155","3,715","1,003,241",250,"392,134","3,380","3,454,028",45,"16,873",195,"169,449",110,"254,591","2,440","782,257","3,230","953,907","5,335","14,083,048",115,"234,373",410,"6,824,252",525,"3,391,354",345,"-490,897","1,125","16,999,328",340,"1,021,988",60,"1,016,235",40,"451,644",90,"647,838",235,"2,140,322",350,"7,506,125",435,"8,077,508",340,"945,776",290,"539,703",270,"147,664",735,"9,344,390",555,"5,425,579",245,"592,879",730,"4,316,657",285,"2,112,489",460,"-3,103,214",745,"-990,725",380,"415,197",95,"322,344",95,"1,148,239",285,"463,686",25,"21,711",270,"136,195","3,835","1,262,940",625,"262,493",165,"546,498",103,"6,536,643",580,"34,017,473",670,"40,520,771",665,"30,108,623",119,"-706,932",596,"10,540,394",700,"9,812,585"
VIC,3820,"8,580","3,635","8,545","399,304,578","6,705","74,763,546","5,730","5,264,691",145,"177,657","6,025","76,260,800",230,"735,788","6,550","312,022,617","1,615","4,090,354",130,"2,135,458",150,"1,342,938",610,"3,083,855",610,"5,665,614",120,"1,573,984",95,"1,819,473","4,860","12,349,290","1,005","724,203","2,210","13,367,433","2,195","5,726,550","8,560","420,066,431","2,505","5,776,553",695,"1,116,255","4,670","1,244,701",380,"795,797","4,440","4,807,341",50,"19,394",310,"331,493",270,"400,419","3,440","1,235,598","4,175","1,353,679","6,940","20,229,887",140,"308,842",700,"11,913,066",980,"7,821,545",255,"-786,020","1,570","34,711,034",560,"2,488,659",60,"1,290,386",30,"897,931",105,"1,235,159",400,"4,563,014",590,"16,104,415",700,"12,545,688",505,"709,271",445,"182,581",415,"22,722","1,045","15,221,505",780,"9,001,303",330,"867,565","1,045","7,129,926",410,"3,262,639",650,"-5,039,928","1,060","-1,777,289",475,"509,064",130,"846,330",150,"2,199,173",385,"892,776",45,"47,390",405,"237,212","4,585","1,497,123",775,"329,187",205,"655,666",85,"4,399,267",706,"49,364,047",775,"53,767,034",760,"40,940,147",94,"-1,139,500",726,"12,845,135",800,"11,705,635"
VIC,3821,"1,520",675,"1,505","64,468,777","1,115","12,398,328",960,"870,598",35,"43,600","1,005","12,664,417",20,"66,726","1,030","48,603,448",285,"876,532",30,"297,872",30,"415,993",95,"462,083",95,"898,556",15,"133,362",15,"337,733",905,"2,140,428",200,"120,729",415,"1,866,209",415,"799,205","1,515","68,327,381",355,"739,754",105,"240,185",700,"192,133",60,"66,586",665,"771,675",10,833,55,"43,827",35,"36,354",505,"205,190",625,"215,245","1,120","3,423,852",15,"20,323",115,"1,934,544",155,"1,035,101",225,"-658,454",375,"7,798,943",100,"557,402",15,"215,634",20,"234,933",30,"388,361",70,"529,659",95,"1,200,027",140,"2,322,342",80,"270,377",75,"-92,250",65,"11,120",195,"2,071,753",140,"1,248,800",45,"79,422",175,"850,709",80,"507,352",110,"-614,530",190,"-107,178",105,"116,268",20,"18,962",55,"785,504",65,"123,628",15,"10,203",75,"32,951",775,"253,672",155,"64,940",40,"103,656",66,"4,242,208",185,"11,873,039",235,"16,115,247",225,"13,631,405",66,"-981,048",189,"3,245,997",240,"2,264,949"
VIC,3822,540,195,530,"24,376,963",420,"4,571,827",370,"332,352",15,"21,025",385,"4,642,949",0,"11,205",375,"18,767,444",110,"341,987",0,"22,888",10,"101,552",35,"169,055",25,"216,278",10,"150,101",0,"94,331",300,"746,471",55,"76,965",120,"862,271",120,"369,515",535,"25,724,327",125,"302,429",45,"151,414",280,"73,120",25,"53,461",265,"247,534",0,10,20,"36,142",15,"22,233",185,"54,751",260,"90,134",425,"1,277,662",10,"21,404",30,"554,487",45,"338,812",80,"305,694",105,"1,630,155",15,"20,803",0,"124,129",0,"64,416",10,"43,965",20,"493,210",30,"2,139,392",35,"676,489",15,"26,748",10,954,10,"47,407",60,"825,460",40,"467,164",15,"35,657",55,"324,589",25,"227,916",35,"-229,866",60,"-1,950",50,"25,277",0,438,20,"217,800",20,"27,592",0,"2,657",15,"7,369",285,"100,789",50,"23,521",15,"25,861",19,"2,813,032",51,"3,565,061",70,"6,378,093",70,"5,539,565",20,"-158,495",52,"952,866",70,"794,371"
VIC,3823,"1,020",395,"1,010","44,339,106",770,"8,243,891",655,"589,487",10,"15,126",685,"8,423,809",30,"111,886",745,"36,141,667",205,"527,295",20,"221,708",25,"324,333",65,"335,682",60,"622,435",10,"123,976",10,"192,798",565,"1,472,743",120,"65,947",235,"862,228",235,"368,983","1,015","46,923,116",290,"744,601",65,"125,552",540,"142,158",40,"64,096",540,"499,920",10,"9,619",30,"37,166",25,"86,979",340,"93,739",495,"145,513",800,"2,322,029",0,"20,996",80,"1,334,912",80,"606,151",130,"-393,612",180,"2,689,768",80,"378,124",0,"38,854",15,"207,692",15,"57,529",50,"304,128",60,"679,129",70,"1,679,785",55,"79,019",45,"26,695",45,"4,245",120,"1,488,063",80,"687,650",25,"70,442",120,"700,910",60,"459,736",60,"-430,675",120,"29,061",70,"114,733",20,"62,898",20,"323,242",35,"48,814",10,"5,096",30,"9,485",540,"174,391",80,"36,173",35,"67,077",32,"2,098,642",108,"8,103,897",135,"10,202,539",130,"8,193,494",35,"-235,132",108,"2,056,666",135,"1,821,534"
VIC,3824,"2,620","1,045","2,610","126,808,196","2,025","25,164,465","1,765","1,716,687",70,"80,198","1,850","25,543,845",60,"204,978","2,015","103,870,733",600,"1,650,832",65,"956,342",95,"2,149,723",185,"1,025,364",180,"1,740,135",25,"314,293",25,"264,596","1,440","3,046,905",350,"186,732",650,"3,503,476",645,"1,500,900","2,615","133,049,907",755,"1,885,521",225,"485,081","1,505","407,016",105,"190,705","1,455","1,609,484",35,"9,250",70,"50,032",35,"136,316","1,045","248,172","1,295","339,886","2,085","6,144,903",20,"48,454",205,"3,329,550",310,"2,345,383",220,"142,421",455,"7,084,508",150,"489,482",10,"133,893",20,"222,018",40,"229,617",115,"908,097",155,"5,135,453",190,"2,440,627",140,"504,021",130,"58,394",125,"91,534",325,"3,825,726",240,"2,090,438",100,"254,602",330,"2,163,224",145,"664,996",190,"-1,347,534",335,"-682,538",155,"320,535",30,"36,300",45,"637,007",85,"144,334",25,"10,676",95,"47,856","1,305","432,823",240,"105,313",115,"416,409",43,"3,733,621",190,"14,983,367",230,"18,716,988",225,"15,358,254",48,"-803,798",193,"3,956,000",235,"3,152,202"
VIC,3825,"9,800","3,930","9,755","463,164,722","7,620","88,258,848","6,505","6,166,353",225,"314,501","6,815","89,820,653",190,"576,415","8,010","406,304,223","2,445","5,457,434",260,"3,019,821",470,"6,188,327","1,120","6,371,029",700,"7,128,919",150,"1,662,441",95,"1,412,790","5,020","7,427,115",965,"387,792","1,980","8,682,839","1,975","3,724,952","9,770","484,818,694","3,145","7,264,232",805,"1,585,382","6,325","1,688,798",405,"678,287","5,840","5,582,380",160,"53,132",305,"146,291",195,"440,625","4,745","1,058,532","5,245","1,114,653","8,080","21,231,912",140,"230,479",620,"10,671,652","1,115","7,896,565",245,"-1,623,553","1,190","14,995,741",555,"1,031,312",35,"918,137",40,"692,074",95,"839,411",400,"3,268,483",535,"8,805,425",525,"7,914,172",515,"680,403",480,"123,448",440,"55,807","1,040","12,548,688",860,"8,598,625",245,"548,953","1,045","7,183,941",320,"1,781,531",735,"-5,564,362","1,055","-3,782,831",355,"622,218",75,"236,032",75,"1,168,565",350,"427,185",70,"45,842",345,"217,013","5,030","1,663,667",765,"318,118",535,"1,419,608",90,"3,262,930",609,"37,925,648",690,"41,177,618",675,"34,175,013",98,"-1,401,427",618,"7,841,339",705,"6,462,849"
VIC,3831,935,430,930,"39,654,697",690,"7,166,057",585,"515,025",10,"14,461",610,"6,935,773",15,"61,370",650,"30,162,145",170,"432,565",10,"160,457",10,"115,264",40,"254,893",75,"642,513",15,"226,908",10,"212,939",530,"1,316,027",110,"49,841",265,"707,559",265,"302,969",930,"41,612,534",225,"553,419",65,"86,915",455,"120,981",20,"40,307",415,"384,160",15,"5,979",20,"3,521",15,"31,798",310,"80,585",450,"152,560",720,"1,875,704",20,"38,936",65,"1,199,271",70,"518,884",105,"6,289",200,"3,395,925",50,"310,627",15,"416,115",15,"363,256",10,"127,053",45,"524,719",65,"1,173,225",80,"1,610,733",45,"577,117",40,"7,072",35,"225,658",110,"1,423,145",90,"1,103,180",30,"70,780",110,"612,953",35,"228,184",80,"-591,952",110,"-363,768",55,"165,336",15,"15,181",25,"339,629",40,"75,739",0,"3,394",45,"37,825",480,"159,694",85,"35,223",20,"121,028",22,"986,054",86,"5,561,846",105,"6,547,900",105,"5,194,267",22,"-316,759",88,"1,484,741",110,"1,167,982"
VIC,3832,125,65,125,"4,757,528",95,"774,629",70,"58,675",0,"2,009",80,"774,586",0,"11,815",80,"2,919,383",15,"57,778",0,"11,024",0,0,10,"42,382",0,"62,593",0,"20,000",0,"18,565",70,"214,270",25,"20,546",45,"176,877",45,"75,859",125,"4,958,317",25,"39,766",0,"4,608",50,"14,411",0,"1,774",45,"45,420",0,94,0,470,0,"14,350",30,"14,252",50,"14,558",85,"197,607",0,"2,897",0,"18,953",10,"93,364",20,"-85,922",35,"756,701",10,"65,291",0,"40,593",0,"39,375",0,"59,055",15,"298,875",15,"616,952",10,"95,501",0,"3,844",0,700,0,75,15,"210,066",10,"74,519",0,670,15,"88,877",10,"72,543",10,"-26,543",15,"46,000",0,"1,071",0,0,0,"40,000",0,"7,904",0,"1,173",0,"2,819",70,"22,928",25,"10,633",0,265,5,"446,728",12,"699,788",15,"1,146,516",15,"842,300",5,"-18,564",13,"262,474",15,"243,910"
VIC,3833,150,45,150,"4,767,880",110,"647,633",80,"55,220",0,"3,757",90,"644,930",0,"8,358",95,"3,700,028",25,"108,947",0,"7,024",0,"79,361",10,"46,749",20,"186,410",0,0,0,"25,543",80,"220,505",10,"9,166",30,"79,923",30,"34,244",150,"4,991,154",30,"92,551",0,"1,401",60,"16,023",0,"4,017",45,"29,037",0,"4,195",0,"13,935",0,"1,516",40,"8,104",55,"11,893",100,"192,311",0,307,0,"80,428",10,"49,009",30,"-109,254",35,"261,805",0,"7,601",0,"53,140",0,0,0,"10,160",0,"16,695",0,"33,338",0,"71,365",10,"20,445",0,"4,530",0,309,10,"323,438",0,"75,589",0,"29,100",10,"107,888",10,"110,861",0,0,10,"110,861",10,591,0,727,0,0,0,"8,922",0,0,0,539,85,"29,868",15,"6,002",0,"2,352",7,"308,467",19,"625,414",25,"933,881",20,"801,584",7,"-59,124",18,"159,689",25,"100,565"
VIC,3835,350,155,345,"14,664,293",260,"2,745,339",220,"199,838",10,"12,316",235,"2,787,093",0,"20,138",240,"11,553,764",70,"198,260",0,"9,021",10,"82,731",15,"105,588",15,"147,914",0,"106,117",0,"14,395",190,"585,908",35,"6,003",80,"659,674",80,"282,709",345,"16,055,403",100,"236,323",25,"65,997",180,"51,830",0,"11,781",170,"139,950",0,953,0,456,0,"8,214",115,"22,438",140,"55,737",260,"836,971",0,"9,713",20,"315,399",30,"291,576",70,"1,026,964",80,"339,101",30,"67,904",0,"6,817",0,"56,817",0,"4,486",10,"106,286",20,"1,003,569",30,"342,437",25,"27,687",20,"8,435",20,928,45,"719,579",35,"460,926",15,"59,994",45,"299,218",20,"146,025",25,"-246,584",45,"-100,559",15,"56,088",0,"80,364",15,"227,076",15,"16,216",0,338,10,"5,928",160,"54,882",40,"17,192",10,"9,096",11,"2,504,881",24,"1,426,693",35,"3,931,574",35,"3,228,854",12,"277,986",24,"404,250",35,"682,236"
VIC,3840,"7,775","2,895","7,740","369,509,021","6,030","69,960,808","5,240","4,919,311",185,"250,709","5,465","71,355,962",175,"553,327","6,345","318,914,056","1,815","3,659,305",180,"2,589,124",370,"4,541,562",875,"5,118,642",545,"5,495,996",75,"789,179",65,"923,880","3,875","6,885,978",785,"1,092,124","1,660","6,814,202","1,660","2,918,055","7,760","384,768,660","2,295","4,695,750",670,"990,694","5,000","1,320,984",320,"517,748","4,675","4,243,683",70,"23,282",175,"96,026",155,"260,820","3,710","691,862","3,900","952,355","6,365","14,894,118",70,"119,958",485,"8,572,281",955,"7,342,778",75,"213,562",945,"13,873,657",405,"926,488",20,"323,358",15,"194,498",80,"592,835",265,"1,595,374",400,"3,778,428",495,"7,197,784",385,"320,790",350,"97,563",325,"130,688",750,"9,887,517",570,"5,527,309",190,"487,348",755,"5,281,423",280,"2,051,180",475,"-3,459,743",760,"-1,408,563",225,"190,976",55,"468,017",50,"755,198",185,"328,575",45,"35,719",265,"141,063","4,020","1,308,943",630,"269,549",410,"1,009,508",39,"1,738,761",439,"30,840,230",475,"32,518,097",460,"25,727,629",44,"-745,989",440,"7,203,284",480,"6,434,984"
VIC,3842,"2,195",760,"2,185","104,268,169","1,715","19,633,005","1,485","1,388,855",50,"64,572","1,560","20,040,978",70,"214,080","1,865","92,795,444",515,"886,898",45,"1,061,001",85,"1,121,824",260,"1,517,368",135,"1,324,748",30,"426,810",15,"287,545","1,085","1,514,292",200,"114,451",390,"1,331,000",390,"570,452","2,185","108,980,921",710,"1,448,355",230,"350,381","1,465","399,349",135,"234,514","1,390","1,369,654",20,"5,655",45,"46,787",35,"58,126","1,190","255,977","1,135","228,367","1,825","4,698,448",20,"48,355",130,"2,338,202",280,"2,325,243",15,"-103,963",190,"3,163,967",85,"245,975",0,"17,249",0,"18,676",20,"222,793",55,"446,260",80,"743,793",125,"1,868,533",90,"120,189",80,"17,499",70,"3,842",205,"2,089,386",165,"1,389,069",50,"107,192",200,"1,374,571",65,"296,034",140,"-1,077,480",205,"-781,446",45,"119,756",20,"48,086",10,"193,147",40,"100,226",0,"5,425",65,"24,886","1,150","369,002",180,"76,197",95,"333,755",15,"594,535",131,"8,051,878",145,"8,646,413",145,"6,436,407",17,"-351,035",133,"2,359,795",150,"2,008,760"
VIC,3844,"15,680","6,865","15,620","861,018,731","12,820","178,808,212","11,370","11,815,759",525,"736,302","11,775","183,429,577",430,"1,416,011","13,145","748,377,083","3,870","10,144,887",370,"5,458,977",805,"13,222,853","1,215","6,606,239",915,"8,633,122",215,"2,591,851",105,"1,835,194","8,435","12,960,733","1,690","2,700,670","3,535","21,048,216","3,525","9,005,960","15,645","900,745,261","5,240","11,796,903","1,695","2,709,577","10,335","2,728,950",805,"1,540,431","9,910","10,588,269",155,"44,472",305,"300,067",350,"1,355,529","7,385","1,743,068","8,035","2,121,430","13,310","38,850,818",210,"397,591","1,355","22,938,090","2,030","15,209,064",235,"-2,289,228","2,035","36,579,719",865,"3,050,294",75,"2,103,412",45,"1,036,049",150,"1,378,179",635,"4,872,660",905,"13,502,851","1,185","16,301,194",730,"2,442,426",660,"654,060",655,"707,846","1,985","26,409,687","1,720","17,989,937",740,"1,965,972","2,000","14,514,937",575,"3,661,540","1,450","-11,722,699","2,025","-8,061,159",500,"489,341",130,"605,279",180,"2,934,014",540,"939,730",110,"77,655",660,"368,143","7,805","2,509,129","1,080","460,399",845,"2,149,954",98,"4,349,352",939,"88,297,087","1,025","92,270,144","1,030","77,148,243",113,"-2,215,087",971,"17,230,714","1,070","14,947,538"
VIC,3847,"1,065",335,"1,055","46,601,025",810,"8,839,572",710,"638,665",25,"36,042",735,"8,883,723",25,"75,312",840,"42,357,377",255,"811,352",15,"183,058",40,"506,514",80,"362,664",70,"687,636",10,"130,541",10,"230,021",475,"724,595",120,"126,453",180,"701,965",180,"300,805","1,060","49,275,879",345,"844,788",115,"253,893",665,"201,554",45,"76,194",615,"703,048",10,"1,126",20,"37,303",10,"40,635",395,"77,424",465,"147,722",835,"2,604,161",15,"29,984",75,"1,110,384",100,"710,624",125,"-1,145,815",175,"1,408,254",65,"152,186",0,"67,096",15,"448,557",10,"154,944",30,"150,148",50,"441,038",75,"1,303,154",55,"356,352",50,"13,956",45,"124,319",120,"1,314,408",100,"1,053,668",30,"83,231",120,"734,995",35,"145,608",85,"-703,094",120,"-557,486",45,"52,906",10,"2,158",15,"147,394",50,"72,814",10,"5,322",25,"9,494",565,"185,066",90,"37,430",40,"117,150",28,"4,106,582",65,"5,581,318",95,"9,687,900",95,"8,989,925",31,"-461,515",69,"1,078,078",100,"616,563"
VIC,3850,"7,980","3,135","7,925","414,581,349","6,310","85,129,421","5,260","5,266,028",230,"317,807","5,670","84,844,844",250,"795,601","6,335","343,531,215","1,960","4,565,626",115,"1,708,508",160,"2,763,365",655,"3,311,403",580,"5,315,876",125,"1,485,375",225,"5,055,947","4,540","8,550,134",980,"577,376","1,920","10,775,694","1,910","4,609,646","7,950","435,817,518","2,885","6,310,959",870,"1,273,758","5,030","1,515,049",390,"833,570","4,855","5,329,046",75,"27,762",255,"233,966",165,"500,239","3,370","1,409,962","3,820","1,271,694","6,595","20,750,211",165,"369,572",740,"11,247,548",750,"5,669,266",175,"649,473","1,275","24,820,887",560,"2,692,740",45,"2,267,147",20,"485,458",60,"553,804",355,"3,121,587",545,"9,268,218",660,"10,967,063",625,"2,638,508",565,"523,416",555,"2,092,744","1,155","16,532,896",955,"10,179,401",435,"1,174,931","1,170","8,900,086",385,"2,553,551",795,"-6,275,073","1,180","-3,721,522",325,"469,453",110,"296,399",105,"1,497,275",330,"520,785",65,"46,896",410,"185,201","4,080","1,336,517",615,"260,581",205,"749,192",62,"2,709,908",520,"56,871,594",580,"59,467,166",565,"49,843,466",73,"-1,462,850",529,"10,712,961",595,"9,266,635"
VIC,3851,"2,265",875,"2,240","104,558,069","1,675","21,638,517","1,390","1,406,080",65,"102,728","1,465","21,476,457",35,"102,240","1,595","89,154,163",485,"1,347,959",35,"410,046",55,"1,095,349",165,"953,462",165,"1,584,006",30,"215,843",50,"1,133,361","1,295","2,514,337",300,"170,974",570,"2,107,605",565,"903,011","2,255","110,363,428",725,"1,716,563",235,"353,057","1,285","557,992",95,"218,103","1,175","1,273,541",25,"8,502",55,"40,333",60,"191,719",765,"152,677","1,010","404,671","1,745","5,580,831",35,"57,779",150,"2,174,287",175,"1,181,925",275,"-1,137,887",445,"4,931,177",150,"328,187",15,"651,621",20,"233,313",30,"510,862",120,"1,701,321",175,"4,639,628",210,"4,048,840",175,"919,386",155,"30,374",155,"646,564",315,"4,345,203",255,"2,795,711",90,"225,551",315,"2,117,266",125,"726,853",195,"-1,520,178",320,"-793,325",125,"127,142",50,"48,682",45,"527,317",80,"136,067",25,"19,471",90,"43,727","1,090","362,909",240,"99,465",70,"193,898",87,"7,229,402",194,"14,314,708",270,"21,544,110",275,"21,200,051",91,"-3,122,434",205,"3,295,182",280,"172,748"
VIC,3854,840,395,830,"49,290,893",660,"11,173,628",595,"690,639",40,"47,318",610,"11,539,041",20,"46,146",700,"42,545,994",215,"561,714",25,"373,939",55,"568,146",40,"187,519",30,"347,051",10,"83,572",0,"57,321",470,"781,736",140,"81,754",225,"2,367,703",220,"1,014,734",835,"51,526,880",270,"695,775",65,"168,784",575,"147,623",30,"61,504",530,"575,308",0,"1,078",10,"6,616",10,"11,396",390,"71,214",415,"136,703",695,"2,168,713",10,"10,261",70,"1,141,677",120,"884,889",80,"-434,195",145,"1,691,969",65,"103,713",0,"46,627",15,"230,810",10,"60,809",35,"321,514",55,"1,436,786",60,"780,056",50,"84,470",50,"8,591",45,"1,074",125,"1,540,347",100,"877,254",35,"63,699",120,"784,276",45,"350,857",85,"-535,739",125,"-184,882",25,"64,204",10,"6,891",15,"251,793",30,"40,459",0,"3,440",35,"17,531",370,"122,723",60,"26,221",55,"119,472",40,"3,010,989",36,"1,358,971",75,"4,369,960",75,"4,228,447",43,"-430,382",38,"493,819",80,"63,437"
VIC,3856,550,210,550,"31,206,259",450,"6,705,622",395,"431,476",20,"30,673",405,"6,915,496",0,"32,372",465,"28,577,424",145,"352,187",15,"107,083",30,"332,945",30,"161,491",15,"133,508",0,"147,007",0,"62,283",275,"304,313",55,"44,161",95,"315,865",95,"135,310",550,"32,751,938",180,"449,888",60,"188,984",370,"102,674",20,"46,147",350,"426,658",0,444,0,323,0,"3,302",260,"44,879",295,"82,075",470,"1,464,324",0,"14,003",40,"707,193",75,"523,968",20,"26,134",75,"1,233,352",20,"24,370",0,"107,873",10,"126,327",0,195,15,"48,030",20,"365,330",30,"335,905",20,"72,847",15,"2,114",15,"2,172",55,"645,473",40,"389,651",30,"52,100",55,"305,894",20,"118,983",35,"-221,155",55,"-102,172",10,"33,791",0,"50,700",0,"56,602",25,"61,775",10,"4,605",20,"12,128",265,"84,405",40,"16,642",35,"85,857",7,"511,454",34,"1,775,473",40,"2,286,927",40,"2,008,853",11,"-334,237",35,"577,944",45,"243,707"
VIC,3857,215,70,215,"8,765,815",155,"1,752,957",135,"118,719",0,"3,780",140,"1,682,986",0,"9,989",170,"7,362,796",50,"140,728",0,"24,386",10,"90,948",15,"94,609",15,"97,651",0,"123,517",0,"63,882",110,"258,694",30,"7,476",45,"78,666",45,"33,719",215,"9,179,105",60,"119,950",15,"8,674",130,"31,449",0,"15,978",120,"103,447",0,666,0,"43,375",0,"1,794",75,"10,023",90,"29,665",165,"413,297",0,"16,414",15,"286,870",20,"158,215",25,"-557,600",35,"61,961",15,"32,007",0,"14,412",0,"204,104",0,"11,793",0,"50,458",0,"151,791",15,"246,602",20,"202,415",15,"1,955",10,"64,108",20,"257,275",15,"152,084",0,"8,092",20,"121,727",10,"29,966",10,"-54,594",20,"-24,628",10,"8,082",0,0,0,"27,000",10,"21,276",0,"1,249",10,"8,457",115,"39,198",20,"10,167",10,"28,719",10,"733,869",23,"2,593,325",30,"3,327,194",30,"2,378,012",10,"-384,553",25,"1,074,056",30,"689,503"
VIC,3858,"1,595",505,"1,580","66,300,275","1,200","12,447,683",985,"887,005",40,"60,613","1,045","12,369,624",25,"92,693","1,195","55,451,482",300,"751,922",25,"543,303",50,"1,145,686",140,"765,078",115,"1,062,153",20,"963,596",0,"126,455",795,"1,751,008",235,"248,959",400,"1,727,096",400,"740,234","1,585","70,298,612",500,"1,147,016",115,"246,472",990,"284,639",45,"106,225",890,"874,640",10,"3,971",20,"5,048",40,"163,367",685,"112,927",710,"251,051","1,250","3,624,774",15,"139,039",90,"1,748,077",105,"692,113",185,"-791,558",280,"3,888,847",90,"228,917",0,"138,299",15,"473,152",15,"127,865",60,"222,628",85,"2,245,552",95,"1,082,480",60,"247,595",55,"14,369",45,"63,108",180,"2,148,315",140,"1,361,704",35,"68,172",185,"1,189,890",70,"361,641",115,"-833,092",185,"-471,451",85,"32,878",20,"44,847",20,"306,836",70,"122,463",20,"18,482",60,"30,115",855,"279,640",175,"74,479",60,"182,327",45,"5,032,182",108,"6,572,966",145,"11,605,148",150,"11,114,690",51,"-1,513,257",113,"1,729,978",155,"216,721"
VIC,3859,430,175,430,"16,844,090",315,"3,221,377",255,"228,379",0,"6,410",280,"3,112,486",0,"18,809",290,"13,363,502",85,"178,762",0,"73,709",15,"196,621",30,"151,423",30,"270,280",0,"36,711",0,"51,793",250,"564,717",95,"227,924",115,"830,724",115,"355,693",430,"18,180,399",125,"304,837",35,"119,559",240,"81,749",15,"52,838",225,"293,689",0,"2,535",0,"1,467",0,"56,473",120,"47,387",185,"75,413",315,"1,211,824",0,"6,704",25,"443,920",30,"206,711",110,"-969,106",135,"1,226,538",40,"40,915",0,0,10,"328,518",0,"145,155",20,"129,745",25,"1,082,908",55,"7,716,804",20,"101,403",15,"3,084",15,"128,097",60,"930,462",40,"479,836",10,"9,973",55,"411,724",30,"206,031",30,"-177,102",60,"28,929",35,"40,527",0,"24,576",10,"128,642",30,"47,235",0,"6,260",20,"9,077",225,"75,341",45,"19,452",20,"37,844",20,"1,907,038",33,"2,452,600",50,"4,359,638",50,"3,679,174",23,"-217,663",36,"751,356",55,"533,693"
VIC,3860,"3,895","1,370","3,870","175,261,348","2,965","33,478,020","2,480","2,304,382",110,"166,516","2,625","33,193,712",100,"278,606","2,980","146,135,992",910,"2,394,698",65,"855,255",110,"2,572,456",300,"1,472,199",255,"2,401,469",55,"651,572",60,"1,145,282","2,215","4,389,645",620,"507,941",990,"4,137,645",980,"1,772,263","3,885","186,757,578","1,410","3,065,818",460,"1,117,128","2,380","769,997",155,"321,046","2,260","2,623,022",35,"9,142",100,"95,064",85,"195,484","1,535","365,130","1,875","667,475","3,140","10,495,166",55,"113,153",335,"5,376,928",340,"2,426,441",305,"-296,353",725,"10,680,986",225,"188,684",15,"399,444",25,"1,036,667",60,"570,525",185,"1,055,274",255,"4,372,429",340,"5,069,208",230,"971,124",220,"194,778",200,"689,862",530,"6,245,964",400,"3,268,864",115,"235,669",525,"3,617,716",190,"1,254,062",345,"-2,130,347",535,"-876,285",210,"182,566",35,"101,672",80,"922,135",200,"327,409",55,"43,105",195,"90,818","2,085","690,146",390,"163,529",120,"485,946",73,"3,720,165",292,"17,237,381",355,"20,957,546",350,"17,587,775",74,"-872,145",297,"3,860,908",360,"2,988,763"
VIC,3862,"1,730",595,"1,710","77,027,231","1,265","14,848,594","1,090","1,025,590",45,"66,540","1,140","14,822,127",30,"102,201","1,290","66,005,353",420,"943,291",40,"653,183",45,"887,294",110,"556,295",105,"974,207",20,"289,459",25,"621,998",970,"1,650,073",240,"113,761",395,"1,909,196",390,"818,346","1,720","81,298,045",600,"1,274,774",170,"440,645","1,045","316,585",80,"141,837",975,"1,068,128",20,"4,463",45,"24,753",20,"42,607",645,"150,316",770,"262,888","1,330","3,996,812",25,"55,886",165,"2,589,601",135,"830,847",185,"-1,355,302",305,"3,722,920",75,"90,456",10,"376,717",20,"718,853",20,"559,264",60,"574,347",90,"1,351,070",140,"1,625,953",100,"890,201",85,"39,989",95,"311,208",195,"2,044,319",160,"1,228,119",45,"80,711",195,"1,052,289",75,"363,342",120,"-680,142",200,"-316,800",80,"58,048",20,"11,998",15,"167,030",55,"102,786",15,"12,852",80,"32,576",880,"289,810",185,"79,240",60,"189,114",59,"3,907,298",133,"5,495,258",180,"9,402,556",185,"8,547,638",68,"-1,357,070",130,"1,674,963",185,"317,893"
VIC,3864,90,30,85,"3,161,800",70,"465,339",55,"37,212",0,0,60,"454,527",0,"4,787",70,"2,848,208",20,"42,782",0,"6,572",0,55,0,"47,625",0,"54,006",0,0,0,"60,427",45,"81,914",10,"23,998",20,"26,930",20,"11,537",85,"3,349,677",20,"52,136",10,"21,909",55,"14,835",0,"3,377",45,"52,049",0,586,0,169,0,"15,811",25,"5,673",40,"18,525",70,"187,877",0,"5,539",10,"183,443",0,"8,060",10,"-3,909",10,"105,013",0,584,0,"1,000",0,0,0,"10,673",0,"31,411",0,"93,822",0,"84,916",0,"1,072",0,"1,072",0,120,10,"142,756",10,"96,181",0,"10,248",10,"119,344",0,"6,155",10,"-89,172",10,"-83,017",0,"1,471",0,0,0,"2,196",0,611,0,790,0,680,55,"20,262",15,"6,586",0,"5,638",4,"58,755",11,"266,384",15,"325,139",15,"285,917",7,"-70,731",11,"111,226",15,"40,495"
VIC,3865,300,75,295,"11,772,763",230,"1,865,256",205,"155,763",0,"4,662",210,"1,888,683",0,"11,730",230,"9,743,680",65,"125,165",0,"12,775",0,"13,948",20,"106,529",20,"244,078",0,"4,789",0,"36,727",160,"243,177",35,"2,817",75,"317,749",75,"136,359",300,"12,515,223",85,"175,052",25,"60,441",185,"52,091",10,"16,161",135,"82,647",0,0,0,501,0,"22,625",85,"17,605",135,"34,033",235,"686,601",0,"3,750",20,"286,398",15,"102,390",30,"509,344",50,"613,287",10,"19,374",0,0,0,"3,684",10,"104,401",0,"4,838",0,"11,601",15,"103,551",10,"3,150",10,"1,411",10,197,25,"358,511",15,"122,305",0,"24,100",20,"123,387",15,"144,006",10,"-55,287",25,"88,719",20,"2,435",0,"3,119",15,"196,194",15,"29,251",0,"2,225",10,"1,850",180,"57,364",40,"16,826",0,"8,400",5,"173,952",21,"859,938",25,"1,033,890",25,"757,268",5,"-79,537",23,"332,993",25,"253,456"
VIC,3869,"1,010",475,995,"53,554,757",760,"11,327,228",675,"733,429",30,"43,000",700,"11,489,704",20,"48,566",800,"46,329,490",245,"766,370",40,"437,499",70,"1,003,744",70,"381,279",55,"495,947",25,"324,465",0,"72,142",580,"1,086,118",145,"54,341",265,"1,000,996",265,"428,987","1,005","56,138,941",285,"732,479",85,"130,267",620,"158,588",45,"85,131",620,"683,212",10,"6,576",25,"43,599",20,"53,742",475,"87,959",525,"161,811",810,"2,451,984",25,"41,003",75,"1,225,309",165,"1,406,420",85,"-316,993",175,"2,336,342",70,"86,930",0,"3,233",15,"303,595",15,"259,316",45,"428,258",60,"1,274,639",90,"1,054,086",65,"232,644",60,"17,997",55,"30,710",145,"1,941,893",115,"1,177,009",40,"84,531",145,"1,192,841",50,"188,409",100,"-700,897",150,"-512,488",50,"108,319",10,"101,515",15,"224,734",30,"68,688",0,"1,976",40,"20,814",440,"142,267",85,"35,790",75,"258,360",24,"1,105,452",61,"2,510,945",85,"3,616,397",85,"3,611,123",27,"-780,600",61,"637,212",85,"-143,388"
VIC,3870,690,255,685,"30,413,586",510,"5,691,064",435,"407,437",15,"21,767",450,"5,820,015",15,"39,002",490,"25,326,285",150,"527,542",25,"389,298",45,"538,668",65,"388,355",55,"528,422",0,"91,644",0,"63,600",390,"896,593",100,"33,370",165,"356,058",165,"152,465",685,"31,929,319",180,"413,411",55,"85,831",350,"97,627",35,"49,533",365,"373,758",0,993,20,"16,520",15,"10,093",280,"72,709",325,"107,374",520,"1,399,295",0,"16,196",40,"737,921",75,"711,249",75,"-432,357",115,"1,519,043",35,"81,683",0,"142,654",15,"621,011",15,"69,011",25,"282,851",35,"836,255",45,"532,482",25,"18,278",20,"4,373",20,"1,082",60,"607,025",40,"376,034",10,"45,463",60,"343,669",25,"97,332",35,"-255,473",60,"-158,141",30,"66,354",0,"8,770",15,"143,912",20,"27,181",0,"4,141",25,"9,033",320,"107,659",65,"27,914",45,"45,049",26,"994,286",66,"3,326,047",90,"4,320,333",90,"3,795,846",31,"-726,091",68,"985,225",95,"259,134"
VIC,3871,"1,570",645,"1,550","66,656,056","1,125","12,339,908",940,"866,787",45,"51,103",990,"12,452,528",45,"145,690","1,115","53,464,404",345,"733,649",25,"478,262",50,"657,036",120,"618,360",125,"1,246,813",30,"397,763",25,"515,760",890,"1,819,318",300,"139,176",405,"1,457,871",400,"624,457","1,565","69,702,575",380,"824,669",110,"194,343",780,"201,409",75,"122,527",730,"751,593",10,"2,065",30,"9,971",30,"25,060",600,"176,581",670,"179,464","1,210","2,823,526",30,"71,423",110,"1,714,316",145,"1,160,608",190,"47,347",315,"3,843,535",80,"91,051",10,"380,034",30,"409,487",25,"124,184",70,"525,738",100,"1,757,475",125,"982,441",70,"191,660",65,"18,290",60,"6,806",195,"2,173,209",150,"1,387,256",45,"109,825",200,"1,247,041",75,"328,993",125,"-899,906",200,"-570,913",85,"169,854",20,"183,068",25,"232,045",45,"103,446",10,"8,020",60,"33,074",760,"248,385",115,"49,686",55,"157,457",71,"3,654,600",131,"10,689,361",195,"14,343,961",190,"12,859,024",74,"-962,565",132,"2,433,837",200,"1,471,272"
VIC,3873,215,75,215,"9,235,340",155,"1,751,400",125,"121,445",0,"6,298",130,"1,758,014",0,"5,251",155,"8,113,345",50,"146,990",0,"22,230",15,"164,943",15,"75,011",15,"170,132",0,"87,578",0,0,125,"397,082",35,"25,947",50,"171,861",50,"73,634",215,"9,744,283",65,"138,317",15,"44,876",120,"41,446",10,"18,626",115,"154,197",0,0,0,294,0,828,80,"17,389",95,"24,661",165,"493,527",0,"7,489",15,"278,856",15,"75,873",35,"-308,334",40,"252,624",15,"5,008",0,"-15,988",0,"77,674",0,"27,320",0,"6,961",10,"292,512",20,"138,576",0,"1,237",0,"1,237",0,136,45,"596,736",35,"254,757",10,"27,186",45,"268,320",25,"156,261",20,"-109,788",45,"46,473",10,297,0,161,0,"46,255",10,"6,638",0,"2,684",10,"12,535",95,"31,936",20,"9,273",15,"22,247",14,"1,036,093",14,"328,692",25,"1,364,785",30,"1,278,048",18,"-14,547",14,"94,387",30,"79,840"
VIC,3874,320,140,320,"17,497,674",245,"4,324,048",195,"234,243",0,"7,052",210,"4,280,034",0,"23,233",200,"10,328,268",70,"289,463",0,"10,992",10,"235,206",25,"139,051",15,"146,193",0,"44,611",0,0,200,"633,592",65,"31,998",100,"2,610,410",95,"1,118,614",320,"18,188,213",70,"204,681",30,"55,139",160,"43,196",10,"26,990",135,"146,903",0,"1,796",10,"4,336",0,"2,317",85,"16,721",115,"37,509",215,"667,836",0,"5,314",15,"287,098",20,"151,007",80,"230,668",90,"1,029,331",20,"17,768",0,"4,200",10,"215,413",0,"39,206",10,"9,728",15,"616,592",25,"178,055",20,"169,767",20,"1,109",15,"1,632",30,"429,219",25,"316,050",10,"37,795",25,"159,381",15,"48,764",15,"-132,771",30,"-84,007",15,"4,509",0,"50,415",10,"119,308",0,"6,420",0,626,10,"4,061",175,"58,478",40,"15,317",15,"133,026",15,"1,362,392",16,"1,098,346",30,"2,460,738",30,"1,695,416",17,"160,039",17,"582,248",35,"742,287"
VIC,3875,"9,620","3,275","9,565","399,785,741","7,445","68,225,657","6,240","5,146,515",155,"201,551","6,580","68,900,822",190,"577,743","7,255","312,731,528","2,185","4,978,906",95,"1,020,175",125,"1,357,838",800,"4,412,108",805,"7,673,813",105,"1,236,900",140,"2,774,319","5,370","11,310,427","1,175","675,344","2,575","13,318,045","2,570","5,707,726","9,595","419,480,177","2,285","4,795,533",815,"1,462,114","5,540","1,525,909",420,"777,954","4,700","3,814,143",75,"21,081",305,"264,227",255,"697,486","3,330","813,419","4,395","1,250,195","7,740","18,706,277",140,"299,659",700,"12,063,472",745,"5,663,305",525,"-1,858,498","1,735","30,302,074",515,"1,906,708",35,"1,188,754",70,"1,353,401",130,"1,174,768",400,"4,368,991",590,"14,652,595",755,"11,912,576",460,"1,282,166",410,"151,507",385,"113,838","1,180","15,778,192",845,"7,598,933",350,"857,114","1,175","7,245,159",555,"3,905,210",640,"-3,828,224","1,195","76,986",485,"383,581",85,"274,304",180,"2,529,097",430,"743,387",75,"42,771",330,"182,541","5,550","1,850,541",980,"427,217",180,"578,616",153,"9,546,357",690,"52,029,439",825,"61,536,771",825,"49,044,954",169,"-2,017,741",705,"13,657,119",850,"11,639,378"
VIC,3878,530,225,530,"31,763,952",400,"8,015,192",355,"433,558",0,"9,147",365,"8,090,546",15,"52,539",350,"15,293,956",95,"99,135",0,"39,060",10,"24,386",30,"141,376",50,"516,815",15,"257,014",15,"381,779",310,"753,196",65,"30,867",170,"6,889,746",170,"2,953,004",530,"33,077,535",135,"262,185",40,"42,184",250,"66,955",20,"43,865",230,"209,206",0,"2,088",20,"46,670",20,"31,078",195,"47,749",240,"73,206",425,"1,299,845",15,"48,991",40,"689,352",45,"310,907",15,"9,148",120,"3,886,541",50,"95,649",0,"57,626",0,"3,840",10,"98,598",45,"432,389",60,"1,412,468",45,"757,451",40,"236,778",35,"22,186",30,"82,301",75,"860,833",60,"650,103",20,"49,017",75,"418,842",30,"173,665",45,"-430,794",75,"-257,129",25,"25,282",10,383,25,"413,158",30,"60,912",0,"1,014",25,"7,521",290,"99,082",90,"38,028",15,"27,955",1,"18,503",43,"3,444,451",45,"3,462,954",40,"2,346,994",1,"-4,924",44,"1,079,891",45,"1,074,967"
VIC,3880,"1,920",805,"1,910","75,002,400","1,355","13,108,554","1,080","923,465",25,"26,426","1,135","12,674,886",30,"74,547","1,190","49,875,564",365,"1,251,838",20,"268,847",30,"461,874",175,"883,454",240,"2,171,180",40,"650,040",70,"1,587,003","1,095","2,788,616",295,"264,191",625,"4,236,703",620,"1,812,881","1,910","78,313,505",365,"741,009",155,"218,431",790,"222,375",60,"84,868",765,"651,249",10,"1,568",60,"32,000",70,"84,413",635,"149,656",845,"346,060","1,415","3,178,613",60,"174,633",95,"1,781,317",140,"1,020,018",15,"27,616",355,"5,762,579",125,"654,948",0,"47,597",0,"68,939",30,"319,005",115,"1,074,952",180,"3,442,311",190,"3,024,461",135,"465,879",115,"84,493",105,"102,940",240,"3,437,917",155,"1,312,549",60,"115,367",235,"1,673,466",125,"1,059,621",120,"-723,086",240,"336,535",95,"216,473",20,"64,695",35,"537,508",60,"101,149",15,"8,854",60,"37,183",960,"326,947",235,"99,749",45,"356,754",7,"185,270",168,"11,059,146",175,"11,244,416",165,"8,519,916",9,"-21,700",171,"2,592,406",175,"2,570,706"
VIC,3882,580,190,580,"23,721,234",455,"3,957,951",375,"298,093",10,"12,145",400,"3,969,450",10,"31,352",420,"17,904,878",125,"298,383",0,"30,870",10,"51,469",40,"200,191",60,"469,010",0,"107,098",15,"208,952",365,"873,098",85,"26,709",170,"1,089,668",170,"466,426",580,"24,942,843",135,"282,357",45,"115,488",315,"85,362",25,"36,380",270,"275,940",0,"1,799",30,"12,160",10,"9,557",190,"65,590",290,"75,493",460,"1,124,384",10,"20,925",50,"894,868",55,"384,049",30,"-82,083",115,"2,165,531",35,"284,489",0,0,0,"25,725",0,"99,448",40,"309,009",50,"977,017",45,"690,893",30,"28,541",30,"9,758",30,"2,408",65,"892,112",45,"433,437",10,"10,380",65,"355,516",30,"219,566",35,"-126,787",65,"92,779",30,"63,180",10,"3,638",10,"135,134",20,"29,124",0,"4,533",20,"18,712",340,"115,267",70,"30,618",15,"30,650",14,"739,059",52,"3,250,536",60,"3,989,595",55,"3,460,282",15,"-293,295",52,"707,554",60,"414,259"
VIC,3885,"1,020",215,"1,005","35,613,488",735,"5,535,051",605,"446,878",15,"16,060",640,"5,528,717",15,"46,718",765,"30,445,002",235,"621,340",10,"62,931",15,"27,853",115,"587,161",75,"713,840",10,"130,327",0,"143,911",545,"789,108",100,"37,678",195,"766,807",195,"328,986","1,015","37,530,343",235,"531,150",85,"230,672",570,"164,543",45,"55,452",480,"363,907",0,825,25,"9,872",10,"20,746",295,"67,022",465,"126,786",790,"1,776,341",15,"24,230",75,"1,540,428",75,"509,285",135,"-1,488,388",190,"2,171,310",40,"182,372",10,"122,661",15,"107,402",20,"314,794",30,"246,985",45,"568,283",60,"405,181",35,"125,604",30,"38,481",30,"11,708",90,"929,006",50,"380,962",20,"32,589",90,"410,075",50,"334,278",45,"-228,898",95,"105,380",60,"107,836",10,"12,685",10,"133,190",35,"71,991",10,"6,877",25,"8,013",575,"198,262",125,"56,063",20,"41,003",41,"2,177,745",80,"4,942,320",115,"7,120,065",115,"6,316,407",43,"-349,113",84,"1,049,911",115,"700,798"
VIC,3886,200,40,200,"8,328,844",145,"1,533,393",120,"105,939",0,"3,686",125,"1,421,197",0,"4,612",140,"6,324,344",40,"82,223",0,"41,618",0,"58,604",25,"150,518",15,"131,375",0,"10,248",0,"26,544",120,"176,535",30,"16,993",45,"187,892",45,"80,514",200,"8,650,978",45,"98,203",10,"21,453",100,"24,669",10,"8,027",70,"49,662",0,0,0,150,0,"9,529",40,"3,615",75,"28,164",150,"291,971",0,"1,537",10,"119,839",0,"58,992",25,"360,286",50,"658,356",0,344,0,"2,733",0,"67,380",0,"14,527",10,"44,200",10,"143,013",0,"297,452",0,"83,409",0,"3,658",0,"116,165",20,"183,065",10,"39,345",0,"4,179",20,"89,174",15,"70,991",0,"-20,624",20,"50,367",10,"28,155",0,"25,003",0,"35,571",10,"12,928",0,338,0,823,100,"34,348",20,"9,207",0,"21,038",7,"98,725",20,"1,014,638",25,"1,113,363",25,"1,023,344",7,"-76,692",20,"166,379",25,"89,687"
VIC,3887,155,25,155,"4,632,902",105,"593,037",85,"54,437",0,"1,594",90,"581,355",0,"6,412",115,"4,062,969",30,"81,228",0,0,0,272,15,"87,404",15,"135,960",0,"61,757",0,"58,221",80,"53,342",20,"1,675",35,"21,310",30,"9,141",155,"4,948,981",45,"107,327",15,"28,531",80,"18,359",0,"1,498",65,"49,748",0,352,0,622,0,0,35,"8,092",65,"23,051",115,"250,170",0,"12,046",10,"163,842",10,"46,155",20,"62,848",30,"219,574",0,"1,414",0,"4,222",0,"160,158",0,"99,614",0,0,0,0,10,"63,639",0,"4,624",0,489,0,36,15,"109,411",15,"34,413",0,"1,087",15,"62,696",10,"36,512",10,"-25,297",15,"11,215",10,"10,507",0,57,0,0,10,"10,550",0,"1,173",0,"2,451",80,"27,422",15,"6,361",0,0,7,"166,348",13,"691,929",15,"858,277",20,"927,135",6,"-215,359",14,-168,15,"-215,527"
VIC,3888,"1,720",415,"1,705","66,471,314","1,260","11,005,036","1,010","834,007",40,"50,224","1,100","11,001,029",40,"103,766","1,235","49,795,522",375,"1,098,270",10,"101,935",20,"116,360",190,"1,091,291",140,"1,372,442",20,"313,377",20,"483,293","1,020","2,347,598",250,"391,005",420,"2,530,968",415,"1,084,212","1,715","69,855,627",350,"687,564",150,"283,957",890,"225,320",55,"80,274",675,"607,924",10,"1,605",35,"11,616",30,"85,927",415,"88,814",685,"204,668","1,275","2,895,228",25,"66,031",120,"1,940,885",155,"1,004,295",225,"944,777",335,"3,767,666",80,"201,012",10,"149,063",15,"468,441",20,"160,589",55,"257,132",85,"996,609",105,"1,141,956",65,"30,369",65,"17,512",55,"1,895",220,"2,325,132",145,"1,188,084",35,"48,489",210,"996,917",115,"540,989",105,"-449,347",215,"91,642",85,"219,324",15,"38,187",35,"440,654",75,"172,671",20,"17,424",35,"22,251",920,"315,350",190,"80,716",35,"134,401",41,"2,062,091",136,"8,039,585",170,"10,101,676",160,"7,347,404",44,"-149,091",137,"2,838,193",170,"2,689,102"
VIC,3889,80,15,75,"1,378,927",35,"170,672",25,"16,049",0,0,30,"164,371",0,0,40,"1,064,706",10,"7,939",0,"5,428",0,"23,072",10,"47,895",15,"140,097",0,"6,141",0,"3,928",35,"75,842",0,"4,621",15,"120,587",15,"51,634",75,"1,430,784",10,"10,263",0,0,20,"5,678",0,0,20,"12,467",0,0,0,0,0,0,10,"2,149",20,"5,315",40,"40,592",0,0,0,"79,039",0,"21,239",15,"-277,742",30,"191,097",0,581,0,0,0,0,0,"75,235",0,"29,051",0,"61,929",0,"15,832",0,76,0,76,0,10,10,"61,983",0,"19,787",0,"2,592",10,"30,231",0,"27,454",0,"-18,081",10,"9,373",0,"2,619",0,0,0,0,0,"4,720",0,"1,707",0,602,30,"11,055",0,"2,017",0,660,2,"44,911",2,"41,601",0,"86,512",0,"175,235",2,"-83,517",2,"-72,645",0,"-156,162"
VIC,3890,185,55,185,"6,938,821",135,"1,290,235",110,"92,913",10,"7,818",115,"1,303,793",0,"9,657",130,"5,333,362",30,"71,526",0,0,0,"1,613",30,"166,047",15,"138,612",0,"26,624",0,"71,703",100,"226,196",15,"15,589",35,"510,467",35,"218,739",185,"7,421,983",35,"62,252",10,"28,882",80,"20,205",0,"9,199",70,"52,194",0,113,0,"10,683",0,0,45,"10,182",75,"32,382",135,"297,414",0,"5,876",0,"87,233",10,"128,154",15,"205,612",40,"543,868",10,"4,311",0,926,0,"102,061",0,"101,180",0,"4,676",0,"17,319",15,"217,999",0,613,0,613,0,132,20,"345,142",15,"141,269",0,"8,109",20,"117,188",10,"126,458",10,"-47,882",20,"78,576",15,810,0,34,0,"68,555",0,"2,767",0,"3,214",0,"1,793",90,"31,642",20,"8,248",0,"1,949",7,"253,127",18,"2,721,290",25,"2,974,417",25,"3,142,108",9,"-414,572",19,"-6,858",25,"-421,430"
VIC,3891,70,20,65,"5,903,295",45,"1,952,024",35,"80,320",0,0,35,"1,891,420",0,0,35,"2,088,733",0,"24,290",0,"282,870",0,"1,049,348",0,"31,375",0,"66,897",0,"24,177",0,0,45,"175,473",10,"2,907",20,"141,733",20,"60,764",65,"6,160,845",10,"33,434",0,"2,203",20,"6,207",0,"3,257",20,"29,480",0,"1,323",0,"67,520",0,"34,750",20,"11,424",35,"33,914",40,"223,986",0,963,0,"14,468",0,"41,931",0,"-23,853",15,"919,100",0,"54,489",0,"30,374",0,"21,264",0,"1,265",0,"37,242",0,"37,530",0,"10,898",0,"8,003",0,"7,038",0,597,15,"133,700",10,"46,421",0,"14,988",15,"91,816",0,"18,103",10,"-37,628",15,"-19,525",10,"2,622",0,"143,758",0,0,0,474,0,0,0,850,30,"10,216",0,"2,343",0,"121,739",4,"380,612",10,"1,019,063",10,"1,399,675",15,"1,338,514",4,"-64,934",11,"132,359",15,"67,425"
VIC,3892,610,205,605,"22,495,196",425,"3,687,113",335,"274,859",0,"9,381",355,"3,555,941",10,"23,813",385,"13,145,225",80,"212,728",0,"3,532",0,"45,745",70,"414,200",75,"659,177",10,"169,314",25,"958,122",365,"917,716",55,"31,562",150,"1,000,138",150,"428,631",610,"23,634,505",100,"252,467",30,"28,722",215,"51,153",15,"28,061",225,"171,759",0,629,20,"43,429",15,"20,491",145,"40,253",250,"89,385",435,"1,132,842",25,"94,102",25,"487,078",50,"400,835",15,"1,271,170",140,"2,276,885",45,"100,086",0,"17,259",0,"1,144",10,"146,488",30,"126,747",45,"628,617",55,"1,495,682",50,"249,983",40,"178,181",35,"12,616",100,"1,093,700",65,"461,748",25,"65,205",100,"576,888",40,"296,979",60,"-307,120",100,"-10,141",30,"99,260",15,"20,836",20,"372,182",20,"34,311",0,0,15,"7,630",300,"105,661",75,"30,962",0,"54,151",8,"422,165",91,"3,521,801",100,"3,943,966",90,"2,635,442",9,"62,550",94,"1,166,477",100,"1,229,027"
VIC,3895,110,40,110,"3,823,220",80,"590,545",60,"45,368",0,"2,594",65,"532,315",0,937,70,"2,406,621",20,"28,980",0,"9,318",0,"50,919",10,"42,123",10,"91,766",0,"14,011",0,"50,311",75,"169,409",25,"10,993",50,"145,300",50,"62,248",110,"4,044,168",30,"88,933",0,"8,721",45,"13,037",0,"11,485",40,"40,764",0,772,0,30,0,132,35,"3,722",40,"14,085",70,"207,996",0,"5,197",0,"9,033",0,"44,786",35,"324,326",35,"193,411",10,"24,614",0,710,0,"24,877",0,"1,925",10,"63,858",15,"167,382",10,"212,743",10,"5,474",10,"5,474",10,356,15,"140,379",0,"50,262",0,"4,745",10,"55,137",10,"52,151",0,"-21,916",15,"30,235",10,"1,401",0,"1,476",0,"25,000",0,"1,315",0,"1,780",0,"2,985",60,"20,148",20,"9,158",0,"34,097",10,"788,952",9,"346,832",20,"1,135,784",20,"978,832",10,"33,398",9,"115,720",20,"149,118"
VIC,3896,230,70,230,"9,509,486",175,"1,659,684",140,"123,390",10,"13,164",145,"1,699,060",0,"12,740",155,"7,206,089",35,"57,965",0,812,0,"6,470",30,"158,719",20,"221,173",0,"20,371",0,0,165,"335,409",50,"20,439",90,"394,081",90,"168,912",230,"10,011,364",45,"111,188",20,"21,913",105,"26,989",0,"11,068",105,"83,747",0,173,0,"2,357",0,616,65,"17,024",90,"27,970",165,"466,338",0,406,0,"87,505",25,"107,326",45,"351,944",65,"731,488",20,"58,482",0,"13,828",0,"16,580",0,"5,361",10,"62,909",15,"148,579",20,"53,467",25,"47,562",20,"1,122",20,123,30,"281,594",25,"152,333",0,"4,410",30,"123,758",15,"63,308",15,"-62,215",30,"1,093",15,"18,869",0,13,10,"158,034",0,"2,500",0,"3,248",10,"2,329",110,"36,608",25,"10,505",0,"10,607",15,"524,864",12,"754,048",25,"1,278,912",25,"943,135",15,"-37,609",12,"365,878",25,"328,269"
VIC,3898,395,140,390,"13,920,027",285,"2,299,075",225,"177,631",0,"7,033",240,"2,262,424",0,"10,715",275,"11,216,460",95,"317,173",0,"43,780",0,"14,196",30,"161,559",30,"276,863",0,"97,931",0,"68,727",245,"431,190",50,"9,600",90,"575,092",90,"246,722",390,"14,796,745",95,"212,757",25,"37,610",220,"60,917",10,"30,185",160,"146,561",0,715,0,692,0,"4,887",110,"28,641",170,"73,953",290,"815,900",0,"13,403",25,"374,295",20,"137,131",45,"62,610",80,"363,138",30,"30,650",0,"48,376",0,"63,446",10,"312,099",20,"157,311",25,"464,661",25,"124,855",25,"20,247",20,"11,607",20,332,50,"602,533",40,"399,132",15,"22,597",50,"221,213",20,"119,867",30,"-160,551",50,"-40,684",25,"17,852",0,"11,917",10,"185,000",15,"33,470",10,"6,139",10,"1,909",215,"73,803",50,"21,198",10,"53,700",19,"983,866",48,"5,399,406",65,"6,383,272",65,"6,006,339",22,"-290,585",49,"397,594",70,"107,009"
VIC,3900,115,40,110,"3,348,336",85,"457,002",60,"39,616",0,0,65,"414,073",0,0,60,"2,179,324",25,"81,888",0,"7,401",0,913,0,"34,979",0,"104,248",0,0,0,"19,097",65,"116,468",30,"4,102",40,"112,051",40,"48,040",115,"3,679,047",20,"75,924",10,"70,565",50,"15,467",0,0,30,"54,061",0,146,0,764,0,"7,312",20,"2,477",40,"10,330",70,"307,046",0,0,0,"73,596",0,"25,142",40,"479,576",25,"307,881",15,"71,077",0,"1,000",0,"35,596",0,"40,549",10,"20,647",10,"250,077",10,"56,315",0,300,0,300,0,35,15,"121,910",10,"67,481",0,813,10,"42,174",0,"33,620",0,"-22,178",15,"11,442",10,"6,691",0,90,0,"70,000",0,0,0,"4,147",0,"1,090",65,"24,315",30,"12,038",0,167,15,"787,334",10,"631,760",25,"1,419,094",25,"1,363,818",16,"-88,167",10,"110,047",25,"21,880"
VIC,3902,210,70,210,"8,085,484",145,"1,423,918",120,"101,016",0,"4,264",125,"1,438,521",0,"6,128",140,"5,388,011",45,"109,595",0,0,0,"58,420",30,"159,612",25,"207,529",0,"39,954",0,"73,916",115,"245,522",35,"14,282",55,"214,546",55,"91,928",210,"8,421,470",40,"90,082",20,"39,072",100,"27,576",0,"4,283",80,"73,545",0,0,0,"2,041",0,"2,455",55,"14,662",90,"30,890",150,"331,120",0,"4,376",15,"286,705",15,"83,003",25,"-98,181",55,"1,107,606",15,"218,937",0,469,0,"99,274",10,"156,232",10,"382,935",20,"1,431,405",25,"337,916",15,"14,069",15,"5,948",10,465,25,"167,038",10,"80,425",0,"3,895",20,"76,285",10,"47,344",10,"-40,911",25,"6,433",10,"1,479",0,182,0,"25,000",10,"21,345",0,"2,525",0,"1,568",110,"36,530",30,"11,775",0,"3,424",6,"255,902",18,"806,054",25,"1,061,956",25,"799,492",6,"-55,426",18,"183,716",25,"128,290"
VIC,3903,395,155,395,"16,590,073",300,"2,856,419",245,"210,863",10,"12,242",260,"2,875,341",0,"16,948",285,"12,591,639",85,"286,893",0,"78,073",10,"100,626",40,"203,975",35,"235,910",10,"83,755",0,"210,766",225,"255,531",55,"8,330",115,"662,557",115,"283,934",395,"17,418,921",95,"212,121",35,"129,909",210,"58,218",10,"4,143",165,"132,985",0,113,10,"5,331",10,965,135,"20,906",185,"51,488",315,"727,565",10,"17,700",20,"361,754",25,"148,507",20,"-225,577",90,"1,132,566",20,"14,341",0,0,0,"35,150",10,"124,487",20,"356,384",30,"759,418",45,"544,993",20,"11,808",20,"9,934",15,"1,640",40,"510,451",25,"190,339",10,"24,674",40,"255,826",20,"158,218",20,"-118,606",40,"39,612",25,"10,632",0,"37,075",0,"85,277",10,"26,109",0,"4,045",10,"6,979",220,"74,527",65,"27,316",10,"32,617",7,"869,533",45,"2,410,343",50,"3,279,876",55,"2,456,048",8,"-27,306",48,"778,097",55,"750,791"
VIC,3904,730,370,720,"28,808,445",500,"5,119,210",400,"352,990",0,"3,562",425,"5,026,941",10,"30,024",435,"18,653,705",115,"390,359",0,"60,416",0,"44,240",50,"263,802",75,"696,095",10,"187,049",15,"537,174",430,"1,007,656",105,"67,766",230,"1,663,537",230,"712,032",725,"30,309,115",165,"364,879",50,"71,151",280,"70,832",25,"43,417",250,"243,405",0,"1,669",20,"2,677",20,"14,782",240,"105,381",280,"170,924",505,"1,312,775",20,"62,510",40,"622,298",45,"476,056",15,"-141,150",160,"2,691,807",45,"225,152",0,"3,277",0,"1,216",15,"115,177",45,"828,413",65,"3,005,843",95,"1,830,145",55,"632,333",35,"106,254",40,"67,142",95,"1,645,596",65,"662,643",25,"88,992",95,"843,555",45,"480,548",55,"-430,142",100,"50,406",40,"75,408",15,"56,728",15,"167,813",35,"53,011",10,"9,423",30,"13,648",350,"121,039",90,"38,035",15,"31,583",8,"333,466",83,"6,344,838",90,"6,637,679",90,"5,253,940",9,"-127,238",87,"1,465,017",95,"1,333,744"
VIC,3909,"3,905","1,200","3,875","153,057,421","2,925","25,397,981","2,305","1,879,069",85,"139,053","2,470","24,860,651",45,"155,315","2,725","113,609,232",690,"1,767,615",30,"224,331",70,"1,341,092",405,"2,252,992",425,"4,013,929",65,"666,938",95,"1,804,436","2,180","4,953,767",465,"213,238","1,080","6,166,979","1,075","2,642,851","3,895","161,649,555",960,"2,056,487",335,"655,212","1,990","534,717",165,"299,763","1,705","1,436,560",15,"10,273",85,"98,644",70,"763,130","1,295","261,442","1,720","594,747","3,010","8,124,323",85,"171,208",230,"4,581,833",305,"2,112,719",115,"1,202,401",725,"11,027,744",220,"707,015",35,"509,453",20,"511,768",50,"556,081",170,"2,136,800",250,"5,231,313",355,"4,855,632",215,"879,695",175,"82,868",165,"416,331",495,"5,448,087",370,"2,852,146",145,"289,451",495,"2,670,473",205,"1,313,403",295,"-1,677,386",500,"-363,983",245,"220,924",40,"21,803",70,"1,068,314",175,"340,568",40,"39,048",110,"84,770","2,170","742,822",440,"190,100",85,"271,644",31,"962,127",312,"21,717,826",335,"22,664,153",330,"18,055,871",36,"-631,328",317,"4,652,385",345,"4,021,057"
VIC,3910,"12,840","6,420","12,775","619,142,111","10,630","112,953,048","9,515","8,427,163",110,"133,991","9,775","116,219,792",355,"1,120,743","10,775","538,799,259","2,895","9,648,925",245,"2,847,381",310,"2,631,412",795,"3,457,003",665,"6,051,306",145,"1,472,330",130,"3,240,468","6,805","7,783,194",810,"257,662","2,270","8,563,230","2,260","3,668,160","12,785","652,026,412","4,355","12,695,164","1,630","2,023,404","7,575","2,109,915",580,"976,225","7,955","8,200,699",185,"63,035",310,"322,081",125,"242,407","5,190","1,188,113","6,760","1,925,963","10,900","32,393,700",175,"318,907",905,"13,861,723","1,210","7,610,660",25,"331,967","1,350","31,724,083",465,"2,281,196",120,"2,710,012",10,"350,189",140,"977,524",370,"3,916,212",515,"12,214,141",680,"30,407,818",460,"2,313,426",365,"1,070,023",335,"54,298","1,515","20,157,502","1,355","15,849,852",725,"1,749,617","1,525","9,591,583",395,"2,475,593","1,150","-9,508,735","1,545","-7,033,142",675,"1,125,257",135,"362,945",145,"1,383,280",585,"1,161,641",45,"28,815",775,"427,396","7,405","2,323,328",985,"425,818",410,"861,216",24,"798,911","1,139","65,527,786","1,160","66,275,326","1,140","41,779,649",39,"-246,663","1,154","23,650,297","1,190","23,424,238"
VIC,3911,"1,880",900,"1,875","89,858,025","1,520","16,794,205","1,325","1,196,050",25,"36,042","1,385","17,223,179",40,"137,939","1,500","70,797,508",420,"1,341,692",35,"347,857",40,"406,392",140,"690,997",95,"893,532",20,"129,010",10,"205,012",995,"1,609,925",140,"35,340",375,"2,746,370",375,"1,176,908","1,875","94,782,062",560,"1,563,564",195,"300,332","1,050","307,580",80,"155,578","1,085","1,209,416",25,"11,993",45,"180,971",30,"126,187",690,"158,679",955,"288,435","1,560","4,882,014",20,"27,655",105,"1,707,982",155,"1,191,865",15,"263,591",270,"7,887,637",65,"211,378",15,"243,401",0,"11,820",20,"198,816",75,"1,098,949",90,"2,768,709",100,"1,491,299",60,"302,792",45,"57,422",45,"62,194",230,"3,577,913",185,"2,379,691",85,"262,123",220,"1,424,910",80,"659,190",155,"-1,148,001",235,"-488,811",120,"78,625",20,"33,054",30,"382,740",80,"155,315",0,"5,809",85,"45,233","1,060","343,089",155,"68,198",55,"108,569",12,"104,456",177,"11,767,505",190,"11,871,961",190,"7,701,445",14,"-74,118",182,"4,106,973",195,"4,032,855"
VIC,3912,"8,745","4,370","8,710","410,031,248","7,105","74,540,694","6,180","5,458,665",80,"94,026","6,445","76,090,242",190,"617,903","6,950","334,340,360","1,900","6,352,112",175,"2,013,627",215,"2,136,944",525,"2,496,405",515,"4,692,011",105,"1,003,387",130,"2,767,559","4,600","6,923,217",700,"224,302","1,755","11,087,596","1,745","4,747,844","8,720","432,231,628","2,785","7,914,232",985,"1,231,255","4,960","1,383,512",365,"609,848","5,015","5,252,629",145,"50,977",180,"874,211",120,"336,216","3,215","775,626","4,455","1,560,509","7,205","21,802,952",125,"209,051",510,"8,488,642",855,"5,369,890",100,"1,450,342","1,155","27,128,371",320,"1,808,844",65,"1,501,420",15,"512,609",95,"633,242",265,"2,578,149",380,"7,108,458",505,"8,697,278",345,"1,556,799",275,"293,965",260,"180,372","1,035","16,333,121",905,"10,711,882",460,"1,104,916","1,035","6,944,514",320,"3,319,292",720,"-5,747,483","1,040","-2,428,191",480,"866,899",90,"187,319",120,"1,088,316",355,"690,651",35,"22,083",525,"268,821","4,970","1,607,001",715,"305,722",295,"696,824",45,"1,690,550",880,"62,039,336",910,"63,396,029",880,"45,417,186",50,"-160,618",887,"17,488,571",925,"17,256,007"
VIC,3913,"1,965","1,025","1,955","95,931,997","1,590","18,296,381","1,390","1,284,208",25,"31,083","1,440","18,602,835",20,"70,511","1,500","73,103,281",400,"1,485,389",25,"287,706",40,"416,218",130,"662,993",115,"965,235",25,"260,197",25,"497,081","1,095","1,741,832",195,"62,513",435,"2,692,894",435,"1,153,846","1,955","100,800,524",570,"1,728,083",195,"208,594","1,020","288,460",85,"127,423","1,045","1,069,888",35,"20,550",45,"133,762",30,"105,663",710,"198,871",970,"284,296","1,610","4,831,293",30,"55,691",105,"1,648,436",190,"1,667,319",30,"453,429",330,"9,485,072",90,"413,079",15,"350,727",0,"16,989",25,"192,924",75,"2,182,077",100,"6,558,552",130,"2,245,685",100,"542,623",75,"299,744",65,"154,657",270,"4,476,636",220,"2,889,148",110,"337,125",270,"1,556,888",100,"968,330",170,"-1,274,855",275,"-306,525",140,"241,508",40,"110,348",35,"451,094",100,"201,159",0,"6,775",105,"56,602","1,085","349,390",180,"79,829",50,"150,933",9,"211,494",195,"14,040,787",200,"14,252,281",195,"10,501,609",13,"-101,681",198,"3,754,142",210,"3,652,461"
VIC,3915,"4,305","1,620","4,285","186,331,811","3,440","31,755,403","2,835","2,313,500",35,"51,705","3,075","31,482,509",75,"237,646","3,500","155,513,026","1,040","3,094,837",90,"850,764",95,"828,158",460,"2,444,089",340,"3,210,007",40,"415,844",65,"1,594,645","2,000","2,949,521",290,"120,766",645,"3,134,546",645,"1,340,838","4,290","196,665,122","1,455","3,916,459",400,"555,768","2,700","821,163",170,"268,189","2,445","2,524,681",45,"22,403",80,"119,510",40,"90,887","1,575","307,055","2,235","592,577","3,595","10,093,852",55,"107,440",180,"2,995,942",295,"1,623,190",45,"767,490",395,"6,760,063",130,"479,221",35,"525,308",0,"103,801",60,"937,244",135,"1,617,598",175,"3,992,746",175,"2,342,807",165,"1,143,747",125,"397,136",125,"303,074",400,"5,408,263",325,"3,380,407",145,"334,244",395,"2,223,283",140,"1,261,402",265,"-1,791,073",405,"-529,671",230,"446,090",50,"285,843",45,"522,514",150,"322,856",30,"24,055",200,"117,732","2,505","834,543",370,"160,329",135,"578,960",17,"957,814",356,"22,814,474",370,"23,772,288",380,"16,826,552",17,"19,540",369,"6,612,849",385,"6,632,389"
VIC,3916,615,445,605,"39,558,271",470,"9,878,913",400,"542,951",0,"5,305",415,"9,978,086",0,"13,465",360,"19,800,647",60,"519,331",10,"106,386",10,"168,636",25,"147,344",30,"272,102",20,"439,867",10,"500,138",420,"2,263,607",100,"79,481",225,"3,455,250",225,"1,479,982",605,"41,955,335",125,"360,147",35,"39,320",150,"37,817",20,"23,747",220,"276,587",10,"4,705",30,"161,347",30,"103,310",200,"194,891",305,"368,973",465,"2,269,427",25,"97,553",45,"1,829,929",75,"857,696",15,"-393,456",195,"9,464,938",75,"1,233,325",0,"55,421",0,"143,049",15,"257,199",65,"1,900,377",95,"4,318,948",105,"3,506,992",75,"233,837",70,"142,754",65,"32,210",115,"2,534,237",60,"994,281",45,"121,174",110,"1,198,426",65,"972,799",50,"-752,443",115,"220,356",65,"37,124",15,"2,608",30,"575,956",30,"96,861",0,0,45,"48,897",265,"85,041",80,"32,292",20,"82,714",15,"838,684",77,"3,889,008",90,"4,727,692",85,"3,938,334",15,"-564,828",78,"1,121,393",90,"556,565"
VIC,3918,"2,195","1,025","2,185","103,423,408","1,755","18,962,769","1,505","1,343,373",20,"22,359","1,590","19,274,821",45,"125,346","1,745","83,195,495",535,"1,604,042",45,"474,666",45,"348,851",125,"635,299",115,"993,530",25,"258,418",50,"1,403,909","1,165","1,657,801",180,"62,700",405,"2,845,826",405,"1,219,234","2,185","108,687,660",720,"1,914,426",205,"257,943","1,225","351,183",100,"168,306","1,240","1,196,799",40,"21,787",50,"72,946",25,"67,552",720,"180,835","1,140","373,557","1,805","5,142,736",30,"76,123",135,"2,127,898",200,"1,446,642",25,"-55,094",300,"7,029,590",100,"413,954",20,"401,453",0,"165,662",30,"426,117",85,"1,234,003",110,"3,841,792",120,"1,989,455",95,"217,261",75,"47,733",70,"3,976",295,"3,346,119",255,"2,577,082",115,"263,553",295,"1,449,878",95,"483,667",205,"-1,428,061",300,"-944,394",145,"142,415",20,"76,438",30,"401,433",70,"133,523",15,"11,249",115,"60,505","1,215","388,532",190,"82,542",70,"262,796",7,"405,527",245,"14,655,020",250,"15,060,547",250,"10,290,226",11,"-526,580",248,"4,972,388",255,"4,445,808"
VIC,3919,"1,525",525,"1,525","64,224,455","1,250","10,300,605","1,050","798,276",15,"16,482","1,135","10,284,324",25,"72,845","1,270","56,908,890",390,"910,939",30,"218,217",45,"316,219",155,"763,341",90,"834,419",15,"120,988",50,"1,186,512",695,"678,414",70,"24,124",160,"562,806",160,"240,757","1,525","67,778,625",575,"1,475,589",155,"164,187","1,000","303,849",80,"143,687",960,"993,350",35,"11,081",20,"8,343",15,"21,303",565,"104,874",860,"202,573","1,310","3,514,719",20,"37,334",75,"1,185,688",95,"518,519",0,"-1,033",90,"1,152,601",30,"36,393",15,"184,450",0,0,20,"156,822",35,"286,307",40,"928,439",50,"950,111",45,"434,556",35,"278,469",25,"60,502",160,"1,718,863",145,"1,498,834",45,"100,777",160,"828,303",35,"192,774",125,"-901,825",160,"-709,051",75,"82,186",10,"16,717",10,"18,901",45,"61,977",15,"12,134",70,"37,274",965,"318,853",125,"55,200",55,"182,718",0,0,159,"7,630,898",160,"7,630,898",160,"4,699,020",2,"-20,432",161,"2,720,660",165,"2,700,228"
VIC,3920,420,75,420,"17,959,059",345,"2,875,517",185,"76,044",0,"1,009",330,"2,846,258",10,"18,701",405,"18,369,040",315,"107,492",0,"2,415",0,"20,840",35,"146,750",0,"19,189",0,"3,298",0,"56,543",165,"64,061",10,618,20,"8,297",20,"3,772",420,"18,721,957",135,"271,776",40,"20,554",340,"137,881",20,"15,081",265,"232,885",0,"2,362",0,340,0,80,190,"37,802",170,"34,868",370,"762,929",0,0,15,"138,879",15,"44,189",0,0,10,"1,692",0,827,0,"29,767",0,"2,302",0,0,0,"1,280",0,"2,024",10,"22,196",0,"1,716",0,"1,716",0,107,35,"485,334",35,"305,348",25,"59,135",40,"299,386",10,"36,147",30,"-214,682",40,"-178,535",0,"2,393",0,0,0,"9,000",0,300,15,"6,913",0,"1,230",270,"89,381",0,171,0,"1,277",2,"44,502",8,"204,729",10,"249,231",10,"206,550",3,"27,386",8,"15,295",10,"42,681"
VIC,3921,70,30,70,"1,886,143",35,"294,941",20,"18,960",0,0,25,"291,552",0,0,35,"1,189,883",10,"24,057",0,"3,492",0,815,0,"45,633",0,"51,499",0,0,0,"22,634",45,"211,998",15,"14,203",20,"70,702",20,"30,299",70,"2,006,178",0,"18,912",0,"7,295",15,"4,420",0,"9,057",20,"24,452",0,930,0,356,0,0,20,"6,678",25,"7,260",45,"107,483",0,"1,753",0,"67,767",0,"56,044",20,"-60,926",25,"169,318",0,"12,341",0,0,0,"21,985",0,"7,176",0,"6,226",0,"28,882",0,"60,405",0,"25,717",0,196,0,30,0,"79,386",0,0,0,"1,995",0,"16,469",0,"60,922",0,0,0,"60,922",0,72,0,88,0,"25,000",0,"1,083",0,0,0,"1,113",20,"7,575",0,"2,335",0,14,3,"33,246",12,"355,908",15,"389,154",15,"269,671",3,"-62,916",12,"166,980",15,"104,064"
VIC,3922,"3,740","1,770","3,725","145,664,053","2,745","23,968,440","2,215","1,794,445",25,"31,631","2,355","23,747,285",50,"168,654","2,520","100,120,570",665,"1,976,177",45,"272,776",75,"725,688",340,"1,844,595",360,"3,404,040",60,"746,238",70,"1,527,642","2,205","5,562,899",395,"263,949",920,"5,090,439",920,"2,182,737","3,730","153,697,972",905,"2,231,926",235,"328,333","1,730","490,040",115,"257,060","1,640","1,445,588",20,"9,580",275,"239,250",90,"227,882","1,285","388,452","1,650","613,955","2,850","7,698,913",70,"180,714",125,"2,094,471",275,"2,141,536",55,"402,114",685,"14,372,211",210,"717,730",30,"686,776",0,"64,906",70,"592,192",190,"2,043,347",255,"7,176,689",300,"7,228,730",210,"460,370",175,"82,691",160,"84,574",480,"6,943,040",355,"3,493,658",150,"383,492",475,"3,188,133",205,"1,664,392",280,"-1,786,635",490,"-122,243",220,"329,150",55,"352,325",70,"1,068,017",145,"386,150",20,"11,052",125,"94,748","2,050","697,005",365,"159,925",90,"385,778",20,"646,509",501,"30,610,723",515,"31,073,516",505,"21,377,586",22,"-35,094",504,"9,383,432",520,"9,245,703"
VIC,3923,330,190,325,"13,985,697",240,"2,542,631",195,"177,703",0,860,205,"2,549,990",10,"32,419",200,"8,435,165",55,"308,197",0,"8,474",0,"32,795",15,"87,040",35,"400,960",10,"85,572",10,"207,899",205,"792,348",40,"43,931",90,"1,339,340",90,"573,941",325,"14,692,089",60,"171,251",20,"34,366",130,"31,332",0,"9,561",120,"95,683",0,117,20,"26,654",10,"67,728",110,"53,520",140,"55,905",240,"705,798",10,"21,402",15,"237,923",35,"263,247",0,"-41,064",80,"1,128,784",30,"92,963",0,"93,965",0,"31,984",10,"227,315",25,"104,290",30,"349,058",40,"1,034,451",30,"59,188",25,"30,530",20,"1,483",50,"743,004",35,"336,783",20,"34,956",50,"389,144",20,"198,031",30,"-215,910",50,"-17,879",25,"17,470",0,80,10,"149,932",10,"9,633",0,"1,052",15,"5,347",165,"57,018",45,"20,349",10,"21,173",4,"332,588",55,"4,317,119",55,"4,649,707",55,"3,769,284",5,"-19,541",56,"741,456",60,"721,915"
VIC,3925,"1,805",845,"1,790","72,881,183","1,360","12,233,659","1,155","928,030",20,"22,841","1,215","12,232,511",45,"138,948","1,235","51,980,125",355,"1,219,443",25,"298,616",30,"567,890",160,"838,711",135,"1,189,750",35,"432,379",25,"475,514","1,045","2,342,868",215,"59,121",485,"3,411,536",480,"1,461,885","1,795","76,852,684",480,"1,220,240",155,"198,704",850,"238,775",70,"107,508",820,"872,572",10,"3,223",110,"79,602",50,"120,328",660,"134,386",810,"237,284","1,405","3,861,056",30,"75,254",100,"1,774,995",125,"944,676",15,"171,226",340,"5,346,011",100,"207,335",15,"354,867",0,"59,561",30,"166,022",75,"1,446,512",115,"3,462,789",155,"2,784,309",100,"111,339",90,"37,478",80,"22,691",285,"3,851,665",220,"2,077,877",95,"270,426",280,"1,676,428",130,"868,421",160,"-1,041,487",290,"-173,066",115,"56,805",20,"12,349",35,"469,404",80,"171,359",15,"10,213",100,"56,797","1,000","347,267",170,"74,096",45,"203,172",8,"500,212",263,"17,604,420",270,"18,104,632",265,"13,531,631",8,"-86,453",264,"4,483,491",270,"4,397,038"
VIC,3926,"1,930","1,285","1,920","104,778,463","1,485","22,964,402","1,270","1,399,107",25,"27,270","1,305","22,886,704",55,"174,328","1,240","63,093,165",295,"1,462,090",30,"406,730",25,"660,820",95,"503,537",145,"1,323,853",35,"404,294",50,"1,592,678","1,195","4,277,096",315,"223,136",615,"6,918,940",615,"2,961,972","1,925","110,176,326",480,"1,170,805",160,"149,325",710,"179,164",50,"91,803",830,"1,010,125",20,"9,774",70,"287,721",75,"301,919",670,"329,864",935,"395,063","1,500","5,063,913",55,"155,259",135,"2,359,855",215,"1,945,562",60,"-700,280",465,"14,438,344",205,"2,316,894",15,"197,800",15,"1,354,064",35,"564,929",155,"3,082,394",225,"7,189,318",260,"7,798,779",195,"1,804,158",180,"1,573,215",165,"375,906",300,"5,122,116",230,"3,048,318",105,"250,309",300,"2,154,077",120,"1,420,767",190,"-1,751,355",310,"-330,588",160,"208,027",35,"301,669",55,"902,198",90,"211,088",10,"5,742",120,"77,986",930,"296,300",165,"69,117",45,"309,700",24,"1,073,163",240,"18,287,423",260,"19,360,586",250,"14,383,576",29,"-1,577,053",243,"5,753,100",265,"4,176,047"
VIC,3927,960,650,950,"48,041,987",735,"9,652,597",615,"616,310",10,"8,756",645,"9,549,832",20,"65,152",590,"30,381,259",160,"804,266",15,"158,592",15,"200,290",45,"203,828",80,"733,345",20,"243,310",35,"1,036,759",625,"2,428,681",180,"154,918",375,"3,248,418",375,"1,391,853",955,"50,725,008",245,"662,548",80,"108,333",325,"84,985",30,"76,394",415,"435,016",15,"6,943",35,"266,980",55,"101,114",360,"198,745",500,"222,011",780,"2,611,515",35,"95,320",55,"854,958",120,"1,054,247",10,"-310,976",220,"4,530,711",95,"384,002",0,"55,127",0,"195,359",15,"558,502",70,"1,079,847",125,"3,005,459",140,"3,102,769",110,"231,927",90,"53,052",75,"6,348",160,"2,770,557",115,"1,420,003",60,"165,882",160,"1,289,799",75,"612,721",90,"-717,848",165,"-105,127",80,"94,114",15,"132,731",20,"350,849",50,"93,426",0,"3,952",65,"37,838",445,"144,938",90,"34,937",25,"283,954",1,"173,559",121,"7,377,840",120,"7,501,404",115,"4,478,382",2,"25,229",128,"2,500,440",130,"2,494,224"
VIC,3928,345,260,340,"23,096,705",255,"6,065,191",210,"318,181",0,"1,483",225,"6,208,299",0,"25,955",180,"9,394,820",40,"397,845",0,0,0,0,10,"51,724",15,"193,999",0,"140,517",0,"228,994",210,"901,103",75,"84,353",140,"3,394,494",140,"1,454,955",340,"24,173,760",50,"183,377",10,"9,669",70,"16,481",0,"5,784",100,"126,275",0,345,15,"17,810",20,"99,304",90,"68,768",140,"77,545",245,"1,073,289",10,"38,119",15,"275,998",30,"388,804",30,"116,982",130,"3,794,711",60,"308,805",0,"49,816",0,"89,975",0,"1,827",45,"1,480,125",60,"3,204,187",45,"977,310",50,"223,993",45,"132,090",40,"20,587",60,"1,361,346",30,"331,377",20,"62,288",55,"392,792",40,"723,758",20,"-148,869",65,"574,889",40,"56,709",0,"11,473",20,"379,230",25,"87,290",0,0,20,"6,367",145,"47,300",45,"19,750",0,"5,912",6,"161,368",41,"3,998,199",45,"4,159,567",45,"2,665,916",9,"-151,395",40,"1,582,950",45,"1,431,555"
VIC,3929,575,430,570,"53,335,380",425,"16,741,717",360,"752,041",0,"7,994",375,"17,087,765",10,"32,028",280,"19,277,861",70,"680,955",0,"14,502",0,"11,490",15,"105,443",40,"391,008",20,"380,752",15,"262,556",410,"2,042,728",125,"114,492",260,"6,144,093",260,"2,630,812",575,"56,314,995",80,"345,912",25,"55,880",120,"30,056",15,"10,465",175,"169,049",0,"3,913",35,"87,849",45,"274,102",205,"569,581",275,"473,343",445,"2,910,168",25,"62,580",20,"355,487",55,"536,957",30,"5,789",180,"15,429,491",80,"3,915,844",0,"14,509",10,"452,727",10,"268,467",60,"1,881,340",95,"4,504,478",100,"3,026,872",75,"371,628",70,"191,570",60,"76,224",95,"2,267,689",50,"1,199,828",30,"66,387",95,"1,047,553",55,"907,057",40,"-953,136",100,"-46,079",70,"84,188",15,"13,584",35,"763,251",30,"125,242",0,906,30,"19,130",245,"76,745",75,"28,649",0,"79,506",18,"646,064",92,"8,606,899",110,"9,153,313",100,"6,444,902",17,"-654,341",93,"3,227,320",105,"2,478,404"
VIC,3930,"10,915","8,145","10,830","735,659,415","8,630","182,585,000","7,575","10,169,085",110,"130,892","7,815","186,560,538",255,"924,942","7,450","459,270,832","1,840","12,004,009",130,"1,808,991",150,"4,521,555",440,"2,014,476",680,"6,229,817",190,"3,532,070",210,"6,236,721","7,010","20,569,304","1,500","2,988,063","3,700","50,856,970","3,685","21,792,702","10,860","772,751,501","2,815","9,866,277","1,110","1,549,237","3,405","860,160",335,"584,805","5,115","6,112,098",175,"84,101",445,"1,079,693",475,"2,169,378","3,920","3,234,338","5,155","2,695,040","8,650","35,956,373",280,"871,573",885,"15,252,330","1,360","13,383,365",45,"-101,815","2,735","110,829,871","1,115","11,678,738",95,"1,823,461",25,"362,073",125,"2,880,215",825,"14,077,570","1,195","38,431,355","1,390","39,010,099","1,155","6,953,466",940,"1,713,416",850,"1,008,370","1,825","34,999,496","1,460","23,230,491",760,"2,313,295","1,820","15,825,965",670,"6,763,405","1,185","-13,133,660","1,855","-6,370,255",960,"2,503,493",210,"1,149,752",315,"5,672,402",615,"1,762,406",20,"17,952",825,"524,350","4,575","1,460,587",935,"382,622",225,"1,101,063",55,"861,961","1,031","116,225,092","1,075","117,185,499","1,050","73,560,288",76,"-537,608","1,054","41,665,299","1,115","41,165,873"
VIC,3931,"13,110","7,360","13,020","640,598,939","10,355","126,317,826","8,775","8,441,859",130,"146,606","9,215","127,834,219",305,"1,044,043","9,455","465,177,477","2,440","11,720,779",230,"2,440,287",245,"3,252,093",835,"4,130,951","1,200","11,304,655",180,"2,296,671",305,"7,467,948","7,505","19,234,466","1,245","1,189,819","3,240","25,185,547","3,240","10,789,572","13,050","673,826,102","3,830","10,802,885","1,400","1,650,581","5,940","1,654,295",495,"863,630","6,810","7,147,468",205,"91,686",400,"557,369",340,"788,966","4,815","2,309,404","6,785","2,310,682","10,605","31,961,762",295,"791,295",925,"15,939,542","1,195","9,153,281",40,"44,420","2,040","49,946,360",830,"4,829,713",115,"2,252,144",20,"892,838",170,"1,908,101",675,"13,311,918","1,000","31,455,529","1,105","24,527,846","1,030","4,230,012",780,"1,286,270",705,"358,763","1,635","27,000,621","1,265","16,308,773",680,"1,705,799","1,630","11,409,579",645,"6,047,828","1,000","-8,471,358","1,645","-2,423,530",865,"1,550,615",215,"531,144",180,"2,359,755",585,"1,298,404",45,"31,829",805,"493,396","6,895","2,225,129","1,235","526,884",380,"1,058,238",42,"1,393,175","1,360","96,668,147","1,395","97,793,485","1,355","62,955,531",50,"-2,012,368","1,400","35,179,271","1,445","32,997,982"
VIC,3933,720,505,715,"47,642,364",555,"12,704,098",475,"666,344",0,"5,004",495,"12,836,337",15,"50,815",500,"26,836,126",100,"390,307",10,"316,585",0,"506,626",25,"107,061",25,"206,024",20,"358,250",0,"89,204",405,"1,030,628",75,"33,606",190,"1,531,840",190,"655,966",720,"50,371,027",155,"428,752",55,"65,049",270,"74,003",25,"57,524",305,"258,688",0,"2,130",25,"107,186",15,"141,613",220,"131,029",335,"180,808",555,"2,084,695",15,"46,779",45,"810,242",60,"465,105",60,"774,775",235,"6,165,712",70,"751,911",0,"17,736",10,"232,770",15,"216,976",45,"8,159,381",65,"16,438,337",85,"2,360,583",55,"164,947",50,"87,774",50,"54,639",160,"2,813,498",115,"1,476,729",60,"119,165",155,"921,751",85,"892,359",75,"-596,506",160,"295,853",75,"158,451",15,"77,744",30,"541,285",35,"96,369",0,676,40,"21,790",350,"116,886",85,"37,307",10,"136,432",24,"1,358,766",70,"11,885,776",90,"13,244,542",85,"11,225,626",25,"-394,383",72,"2,270,785",90,"1,876,402"
VIC,3934,"10,515","6,835","10,440","577,543,948","8,350","124,257,855","7,215","7,798,157",110,"147,850","7,485","126,520,068",260,"882,478","7,425","401,249,364","2,000","8,143,799",130,"1,846,088",155,"1,965,520",455,"2,284,906",770,"7,273,718",155,"2,118,617",205,"4,678,702","6,280","16,945,261","1,110","2,139,062","2,915","28,031,053","2,905","12,011,791","10,465","609,227,348","2,975","9,144,847","1,115","1,281,638","4,330","1,167,888",360,"602,550","5,345","5,953,234",180,"90,428",340,"867,655",345,"1,455,867","3,960","3,088,675","5,380","2,261,310","8,540","30,376,363",215,"555,365",810,"13,895,620","1,080","8,975,499",40,"-355,103","2,180","66,787,442",805,"5,918,249",75,"1,423,718",10,"544,058",170,"1,013,151",600,"15,055,140",895,"37,010,559","1,075","22,565,287",910,"4,600,504",710,"1,079,026",655,"859,790","1,525","25,474,503","1,250","17,130,065",645,"1,822,849","1,515","10,812,219",520,"4,922,963","1,010","-9,213,593","1,530","-4,290,630",865,"1,167,865",185,"797,512",210,"2,960,627",555,"1,385,920",25,"16,914",755,"544,168","5,165","1,662,288",785,"327,954",230,"649,016",30,"1,043,599","1,111","107,890,734","1,135","108,766,701","1,125","78,051,552",44,"-160,226","1,129","30,257,632","1,170","30,158,783"
VIC,3936,"5,350","2,835","5,315","247,356,946","4,090","47,795,189","3,375","3,174,823",45,"52,506","3,550","47,796,413",110,"366,203","3,640","168,106,211",940,"3,880,547",65,"1,060,279",85,"1,200,509",420,"2,292,837",555,"5,254,705",95,"1,245,601",120,"2,968,279","3,165","7,307,268",520,"361,082","1,355","12,237,985","1,355","5,244,025","5,330","259,808,034","1,410","4,029,751",505,"628,281","2,290","659,149",195,"310,050","2,435","2,562,599",100,"54,843",165,"181,554",115,"411,573","1,740","530,133","2,755","926,780","4,190","12,194,280",135,"363,165",295,"4,766,749",455,"3,866,424",40,"-372,956",900,"24,772,998",315,"3,506,007",55,"1,366,747",10,"58,061",80,"711,552",245,"6,112,742",355,"13,496,792",505,"16,169,628",350,"1,522,133",275,"291,782",255,"125,867",705,"12,614,964",540,"7,187,593",265,"698,391",710,"4,906,502",305,"3,274,118",415,"-3,451,640",715,"-177,522",390,"876,138",75,"248,910",80,"1,388,569",205,"447,363",30,"15,934",265,"170,070","2,830","918,529",550,"229,819",125,"695,066",23,"679,793",610,"35,435,574",630,"36,115,367",610,"24,240,730",29,"230,518",621,"11,153,797",650,"11,384,315"
VIC,3937,"1,090",795,"1,080","64,871,757",830,"15,686,195",715,"881,393",10,"14,822",745,"15,901,302",25,"99,167",670,"34,492,271",160,"857,101",10,"228,548",10,"90,324",50,"273,604",40,"353,192",30,"559,469",20,"858,970",730,"1,987,220",160,"185,800",405,"6,946,909",405,"2,976,960","1,090","68,766,184",225,"509,415",80,"67,968",315,"89,438",20,"65,641",425,"515,139",25,"6,146",40,"433,077",40,"130,796",355,"286,733",515,"255,078",830,"3,568,279",35,"133,415",55,"1,135,663",105,"1,042,613",70,"529,756",335,"12,635,016",120,"1,125,990",10,"83,579",10,"116,111",15,"338,697",95,"1,154,814",140,"4,116,705",130,"4,348,162",130,"970,599",115,"329,623",105,"122,810",185,"3,331,228",130,"1,879,973",60,"158,452",185,"1,398,656",90,"879,903",100,"-985,756",190,"-105,853",115,"81,186",20,"156,411",50,"902,004",60,"285,079",0,"3,022",75,"50,111",525,"172,953",135,"55,242",15,"42,961",27,"1,811,752",142,"11,479,745",165,"13,291,497",165,"10,150,344",29,"-239,483",143,"3,109,078",165,"2,869,595"
VIC,3938,"1,720","1,030","1,710","77,204,865","1,305","14,188,931","1,105","1,004,810",15,"15,095","1,155","14,318,805",25,"79,918","1,070","50,748,531",260,"922,238",30,"328,199",25,"239,892",95,"515,606",160,"1,451,771",30,"438,751",30,"899,551","1,060","2,331,356",230,"162,304",560,"4,216,661",560,"1,809,034","1,710","82,114,524",415,"1,196,428",145,"199,186",655,"177,537",45,"63,179",750,"794,800",35,"9,065",55,"184,096",65,"275,478",550,"775,630",835,"289,824","1,335","4,789,789",40,"105,159",100,"1,414,456",170,"1,527,687",10,"54,921",370,"9,557,174",140,"1,044,176",15,"252,053",0,"37,711",20,"215,204",110,"1,574,073",165,"4,895,008",185,"2,822,990",125,"239,644",110,"128,206",105,"17,707",240,"4,663,996",160,"1,957,281",75,"146,795",240,"2,007,466",115,"1,449,027",125,"-896,573",245,"552,454",130,"245,445",30,"41,563",30,"616,681",65,"191,117",10,"7,134",110,"58,069",875,"290,845",190,"78,509",40,"133,559",5,"71,106",201,"14,294,041",205,"14,365,147",200,"9,851,016",8,"-104,441",199,"4,521,927",205,"4,417,486"
VIC,3939,"7,080","3,235","7,035","295,433,122","5,490","50,853,746","4,500","3,737,103",55,"80,656","4,745","50,579,808",135,"387,928","4,960","212,057,968","1,295","3,517,384",95,"1,434,756",100,"1,415,030",650,"3,379,206",695,"6,940,826",95,"1,108,928",155,"3,552,379","3,705","8,467,791",650,"276,376","1,580","9,437,259","1,575","4,047,565","7,040","309,971,516","1,895","4,807,913",535,"577,945","3,435","946,824",290,"438,380","3,320","3,015,010",115,"36,232",200,"186,840",115,"346,183","2,090","625,755","3,575","1,150,630","5,625","14,152,310",145,"349,557",340,"5,972,238",560,"3,874,042",55,"2,042,097","1,025","22,392,862",360,"1,341,269",80,"1,824,333",15,"82,162",95,"1,246,538",325,"5,341,814",445,"12,335,657",565,"12,159,442",365,"1,053,004",295,"241,367",275,"123,990",775,"12,050,009",580,"7,211,339",285,"585,666",775,"5,085,592",330,"2,716,093",455,"-3,548,681",785,"-832,588",495,"842,460",100,"227,554",110,"1,544,286",225,"454,699",30,"22,191",335,"194,613","4,030","1,341,199",720,"311,272",150,"811,298",31,"1,184,713",837,"84,581,452",865,"85,787,230",845,"67,155,036",34,"-84,817",846,"17,675,238",875,"17,610,651"
VIC,3940,"1,885",755,"1,875","67,931,650","1,390","10,243,282","1,015","774,990",10,"14,738","1,105","9,858,231",20,"66,095","1,135","43,761,367",310,"536,511",20,"282,211",20,"133,824",170,"946,628",330,"3,305,105",15,"171,282",120,"2,411,377","1,010","4,194,510",225,"169,392",555,"4,012,670",555,"1,717,235","1,880","70,975,128",380,"932,170",130,"133,538",815,"225,156",65,"94,688",705,"572,752",25,"10,331",60,"78,544",50,"45,250",565,"321,460",940,"268,232","1,445","2,959,011",65,"188,596",60,"1,104,954",75,"406,192",0,"-21,030",300,"3,642,996",150,"354,353",15,"169,801",0,"3,553",20,"69,122",110,"1,158,438",180,"2,799,681",170,"3,172,024",195,"449,569",160,"142,030",145,"15,645",150,"1,965,820",100,"1,029,177",55,"104,136",145,"916,681",70,"497,571",80,"-581,014",150,"-83,443",80,"130,655",30,"45,377",15,"161,603",55,"105,543",0,"3,520",85,"42,574","1,010","342,933",155,"70,082",30,"115,423",4,"10,274",166,"8,935,601",170,"8,945,875",170,"5,685,255",4,"-1,848",170,"3,227,234",175,"3,225,386"
VIC,3941,"6,250","2,910","6,210","254,406,410","4,765","42,515,873","3,930","3,207,129",50,"59,830","4,145","42,478,403",115,"369,614","4,220","178,794,336",990,"3,479,470",70,"890,241",75,"1,150,020",580,"2,787,682",575,"5,367,815",80,"1,321,057",115,"2,858,337","3,315","6,732,857",515,"303,823","1,320","8,102,738","1,315","3,470,275","6,220","267,870,566","1,550","4,008,036",495,"617,325","2,710","742,770",210,"320,097","2,710","2,846,716",100,"51,173",185,"230,154",110,"423,771","1,745","663,197","3,070","987,881","4,875","12,916,197",120,"328,791",265,"4,655,030",400,"2,904,917",20,"288,377",955,"21,759,657",280,"1,080,129",90,"1,702,919",10,"34,965",100,"800,411",225,"2,958,628",335,"9,800,354",440,"8,216,699",310,"1,301,328",260,"548,659",235,"139,135",750,"12,633,799",560,"6,797,606",255,"568,115",760,"5,301,292",345,"3,218,210",415,"-3,251,424",760,"-33,214",490,"538,305",75,"213,821",120,"1,487,737",245,"525,263",30,"25,492",295,"178,204","3,530","1,191,126",580,"248,112",130,"468,919",20,"601,815",949,"68,004,497",965,"68,584,571",955,"47,172,971",26,"83,178",969,"21,040,058",990,"21,114,500"
VIC,3942,"1,305",820,"1,295","55,259,796",935,"10,202,010",750,"692,640",0,"6,256",785,"10,172,237",15,"61,376",755,"32,750,758",170,"536,933",15,"99,232",10,"104,592",80,"397,317",140,"1,329,169",20,"297,697",40,"940,291",785,"2,506,101",195,"218,158",450,"3,308,776",450,"1,418,651","1,300","58,239,340",250,"802,755",85,"92,392",375,"107,745",35,"72,997",430,"479,924",15,"8,562",30,"21,860",55,"141,239",360,"137,639",625,"282,651",945,"2,771,060",40,"94,702",50,"930,715",95,"781,988",0,"-28,664",305,"7,635,443",115,"915,112",10,"208,373",0,"31,335",15,"635,899",95,"1,440,077",145,"3,505,435",160,"3,367,544",105,"215,942",95,"89,957",80,"7,149",175,"3,425,046",120,"1,350,385",55,"156,554",175,"1,481,193",95,"1,171,578",80,"-734,664",175,"436,914",100,"203,825",20,"19,273",30,"400,632",50,"167,076",0,"3,908",70,"48,809",650,"215,671",160,"63,403",20,"105,148",2,"1,696",181,"13,460,970",185,"13,462,666",175,"9,776,017",3,"-61,961",185,"3,228,890",190,"3,166,929"
VIC,3943,"1,010",770,"1,000","65,375,813",740,"17,401,917",600,"891,314",0,"5,934",620,"17,656,017",15,"50,604",460,"21,630,401",90,"689,008",10,"154,681",0,"68,456",40,"266,953",100,"988,378",20,"355,924",40,"878,484",685,"3,761,734",190,"280,900",475,"9,120,404",470,"3,907,937","1,005","71,157,220",135,"496,651",50,"151,888",190,"52,926",15,"16,739",265,"338,715",15,"11,039",45,"237,051",60,"358,041",315,"1,389,684",495,"678,245",760,"5,215,214",40,"113,416",30,"453,438",100,"1,384,611",10,"-252,212",320,"17,128,044",125,"3,649,230",10,"184,659",0,"179,327",25,"2,340,108",100,"3,594,055",150,"9,367,969",170,"7,882,754",105,"327,481",95,"301,984",80,"12,997",185,"5,963,003",95,"1,600,890",70,"345,688",180,"2,531,127",115,"2,563,924",70,"-1,078,626",185,"1,485,298",105,"62,945",20,"332,963",65,"1,367,965",35,"114,281",0,"1,568",75,"64,024",430,"141,774",150,"62,948",15,"94,661",10,"425,803",122,"15,825,244",130,"16,251,047",130,"12,304,027",14,"-138,592",126,"3,412,772",140,"3,274,180"
VIC,3944,400,340,390,"55,381,168",305,"19,193,150",270,"794,100",0,"10,604",280,"19,496,490",0,"28,072",170,"10,814,523",35,"728,068",0,"216,614",0,"220,708",0,"12,814",20,"189,276",10,"475,633",10,"484,154",285,"3,205,724",105,"482,693",210,"9,207,223",210,"3,944,789",395,"59,800,609",45,"168,496",15,"31,671",30,"6,127",0,"13,717",80,"85,843",10,"4,594",25,"398,808",55,"409,615",145,"1,142,904",175,"628,025",310,"4,022,925",15,"114,334",15,"202,656",50,"853,462",0,"-12,557",180,"21,302,172",80,"5,012,606",0,0,0,"96,648",0,"807,932",50,"6,101,434",90,"16,567,276",100,"38,005,399",60,"915,354",50,"734,193",50,"188,486",65,"1,789,044",40,"677,333",25,"136,418",65,"833,668",35,"511,385",35,"-369,760",70,"141,625",45,"277,888",0,"14,923",40,"919,680",15,"188,536",0,338,40,"36,201",120,"37,585",55,"19,960",0,"61,721",8,"201,264",30,"9,000,227",35,"9,201,491",35,"8,899,227",8,"-401,100",35,"432,024",40,"30,924"
VIC,3945,565,230,560,"22,510,041",405,"4,065,989",335,"293,672",10,"18,970",355,"4,093,918",0,"13,362",365,"16,210,997",105,"360,765",10,"236,937",10,"221,896",30,"185,049",35,"300,726",10,"184,416",0,"60,054",340,"810,180",95,"84,324",145,"374,915",145,"160,452",565,"23,722,616",105,"228,846",40,"72,946",245,"67,610",15,"31,653",225,"235,540",0,704,10,"35,239",10,"12,798",170,"50,605",225,"57,977",405,"1,177,542",10,"25,617",20,"288,442",40,"263,465",110,"303,264",160,"2,062,646",40,"299,096",10,"84,028",0,"128,462",0,"36,073",40,"879,781",50,"1,997,872",40,"649,687",25,"42,029",20,"2,609",20,424,65,"742,006",55,"474,468",15,"34,669",65,"359,723",20,"102,888",40,"-229,742",65,"-126,854",40,"118,024",0,131,20,"343,009",25,"39,766",0,"2,344",25,"20,996",310,"96,209",60,"25,581",15,"52,081",27,"1,791,572",59,"3,614,791",85,"5,406,363",80,"4,591,701",27,"-282,677",60,"1,068,793",85,"786,116"
VIC,3946,155,85,155,"5,338,109",105,"889,758",95,"72,704",0,0,95,"887,527",0,"8,151",80,"3,532,890",30,"69,021",0,"35,735",0,0,0,"20,102",20,"207,207",0,"49,688",0,"12,248",90,"278,776",35,"48,923",45,"131,026",45,"56,147",155,"5,695,293",25,"58,933",0,"7,822",50,"13,733",0,"4,247",55,"66,281",0,212,0,737,0,"2,034",40,"17,254",50,"12,416",95,"315,036",0,"4,893",10,"126,294",0,"37,418",50,"191,419",50,"305,284",15,"78,587",0,"30,321",0,"11,223",0,"181,826",0,"5,521",0,"11,591",20,"135,594",0,"6,290",0,23,0,3,15,"143,917",10,"98,888",0,789,15,"104,642",0,"21,286",15,"-81,688",15,"-60,402",15,"6,175",0,"12,051",0,"117,530",0,"13,794",0,338,0,"1,523",80,"25,171",20,"9,083",0,"1,281",11,"609,240",14,"714,433",25,"1,323,673",20,"943,675",11,"42,226",14,"337,772",25,"379,998"
VIC,3950,"2,450",870,"2,435","102,569,068","1,895","17,682,863","1,565","1,319,636",20,"35,650","1,650","17,815,729",45,"120,258","1,810","78,843,928",575,"949,739",30,"378,350",45,"433,063",195,"1,016,083",205,"1,919,052",40,"532,462",30,"567,121","1,400","2,793,572",345,"118,404",635,"3,255,145",635,"1,395,435","2,440","107,480,797",590,"1,210,503",190,"289,322","1,400","394,800",95,"126,486","1,185","1,064,475",15,"6,621",100,"52,360",45,"101,632",885,"209,076","1,190","308,119","1,940","4,507,344",40,"90,338",130,"2,150,876",210,"1,416,455",175,"-740,215",500,"9,424,452",170,"248,720",20,"326,667",20,"360,977",25,"195,034",85,"766,300",145,"4,202,011",240,"3,639,193",130,"240,743",110,"49,791",110,"7,249",255,"2,682,730",190,"1,476,207",50,"108,552",250,"1,342,566",100,"620,934",160,"-865,529",255,"-244,595",105,"174,546",25,"162,538",45,"526,626",120,"198,847",20,"13,474",100,"53,870","1,365","450,213",240,"100,963",70,"212,705",40,"1,280,422",207,"14,942,018",245,"16,223,320",240,"12,328,087",45,"-678,339",209,"4,179,322",250,"3,498,161"
VIC,3951,605,245,595,"20,703,306",415,"3,474,822",335,"263,194",10,"10,962",365,"3,381,102",10,"33,597",365,"15,006,342",125,"289,514",10,"121,479",10,"90,360",40,"219,483",35,"344,692",10,"53,648",0,"231,851",350,"881,697",125,"153,631",180,"553,222",175,"237,037",595,"21,861,310",110,"288,121",30,"59,352",255,"63,870",15,"35,629",240,"273,034",0,56,15,"10,878",10,"1,355",175,"52,835",235,"79,801",410,"1,053,704",10,"18,471",30,"513,876",45,"338,509",170,"-786,901",185,"1,993,930",55,"54,361",0,"92,155",15,"369,216",10,"56,630",30,"494,541",40,"1,096,172",55,"319,026",35,"8,215",35,"2,670",25,266,70,"720,693",50,"272,038",20,"23,385",75,"285,612",40,"273,621",35,"-133,963",75,"139,658",50,"50,985",0,"1,783",20,"165,848",20,"21,451",0,395,35,"19,892",310,"105,515",65,"26,373",15,"120,295",38,"3,093,346",52,"2,509,612",80,"5,602,958",80,"4,977,081",38,"-473,196",55,"1,078,615",85,"605,419"
VIC,3953,"4,435","1,855","4,395","182,576,030","3,335","32,218,332","2,760","2,391,948",65,"79,782","2,910","32,358,427",80,"282,208","2,945","129,762,711",900,"1,983,923",70,"754,593",95,"1,045,991",270,"1,430,033",315,"3,009,174",55,"629,214",35,"562,825","2,805","6,710,392",885,"843,304","1,410","7,224,882","1,405","3,092,718","4,415","192,437,500",975,"2,095,893",285,"452,231","2,135","573,269",155,"320,994","1,960","1,815,031",20,"4,683",150,"141,936",140,"578,802","1,790","496,063","1,890","550,375","3,390","9,497,446",45,"81,301",235,"3,674,991",350,"2,805,130",515,"562,281","1,150","19,984,595",400,"1,097,284",35,"609,705",30,"467,792",45,"406,928",240,"1,481,905",370,"5,623,839",515,"7,884,226",305,"274,313",280,"57,367",255,"12,413",520,"6,572,950",370,"3,437,933",120,"301,998",515,"3,100,286",240,"1,585,922",285,"-1,853,189",525,"-267,267",255,"168,292",45,"212,408",150,"2,111,275",205,"334,136",15,"8,553",250,"163,186","2,315","750,753",395,"170,556",115,"472,420",126,"12,108,400",406,"44,401,739",520,"56,397,018",500,"47,295,821",125,"-461,130",409,"9,430,797",520,"8,867,070"
VIC,3954,215,105,215,"10,343,862",160,"2,160,854",135,"136,453",0,"1,602",140,"2,201,909",0,"24,776",140,"6,356,147",25,"55,989",0,"53,821",0,"40,507",10,"38,831",15,"127,966",0,"35,223",0,"39,700",140,"331,178",35,"17,321",75,"1,142,927",75,"489,584",215,"10,754,076",35,"58,050",10,"25,002",80,"18,672",0,"4,212",80,"74,599",0,128,10,"3,663",10,"33,773",85,"34,824",80,"19,592",155,"394,155",0,"7,633",10,"128,656",20,"122,288",30,"-7,066",75,"1,476,101",30,"136,525",0,"12,550",0,"60,506",0,"134,227",20,"78,134",25,"191,435",25,"215,800",15,"17,172",15,"6,397",15,801,25,"317,946",10,"74,293",10,"14,160",25,"156,531",15,"110,850",10,"-37,888",25,"72,962",15,"1,109",0,"9,477",0,"88,008",15,"33,632",0,57,15,"9,512",100,"35,982",20,"9,480",0,"13,643",9,"553,483",29,"1,600,109",35,"2,153,592",35,"1,974,350",11,"-153,955",29,"333,197",35,"179,242"
VIC,3956,"1,335",570,"1,315","47,341,848",930,"8,030,083",745,"600,689",15,"16,551",795,"7,834,282",20,"54,845",785,"32,416,348",210,"548,132",20,"139,633",15,"398,862",90,"577,863",70,"766,362",25,"342,611",15,"611,617",785,"2,044,282",255,"260,467",385,"1,780,551",380,"763,349","1,325","49,906,975",260,"589,275",70,"118,545",545,"143,875",30,"66,261",520,"509,747",10,"1,371",40,"64,759",35,"125,356",445,"119,238",495,"149,691",915,"2,331,561",35,"75,551",65,"1,016,517",85,"688,055",235,"-187,721",325,"3,972,076",85,"228,931",15,"185,115",10,"130,652",20,"139,098",65,"769,528",105,"3,025,531",115,"1,545,609",80,"126,494",65,"38,872",55,"12,811",150,"1,737,380",95,"707,418",35,"53,261",145,"759,611",85,"563,801",65,"-346,711",150,"217,090",75,"171,098",20,"137,441",30,"347,961",40,"92,697",10,"6,559",55,"37,542",685,"233,080",130,"54,497",25,"248,681",45,"2,832,922",163,"14,114,795",195,"16,624,802",185,"13,953,475",46,"-381,475",164,"3,111,112",195,"2,668,859"
VIC,3957,195,80,185,"5,454,079",120,"822,810",90,"64,287",0,936,90,"724,074",0,"7,442",95,"3,733,098",30,"18,624",0,"32,907",0,"6,440",15,"134,576",20,"175,942",0,"37,844",0,"56,268",125,"444,765",45,"57,633",50,"137,944",50,"59,112",195,"5,843,467",30,"55,570",10,"10,754",60,"16,989",10,"8,138",65,"61,451",0,67,0,"5,572",0,"8,871",60,"13,315",80,"24,025",125,"279,857",0,"8,493",10,"98,346",10,"64,120",55,"-26,952",60,"266,493",15,"5,218",0,"2,166",0,"51,147",0,"21,423",15,"26,770",15,"53,227",30,"434,415",10,"8,766",10,"2,076",10,177,20,"197,915",15,"112,899",0,"5,567",20,"85,824",0,"37,560",15,"-43,935",20,"-6,375",15,"2,934",0,"13,333",0,"71,413",0,"3,156",0,114,0,"1,613",85,"29,059",10,"5,020",0,"60,518",17,"2,433,137",15,"523,017",30,"2,956,154",30,"2,881,020",17,"-69,593",15,"197,930",30,"128,337"
VIC,3958,160,70,155,"4,634,507",110,"742,581",90,"64,791",0,"3,108",100,"738,959",0,"5,231",90,"3,227,380",25,"29,770",0,"9,698",0,"45,270",10,"45,046",0,"18,958",0,"30,410",0,0,105,"253,594",35,"48,960",55,"127,587",55,"54,665",160,"4,961,673",35,"68,840",15,"27,210",65,"18,172",0,"7,289",55,"53,297",0,0,0,0,0,"11,096",40,"5,622",55,"23,541",100,"269,210",0,"3,580",0,"108,012",0,"39,694",50,"419,648",55,"281,805",15,"6,247",0,"42,895",0,"11,747",0,"31,504",10,"19,899",15,"441,381",15,"76,049",10,"5,864",10,"1,715",0,320,0,"160,011",0,"113,497",0,"2,560",0,"57,320",0,"29,757",0,"-43,123",0,"-13,366",15,"16,826",0,61,0,"47,000",0,"7,139",0,0,0,"3,740",90,"31,931",20,"7,406",0,"4,672",4,"809,627",16,"694,510",20,"1,504,137",20,"1,387,042",4,"-71,738",16,"185,190",20,"113,452"
VIC,3959,680,325,670,"24,734,209",470,"4,525,418",370,"323,202",10,"12,127",395,"4,380,721",10,"27,849",370,"15,281,155",95,"281,219",0,"79,677",10,"181,635",35,"260,670",35,"263,960",10,"191,557",0,"111,370",405,"1,094,914",170,"188,075",230,"800,742",230,"343,444",675,"26,485,860",130,"267,454",40,"119,790",235,"70,081",25,"28,718",235,"232,926",0,"1,353",35,"8,601",15,"47,706",250,"83,964",240,"93,780",475,"1,563,112",15,"24,193",40,"622,414",30,"259,260",150,"832,929",245,"3,442,499",80,"110,845",0,"216,548",0,"37,608",10,"120,148",50,"850,144",65,"3,047,105",85,"2,264,356",60,"154,999",50,"9,826",55,"132,646",95,"1,406,270",60,"556,164",20,"35,759",90,"739,311",50,"377,932",45,"-302,896",95,"75,036",55,"11,804",0,"5,081",30,"562,897",25,"45,590",0,"6,468",25,"10,917",330,"113,595",80,"33,130",15,"35,783",16,"1,819,317",83,"6,218,639",95,"8,037,956",95,"6,645,836",18,"-200,658",83,"1,581,518",100,"1,380,860"
VIC,3960,"1,495",605,"1,485","58,256,461","1,065","10,740,343",865,"758,865",20,"29,993",925,"10,531,991",25,"78,481",925,"40,436,036",265,"457,844",25,"279,327",25,"272,161",100,"499,558",140,"1,278,247",20,"359,548",40,"833,783",930,"3,170,048",255,"226,962",455,"1,742,993",450,"747,877","1,490","61,629,094",365,"675,459",95,"146,839",705,"200,875",55,"131,417",700,"614,669",15,"8,353",110,"66,729",40,"190,454",625,"228,956",625,"222,579","1,120","3,205,556",35,"105,328",65,"1,044,319",110,"788,203",165,"-1,891,855",390,"7,065,621",135,"392,059",0,"145,736",10,"145,892",15,"80,113",90,"1,198,151",125,"3,334,731",165,"2,660,442",125,"328,740",105,"79,747",95,"130,750",200,"2,342,261",135,"1,198,967",60,"109,733",200,"1,235,091",100,"530,173",105,"-731,703",205,"-201,530",85,"142,310",20,"51,703",55,"639,503",35,"72,207",10,"6,322",70,"34,138",740,"251,501",180,"73,567",40,"181,143",46,"3,963,564",177,"12,171,558",215,"16,135,122",215,"12,959,313",57,"-385,070",177,"3,558,659",225,"3,173,589"
VIC,3962,490,145,485,"15,072,323",325,"2,443,068",265,"197,197",0,"5,164",280,"2,405,462",0,"8,253",325,"12,768,887",105,"238,074",0,"55,180",0,"51,171",45,"313,424",50,"497,225",0,"27,870",10,"196,642",245,"707,200",45,"49,778",95,"246,288",95,"105,486",490,"15,954,516",130,"267,860",30,"33,836",250,"74,528",20,"18,997",230,"211,765",0,116,20,"5,746",0,"1,136",185,"25,630",190,"50,496",360,"781,065",0,"14,684",15,"209,617",30,"242,647",80,"-1,321,612",100,"1,242,347",25,"20,784",0,"15,556",10,"157,553",0,"31,760",15,"96,639",15,"208,167",30,"336,709",25,"82,689",15,"8,586",15,"32,459",40,"449,462",25,"208,416",0,"6,002",40,"195,854",25,"131,952",20,"-92,762",40,"39,190",20,"127,042",0,"6,952",0,"46,004",15,"28,289",0,"2,187",10,"3,875",240,"81,518",60,"26,738",0,"6,491",26,"3,118,741",48,"2,049,807",70,"5,168,548",65,"5,280,667",27,"-766,819",48,"612,546",70,"-154,273"
VIC,3964,90,30,90,"3,934,156",75,"696,250",60,"51,387",0,"7,205",65,"672,462",0,886,65,"3,001,122",15,"14,813",0,"25,519",0,"165,875",0,"25,135",0,"29,689",0,"6,082",0,0,50,"84,499",0,290,15,"44,401",15,"19,024",90,"4,144,203",30,"47,473",0,"4,649",55,"15,741",0,"3,048",50,"32,440",0,0,0,890,0,0,45,"7,764",50,"13,720",75,"184,813",0,912,0,"79,460",10,"58,587",10,"123,060",25,"136,336",10,"5,021",0,0,0,0,0,"5,077",0,"42,517",0,"110,564",0,"111,907",0,"3,643",0,"3,643",0,506,15,"107,708",10,"86,028",0,"5,340",10,"37,440",0,"11,218",10,"-32,318",15,"-21,100",0,162,0,"27,395",0,"54,390",0,"4,698",0,0,0,"2,043",60,"21,154",15,"5,852",0,"31,995",4,"1,291,681",8,"374,347",10,"1,666,028",15,"1,272,431",5,"217,890",9,"106,290",15,"324,180"
VIC,3965,90,25,90,"3,002,718",60,"465,691",45,"36,757",0,"1,218",50,"459,478",0,0,55,"2,214,260",10,"21,067",0,"52,953",0,"21,131",0,"40,818",10,"45,294",0,0,0,"37,483",50,"127,118",10,"3,145",15,"19,211",15,"8,175",90,"3,116,864",15,"32,661",0,"8,012",45,"12,951",0,"2,979",40,"39,526",0,"2,644",0,60,0,0,35,"5,257",30,"4,895",60,"111,646",0,"2,729",0,"30,183",0,"5,188",0,"2,314",10,"217,395",0,"5,498",0,0,0,0,0,0,0,"14,821",0,"29,642",0,734,0,419,0,419,0,42,10,"96,427",0,"30,465",0,"6,586",10,"50,078",0,"27,436",0,"-18,138",10,"9,298",0,109,0,229,0,400,0,"2,261",0,"1,014",0,276,45,"17,578",15,"7,722",0,"2,735",4,"255,356",10,"460,777",15,"716,133",15,"451,979",4,"-35,856",10,"297,480",15,"261,624"
VIC,3966,285,105,280,"11,555,153",195,"2,336,258",160,"156,003",10,"20,630",175,"2,266,214",0,"14,088",175,"8,080,293",50,"235,416",0,0,0,"206,083",15,"100,265",15,"135,483",0,"85,787",0,0,170,"521,325",70,"65,729",90,"700,220",90,"300,082",285,"12,134,720",65,"153,350",25,"89,312",120,"39,071",0,"1,553",120,"90,858",0,164,0,406,0,"21,282",100,"18,490",110,"45,406",200,"563,765",0,"2,042",10,"132,102",20,"224,665",70,"284,141",85,"285,548",20,"19,061",0,"5,351",0,"70,178",0,"25,438",15,"68,825",25,"587,183",30,"143,782",10,"461,515",10,"4,205",10,"130,354",30,"236,226",15,"89,358",0,"14,815",25,"124,715",15,"76,904",15,"-69,566",30,"7,338",15,"18,865",0,340,0,"87,498",10,"16,375",0,"1,511",10,"7,625",135,"44,844",35,"13,688",0,"5,051",22,"2,667,012",20,"2,287,131",40,"4,954,143",40,"4,850,114",21,"-273,741",20,"350,408",40,"76,667"
VIC,3967,70,15,70,"2,939,713",50,"553,947",40,"38,077",0,"6,871",45,"527,912",0,0,40,"1,703,337",10,"29,205",0,340,0,"1,879",10,"25,782",0,"86,861",0,0,0,0,35,"146,850",15,"48,506",20,"16,931",20,"7,246",70,"3,096,069",15,"49,193",0,346,30,"7,656",0,"6,422",20,"10,609",0,185,0,732,0,0,15,"3,747",20,"4,513",45,"106,579",0,0,0,"26,094",0,"14,040",20,"532,321",20,"150,009",0,"1,414",0,0,0,"65,488",0,0,0,"3,412",0,"6,824",0,"76,036",0,204,0,204,0,15,10,"224,308",0,"95,222",0,0,0,"45,427",0,"99,482",0,"-15,823",10,"83,659",0,"1,226",0,0,0,"19,536",0,"3,640",0,"1,440",0,"3,170",35,"11,128",10,"4,942",0,0,7,"283,098",6,"215,865",15,"498,963",10,"490,271",7,"-44,990",6,"53,682",15,"8,692"
VIC,3971,"2,155",730,"2,135","88,539,399","1,570","16,623,096","1,295","1,153,047",55,"110,487","1,355","16,409,774",30,"87,867","1,475","68,106,616",375,"857,477",35,"577,321",65,"2,630,257",165,"782,234",170,"1,601,351",25,"222,853",25,"511,157","1,290","4,034,828",425,"405,960",615,"2,751,793",615,"1,178,142","2,145","92,780,426",480,"1,065,542",160,"294,907","1,115","308,064",95,"214,825",900,"841,451",20,"12,362",45,"45,494",25,"46,004",570,"134,951",900,"278,082","1,575","4,018,012",25,"36,158",120,"2,001,768",170,"1,199,536",305,"-388,757",470,"5,146,452",130,"167,325",10,"321,785",25,"524,200",35,"231,847",90,"387,979",140,"1,590,780",205,"2,503,140",140,"565,166",125,"46,575",115,"172,242",280,"3,452,646",205,"1,934,083",65,"168,902",280,"1,866,872",105,"794,864",180,"-1,312,075",285,"-517,211",115,"179,410",25,"22,264",55,"648,236",75,"107,771",10,"8,258",75,"34,036","1,125","378,953",270,"112,292",70,"386,845",69,"7,021,742",144,"12,166,406",210,"19,188,148",210,"17,804,448",73,"-727,713",148,"1,847,926",215,"1,120,213"
VIC,3975,"7,280","2,600","7,250","352,441,021","6,170","62,734,605","5,605","4,821,661",100,"106,724","5,860","65,271,588",240,"820,331","6,490","336,636,276","1,605","5,084,566",150,"1,474,712",150,"1,385,930",405,"1,866,081",150,"1,288,793",30,"265,279",25,"583,224","3,200","2,252,907",215,"55,988",690,"1,719,601",685,"736,619","7,250","370,774,573","2,575","6,954,816",900,"1,050,633","4,465","1,267,415",415,"809,161","4,885","5,141,831",115,"44,323",170,"171,676",50,"146,687","3,015","906,571","4,050","843,692","6,255","18,243,822",30,"41,732",500,"8,435,825",485,"1,938,075",10,"201,565",370,"7,473,771",85,"174,126",75,"1,087,445",0,"9,987",90,"944,255",130,"1,052,149",160,"3,125,087",215,"2,953,982",105,"269,404",90,"46,734",85,"33,363","1,035","12,503,502",985,"11,629,913",555,"1,591,513","1,045","5,827,556",170,"850,001",885,"-7,395,481","1,055","-6,545,480",300,"255,091",70,"102,985",20,"279,033",430,"620,843",15,"9,978",310,"159,356","4,395","1,351,933",330,"141,937",200,"410,648",15,"206,269",638,"43,607,020",650,"43,813,289",640,"31,976,529",19,"-92,337",647,"11,350,886",665,"11,258,549"
VIC,3976,"12,170","2,580","12,110","502,308,524","9,985","77,109,606","8,715","6,530,973",80,"87,816","9,330","79,083,425",215,"667,975","10,820","472,261,718","2,545","5,565,112",230,"1,975,601",260,"1,873,537","1,190","5,910,349",425,"3,842,645",65,"582,387",35,"642,738","4,715","3,284,746",365,"92,376",995,"1,592,247",995,"672,249","12,120","525,529,519","3,385","8,258,546","1,025","1,292,461","8,055","2,298,681",555,"1,018,410","7,560","6,493,257",110,"43,591",280,"163,289",45,"75,223","4,620","1,222,982","6,695","1,242,363","10,255","22,955,453",60,"82,560",480,"8,116,632",715,"3,016,770",15,"-110,709",485,"7,721,345",130,"101,655",160,"2,568,669",0,"13,991",95,"1,369,976",160,"1,431,253",185,"2,977,240",245,"3,084,385",135,"430,374",115,"134,915",105,"65,084","1,100","12,885,142","1,060","11,633,920",560,"1,190,481","1,115","5,811,742",200,"968,345",925,"-6,719,346","1,125","-5,751,001",360,"453,779",120,"179,190",25,"273,586",415,"561,007",15,"19,696",435,"209,041","8,115","2,603,448",855,"371,496",320,"590,352",12,"352,851",996,"58,308,237","1,010","58,699,813",960,"41,539,971",13,"69,906","1,004","16,357,356","1,015","16,400,119"
VIC,3977,"40,820","14,225","40,640","1,887,429,711","34,350","328,395,796","30,500","25,506,687",350,"420,917","31,930","338,770,491",945,"3,028,639","35,455","1,722,502,732","9,105","27,853,227",740,"5,744,142",890,"7,144,942","2,970","14,776,698","1,785","16,616,684",295,"2,499,038",210,"4,351,683","18,475","21,108,937","1,675","1,489,209","4,640","16,876,871","4,620","7,229,066","40,665","1,988,953,680","14,375","39,875,659","4,765","6,414,162","26,105","7,422,771","2,010","3,553,079","26,090","26,161,818",545,"264,261",840,"848,354",220,"646,868","16,745","3,968,762","22,440","5,159,381","35,145","100,116,930",310,"480,478","2,295","37,177,099","2,810","14,482,258",155,"3,770,500","2,830","69,268,349",855,"8,408,858",420,"8,055,047",25,"526,409",450,"3,415,395",725,"8,280,386",930,"19,629,463","1,440","22,092,109",850,"2,952,397",655,"757,408",600,"287,565","3,935","55,165,659","3,575","42,840,229","1,995","5,412,238","3,965","24,991,819",905,"6,759,251","3,105","-24,837,878","4,010","-18,078,627","1,830","2,150,260",345,"622,181",250,"2,691,133","1,815","2,979,410",115,"90,751","1,905","930,669","25,710","8,044,567","2,515","1,078,556","1,170","2,137,163",96,"2,502,391","3,302","180,139,361","3,390","182,452,265","3,275","120,659,506",115,"-734,294","3,359","51,945,907","3,460","51,171,559"
VIC,3978,"1,980",820,"1,970","97,954,843","1,675","17,985,574","1,540","1,356,882",40,"43,190","1,595","18,718,890",85,"274,781","1,680","85,605,516",460,"1,658,545",20,"114,629",25,"214,386",90,"467,803",55,"451,371",20,"334,708",0,"254,589",985,"1,812,919",95,"49,267",250,"1,746,867",245,"748,015","1,970","103,536,514",740,"2,027,343",245,"502,252","1,195","353,142",95,"148,454","1,245","1,436,968",15,"6,127",55,"25,229",10,"74,273",730,"150,142","1,025","307,217","1,665","5,515,487",20,"65,201",125,"1,991,304",150,"910,801",60,"744,178",205,"4,654,350",75,"255,500",10,"226,269",0,"157,055",25,"216,847",45,"410,543",60,"1,292,531",85,"1,376,349",60,"86,885",50,"40,381",45,"6,700",185,"2,556,635",155,"1,454,733",75,"154,119",185,"1,051,463",80,"692,728",110,"-796,408",190,"-103,680",120,"268,012",20,"46,717",20,"369,569",100,"113,729",0,790,70,"36,070","1,205","369,614",75,"34,441",35,"74,449",24,"1,767,200",159,"12,267,508",180,"14,034,708",170,"10,590,937",24,"-137,283",159,"3,339,925",180,"3,202,642"
VIC,3979,235,110,225,"7,661,133",170,"1,117,439",140,"99,534",0,"2,580",145,"1,123,093",0,"5,677",140,"6,044,406",40,"85,186",0,"7,950",0,"11,780",15,"38,196",15,"139,011",0,"1,089",0,"1,347",140,"342,993",50,"63,412",65,"172,129",65,"73,740",230,"8,164,899",45,"97,785",20,"63,906",105,"28,367",10,"6,712",90,"94,744",0,0,10,"7,064",0,"3,379",85,"22,645",100,"26,237",170,"479,681",0,163,10,"186,967",15,"63,940",55,"-164,503",80,"873,435",25,"24,236",0,"5,748",0,"28,206",0,"95,446",15,"95,119",20,"629,803",20,"93,701",15,"13,212",15,"7,065",15,705,30,"265,159",20,"162,777",0,"5,795",25,"115,843",15,"66,244",15,"-85,500",30,"-19,256",25,"9,417",0,"11,012",10,"122,701",0,"6,141",0,"1,173",0,"4,981",135,"46,613",30,"13,458",0,"1,416",12,"558,644",19,"1,327,045",30,"1,885,689",30,"1,665,265",13,"-65,831",19,"289,155",30,"223,324"
VIC,3980,"1,780",640,"1,770","82,834,148","1,470","14,613,193","1,300","1,113,354",20,"30,612","1,340","15,044,367",30,"87,730","1,440","70,304,837",380,"1,433,776",30,"165,938",50,"294,890",90,"422,082",75,"795,632",10,"120,125",10,"202,205",810,"1,151,991",105,"102,319",265,"1,446,963",265,"620,032","1,775","87,606,512",635,"1,927,857",195,"341,906","1,130","370,839",75,"125,572","1,115","1,230,194",20,"8,623",40,"15,062",0,"24,902",715,"99,836",960,"257,795","1,515","4,724,704",15,"30,031",100,"1,762,116",135,"903,015",15,"-152,633",215,"5,251,471",55,"120,293",25,"571,214",0,"360,303",25,"198,588",45,"607,680",50,"1,232,898",75,"551,176",50,"71,112",45,"20,108",40,"10,079",220,"2,384,423",175,"1,788,795",85,"148,101",220,"1,099,186",60,"372,159",165,"-1,023,818",225,"-651,659",115,"159,234",15,"172,744",25,"209,240",65,"103,883",0,"5,368",90,"42,927","1,080","338,775",165,"69,284",55,"88,069",15,"722,227",183,"15,527,085",195,"16,249,312",190,"12,107,393",15,"-212,830",187,"3,890,266",200,"3,677,436"
VIC,3981,"2,335",965,"2,315","101,262,932","1,830","18,355,775","1,565","1,347,574",20,"22,253","1,650","18,778,163",35,"102,021","1,735","80,695,240",435,"1,607,944",35,"276,057",35,"187,952",130,"575,561",115,"1,180,117",20,"203,522",10,"131,127","1,165","2,504,653",245,"81,085",455,"4,556,219",455,"1,952,299","2,325","106,875,777",670,"1,642,614",175,"385,647","1,335","395,833",85,"135,634","1,215","1,224,728",25,"17,788",65,"75,268",40,"92,672",880,"167,216","1,085","406,506","1,825","5,220,508",15,"27,042",105,"1,648,303",145,"825,718",245,"257,972",380,"5,768,198",105,"249,156",20,"616,184",25,"762,888",25,"296,652",70,"715,552",110,"4,132,418",140,"2,237,400",80,"155,957",70,"26,671",65,"20,000",305,"3,771,290",220,"2,229,234",100,"280,131",295,"1,599,538",130,"849,948",175,"-1,187,561",305,"-337,613",130,"128,484",20,"5,447",35,"454,272",95,"221,582",0,"3,474",115,"68,841","1,325","433,425",210,"89,413",60,"68,007",56,"3,923,075",230,"21,015,230",280,"24,938,305",275,"20,431,845",60,"-927,268",232,"5,020,962",285,"4,093,694"
VIC,3984,"2,335",850,"2,315","91,824,124","1,745","15,832,370","1,460","1,207,848",25,"27,561","1,525","15,905,583",20,"62,748","1,650","72,271,685",425,"1,080,033",40,"499,170",35,"711,971",210,"1,126,273",210,"1,957,899",25,"211,307",15,"331,083","1,190","3,494,762",225,"152,686",500,"1,950,495",500,"836,893","2,320","96,372,455",585,"1,542,351",155,"321,138","1,260","361,649",65,"98,747","1,115","1,091,012",10,"2,610",55,"20,838",30,"63,646",830,"171,292","1,095","324,718","1,775","4,418,093",25,"31,239",80,"1,363,676",165,"1,148,881",120,"-3,080,797",355,"8,017,867",90,"346,289",15,"274,940",0,"69,893",40,"355,208",100,"1,483,098",135,"4,829,918",145,"2,318,921",95,"140,920",80,"20,837",65,"2,557",270,"3,798,592",200,"1,896,459",70,"179,596",265,"1,587,055",125,"1,129,327",145,"-993,845",270,"135,482",115,"154,755",20,"108,492",35,"317,541",60,"95,996",15,"10,894",90,"53,762","1,270","412,113",295,"125,800",65,"255,958",45,"5,801,365",232,"15,481,994",270,"21,283,359",255,"17,746,447",46,"-279,317",235,"3,435,861",275,"3,156,544"
VIC,3987,825,280,815,"34,261,071",620,"6,103,763",540,"459,561",20,"26,582",560,"6,229,749",10,"31,016",605,"29,032,154",180,"668,966",10,"74,491",25,"244,019",55,"264,877",45,"426,850",10,"97,770",0,"73,960",415,"642,567",75,"33,108",140,"482,311",140,"206,785",820,"36,072,001",235,"648,485",65,"164,764",460,"131,927",25,"59,038",410,"392,029",10,"1,768",10,"3,244",0,"8,973",275,"42,974",380,"95,243",645,"1,777,128",10,"15,558",30,"482,970",50,"232,868",60,"-813,949",150,"2,221,885",35,"6,127",10,"167,789",0,"116,519",0,"85,524",10,"201,547",15,"406,990",35,"214,091",25,"50,557",20,"28,575",15,108,90,"1,111,133",75,"710,105",35,"82,268",95,"501,413",30,"221,078",60,"-403,731",95,"-182,653",40,"31,721",0,"7,369",20,"171,609",35,"54,038",0,"3,351",30,"19,572",440,"144,289",70,"30,338",30,"84,464",16,"646,447",66,"4,025,220",80,"4,671,667",80,"3,147,398",17,"69,451",67,"1,403,405",80,"1,472,856"
VIC,3988,630,235,625,"21,560,012",445,"3,528,934",365,"280,704",10,"8,114",385,"3,496,745",0,"25,287",395,"15,957,051",80,"216,289",0,"53,183",0,"49,183",40,"214,453",45,"399,351",0,"10,271",10,"116,931",350,"823,174",130,"78,095",180,"686,986",180,"293,566",630,"22,552,311",90,"143,291",30,"60,760",245,"62,590",10,"45,131",215,"173,947",0,"2,755",25,"33,569",10,"38,416",135,"26,698",225,"50,017",405,"875,636",0,"9,483",15,"251,011",40,"383,280",155,"731,439",170,"1,234,155",65,"77,281",0,"50,861",0,"158,901",10,"91,355",30,"209,822",50,"478,989",70,"543,724",35,"32,757",35,"16,058",30,"1,937",55,"741,029",40,"398,867",15,"24,477",55,"325,459",25,"139,199",35,"-146,973",55,"-7,774",30,"61,216",0,"32,095",20,"194,189",25,"40,272",0,57,15,"7,313",325,"109,638",65,"29,275",10,"8,421",29,"2,951,581",51,"2,439,022",75,"5,390,603",70,"4,703,639",34,"-150,769",53,"762,074",80,"611,305"
VIC,3990,90,40,90,"2,900,898",55,"461,604",45,"35,455",0,0,45,"451,491",0,0,50,"1,907,507",10,"8,418",0,"6,749",0,0,0,"25,883",0,"64,358",0,"26,740",0,0,65,"168,948",20,"8,416",35,"209,105",35,"89,604",90,"3,004,433",10,"27,327",0,"3,873",25,"7,944",0,"15,397",30,"23,606",0,0,0,582,0,"3,728",20,"3,686",30,"9,218",55,"100,781",0,"1,695",0,"109,407",0,"21,288",20,"37,856",25,"101,892",0,"1,081",0,0,0,755,0,613,0,"4,676",0,"25,475",10,"1,203,765",0,"28,533",0,700,0,78,15,"277,424",0,"94,053",0,0,15,"86,069",10,"110,477",0,"-13,175",15,"97,302",10,810,0,53,0,0,0,"3,831",0,0,0,"3,831",35,"10,881",0,"1,117",0,"11,827",9,"315,000",16,"589,484",20,"904,484",20,"722,117",9,"-109,683",16,"240,714",20,"131,031"
VIC,3991,205,65,205,"7,105,829",140,"1,149,057",120,"86,635",0,"2,729",125,"1,112,867",0,"7,285",125,"4,818,696",40,"121,362",0,"14,384",0,0,20,"122,049",15,"89,256",0,"3,419",0,"51,191",105,"193,630",35,"33,373",45,"383,683",45,"164,395",205,"7,493,820",45,"119,867",20,"38,510",100,"32,445",10,"15,211",90,"78,526",0,0,0,"4,428",0,156,70,"12,326",90,"23,337",155,"336,270",0,513,0,"100,678",10,"62,212",30,"-136,526",60,"718,061",10,"112,683",0,0,0,"153,338",10,"133,807",10,"175,264",15,"623,870",15,"713,071",10,"2,007",10,"2,007",10,577,20,"177,138",10,"62,632",0,589,20,"97,284",10,"50,998",10,"-34,365",20,"16,633",20,"1,540",0,"3,564",0,"1,582",0,"9,882",0,0,0,"2,832",115,"44,166",25,"9,922",0,"54,705",7,"664,692",23,"1,089,266",30,"1,753,958",30,"1,504,948",7,"-168,468",22,"419,669",30,"251,201"
VIC,3992,385,85,385,"12,997,105",260,"1,970,454",210,"161,315",0,"3,499",220,"1,994,817",0,"11,651",270,"10,566,121",80,"119,323",0,"27,120",0,"83,278",45,"275,647",30,"274,758",0,"4,032",0,"43,693",215,"387,437",45,"61,160",75,"262,462",75,"111,942",385,"13,746,351",115,"254,811",20,"37,337",205,"59,101",15,"29,493",180,"155,532",0,0,10,"3,656",0,"22,693",165,"20,105",175,"41,505",300,"744,066",0,0,15,"274,159",20,"100,127",50,"459,941",75,"490,924",15,"4,990",0,"24,087",0,500,0,"11,097",15,"148,553",20,"329,094",15,"104,946",15,"1,766",15,"1,766",10,294,35,"308,150",30,"250,250",10,"15,729",35,"175,234",0,"38,014",30,"-171,077",35,"-133,063",25,"3,093",0,"1,257",0,"95,364",15,"24,469",0,338,10,"5,069",205,"65,312",30,"11,601",0,"11,163",7,"475,567",46,"2,747,401",50,"3,222,968",45,"2,454,083",7,"37,746",47,"681,160",50,"718,906"
VIC,3995,"4,885","1,370","4,860","184,941,871","3,625","29,683,420","2,950","2,294,962",75,"104,647","3,145","29,329,133",85,"252,794","3,550","139,655,829","1,150","2,495,653",105,"1,187,146",140,"1,835,012",545,"2,947,454",390,"3,616,189",80,"830,446",75,"1,475,711","2,735","5,649,028",520,"297,745","1,070","4,633,025","1,070","1,984,647","4,870","194,679,301","1,385","2,895,420",355,"589,434","2,695","760,332",210,"383,158","2,505","2,094,403",35,"16,162",225,"169,852",80,"127,460","2,175","464,862","2,355","667,316","3,930","9,473,816",90,"195,666",270,"4,681,554",365,"2,456,765",175,"-310,921",800,"12,595,357",245,"430,935",80,"1,718,921",15,"708,652",60,"350,198",195,"3,552,643",260,"8,859,985",325,"5,603,268",240,"622,494",210,"176,983",200,"197,306",585,"6,983,720",435,"3,672,272",185,"366,096",580,"3,368,307",230,"1,736,064",355,"-2,159,019",590,"-422,955",355,"278,226",50,"173,139",70,"885,245",180,"402,455",25,"14,484",175,"112,851","2,805","963,177",500,"223,165",160,"506,100",53,"2,563,945",473,"30,174,107",515,"32,657,497",500,"24,350,131",57,"-757,111",480,"8,675,966",520,"7,868,702"
VIC,3996,"2,745","1,315","2,720","118,547,979","1,990","22,508,904","1,640","1,532,156",55,"54,612","1,720","22,492,283",60,"205,763","1,745","80,592,066",545,"1,758,039",50,"495,177",75,"1,399,099",215,"1,232,146",255,"2,260,148",55,"817,559",70,"1,695,478","1,720","4,688,104",445,"352,882",910,"6,196,322",910,"2,651,645","2,730","125,305,896",745,"1,750,857",220,"249,454","1,145","323,223",85,"214,031","1,250","1,377,227",30,"12,976",160,"275,204",115,"267,818","1,195","318,777","1,275","443,562","2,095","6,549,811",80,"204,155",185,"2,954,406",280,"2,153,681",130,"-786,124",585,"12,122,063",210,"478,750",40,"609,870",10,"96,724",40,"464,714",180,"1,833,043",275,"5,429,474",320,"7,272,788",215,"692,935",190,"471,107",175,"111,338",465,"5,909,043",330,"3,308,775",125,"293,068",470,"2,822,995",205,"1,411,963",265,"-1,927,758",470,"-515,795",190,"160,414",30,"81,978",60,"1,015,925",120,"281,299",15,"9,856",140,"82,797","1,375","455,120",300,"120,164",90,"253,624",34,"3,016,943",312,"29,628,680",345,"32,645,623",330,"26,779,605",36,"-128,202",313,"5,734,808",345,"5,606,606"
VIC,VIC other,"15,120","6,460","14,605","797,593,404","10,665","209,629,959","7,480","8,214,332",250,"420,214","9,840","207,738,257",290,"1,087,479","8,875","514,761,655","2,475","50,323,622",190,"2,962,223",210,"5,114,654",670,"3,697,778",650,"6,353,357",155,"1,906,667",180,"4,243,363","6,750","17,151,122","2,185","1,371,801","3,865","32,912,661","3,855","14,077,695","14,775","840,085,846","2,540","6,452,464",935,"2,008,950","4,880","1,366,105",420,"890,563","5,250","5,548,089",235,"127,417",440,"1,146,631",285,"1,962,838","3,745","2,830,872","6,055","5,652,553","9,750","34,082,969",190,"466,346","1,270","40,818,221","1,205","10,183,256",730,"6,339,328","2,780","78,606,292",800,"4,415,223",60,"2,277,199",85,"1,169,403",135,"1,867,429",750,"14,192,084","1,130","108,527,385","1,585","56,598,373",880,"12,529,257",735,"1,090,397",765,"4,432,739","3,520","77,587,632","2,810","44,397,063","1,585","5,437,476","3,510","36,275,448","1,445","13,983,619","2,095","-22,505,974","3,540","-8,522,355","1,445","4,582,979",205,"572,804",255,"3,944,591",750,"2,093,089",120,"82,655",475,"374,634","5,610","1,800,939",995,"420,795",300,"1,534,485",190,"13,213,353",913,"121,782,500","1,130","148,179,246","1,115","117,088,948",214,"-2,271,289",930,"21,129,466","1,175","29,383,008"
,,,,,,,,,,,,,,,,,,,,,,,,,,,,,,,,,,,,,,,,,,,,,,,,,,,,,,,,,,,,,,,,,,,,,,,,,,,,,,,,,,,,,,,,,,,,,,,,,,,,,,,,,,,,,,,,,,,,,,,,,,,,,,,,,,,,,,,,,,,
,,,,,,,,,,,,,,,,,,,,,,,,,,,,,,,,,,,,,,,,,,,,,,,,,,,,,,,,,,,,,,,,,,,,,,,,,,,,,,,,,,,,,,,,,,,,,,,,,,,,,,,,,,,,,,,,,,,,,,,,,,,,,,,,,,,,,,,,,,,
,,,,,,,,,,,,,,,,,,,,,,,,,,,,,,,,,,,,,,,,,,,,,,,,,,,,,,,,,,,,,,,,,,,,,,,,,,,,,,,,,,,,,,,,,,,,,,,,,,,,,,,,,,,,,,,,,,,,,,,,,,,,,,,,,,,,,,,,,,,
,,,,,,,,,,,,,,,,,,,,,,,,,,,,,,,,,,,,,,,,,,,,,,,,,,,,,,,,,,,,,,,,,,,,,,,,,,,,,,,,,,,,,,,,,,,,,,,,,,,,,,,,,,,,,,,,,,,,,,,,,,,,,,,,,,,,,,,,,,,
,,,,,,,,,,,,,,,,,,,,,,,,,,,,,,,,,,,,,,,,,,,,,,,,,,,,,,,,,,,,,,,,,,,,,,,,,,,,,,,,,,,,,,,,,,,,,,,,,,,,,,,,,,,,,,,,,,,,,,,,,,,,,,,,,,,,,,,,,,,
,,,,,,,,,,,,,,,,,,,,,,,,,,,,,,,,,,,,,,,,,,,,,,,,,,,,,,,,,,,,,,,,,,,,,,,,,,,,,,,,,,,,,,,,,,,,,,,,,,,,,,,,,,,,,,,,,,,,,,,,,,,,,,,,,,,,,,,,,,,
,,,,,,,,,,,,,,,,,,,,,,,,,,,,,,,,,,,,,,,,,,,,,,,,,,,,,,,,,,,,,,,,,,,,,,,,,,,,,,,,,,,,,,,,,,,,,,,,,,,,,,,,,,,,,,,,,,,,,,,,,,,,,,,,,,,,,,,,,,,
,,,,,,,,,,,,,,,,,,,,,,,,,,,,,,,,,,,,,,,,,,,,,,,,,,,,,,,,,,,,,,,,,,,,,,,,,,,,,,,,,,,,,,,,,,,,,,,,,,,,,,,,,,,,,,,,,,,,,,,,,,,,,,,,,,,,,,,,,,,
,,,,,,,,,,,,,,,,,,,,,,,,,,,,,,,,,,,,,,,,,,,,,,,,,,,,,,,,,,,,,,,,,,,,,,,,,,,,,,,,,,,,,,,,,,,,,,,,,,,,,,,,,,,,,,,,,,,,,,,,,,,,,,,,,,,,,,,,,,,
,,,,,,,,,,,,,,,,,,,,,,,,,,,,,,,,,,,,,,,,,,,,,,,,,,,,,,,,,,,,,,,,,,,,,,,,,,,,,,,,,,,,,,,,,,,,,,,,,,,,,,,,,,,,,,,,,,,,,,,,,,,,,,,,,,,,,,,,,,,
,,,,,,,,,,,,,,,,,,,,,,,,,,,,,,,,,,,,,,,,,,,,,,,,,,,,,,,,,,,,,,,,,,,,,,,,,,,,,,,,,,,,,,,,,,,,,,,,,,,,,,,,,,,,,,,,,,,,,,,,,,,,,,,,,,,,,,,,,,,
,,,,,,,,,,,,,,,,,,,,,,,,,,,,,,,,,,,,,,,,,,,,,,,,,,,,,,,,,,,,,,,,,,,,,,,,,,,,,,,,,,,,,,,,,,,,,,,,,,,,,,,,,,,,,,,,,,,,,,,,,,,,,,,,,,,,,,,,,,,
,,,,,,,,,,,,,,,,,,,,,,,,,,,,,,,,,,,,,,,,,,,,,,,,,,,,,,,,,,,,,,,,,,,,,,,,,,,,,,,,,,,,,,,,,,,,,,,,,,,,,,,,,,,,,,,,,,,,,,,,,,,,,,,,,,,,,,,,,,,
,,,,,,,,,,,,,,,,,,,,,,,,,,,,,,,,,,,,,,,,,,,,,,,,,,,,,,,,,,,,,,,,,,,,,,,,,,,,,,,,,,,,,,,,,,,,,,,,,,,,,,,,,,,,,,,,,,,,,,,,,,,,,,,,,,,,,,,,,,,
,,,,,,,,,,,,,,,,,,,,,,,,,,,,,,,,,,,,,,,,,,,,,,,,,,,,,,,,,,,,,,,,,,,,,,,,,,,,,,,,,,,,,,,,,,,,,,,,,,,,,,,,,,,,,,,,,,,,,,,,,,,,,,,,,,,,,,,,,,,
,,,,,,,,,,,,,,,,,,,,,,,,,,,,,,,,,,,,,,,,,,,,,,,,,,,,,,,,,,,,,,,,,,,,,,,,,,,,,,,,,,,,,,,,,,,,,,,,,,,,,,,,,,,,,,,,,,,,,,,,,,,,,,,,,,,,,,,,,,,
,,,,,,,,,,,,,,,,,,,,,,,,,,,,,,,,,,,,,,,,,,,,,,,,,,,,,,,,,,,,,,,,,,,,,,,,,,,,,,,,,,,,,,,,,,,,,,,,,,,,,,,,,,,,,,,,,,,,,,,,,,,,,,,,,,,,,,,,,,,
,,,,,,,,,,,,,,,,,,,,,,,,,,,,,,,,,,,,,,,,,,,,,,,,,,,,,,,,,,,,,,,,,,,,,,,,,,,,,,,,,,,,,,,,,,,,,,,,,,,,,,,,,,,,,,,,,,,,,,,,,,,,,,,,,,,,,,,,,,,
,,,,,,,,,,,,,,,,,,,,,,,,,,,,,,,,,,,,,,,,,,,,,,,,,,,,,,,,,,,,,,,,,,,,,,,,,,,,,,,,,,,,,,,,,,,,,,,,,,,,,,,,,,,,,,,,,,,,,,,,,,,,,,,,,,,,,,,,,,,
,,,,,,,,,,,,,,,,,,,,,,,,,,,,,,,,,,,,,,,,,,,,,,,,,,,,,,,,,,,,,,,,,,,,,,,,,,,,,,,,,,,,,,,,,,,,,,,,,,,,,,,,,,,,,,,,,,,,,,,,,,,,,,,,,,,,,,,,,,,
,,,,,,,,,,,,,,,,,,,,,,,,,,,,,,,,,,,,,,,,,,,,,,,,,,,,,,,,,,,,,,,,,,,,,,,,,,,,,,,,,,,,,,,,,,,,,,,,,,,,,,,,,,,,,,,,,,,,,,,,,,,,,,,,,,,,,,,,,,,
,,,,,,,,,,,,,,,,,,,,,,,,,,,,,,,,,,,,,,,,,,,,,,,,,,,,,,,,,,,,,,,,,,,,,,,,,,,,,,,,,,,,,,,,,,,,,,,,,,,,,,,,,,,,,,,,,,,,,,,,,,,,,,,,,,,,,,,,,,,
,,,,,,,,,,,,,,,,,,,,,,,,,,,,,,,,,,,,,,,,,,,,,,,,,,,,,,,,,,,,,,,,,,,,,,,,,,,,,,,,,,,,,,,,,,,,,,,,,,,,,,,,,,,,,,,,,,,,,,,,,,,,,,,,,,,,,,,,,,,
,,,,,,,,,,,,,,,,,,,,,,,,,,,,,,,,,,,,,,,,,,,,,,,,,,,,,,,,,,,,,,,,,,,,,,,,,,,,,,,,,,,,,,,,,,,,,,,,,,,,,,,,,,,,,,,,,,,,,,,,,,,,,,,,,,,,,,,,,,,
,,,,,,,,,,,,,,,,,,,,,,,,,,,,,,,,,,,,,,,,,,,,,,,,,,,,,,,,,,,,,,,,,,,,,,,,,,,,,,,,,,,,,,,,,,,,,,,,,,,,,,,,,,,,,,,,,,,,,,,,,,,,,,,,,,,,,,,,,,,
,,,,,,,,,,,,,,,,,,,,,,,,,,,,,,,,,,,,,,,,,,,,,,,,,,,,,,,,,,,,,,,,,,,,,,,,,,,,,,,,,,,,,,,,,,,,,,,,,,,,,,,,,,,,,,,,,,,,,,,,,,,,,,,,,,,,,,,,,,,
,,,,,,,,,,,,,,,,,,,,,,,,,,,,,,,,,,,,,,,,,,,,,,,,,,,,,,,,,,,,,,,,,,,,,,,,,,,,,,,,,,,,,,,,,,,,,,,,,,,,,,,,,,,,,,,,,,,,,,,,,,,,,,,,,,,,,,,,,,,
,,,,,,,,,,,,,,,,,,,,,,,,,,,,,,,,,,,,,,,,,,,,,,,,,,,,,,,,,,,,,,,,,,,,,,,,,,,,,,,,,,,,,,,,,,,,,,,,,,,,,,,,,,,,,,,,,,,,,,,,,,,,,,,,,,,,,,,,,,,
,,,,,,,,,,,,,,,,,,,,,,,,,,,,,,,,,,,,,,,,,,,,,,,,,,,,,,,,,,,,,,,,,,,,,,,,,,,,,,,,,,,,,,,,,,,,,,,,,,,,,,,,,,,,,,,,,,,,,,,,,,,,,,,,,,,,,,,,,,,
,,,,,,,,,,,,,,,,,,,,,,,,,,,,,,,,,,,,,,,,,,,,,,,,,,,,,,,,,,,,,,,,,,,,,,,,,,,,,,,,,,,,,,,,,,,,,,,,,,,,,,,,,,,,,,,,,,,,,,,,,,,,,,,,,,,,,,,,,,,
,,,,,,,,,,,,,,,,,,,,,,,,,,,,,,,,,,,,,,,,,,,,,,,,,,,,,,,,,,,,,,,,,,,,,,,,,,,,,,,,,,,,,,,,,,,,,,,,,,,,,,,,,,,,,,,,,,,,,,,,,,,,,,,,,,,,,,,,,,,
,,,,,,,,,,,,,,,,,,,,,,,,,,,,,,,,,,,,,,,,,,,,,,,,,,,,,,,,,,,,,,,,,,,,,,,,,,,,,,,,,,,,,,,,,,,,,,,,,,,,,,,,,,,,,,,,,,,,,,,,,,,,,,,,,,,,,,,,,,,
,,,,,,,,,,,,,,,,,,,,,,,,,,,,,,,,,,,,,,,,,,,,,,,,,,,,,,,,,,,,,,,,,,,,,,,,,,,,,,,,,,,,,,,,,,,,,,,,,,,,,,,,,,,,,,,,,,,,,,,,,,,,,,,,,,,,,,,,,,,
,,,,,,,,,,,,,,,,,,,,,,,,,,,,,,,,,,,,,,,,,,,,,,,,,,,,,,,,,,,,,,,,,,,,,,,,,,,,,,,,,,,,,,,,,,,,,,,,,,,,,,,,,,,,,,,,,,,,,,,,,,,,,,,,,,,,,,,,,,,
,,,,,,,,,,,,,,,,,,,,,,,,,,,,,,,,,,,,,,,,,,,,,,,,,,,,,,,,,,,,,,,,,,,,,,,,,,,,,,,,,,,,,,,,,,,,,,,,,,,,,,,,,,,,,,,,,,,,,,,,,,,,,,,,,,,,,,,,,,,
,,,,,,,,,,,,,,,,,,,,,,,,,,,,,,,,,,,,,,,,,,,,,,,,,,,,,,,,,,,,,,,,,,,,,,,,,,,,,,,,,,,,,,,,,,,,,,,,,,,,,,,,,,,,,,,,,,,,,,,,,,,,,,,,,,,,,,,,,,,
,,,,,,,,,,,,,,,,,,,,,,,,,,,,,,,,,,,,,,,,,,,,,,,,,,,,,,,,,,,,,,,,,,,,,,,,,,,,,,,,,,,,,,,,,,,,,,,,,,,,,,,,,,,,,,,,,,,,,,,,,,,,,,,,,,,,,,,,,,,
,,,,,,,,,,,,,,,,,,,,,,,,,,,,,,,,,,,,,,,,,,,,,,,,,,,,,,,,,,,,,,,,,,,,,,,,,,,,,,,,,,,,,,,,,,,,,,,,,,,,,,,,,,,,,,,,,,,,,,,,,,,,,,,,,,,,,,,,,,,
,,,,,,,,,,,,,,,,,,,,,,,,,,,,,,,,,,,,,,,,,,,,,,,,,,,,,,,,,,,,,,,,,,,,,,,,,,,,,,,,,,,,,,,,,,,,,,,,,,,,,,,,,,,,,,,,,,,,,,,,,,,,,,,,,,,,,,,,,,,
,,,,,,,,,,,,,,,,,,,,,,,,,,,,,,,,,,,,,,,,,,,,,,,,,,,,,,,,,,,,,,,,,,,,,,,,,,,,,,,,,,,,,,,,,,,,,,,,,,,,,,,,,,,,,,,,,,,,,,,,,,,,,,,,,,,,,,,,,,,
,,,,,,,,,,,,,,,,,,,,,,,,,,,,,,,,,,,,,,,,,,,,,,,,,,,,,,,,,,,,,,,,,,,,,,,,,,,,,,,,,,,,,,,,,,,,,,,,,,,,,,,,,,,,,,,,,,,,,,,,,,,,,,,,,,,,,,,,,,,
,,,,,,,,,,,,,,,,,,,,,,,,,,,,,,,,,,,,,,,,,,,,,,,,,,,,,,,,,,,,,,,,,,,,,,,,,,,,,,,,,,,,,,,,,,,,,,,,,,,,,,,,,,,,,,,,,,,,,,,,,,,,,,,,,,,,,,,,,,,
,,,,,,,,,,,,,,,,,,,,,,,,,,,,,,,,,,,,,,,,,,,,,,,,,,,,,,,,,,,,,,,,,,,,,,,,,,,,,,,,,,,,,,,,,,,,,,,,,,,,,,,,,,,,,,,,,,,,,,,,,,,,,,,,,,,,,,,,,,,
,,,,,,,,,,,,,,,,,,,,,,,,,,,,,,,,,,,,,,,,,,,,,,,,,,,,,,,,,,,,,,,,,,,,,,,,,,,,,,,,,,,,,,,,,,,,,,,,,,,,,,,,,,,,,,,,,,,,,,,,,,,,,,,,,,,,,,,,,,,
,,,,,,,,,,,,,,,,,,,,,,,,,,,,,,,,,,,,,,,,,,,,,,,,,,,,,,,,,,,,,,,,,,,,,,,,,,,,,,,,,,,,,,,,,,,,,,,,,,,,,,,,,,,,,,,,,,,,,,,,,,,,,,,,,,,,,,,,,,,
,,,,,,,,,,,,,,,,,,,,,,,,,,,,,,,,,,,,,,,,,,,,,,,,,,,,,,,,,,,,,,,,,,,,,,,,,,,,,,,,,,,,,,,,,,,,,,,,,,,,,,,,,,,,,,,,,,,,,,,,,,,,,,,,,,,,,,,,,,,
,,,,,,,,,,,,,,,,,,,,,,,,,,,,,,,,,,,,,,,,,,,,,,,,,,,,,,,,,,,,,,,,,,,,,,,,,,,,,,,,,,,,,,,,,,,,,,,,,,,,,,,,,,,,,,,,,,,,,,,,,,,,,,,,,,,,,,,,,,,
,,,,,,,,,,,,,,,,,,,,,,,,,,,,,,,,,,,,,,,,,,,,,,,,,,,,,,,,,,,,,,,,,,,,,,,,,,,,,,,,,,,,,,,,,,,,,,,,,,,,,,,,,,,,,,,,,,,,,,,,,,,,,,,,,,,,,,,,,,,
,,,,,,,,,,,,,,,,,,,,,,,,,,,,,,,,,,,,,,,,,,,,,,,,,,,,,,,,,,,,,,,,,,,,,,,,,,,,,,,,,,,,,,,,,,,,,,,,,,,,,,,,,,,,,,,,,,,,,,,,,,,,,,,,,,,,,,,,,,,
,,,,,,,,,,,,,,,,,,,,,,,,,,,,,,,,,,,,,,,,,,,,,,,,,,,,,,,,,,,,,,,,,,,,,,,,,,,,,,,,,,,,,,,,,,,,,,,,,,,,,,,,,,,,,,,,,,,,,,,,,,,,,,,,,,,,,,,,,,,
,,,,,,,,,,,,,,,,,,,,,,,,,,,,,,,,,,,,,,,,,,,,,,,,,,,,,,,,,,,,,,,,,,,,,,,,,,,,,,,,,,,,,,,,,,,,,,,,,,,,,,,,,,,,,,,,,,,,,,,,,,,,,,,,,,,,,,,,,,,
,,,,,,,,,,,,,,,,,,,,,,,,,,,,,,,,,,,,,,,,,,,,,,,,,,,,,,,,,,,,,,,,,,,,,,,,,,,,,,,,,,,,,,,,,,,,,,,,,,,,,,,,,,,,,,,,,,,,,,,,,,,,,,,,,,,,,,,,,,,
,,,,,,,,,,,,,,,,,,,,,,,,,,,,,,,,,,,,,,,,,,,,,,,,,,,,,,,,,,,,,,,,,,,,,,,,,,,,,,,,,,,,,,,,,,,,,,,,,,,,,,,,,,,,,,,,,,,,,,,,,,,,,,,,,,,,,,,,,,,
,,,,,,,,,,,,,,,,,,,,,,,,,,,,,,,,,,,,,,,,,,,,,,,,,,,,,,,,,,,,,,,,,,,,,,,,,,,,,,,,,,,,,,,,,,,,,,,,,,,,,,,,,,,,,,,,,,,,,,,,,,,,,,,,,,,,,,,,,,,
,,,,,,,,,,,,,,,,,,,,,,,,,,,,,,,,,,,,,,,,,,,,,,,,,,,,,,,,,,,,,,,,,,,,,,,,,,,,,,,,,,,,,,,,,,,,,,,,,,,,,,,,,,,,,,,,,,,,,,,,,,,,,,,,,,,,,,,,,,,
,,,,,,,,,,,,,,,,,,,,,,,,,,,,,,,,,,,,,,,,,,,,,,,,,,,,,,,,,,,,,,,,,,,,,,,,,,,,,,,,,,,,,,,,,,,,,,,,,,,,,,,,,,,,,,,,,,,,,,,,,,,,,,,,,,,,,,,,,,,
,,,,,,,,,,,,,,,,,,,,,,,,,,,,,,,,,,,,,,,,,,,,,,,,,,,,,,,,,,,,,,,,,,,,,,,,,,,,,,,,,,,,,,,,,,,,,,,,,,,,,,,,,,,,,,,,,,,,,,,,,,,,,,,,,,,,,,,,,,,
,,,,,,,,,,,,,,,,,,,,,,,,,,,,,,,,,,,,,,,,,,,,,,,,,,,,,,,,,,,,,,,,,,,,,,,,,,,,,,,,,,,,,,,,,,,,,,,,,,,,,,,,,,,,,,,,,,,,,,,,,,,,,,,,,,,,,,,,,,,
,,,,,,,,,,,,,,,,,,,,,,,,,,,,,,,,,,,,,,,,,,,,,,,,,,,,,,,,,,,,,,,,,,,,,,,,,,,,,,,,,,,,,,,,,,,,,,,,,,,,,,,,,,,,,,,,,,,,,,,,,,,,,,,,,,,,,,,,,,,
,,,,,,,,,,,,,,,,,,,,,,,,,,,,,,,,,,,,,,,,,,,,,,,,,,,,,,,,,,,,,,,,,,,,,,,,,,,,,,,,,,,,,,,,,,,,,,,,,,,,,,,,,,,,,,,,,,,,,,,,,,,,,,,,,,,,,,,,,,,
,,,,,,,,,,,,,,,,,,,,,,,,,,,,,,,,,,,,,,,,,,,,,,,,,,,,,,,,,,,,,,,,,,,,,,,,,,,,,,,,,,,,,,,,,,,,,,,,,,,,,,,,,,,,,,,,,,,,,,,,,,,,,,,,,,,,,,,,,,,
,,,,,,,,,,,,,,,,,,,,,,,,,,,,,,,,,,,,,,,,,,,,,,,,,,,,,,,,,,,,,,,,,,,,,,,,,,,,,,,,,,,,,,,,,,,,,,,,,,,,,,,,,,,,,,,,,,,,,,,,,,,,,,,,,,,,,,,,,,,
,,,,,,,,,,,,,,,,,,,,,,,,,,,,,,,,,,,,,,,,,,,,,,,,,,,,,,,,,,,,,,,,,,,,,,,,,,,,,,,,,,,,,,,,,,,,,,,,,,,,,,,,,,,,,,,,,,,,,,,,,,,,,,,,,,,,,,,,,,,
,,,,,,,,,,,,,,,,,,,,,,,,,,,,,,,,,,,,,,,,,,,,,,,,,,,,,,,,,,,,,,,,,,,,,,,,,,,,,,,,,,,,,,,,,,,,,,,,,,,,,,,,,,,,,,,,,,,,,,,,,,,,,,,,,,,,,,,,,,,
,,,,,,,,,,,,,,,,,,,,,,,,,,,,,,,,,,,,,,,,,,,,,,,,,,,,,,,,,,,,,,,,,,,,,,,,,,,,,,,,,,,,,,,,,,,,,,,,,,,,,,,,,,,,,,,,,,,,,,,,,,,,,,,,,,,,,,,,,,,
,,,,,,,,,,,,,,,,,,,,,,,,,,,,,,,,,,,,,,,,,,,,,,,,,,,,,,,,,,,,,,,,,,,,,,,,,,,,,,,,,,,,,,,,,,,,,,,,,,,,,,,,,,,,,,,,,,,,,,,,,,,,,,,,,,,,,,,,,,,
,,,,,,,,,,,,,,,,,,,,,,,,,,,,,,,,,,,,,,,,,,,,,,,,,,,,,,,,,,,,,,,,,,,,,,,,,,,,,,,,,,,,,,,,,,,,,,,,,,,,,,,,,,,,,,,,,,,,,,,,,,,,,,,,,,,,,,,,,,,
,,,,,,,,,,,,,,,,,,,,,,,,,,,,,,,,,,,,,,,,,,,,,,,,,,,,,,,,,,,,,,,,,,,,,,,,,,,,,,,,,,,,,,,,,,,,,,,,,,,,,,,,,,,,,,,,,,,,,,,,,,,,,,,,,,,,,,,,,,,
,,,,,,,,,,,,,,,,,,,,,,,,,,,,,,,,,,,,,,,,,,,,,,,,,,,,,,,,,,,,,,,,,,,,,,,,,,,,,,,,,,,,,,,,,,,,,,,,,,,,,,,,,,,,,,,,,,,,,,,,,,,,,,,,,,,,,,,,,,,
,,,,,,,,,,,,,,,,,,,,,,,,,,,,,,,,,,,,,,,,,,,,,,,,,,,,,,,,,,,,,,,,,,,,,,,,,,,,,,,,,,,,,,,,,,,,,,,,,,,,,,,,,,,,,,,,,,,,,,,,,,,,,,,,,,,,,,,,,,,
,,,,,,,,,,,,,,,,,,,,,,,,,,,,,,,,,,,,,,,,,,,,,,,,,,,,,,,,,,,,,,,,,,,,,,,,,,,,,,,,,,,,,,,,,,,,,,,,,,,,,,,,,,,,,,,,,,,,,,,,,,,,,,,,,,,,,,,,,,,
,,,,,,,,,,,,,,,,,,,,,,,,,,,,,,,,,,,,,,,,,,,,,,,,,,,,,,,,,,,,,,,,,,,,,,,,,,,,,,,,,,,,,,,,,,,,,,,,,,,,,,,,,,,,,,,,,,,,,,,,,,,,,,,,,,,,,,,,,,,
,,,,,,,,,,,,,,,,,,,,,,,,,,,,,,,,,,,,,,,,,,,,,,,,,,,,,,,,,,,,,,,,,,,,,,,,,,,,,,,,,,,,,,,,,,,,,,,,,,,,,,,,,,,,,,,,,,,,,,,,,,,,,,,,,,,,,,,,,,,
,,,,,,,,,,,,,,,,,,,,,,,,,,,,,,,,,,,,,,,,,,,,,,,,,,,,,,,,,,,,,,,,,,,,,,,,,,,,,,,,,,,,,,,,,,,,,,,,,,,,,,,,,,,,,,,,,,,,,,,,,,,,,,,,,,,,,,,,,,,
,,,,,,,,,,,,,,,,,,,,,,,,,,,,,,,,,,,,,,,,,,,,,,,,,,,,,,,,,,,,,,,,,,,,,,,,,,,,,,,,,,,,,,,,,,,,,,,,,,,,,,,,,,,,,,,,,,,,,,,,,,,,,,,,,,,,,,,,,,,
,,,,,,,,,,,,,,,,,,,,,,,,,,,,,,,,,,,,,,,,,,,,,,,,,,,,,,,,,,,,,,,,,,,,,,,,,,,,,,,,,,,,,,,,,,,,,,,,,,,,,,,,,,,,,,,,,,,,,,,,,,,,,,,,,,,,,,,,,,,
,,,,,,,,,,,,,,,,,,,,,,,,,,,,,,,,,,,,,,,,,,,,,,,,,,,,,,,,,,,,,,,,,,,,,,,,,,,,,,,,,,,,,,,,,,,,,,,,,,,,,,,,,,,,,,,,,,,,,,,,,,,,,,,,,,,,,,,,,,,
,,,,,,,,,,,,,,,,,,,,,,,,,,,,,,,,,,,,,,,,,,,,,,,,,,,,,,,,,,,,,,,,,,,,,,,,,,,,,,,,,,,,,,,,,,,,,,,,,,,,,,,,,,,,,,,,,,,,,,,,,,,,,,,,,,,,,,,,,,,
,,,,,,,,,,,,,,,,,,,,,,,,,,,,,,,,,,,,,,,,,,,,,,,,,,,,,,,,,,,,,,,,,,,,,,,,,,,,,,,,,,,,,,,,,,,,,,,,,,,,,,,,,,,,,,,,,,,,,,,,,,,,,,,,,,,,,,,,,,,
,,,,,,,,,,,,,,,,,,,,,,,,,,,,,,,,,,,,,,,,,,,,,,,,,,,,,,,,,,,,,,,,,,,,,,,,,,,,,,,,,,,,,,,,,,,,,,,,,,,,,,,,,,,,,,,,,,,,,,,,,,,,,,,,,,,,,,,,,,,
,,,,,,,,,,,,,,,,,,,,,,,,,,,,,,,,,,,,,,,,,,,,,,,,,,,,,,,,,,,,,,,,,,,,,,,,,,,,,,,,,,,,,,,,,,,,,,,,,,,,,,,,,,,,,,,,,,,,,,,,,,,,,,,,,,,,,,,,,,,
,,,,,,,,,,,,,,,,,,,,,,,,,,,,,,,,,,,,,,,,,,,,,,,,,,,,,,,,,,,,,,,,,,,,,,,,,,,,,,,,,,,,,,,,,,,,,,,,,,,,,,,,,,,,,,,,,,,,,,,,,,,,,,,,,,,,,,,,,,,
,,,,,,,,,,,,,,,,,,,,,,,,,,,,,,,,,,,,,,,,,,,,,,,,,,,,,,,,,,,,,,,,,,,,,,,,,,,,,,,,,,,,,,,,,,,,,,,,,,,,,,,,,,,,,,,,,,,,,,,,,,,,,,,,,,,,,,,,,,,
,,,,,,,,,,,,,,,,,,,,,,,,,,,,,,,,,,,,,,,,,,,,,,,,,,,,,,,,,,,,,,,,,,,,,,,,,,,,,,,,,,,,,,,,,,,,,,,,,,,,,,,,,,,,,,,,,,,,,,,,,,,,,,,,,,,,,,,,,,,
,,,,,,,,,,,,,,,,,,,,,,,,,,,,,,,,,,,,,,,,,,,,,,,,,,,,,,,,,,,,,,,,,,,,,,,,,,,,,,,,,,,,,,,,,,,,,,,,,,,,,,,,,,,,,,,,,,,,,,,,,,,,,,,,,,,,,,,,,,,
,,,,,,,,,,,,,,,,,,,,,,,,,,,,,,,,,,,,,,,,,,,,,,,,,,,,,,,,,,,,,,,,,,,,,,,,,,,,,,,,,,,,,,,,,,,,,,,,,,,,,,,,,,,,,,,,,,,,,,,,,,,,,,,,,,,,,,,,,,,
,,,,,,,,,,,,,,,,,,,,,,,,,,,,,,,,,,,,,,,,,,,,,,,,,,,,,,,,,,,,,,,,,,,,,,,,,,,,,,,,,,,,,,,,,,,,,,,,,,,,,,,,,,,,,,,,,,,,,,,,,,,,,,,,,,,,,,,,,,,
,,,,,,,,,,,,,,,,,,,,,,,,,,,,,,,,,,,,,,,,,,,,,,,,,,,,,,,,,,,,,,,,,,,,,,,,,,,,,,,,,,,,,,,,,,,,,,,,,,,,,,,,,,,,,,,,,,,,,,,,,,,,,,,,,,,,,,,,,,,
,,,,,,,,,,,,,,,,,,,,,,,,,,,,,,,,,,,,,,,,,,,,,,,,,,,,,,,,,,,,,,,,,,,,,,,,,,,,,,,,,,,,,,,,,,,,,,,,,,,,,,,,,,,,,,,,,,,,,,,,,,,,,,,,,,,,,,,,,,,
,,,,,,,,,,,,,,,,,,,,,,,,,,,,,,,,,,,,,,,,,,,,,,,,,,,,,,,,,,,,,,,,,,,,,,,,,,,,,,,,,,,,,,,,,,,,,,,,,,,,,,,,,,,,,,,,,,,,,,,,,,,,,,,,,,,,,,,,,,,
,,,,,,,,,,,,,,,,,,,,,,,,,,,,,,,,,,,,,,,,,,,,,,,,,,,,,,,,,,,,,,,,,,,,,,,,,,,,,,,,,,,,,,,,,,,,,,,,,,,,,,,,,,,,,,,,,,,,,,,,,,,,,,,,,,,,,,,,,,,
,,,,,,,,,,,,,,,,,,,,,,,,,,,,,,,,,,,,,,,,,,,,,,,,,,,,,,,,,,,,,,,,,,,,,,,,,,,,,,,,,,,,,,,,,,,,,,,,,,,,,,,,,,,,,,,,,,,,,,,,,,,,,,,,,,,,,,,,,,,
,,,,,,,,,,,,,,,,,,,,,,,,,,,,,,,,,,,,,,,,,,,,,,,,,,,,,,,,,,,,,,,,,,,,,,,,,,,,,,,,,,,,,,,,,,,,,,,,,,,,,,,,,,,,,,,,,,,,,,,,,,,,,,,,,,,,,,,,,,,
,,,,,,,,,,,,,,,,,,,,,,,,,,,,,,,,,,,,,,,,,,,,,,,,,,,,,,,,,,,,,,,,,,,,,,,,,,,,,,,,,,,,,,,,,,,,,,,,,,,,,,,,,,,,,,,,,,,,,,,,,,,,,,,,,,,,,,,,,,,
,,,,,,,,,,,,,,,,,,,,,,,,,,,,,,,,,,,,,,,,,,,,,,,,,,,,,,,,,,,,,,,,,,,,,,,,,,,,,,,,,,,,,,,,,,,,,,,,,,,,,,,,,,,,,,,,,,,,,,,,,,,,,,,,,,,,,,,,,,,
,,,,,,,,,,,,,,,,,,,,,,,,,,,,,,,,,,,,,,,,,,,,,,,,,,,,,,,,,,,,,,,,,,,,,,,,,,,,,,,,,,,,,,,,,,,,,,,,,,,,,,,,,,,,,,,,,,,,,,,,,,,,,,,,,,,,,,,,,,,
,,,,,,,,,,,,,,,,,,,,,,,,,,,,,,,,,,,,,,,,,,,,,,,,,,,,,,,,,,,,,,,,,,,,,,,,,,,,,,,,,,,,,,,,,,,,,,,,,,,,,,,,,,,,,,,,,,,,,,,,,,,,,,,,,,,,,,,,,,,
,,,,,,,,,,,,,,,,,,,,,,,,,,,,,,,,,,,,,,,,,,,,,,,,,,,,,,,,,,,,,,,,,,,,,,,,,,,,,,,,,,,,,,,,,,,,,,,,,,,,,,,,,,,,,,,,,,,,,,,,,,,,,,,,,,,,,,,,,,,
,,,,,,,,,,,,,,,,,,,,,,,,,,,,,,,,,,,,,,,,,,,,,,,,,,,,,,,,,,,,,,,,,,,,,,,,,,,,,,,,,,,,,,,,,,,,,,,,,,,,,,,,,,,,,,,,,,,,,,,,,,,,,,,,,,,,,,,,,,,
,,,,,,,,,,,,,,,,,,,,,,,,,,,,,,,,,,,,,,,,,,,,,,,,,,,,,,,,,,,,,,,,,,,,,,,,,,,,,,,,,,,,,,,,,,,,,,,,,,,,,,,,,,,,,,,,,,,,,,,,,,,,,,,,,,,,,,,,,,,
,,,,,,,,,,,,,,,,,,,,,,,,,,,,,,,,,,,,,,,,,,,,,,,,,,,,,,,,,,,,,,,,,,,,,,,,,,,,,,,,,,,,,,,,,,,,,,,,,,,,,,,,,,,,,,,,,,,,,,,,,,,,,,,,,,,,,,,,,,,
,,,,,,,,,,,,,,,,,,,,,,,,,,,,,,,,,,,,,,,,,,,,,,,,,,,,,,,,,,,,,,,,,,,,,,,,,,,,,,,,,,,,,,,,,,,,,,,,,,,,,,,,,,,,,,,,,,,,,,,,,,,,,,,,,,,,,,,,,,,
,,,,,,,,,,,,,,,,,,,,,,,,,,,,,,,,,,,,,,,,,,,,,,,,,,,,,,,,,,,,,,,,,,,,,,,,,,,,,,,,,,,,,,,,,,,,,,,,,,,,,,,,,,,,,,,,,,,,,,,,,,,,,,,,,,,,,,,,,,,
,,,,,,,,,,,,,,,,,,,,,,,,,,,,,,,,,,,,,,,,,,,,,,,,,,,,,,,,,,,,,,,,,,,,,,,,,,,,,,,,,,,,,,,,,,,,,,,,,,,,,,,,,,,,,,,,,,,,,,,,,,,,,,,,,,,,,,,,,,,
,,,,,,,,,,,,,,,,,,,,,,,,,,,,,,,,,,,,,,,,,,,,,,,,,,,,,,,,,,,,,,,,,,,,,,,,,,,,,,,,,,,,,,,,,,,,,,,,,,,,,,,,,,,,,,,,,,,,,,,,,,,,,,,,,,,,,,,,,,,
,,,,,,,,,,,,,,,,,,,,,,,,,,,,,,,,,,,,,,,,,,,,,,,,,,,,,,,,,,,,,,,,,,,,,,,,,,,,,,,,,,,,,,,,,,,,,,,,,,,,,,,,,,,,,,,,,,,,,,,,,,,,,,,,,,,,,,,,,,,
,,,,,,,,,,,,,,,,,,,,,,,,,,,,,,,,,,,,,,,,,,,,,,,,,,,,,,,,,,,,,,,,,,,,,,,,,,,,,,,,,,,,,,,,,,,,,,,,,,,,,,,,,,,,,,,,,,,,,,,,,,,,,,,,,,,,,,,,,,,
,,,,,,,,,,,,,,,,,,,,,,,,,,,,,,,,,,,,,,,,,,,,,,,,,,,,,,,,,,,,,,,,,,,,,,,,,,,,,,,,,,,,,,,,,,,,,,,,,,,,,,,,,,,,,,,,,,,,,,,,,,,,,,,,,,,,,,,,,,,
,,,,,,,,,,,,,,,,,,,,,,,,,,,,,,,,,,,,,,,,,,,,,,,,,,,,,,,,,,,,,,,,,,,,,,,,,,,,,,,,,,,,,,,,,,,,,,,,,,,,,,,,,,,,,,,,,,,,,,,,,,,,,,,,,,,,,,,,,,,
,,,,,,,,,,,,,,,,,,,,,,,,,,,,,,,,,,,,,,,,,,,,,,,,,,,,,,,,,,,,,,,,,,,,,,,,,,,,,,,,,,,,,,,,,,,,,,,,,,,,,,,,,,,,,,,,,,,,,,,,,,,,,,,,,,,,,,,,,,,
,,,,,,,,,,,,,,,,,,,,,,,,,,,,,,,,,,,,,,,,,,,,,,,,,,,,,,,,,,,,,,,,,,,,,,,,,,,,,,,,,,,,,,,,,,,,,,,,,,,,,,,,,,,,,,,,,,,,,,,,,,,,,,,,,,,,,,,,,,,
,,,,,,,,,,,,,,,,,,,,,,,,,,,,,,,,,,,,,,,,,,,,,,,,,,,,,,,,,,,,,,,,,,,,,,,,,,,,,,,,,,,,,,,,,,,,,,,,,,,,,,,,,,,,,,,,,,,,,,,,,,,,,,,,,,,,,,,,,,,
,,,,,,,,,,,,,,,,,,,,,,,,,,,,,,,,,,,,,,,,,,,,,,,,,,,,,,,,,,,,,,,,,,,,,,,,,,,,,,,,,,,,,,,,,,,,,,,,,,,,,,,,,,,,,,,,,,,,,,,,,,,,,,,,,,,,,,,,,,,
,,,,,,,,,,,,,,,,,,,,,,,,,,,,,,,,,,,,,,,,,,,,,,,,,,,,,,,,,,,,,,,,,,,,,,,,,,,,,,,,,,,,,,,,,,,,,,,,,,,,,,,,,,,,,,,,,,,,,,,,,,,,,,,,,,,,,,,,,,,
,,,,,,,,,,,,,,,,,,,,,,,,,,,,,,,,,,,,,,,,,,,,,,,,,,,,,,,,,,,,,,,,,,,,,,,,,,,,,,,,,,,,,,,,,,,,,,,,,,,,,,,,,,,,,,,,,,,,,,,,,,,,,,,,,,,,,,,,,,,
,,,,,,,,,,,,,,,,,,,,,,,,,,,,,,,,,,,,,,,,,,,,,,,,,,,,,,,,,,,,,,,,,,,,,,,,,,,,,,,,,,,,,,,,,,,,,,,,,,,,,,,,,,,,,,,,,,,,,,,,,,,,,,,,,,,,,,,,,,,
,,,,,,,,,,,,,,,,,,,,,,,,,,,,,,,,,,,,,,,,,,,,,,,,,,,,,,,,,,,,,,,,,,,,,,,,,,,,,,,,,,,,,,,,,,,,,,,,,,,,,,,,,,,,,,,,,,,,,,,,,,,,,,,,,,,,,,,,,,,
,,,,,,,,,,,,,,,,,,,,,,,,,,,,,,,,,,,,,,,,,,,,,,,,,,,,,,,,,,,,,,,,,,,,,,,,,,,,,,,,,,,,,,,,,,,,,,,,,,,,,,,,,,,,,,,,,,,,,,,,,,,,,,,,,,,,,,,,,,,
,,,,,,,,,,,,,,,,,,,,,,,,,,,,,,,,,,,,,,,,,,,,,,,,,,,,,,,,,,,,,,,,,,,,,,,,,,,,,,,,,,,,,,,,,,,,,,,,,,,,,,,,,,,,,,,,,,,,,,,,,,,,,,,,,,,,,,,,,,,
,,,,,,,,,,,,,,,,,,,,,,,,,,,,,,,,,,,,,,,,,,,,,,,,,,,,,,,,,,,,,,,,,,,,,,,,,,,,,,,,,,,,,,,,,,,,,,,,,,,,,,,,,,,,,,,,,,,,,,,,,,,,,,,,,,,,,,,,,,,
,,,,,,,,,,,,,,,,,,,,,,,,,,,,,,,,,,,,,,,,,,,,,,,,,,,,,,,,,,,,,,,,,,,,,,,,,,,,,,,,,,,,,,,,,,,,,,,,,,,,,,,,,,,,,,,,,,,,,,,,,,,,,,,,,,,,,,,,,,,
,,,,,,,,,,,,,,,,,,,,,,,,,,,,,,,,,,,,,,,,,,,,,,,,,,,,,,,,,,,,,,,,,,,,,,,,,,,,,,,,,,,,,,,,,,,,,,,,,,,,,,,,,,,,,,,,,,,,,,,,,,,,,,,,,,,,,,,,,,,
,,,,,,,,,,,,,,,,,,,,,,,,,,,,,,,,,,,,,,,,,,,,,,,,,,,,,,,,,,,,,,,,,,,,,,,,,,,,,,,,,,,,,,,,,,,,,,,,,,,,,,,,,,,,,,,,,,,,,,,,,,,,,,,,,,,,,,,,,,,
,,,,,,,,,,,,,,,,,,,,,,,,,,,,,,,,,,,,,,,,,,,,,,,,,,,,,,,,,,,,,,,,,,,,,,,,,,,,,,,,,,,,,,,,,,,,,,,,,,,,,,,,,,,,,,,,,,,,,,,,,,,,,,,,,,,,,,,,,,,
,,,,,,,,,,,,,,,,,,,,,,,,,,,,,,,,,,,,,,,,,,,,,,,,,,,,,,,,,,,,,,,,,,,,,,,,,,,,,,,,,,,,,,,,,,,,,,,,,,,,,,,,,,,,,,,,,,,,,,,,,,,,,,,,,,,,,,,,,,,
,,,,,,,,,,,,,,,,,,,,,,,,,,,,,,,,,,,,,,,,,,,,,,,,,,,,,,,,,,,,,,,,,,,,,,,,,,,,,,,,,,,,,,,,,,,,,,,,,,,,,,,,,,,,,,,,,,,,,,,,,,,,,,,,,,,,,,,,,,,
,,,,,,,,,,,,,,,,,,,,,,,,,,,,,,,,,,,,,,,,,,,,,,,,,,,,,,,,,,,,,,,,,,,,,,,,,,,,,,,,,,,,,,,,,,,,,,,,,,,,,,,,,,,,,,,,,,,,,,,,,,,,,,,,,,,,,,,,,,,
,,,,,,,,,,,,,,,,,,,,,,,,,,,,,,,,,,,,,,,,,,,,,,,,,,,,,,,,,,,,,,,,,,,,,,,,,,,,,,,,,,,,,,,,,,,,,,,,,,,,,,,,,,,,,,,,,,,,,,,,,,,,,,,,,,,,,,,,,,,
,,,,,,,,,,,,,,,,,,,,,,,,,,,,,,,,,,,,,,,,,,,,,,,,,,,,,,,,,,,,,,,,,,,,,,,,,,,,,,,,,,,,,,,,,,,,,,,,,,,,,,,,,,,,,,,,,,,,,,,,,,,,,,,,,,,,,,,,,,,
,,,,,,,,,,,,,,,,,,,,,,,,,,,,,,,,,,,,,,,,,,,,,,,,,,,,,,,,,,,,,,,,,,,,,,,,,,,,,,,,,,,,,,,,,,,,,,,,,,,,,,,,,,,,,,,,,,,,,,,,,,,,,,,,,,,,,,,,,,,
,,,,,,,,,,,,,,,,,,,,,,,,,,,,,,,,,,,,,,,,,,,,,,,,,,,,,,,,,,,,,,,,,,,,,,,,,,,,,,,,,,,,,,,,,,,,,,,,,,,,,,,,,,,,,,,,,,,,,,,,,,,,,,,,,,,,,,,,,,,
,,,,,,,,,,,,,,,,,,,,,,,,,,,,,,,,,,,,,,,,,,,,,,,,,,,,,,,,,,,,,,,,,,,,,,,,,,,,,,,,,,,,,,,,,,,,,,,,,,,,,,,,,,,,,,,,,,,,,,,,,,,,,,,,,,,,,,,,,,,
,,,,,,,,,,,,,,,,,,,,,,,,,,,,,,,,,,,,,,,,,,,,,,,,,,,,,,,,,,,,,,,,,,,,,,,,,,,,,,,,,,,,,,,,,,,,,,,,,,,,,,,,,,,,,,,,,,,,,,,,,,,,,,,,,,,,,,,,,,,
,,,,,,,,,,,,,,,,,,,,,,,,,,,,,,,,,,,,,,,,,,,,,,,,,,,,,,,,,,,,,,,,,,,,,,,,,,,,,,,,,,,,,,,,,,,,,,,,,,,,,,,,,,,,,,,,,,,,,,,,,,,,,,,,,,,,,,,,,,,
,,,,,,,,,,,,,,,,,,,,,,,,,,,,,,,,,,,,,,,,,,,,,,,,,,,,,,,,,,,,,,,,,,,,,,,,,,,,,,,,,,,,,,,,,,,,,,,,,,,,,,,,,,,,,,,,,,,,,,,,,,,,,,,,,,,,,,,,,,,
,,,,,,,,,,,,,,,,,,,,,,,,,,,,,,,,,,,,,,,,,,,,,,,,,,,,,,,,,,,,,,,,,,,,,,,,,,,,,,,,,,,,,,,,,,,,,,,,,,,,,,,,,,,,,,,,,,,,,,,,,,,,,,,,,,,,,,,,,,,
,,,,,,,,,,,,,,,,,,,,,,,,,,,,,,,,,,,,,,,,,,,,,,,,,,,,,,,,,,,,,,,,,,,,,,,,,,,,,,,,,,,,,,,,,,,,,,,,,,,,,,,,,,,,,,,,,,,,,,,,,,,,,,,,,,,,,,,,,,,
,,,,,,,,,,,,,,,,,,,,,,,,,,,,,,,,,,,,,,,,,,,,,,,,,,,,,,,,,,,,,,,,,,,,,,,,,,,,,,,,,,,,,,,,,,,,,,,,,,,,,,,,,,,,,,,,,,,,,,,,,,,,,,,,,,,,,,,,,,,
,,,,,,,,,,,,,,,,,,,,,,,,,,,,,,,,,,,,,,,,,,,,,,,,,,,,,,,,,,,,,,,,,,,,,,,,,,,,,,,,,,,,,,,,,,,,,,,,,,,,,,,,,,,,,,,,,,,,,,,,,,,,,,,,,,,,,,,,,,,
,,,,,,,,,,,,,,,,,,,,,,,,,,,,,,,,,,,,,,,,,,,,,,,,,,,,,,,,,,,,,,,,,,,,,,,,,,,,,,,,,,,,,,,,,,,,,,,,,,,,,,,,,,,,,,,,,,,,,,,,,,,,,,,,,,,,,,,,,,,
,,,,,,,,,,,,,,,,,,,,,,,,,,,,,,,,,,,,,,,,,,,,,,,,,,,,,,,,,,,,,,,,,,,,,,,,,,,,,,,,,,,,,,,,,,,,,,,,,,,,,,,,,,,,,,,,,,,,,,,,,,,,,,,,,,,,,,,,,,,
,,,,,,,,,,,,,,,,,,,,,,,,,,,,,,,,,,,,,,,,,,,,,,,,,,,,,,,,,,,,,,,,,,,,,,,,,,,,,,,,,,,,,,,,,,,,,,,,,,,,,,,,,,,,,,,,,,,,,,,,,,,,,,,,,,,,,,,,,,,
,,,,,,,,,,,,,,,,,,,,,,,,,,,,,,,,,,,,,,,,,,,,,,,,,,,,,,,,,,,,,,,,,,,,,,,,,,,,,,,,,,,,,,,,,,,,,,,,,,,,,,,,,,,,,,,,,,,,,,,,,,,,,,,,,,,,,,,,,,,
,,,,,,,,,,,,,,,,,,,,,,,,,,,,,,,,,,,,,,,,,,,,,,,,,,,,,,,,,,,,,,,,,,,,,,,,,,,,,,,,,,,,,,,,,,,,,,,,,,,,,,,,,,,,,,,,,,,,,,,,,,,,,,,,,,,,,,,,,,,
,,,,,,,,,,,,,,,,,,,,,,,,,,,,,,,,,,,,,,,,,,,,,,,,,,,,,,,,,,,,,,,,,,,,,,,,,,,,,,,,,,,,,,,,,,,,,,,,,,,,,,,,,,,,,,,,,,,,,,,,,,,,,,,,,,,,,,,,,,,
,,,,,,,,,,,,,,,,,,,,,,,,,,,,,,,,,,,,,,,,,,,,,,,,,,,,,,,,,,,,,,,,,,,,,,,,,,,,,,,,,,,,,,,,,,,,,,,,,,,,,,,,,,,,,,,,,,,,,,,,,,,,,,,,,,,,,,,,,,,
,,,,,,,,,,,,,,,,,,,,,,,,,,,,,,,,,,,,,,,,,,,,,,,,,,,,,,,,,,,,,,,,,,,,,,,,,,,,,,,,,,,,,,,,,,,,,,,,,,,,,,,,,,,,,,,,,,,,,,,,,,,,,,,,,,,,,,,,,,,
,,,,,,,,,,,,,,,,,,,,,,,,,,,,,,,,,,,,,,,,,,,,,,,,,,,,,,,,,,,,,,,,,,,,,,,,,,,,,,,,,,,,,,,,,,,,,,,,,,,,,,,,,,,,,,,,,,,,,,,,,,,,,,,,,,,,,,,,,,,
,,,,,,,,,,,,,,,,,,,,,,,,,,,,,,,,,,,,,,,,,,,,,,,,,,,,,,,,,,,,,,,,,,,,,,,,,,,,,,,,,,,,,,,,,,,,,,,,,,,,,,,,,,,,,,,,,,,,,,,,,,,,,,,,,,,,,,,,,,,
,,,,,,,,,,,,,,,,,,,,,,,,,,,,,,,,,,,,,,,,,,,,,,,,,,,,,,,,,,,,,,,,,,,,,,,,,,,,,,,,,,,,,,,,,,,,,,,,,,,,,,,,,,,,,,,,,,,,,,,,,,,,,,,,,,,,,,,,,,,
,,,,,,,,,,,,,,,,,,,,,,,,,,,,,,,,,,,,,,,,,,,,,,,,,,,,,,,,,,,,,,,,,,,,,,,,,,,,,,,,,,,,,,,,,,,,,,,,,,,,,,,,,,,,,,,,,,,,,,,,,,,,,,,,,,,,,,,,,,,
,,,,,,,,,,,,,,,,,,,,,,,,,,,,,,,,,,,,,,,,,,,,,,,,,,,,,,,,,,,,,,,,,,,,,,,,,,,,,,,,,,,,,,,,,,,,,,,,,,,,,,,,,,,,,,,,,,,,,,,,,,,,,,,,,,,,,,,,,,,
,,,,,,,,,,,,,,,,,,,,,,,,,,,,,,,,,,,,,,,,,,,,,,,,,,,,,,,,,,,,,,,,,,,,,,,,,,,,,,,,,,,,,,,,,,,,,,,,,,,,,,,,,,,,,,,,,,,,,,,,,,,,,,,,,,,,,,,,,,,
,,,,,,,,,,,,,,,,,,,,,,,,,,,,,,,,,,,,,,,,,,,,,,,,,,,,,,,,,,,,,,,,,,,,,,,,,,,,,,,,,,,,,,,,,,,,,,,,,,,,,,,,,,,,,,,,,,,,,,,,,,,,,,,,,,,,,,,,,,,
,,,,,,,,,,,,,,,,,,,,,,,,,,,,,,,,,,,,,,,,,,,,,,,,,,,,,,,,,,,,,,,,,,,,,,,,,,,,,,,,,,,,,,,,,,,,,,,,,,,,,,,,,,,,,,,,,,,,,,,,,,,,,,,,,,,,,,,,,,,
,,,,,,,,,,,,,,,,,,,,,,,,,,,,,,,,,,,,,,,,,,,,,,,,,,,,,,,,,,,,,,,,,,,,,,,,,,,,,,,,,,,,,,,,,,,,,,,,,,,,,,,,,,,,,,,,,,,,,,,,,,,,,,,,,,,,,,,,,,,
,,,,,,,,,,,,,,,,,,,,,,,,,,,,,,,,,,,,,,,,,,,,,,,,,,,,,,,,,,,,,,,,,,,,,,,,,,,,,,,,,,,,,,,,,,,,,,,,,,,,,,,,,,,,,,,,,,,,,,,,,,,,,,,,,,,,,,,,,,,
,,,,,,,,,,,,,,,,,,,,,,,,,,,,,,,,,,,,,,,,,,,,,,,,,,,,,,,,,,,,,,,,,,,,,,,,,,,,,,,,,,,,,,,,,,,,,,,,,,,,,,,,,,,,,,,,,,,,,,,,,,,,,,,,,,,,,,,,,,,
,,,,,,,,,,,,,,,,,,,,,,,,,,,,,,,,,,,,,,,,,,,,,,,,,,,,,,,,,,,,,,,,,,,,,,,,,,,,,,,,,,,,,,,,,,,,,,,,,,,,,,,,,,,,,,,,,,,,,,,,,,,,,,,,,,,,,,,,,,,
,,,,,,,,,,,,,,,,,,,,,,,,,,,,,,,,,,,,,,,,,,,,,,,,,,,,,,,,,,,,,,,,,,,,,,,,,,,,,,,,,,,,,,,,,,,,,,,,,,,,,,,,,,,,,,,,,,,,,,,,,,,,,,,,,,,,,,,,,,,
,,,,,,,,,,,,,,,,,,,,,,,,,,,,,,,,,,,,,,,,,,,,,,,,,,,,,,,,,,,,,,,,,,,,,,,,,,,,,,,,,,,,,,,,,,,,,,,,,,,,,,,,,,,,,,,,,,,,,,,,,,,,,,,,,,,,,,,,,,,
,,,,,,,,,,,,,,,,,,,,,,,,,,,,,,,,,,,,,,,,,,,,,,,,,,,,,,,,,,,,,,,,,,,,,,,,,,,,,,,,,,,,,,,,,,,,,,,,,,,,,,,,,,,,,,,,,,,,,,,,,,,,,,,,,,,,,,,,,,,
,,,,,,,,,,,,,,,,,,,,,,,,,,,,,,,,,,,,,,,,,,,,,,,,,,,,,,,,,,,,,,,,,,,,,,,,,,,,,,,,,,,,,,,,,,,,,,,,,,,,,,,,,,,,,,,,,,,,,,,,,,,,,,,,,,,,,,,,,,,
,,,,,,,,,,,,,,,,,,,,,,,,,,,,,,,,,,,,,,,,,,,,,,,,,,,,,,,,,,,,,,,,,,,,,,,,,,,,,,,,,,,,,,,,,,,,,,,,,,,,,,,,,,,,,,,,,,,,,,,,,,,,,,,,,,,,,,,,,,,
,,,,,,,,,,,,,,,,,,,,,,,,,,,,,,,,,,,,,,,,,,,,,,,,,,,,,,,,,,,,,,,,,,,,,,,,,,,,,,,,,,,,,,,,,,,,,,,,,,,,,,,,,,,,,,,,,,,,,,,,,,,,,,,,,,,,,,,,,,,
,,,,,,,,,,,,,,,,,,,,,,,,,,,,,,,,,,,,,,,,,,,,,,,,,,,,,,,,,,,,,,,,,,,,,,,,,,,,,,,,,,,,,,,,,,,,,,,,,,,,,,,,,,,,,,,,,,,,,,,,,,,,,,,,,,,,,,,,,,,
,,,,,,,,,,,,,,,,,,,,,,,,,,,,,,,,,,,,,,,,,,,,,,,,,,,,,,,,,,,,,,,,,,,,,,,,,,,,,,,,,,,,,,,,,,,,,,,,,,,,,,,,,,,,,,,,,,,,,,,,,,,,,,,,,,,,,,,,,,,
,,,,,,,,,,,,,,,,,,,,,,,,,,,,,,,,,,,,,,,,,,,,,,,,,,,,,,,,,,,,,,,,,,,,,,,,,,,,,,,,,,,,,,,,,,,,,,,,,,,,,,,,,,,,,,,,,,,,,,,,,,,,,,,,,,,,,,,,,,,
,,,,,,,,,,,,,,,,,,,,,,,,,,,,,,,,,,,,,,,,,,,,,,,,,,,,,,,,,,,,,,,,,,,,,,,,,,,,,,,,,,,,,,,,,,,,,,,,,,,,,,,,,,,,,,,,,,,,,,,,,,,,,,,,,,,,,,,,,,,
,,,,,,,,,,,,,,,,,,,,,,,,,,,,,,,,,,,,,,,,,,,,,,,,,,,,,,,,,,,,,,,,,,,,,,,,,,,,,,,,,,,,,,,,,,,,,,,,,,,,,,,,,,,,,,,,,,,,,,,,,,,,,,,,,,,,,,,,,,,
,,,,,,,,,,,,,,,,,,,,,,,,,,,,,,,,,,,,,,,,,,,,,,,,,,,,,,,,,,,,,,,,,,,,,,,,,,,,,,,,,,,,,,,,,,,,,,,,,,,,,,,,,,,,,,,,,,,,,,,,,,,,,,,,,,,,,,,,,,,
,,,,,,,,,,,,,,,,,,,,,,,,,,,,,,,,,,,,,,,,,,,,,,,,,,,,,,,,,,,,,,,,,,,,,,,,,,,,,,,,,,,,,,,,,,,,,,,,,,,,,,,,,,,,,,,,,,,,,,,,,,,,,,,,,,,,,,,,,,,
,,,,,,,,,,,,,,,,,,,,,,,,,,,,,,,,,,,,,,,,,,,,,,,,,,,,,,,,,,,,,,,,,,,,,,,,,,,,,,,,,,,,,,,,,,,,,,,,,,,,,,,,,,,,,,,,,,,,,,,,,,,,,,,,,,,,,,,,,,,
,,,,,,,,,,,,,,,,,,,,,,,,,,,,,,,,,,,,,,,,,,,,,,,,,,,,,,,,,,,,,,,,,,,,,,,,,,,,,,,,,,,,,,,,,,,,,,,,,,,,,,,,,,,,,,,,,,,,,,,,,,,,,,,,,,,,,,,,,,,
,,,,,,,,,,,,,,,,,,,,,,,,,,,,,,,,,,,,,,,,,,,,,,,,,,,,,,,,,,,,,,,,,,,,,,,,,,,,,,,,,,,,,,,,,,,,,,,,,,,,,,,,,,,,,,,,,,,,,,,,,,,,,,,,,,,,,,,,,,,
,,,,,,,,,,,,,,,,,,,,,,,,,,,,,,,,,,,,,,,,,,,,,,,,,,,,,,,,,,,,,,,,,,,,,,,,,,,,,,,,,,,,,,,,,,,,,,,,,,,,,,,,,,,,,,,,,,,,,,,,,,,,,,,,,,,,,,,,,,,
,,,,,,,,,,,,,,,,,,,,,,,,,,,,,,,,,,,,,,,,,,,,,,,,,,,,,,,,,,,,,,,,,,,,,,,,,,,,,,,,,,,,,,,,,,,,,,,,,,,,,,,,,,,,,,,,,,,,,,,,,,,,,,,,,,,,,,,,,,,
,,,,,,,,,,,,,,,,,,,,,,,,,,,,,,,,,,,,,,,,,,,,,,,,,,,,,,,,,,,,,,,,,,,,,,,,,,,,,,,,,,,,,,,,,,,,,,,,,,,,,,,,,,,,,,,,,,,,,,,,,,,,,,,,,,,,,,,,,,,
,,,,,,,,,,,,,,,,,,,,,,,,,,,,,,,,,,,,,,,,,,,,,,,,,,,,,,,,,,,,,,,,,,,,,,,,,,,,,,,,,,,,,,,,,,,,,,,,,,,,,,,,,,,,,,,,,,,,,,,,,,,,,,,,,,,,,,,,,,,
,,,,,,,,,,,,,,,,,,,,,,,,,,,,,,,,,,,,,,,,,,,,,,,,,,,,,,,,,,,,,,,,,,,,,,,,,,,,,,,,,,,,,,,,,,,,,,,,,,,,,,,,,,,,,,,,,,,,,,,,,,,,,,,,,,,,,,,,,,,
,,,,,,,,,,,,,,,,,,,,,,,,,,,,,,,,,,,,,,,,,,,,,,,,,,,,,,,,,,,,,,,,,,,,,,,,,,,,,,,,,,,,,,,,,,,,,,,,,,,,,,,,,,,,,,,,,,,,,,,,,,,,,,,,,,,,,,,,,,,
,,,,,,,,,,,,,,,,,,,,,,,,,,,,,,,,,,,,,,,,,,,,,,,,,,,,,,,,,,,,,,,,,,,,,,,,,,,,,,,,,,,,,,,,,,,,,,,,,,,,,,,,,,,,,,,,,,,,,,,,,,,,,,,,,,,,,,,,,,,
,,,,,,,,,,,,,,,,,,,,,,,,,,,,,,,,,,,,,,,,,,,,,,,,,,,,,,,,,,,,,,,,,,,,,,,,,,,,,,,,,,,,,,,,,,,,,,,,,,,,,,,,,,,,,,,,,,,,,,,,,,,,,,,,,,,,,,,,,,,
,,,,,,,,,,,,,,,,,,,,,,,,,,,,,,,,,,,,,,,,,,,,,,,,,,,,,,,,,,,,,,,,,,,,,,,,,,,,,,,,,,,,,,,,,,,,,,,,,,,,,,,,,,,,,,,,,,,,,,,,,,,,,,,,,,,,,,,,,,,
,,,,,,,,,,,,,,,,,,,,,,,,,,,,,,,,,,,,,,,,,,,,,,,,,,,,,,,,,,,,,,,,,,,,,,,,,,,,,,,,,,,,,,,,,,,,,,,,,,,,,,,,,,,,,,,,,,,,,,,,,,,,,,,,,,,,,,,,,,,
,,,,,,,,,,,,,,,,,,,,,,,,,,,,,,,,,,,,,,,,,,,,,,,,,,,,,,,,,,,,,,,,,,,,,,,,,,,,,,,,,,,,,,,,,,,,,,,,,,,,,,,,,,,,,,,,,,,,,,,,,,,,,,,,,,,,,,,,,,,
,,,,,,,,,,,,,,,,,,,,,,,,,,,,,,,,,,,,,,,,,,,,,,,,,,,,,,,,,,,,,,,,,,,,,,,,,,,,,,,,,,,,,,,,,,,,,,,,,,,,,,,,,,,,,,,,,,,,,,,,,,,,,,,,,,,,,,,,,,,
,,,,,,,,,,,,,,,,,,,,,,,,,,,,,,,,,,,,,,,,,,,,,,,,,,,,,,,,,,,,,,,,,,,,,,,,,,,,,,,,,,,,,,,,,,,,,,,,,,,,,,,,,,,,,,,,,,,,,,,,,,,,,,,,,,,,,,,,,,,
,,,,,,,,,,,,,,,,,,,,,,,,,,,,,,,,,,,,,,,,,,,,,,,,,,,,,,,,,,,,,,,,,,,,,,,,,,,,,,,,,,,,,,,,,,,,,,,,,,,,,,,,,,,,,,,,,,,,,,,,,,,,,,,,,,,,,,,,,,,
,,,,,,,,,,,,,,,,,,,,,,,,,,,,,,,,,,,,,,,,,,,,,,,,,,,,,,,,,,,,,,,,,,,,,,,,,,,,,,,,,,,,,,,,,,,,,,,,,,,,,,,,,,,,,,,,,,,,,,,,,,,,,,,,,,,,,,,,,,,
,,,,,,,,,,,,,,,,,,,,,,,,,,,,,,,,,,,,,,,,,,,,,,,,,,,,,,,,,,,,,,,,,,,,,,,,,,,,,,,,,,,,,,,,,,,,,,,,,,,,,,,,,,,,,,,,,,,,,,,,,,,,,,,,,,,,,,,,,,,
,,,,,,,,,,,,,,,,,,,,,,,,,,,,,,,,,,,,,,,,,,,,,,,,,,,,,,,,,,,,,,,,,,,,,,,,,,,,,,,,,,,,,,,,,,,,,,,,,,,,,,,,,,,,,,,,,,,,,,,,,,,,,,,,,,,,,,,,,,,
,,,,,,,,,,,,,,,,,,,,,,,,,,,,,,,,,,,,,,,,,,,,,,,,,,,,,,,,,,,,,,,,,,,,,,,,,,,,,,,,,,,,,,,,,,,,,,,,,,,,,,,,,,,,,,,,,,,,,,,,,,,,,,,,,,,,,,,,,,,
,,,,,,,,,,,,,,,,,,,,,,,,,,,,,,,,,,,,,,,,,,,,,,,,,,,,,,,,,,,,,,,,,,,,,,,,,,,,,,,,,,,,,,,,,,,,,,,,,,,,,,,,,,,,,,,,,,,,,,,,,,,,,,,,,,,,,,,,,,,
,,,,,,,,,,,,,,,,,,,,,,,,,,,,,,,,,,,,,,,,,,,,,,,,,,,,,,,,,,,,,,,,,,,,,,,,,,,,,,,,,,,,,,,,,,,,,,,,,,,,,,,,,,,,,,,,,,,,,,,,,,,,,,,,,,,,,,,,,,,
,,,,,,,,,,,,,,,,,,,,,,,,,,,,,,,,,,,,,,,,,,,,,,,,,,,,,,,,,,,,,,,,,,,,,,,,,,,,,,,,,,,,,,,,,,,,,,,,,,,,,,,,,,,,,,,,,,,,,,,,,,,,,,,,,,,,,,,,,,,
,,,,,,,,,,,,,,,,,,,,,,,,,,,,,,,,,,,,,,,,,,,,,,,,,,,,,,,,,,,,,,,,,,,,,,,,,,,,,,,,,,,,,,,,,,,,,,,,,,,,,,,,,,,,,,,,,,,,,,,,,,,,,,,,,,,,,,,,,,,
,,,,,,,,,,,,,,,,,,,,,,,,,,,,,,,,,,,,,,,,,,,,,,,,,,,,,,,,,,,,,,,,,,,,,,,,,,,,,,,,,,,,,,,,,,,,,,,,,,,,,,,,,,,,,,,,,,,,,,,,,,,,,,,,,,,,,,,,,,,
,,,,,,,,,,,,,,,,,,,,,,,,,,,,,,,,,,,,,,,,,,,,,,,,,,,,,,,,,,,,,,,,,,,,,,,,,,,,,,,,,,,,,,,,,,,,,,,,,,,,,,,,,,,,,,,,,,,,,,,,,,,,,,,,,,,,,,,,,,,
,,,,,,,,,,,,,,,,,,,,,,,,,,,,,,,,,,,,,,,,,,,,,,,,,,,,,,,,,,,,,,,,,,,,,,,,,,,,,,,,,,,,,,,,,,,,,,,,,,,,,,,,,,,,,,,,,,,,,,,,,,,,,,,,,,,,,,,,,,,
,,,,,,,,,,,,,,,,,,,,,,,,,,,,,,,,,,,,,,,,,,,,,,,,,,,,,,,,,,,,,,,,,,,,,,,,,,,,,,,,,,,,,,,,,,,,,,,,,,,,,,,,,,,,,,,,,,,,,,,,,,,,,,,,,,,,,,,,,,,
,,,,,,,,,,,,,,,,,,,,,,,,,,,,,,,,,,,,,,,,,,,,,,,,,,,,,,,,,,,,,,,,,,,,,,,,,,,,,,,,,,,,,,,,,,,,,,,,,,,,,,,,,,,,,,,,,,,,,,,,,,,,,,,,,,,,,,,,,,,
,,,,,,,,,,,,,,,,,,,,,,,,,,,,,,,,,,,,,,,,,,,,,,,,,,,,,,,,,,,,,,,,,,,,,,,,,,,,,,,,,,,,,,,,,,,,,,,,,,,,,,,,,,,,,,,,,,,,,,,,,,,,,,,,,,,,,,,,,,,
,,,,,,,,,,,,,,,,,,,,,,,,,,,,,,,,,,,,,,,,,,,,,,,,,,,,,,,,,,,,,,,,,,,,,,,,,,,,,,,,,,,,,,,,,,,,,,,,,,,,,,,,,,,,,,,,,,,,,,,,,,,,,,,,,,,,,,,,,,,
,,,,,,,,,,,,,,,,,,,,,,,,,,,,,,,,,,,,,,,,,,,,,,,,,,,,,,,,,,,,,,,,,,,,,,,,,,,,,,,,,,,,,,,,,,,,,,,,,,,,,,,,,,,,,,,,,,,,,,,,,,,,,,,,,,,,,,,,,,,
,,,,,,,,,,,,,,,,,,,,,,,,,,,,,,,,,,,,,,,,,,,,,,,,,,,,,,,,,,,,,,,,,,,,,,,,,,,,,,,,,,,,,,,,,,,,,,,,,,,,,,,,,,,,,,,,,,,,,,,,,,,,,,,,,,,,,,,,,,,
,,,,,,,,,,,,,,,,,,,,,,,,,,,,,,,,,,,,,,,,,,,,,,,,,,,,,,,,,,,,,,,,,,,,,,,,,,,,,,,,,,,,,,,,,,,,,,,,,,,,,,,,,,,,,,,,,,,,,,,,,,,,,,,,,,,,,,,,,,,
,,,,,,,,,,,,,,,,,,,,,,,,,,,,,,,,,,,,,,,,,,,,,,,,,,,,,,,,,,,,,,,,,,,,,,,,,,,,,,,,,,,,,,,,,,,,,,,,,,,,,,,,,,,,,,,,,,,,,,,,,,,,,,,,,,,,,,,,,,,
,,,,,,,,,,,,,,,,,,,,,,,,,,,,,,,,,,,,,,,,,,,,,,,,,,,,,,,,,,,,,,,,,,,,,,,,,,,,,,,,,,,,,,,,,,,,,,,,,,,,,,,,,,,,,,,,,,,,,,,,,,,,,,,,,,,,,,,,,,,
,,,,,,,,,,,,,,,,,,,,,,,,,,,,,,,,,,,,,,,,,,,,,,,,,,,,,,,,,,,,,,,,,,,,,,,,,,,,,,,,,,,,,,,,,,,,,,,,,,,,,,,,,,,,,,,,,,,,,,,,,,,,,,,,,,,,,,,,,,,
,,,,,,,,,,,,,,,,,,,,,,,,,,,,,,,,,,,,,,,,,,,,,,,,,,,,,,,,,,,,,,,,,,,,,,,,,,,,,,,,,,,,,,,,,,,,,,,,,,,,,,,,,,,,,,,,,,,,,,,,,,,,,,,,,,,,,,,,,,,
,,,,,,,,,,,,,,,,,,,,,,,,,,,,,,,,,,,,,,,,,,,,,,,,,,,,,,,,,,,,,,,,,,,,,,,,,,,,,,,,,,,,,,,,,,,,,,,,,,,,,,,,,,,,,,,,,,,,,,,,,,,,,,,,,,,,,,,,,,,
,,,,,,,,,,,,,,,,,,,,,,,,,,,,,,,,,,,,,,,,,,,,,,,,,,,,,,,,,,,,,,,,,,,,,,,,,,,,,,,,,,,,,,,,,,,,,,,,,,,,,,,,,,,,,,,,,,,,,,,,,,,,,,,,,,,,,,,,,,,
,,,,,,,,,,,,,,,,,,,,,,,,,,,,,,,,,,,,,,,,,,,,,,,,,,,,,,,,,,,,,,,,,,,,,,,,,,,,,,,,,,,,,,,,,,,,,,,,,,,,,,,,,,,,,,,,,,,,,,,,,,,,,,,,,,,,,,,,,,,
,,,,,,,,,,,,,,,,,,,,,,,,,,,,,,,,,,,,,,,,,,,,,,,,,,,,,,,,,,,,,,,,,,,,,,,,,,,,,,,,,,,,,,,,,,,,,,,,,,,,,,,,,,,,,,,,,,,,,,,,,,,,,,,,,,,,,,,,,,,
,,,,,,,,,,,,,,,,,,,,,,,,,,,,,,,,,,,,,,,,,,,,,,,,,,,,,,,,,,,,,,,,,,,,,,,,,,,,,,,,,,,,,,,,,,,,,,,,,,,,,,,,,,,,,,,,,,,,,,,,,,,,,,,,,,,,,,,,,,,
,,,,,,,,,,,,,,,,,,,,,,,,,,,,,,,,,,,,,,,,,,,,,,,,,,,,,,,,,,,,,,,,,,,,,,,,,,,,,,,,,,,,,,,,,,,,,,,,,,,,,,,,,,,,,,,,,,,,,,,,,,,,,,,,,,,,,,,,,,,
,,,,,,,,,,,,,,,,,,,,,,,,,,,,,,,,,,,,,,,,,,,,,,,,,,,,,,,,,,,,,,,,,,,,,,,,,,,,,,,,,,,,,,,,,,,,,,,,,,,,,,,,,,,,,,,,,,,,,,,,,,,,,,,,,,,,,,,,,,,
,,,,,,,,,,,,,,,,,,,,,,,,,,,,,,,,,,,,,,,,,,,,,,,,,,,,,,,,,,,,,,,,,,,,,,,,,,,,,,,,,,,,,,,,,,,,,,,,,,,,,,,,,,,,,,,,,,,,,,,,,,,,,,,,,,,,,,,,,,,
,,,,,,,,,,,,,,,,,,,,,,,,,,,,,,,,,,,,,,,,,,,,,,,,,,,,,,,,,,,,,,,,,,,,,,,,,,,,,,,,,,,,,,,,,,,,,,,,,,,,,,,,,,,,,,,,,,,,,,,,,,,,,,,,,,,,,,,,,,,
,,,,,,,,,,,,,,,,,,,,,,,,,,,,,,,,,,,,,,,,,,,,,,,,,,,,,,,,,,,,,,,,,,,,,,,,,,,,,,,,,,,,,,,,,,,,,,,,,,,,,,,,,,,,,,,,,,,,,,,,,,,,,,,,,,,,,,,,,,,
,,,,,,,,,,,,,,,,,,,,,,,,,,,,,,,,,,,,,,,,,,,,,,,,,,,,,,,,,,,,,,,,,,,,,,,,,,,,,,,,,,,,,,,,,,,,,,,,,,,,,,,,,,,,,,,,,,,,,,,,,,,,,,,,,,,,,,,,,,,
,,,,,,,,,,,,,,,,,,,,,,,,,,,,,,,,,,,,,,,,,,,,,,,,,,,,,,,,,,,,,,,,,,,,,,,,,,,,,,,,,,,,,,,,,,,,,,,,,,,,,,,,,,,,,,,,,,,,,,,,,,,,,,,,,,,,,,,,,,,
,,,,,,,,,,,,,,,,,,,,,,,,,,,,,,,,,,,,,,,,,,,,,,,,,,,,,,,,,,,,,,,,,,,,,,,,,,,,,,,,,,,,,,,,,,,,,,,,,,,,,,,,,,,,,,,,,,,,,,,,,,,,,,,,,,,,,,,,,,,
,,,,,,,,,,,,,,,,,,,,,,,,,,,,,,,,,,,,,,,,,,,,,,,,,,,,,,,,,,,,,,,,,,,,,,,,,,,,,,,,,,,,,,,,,,,,,,,,,,,,,,,,,,,,,,,,,,,,,,,,,,,,,,,,,,,,,,,,,,,
,,,,,,,,,,,,,,,,,,,,,,,,,,,,,,,,,,,,,,,,,,,,,,,,,,,,,,,,,,,,,,,,,,,,,,,,,,,,,,,,,,,,,,,,,,,,,,,,,,,,,,,,,,,,,,,,,,,,,,,,,,,,,,,,,,,,,,,,,,,
,,,,,,,,,,,,,,,,,,,,,,,,,,,,,,,,,,,,,,,,,,,,,,,,,,,,,,,,,,,,,,,,,,,,,,,,,,,,,,,,,,,,,,,,,,,,,,,,,,,,,,,,,,,,,,,,,,,,,,,,,,,,,,,,,,,,,,,,,,,
,,,,,,,,,,,,,,,,,,,,,,,,,,,,,,,,,,,,,,,,,,,,,,,,,,,,,,,,,,,,,,,,,,,,,,,,,,,,,,,,,,,,,,,,,,,,,,,,,,,,,,,,,,,,,,,,,,,,,,,,,,,,,,,,,,,,,,,,,,,
,,,,,,,,,,,,,,,,,,,,,,,,,,,,,,,,,,,,,,,,,,,,,,,,,,,,,,,,,,,,,,,,,,,,,,,,,,,,,,,,,,,,,,,,,,,,,,,,,,,,,,,,,,,,,,,,,,,,,,,,,,,,,,,,,,,,,,,,,,,
,,,,,,,,,,,,,,,,,,,,,,,,,,,,,,,,,,,,,,,,,,,,,,,,,,,,,,,,,,,,,,,,,,,,,,,,,,,,,,,,,,,,,,,,,,,,,,,,,,,,,,,,,,,,,,,,,,,,,,,,,,,,,,,,,,,,,,,,,,,
,,,,,,,,,,,,,,,,,,,,,,,,,,,,,,,,,,,,,,,,,,,,,,,,,,,,,,,,,,,,,,,,,,,,,,,,,,,,,,,,,,,,,,,,,,,,,,,,,,,,,,,,,,,,,,,,,,,,,,,,,,,,,,,,,,,,,,,,,,,
,,,,,,,,,,,,,,,,,,,,,,,,,,,,,,,,,,,,,,,,,,,,,,,,,,,,,,,,,,,,,,,,,,,,,,,,,,,,,,,,,,,,,,,,,,,,,,,,,,,,,,,,,,,,,,,,,,,,,,,,,,,,,,,,,,,,,,,,,,,
,,,,,,,,,,,,,,,,,,,,,,,,,,,,,,,,,,,,,,,,,,,,,,,,,,,,,,,,,,,,,,,,,,,,,,,,,,,,,,,,,,,,,,,,,,,,,,,,,,,,,,,,,,,,,,,,,,,,,,,,,,,,,,,,,,,,,,,,,,,
,,,,,,,,,,,,,,,,,,,,,,,,,,,,,,,,,,,,,,,,,,,,,,,,,,,,,,,,,,,,,,,,,,,,,,,,,,,,,,,,,,,,,,,,,,,,,,,,,,,,,,,,,,,,,,,,,,,,,,,,,,,,,,,,,,,,,,,,,,,
,,,,,,,,,,,,,,,,,,,,,,,,,,,,,,,,,,,,,,,,,,,,,,,,,,,,,,,,,,,,,,,,,,,,,,,,,,,,,,,,,,,,,,,,,,,,,,,,,,,,,,,,,,,,,,,,,,,,,,,,,,,,,,,,,,,,,,,,,,,
,,,,,,,,,,,,,,,,,,,,,,,,,,,,,,,,,,,,,,,,,,,,,,,,,,,,,,,,,,,,,,,,,,,,,,,,,,,,,,,,,,,,,,,,,,,,,,,,,,,,,,,,,,,,,,,,,,,,,,,,,,,,,,,,,,,,,,,,,,,
,,,,,,,,,,,,,,,,,,,,,,,,,,,,,,,,,,,,,,,,,,,,,,,,,,,,,,,,,,,,,,,,,,,,,,,,,,,,,,,,,,,,,,,,,,,,,,,,,,,,,,,,,,,,,,,,,,,,,,,,,,,,,,,,,,,,,,,,,,,
,,,,,,,,,,,,,,,,,,,,,,,,,,,,,,,,,,,,,,,,,,,,,,,,,,,,,,,,,,,,,,,,,,,,,,,,,,,,,,,,,,,,,,,,,,,,,,,,,,,,,,,,,,,,,,,,,,,,,,,,,,,,,,,,,,,,,,,,,,,
,,,,,,,,,,,,,,,,,,,,,,,,,,,,,,,,,,,,,,,,,,,,,,,,,,,,,,,,,,,,,,,,,,,,,,,,,,,,,,,,,,,,,,,,,,,,,,,,,,,,,,,,,,,,,,,,,,,,,,,,,,,,,,,,,,,,,,,,,,,
,,,,,,,,,,,,,,,,,,,,,,,,,,,,,,,,,,,,,,,,,,,,,,,,,,,,,,,,,,,,,,,,,,,,,,,,,,,,,,,,,,,,,,,,,,,,,,,,,,,,,,,,,,,,,,,,,,,,,,,,,,,,,,,,,,,,,,,,,,,
,,,,,,,,,,,,,,,,,,,,,,,,,,,,,,,,,,,,,,,,,,,,,,,,,,,,,,,,,,,,,,,,,,,,,,,,,,,,,,,,,,,,,,,,,,,,,,,,,,,,,,,,,,,,,,,,,,,,,,,,,,,,,,,,,,,,,,,,,,,
,,,,,,,,,,,,,,,,,,,,,,,,,,,,,,,,,,,,,,,,,,,,,,,,,,,,,,,,,,,,,,,,,,,,,,,,,,,,,,,,,,,,,,,,,,,,,,,,,,,,,,,,,,,,,,,,,,,,,,,,,,,,,,,,,,,,,,,,,,,
,,,,,,,,,,,,,,,,,,,,,,,,,,,,,,,,,,,,,,,,,,,,,,,,,,,,,,,,,,,,,,,,,,,,,,,,,,,,,,,,,,,,,,,,,,,,,,,,,,,,,,,,,,,,,,,,,,,,,,,,,,,,,,,,,,,,,,,,,,,
,,,,,,,,,,,,,,,,,,,,,,,,,,,,,,,,,,,,,,,,,,,,,,,,,,,,,,,,,,,,,,,,,,,,,,,,,,,,,,,,,,,,,,,,,,,,,,,,,,,,,,,,,,,,,,,,,,,,,,,,,,,,,,,,,,,,,,,,,,,
,,,,,,,,,,,,,,,,,,,,,,,,,,,,,,,,,,,,,,,,,,,,,,,,,,,,,,,,,,,,,,,,,,,,,,,,,,,,,,,,,,,,,,,,,,,,,,,,,,,,,,,,,,,,,,,,,,,,,,,,,,,,,,,,,,,,,,,,,,,
,,,,,,,,,,,,,,,,,,,,,,,,,,,,,,,,,,,,,,,,,,,,,,,,,,,,,,,,,,,,,,,,,,,,,,,,,,,,,,,,,,,,,,,,,,,,,,,,,,,,,,,,,,,,,,,,,,,,,,,,,,,,,,,,,,,,,,,,,,,
,,,,,,,,,,,,,,,,,,,,,,,,,,,,,,,,,,,,,,,,,,,,,,,,,,,,,,,,,,,,,,,,,,,,,,,,,,,,,,,,,,,,,,,,,,,,,,,,,,,,,,,,,,,,,,,,,,,,,,,,,,,,,,,,,,,,,,,,,,,
,,,,,,,,,,,,,,,,,,,,,,,,,,,,,,,,,,,,,,,,,,,,,,,,,,,,,,,,,,,,,,,,,,,,,,,,,,,,,,,,,,,,,,,,,,,,,,,,,,,,,,,,,,,,,,,,,,,,,,,,,,,,,,,,,,,,,,,,,,,
,,,,,,,,,,,,,,,,,,,,,,,,,,,,,,,,,,,,,,,,,,,,,,,,,,,,,,,,,,,,,,,,,,,,,,,,,,,,,,,,,,,,,,,,,,,,,,,,,,,,,,,,,,,,,,,,,,,,,,,,,,,,,,,,,,,,,,,,,,,
,,,,,,,,,,,,,,,,,,,,,,,,,,,,,,,,,,,,,,,,,,,,,,,,,,,,,,,,,,,,,,,,,,,,,,,,,,,,,,,,,,,,,,,,,,,,,,,,,,,,,,,,,,,,,,,,,,,,,,,,,,,,,,,,,,,,,,,,,,,
,,,,,,,,,,,,,,,,,,,,,,,,,,,,,,,,,,,,,,,,,,,,,,,,,,,,,,,,,,,,,,,,,,,,,,,,,,,,,,,,,,,,,,,,,,,,,,,,,,,,,,,,,,,,,,,,,,,,,,,,,,,,,,,,,,,,,,,,,,,
,,,,,,,,,,,,,,,,,,,,,,,,,,,,,,,,,,,,,,,,,,,,,,,,,,,,,,,,,,,,,,,,,,,,,,,,,,,,,,,,,,,,,,,,,,,,,,,,,,,,,,,,,,,,,,,,,,,,,,,,,,,,,,,,,,,,,,,,,,,
,,,,,,,,,,,,,,,,,,,,,,,,,,,,,,,,,,,,,,,,,,,,,,,,,,,,,,,,,,,,,,,,,,,,,,,,,,,,,,,,,,,,,,,,,,,,,,,,,,,,,,,,,,,,,,,,,,,,,,,,,,,,,,,,,,,,,,,,,,,
,,,,,,,,,,,,,,,,,,,,,,,,,,,,,,,,,,,,,,,,,,,,,,,,,,,,,,,,,,,,,,,,,,,,,,,,,,,,,,,,,,,,,,,,,,,,,,,,,,,,,,,,,,,,,,,,,,,,,,,,,,,,,,,,,,,,,,,,,,,
,,,,,,,,,,,,,,,,,,,,,,,,,,,,,,,,,,,,,,,,,,,,,,,,,,,,,,,,,,,,,,,,,,,,,,,,,,,,,,,,,,,,,,,,,,,,,,,,,,,,,,,,,,,,,,,,,,,,,,,,,,,,,,,,,,,,,,,,,,,
,,,,,,,,,,,,,,,,,,,,,,,,,,,,,,,,,,,,,,,,,,,,,,,,,,,,,,,,,,,,,,,,,,,,,,,,,,,,,,,,,,,,,,,,,,,,,,,,,,,,,,,,,,,,,,,,,,,,,,,,,,,,,,,,,,,,,,,,,,,
,,,,,,,,,,,,,,,,,,,,,,,,,,,,,,,,,,,,,,,,,,,,,,,,,,,,,,,,,,,,,,,,,,,,,,,,,,,,,,,,,,,,,,,,,,,,,,,,,,,,,,,,,,,,,,,,,,,,,,,,,,,,,,,,,,,,,,,,,,,
,,,,,,,,,,,,,,,,,,,,,,,,,,,,,,,,,,,,,,,,,,,,,,,,,,,,,,,,,,,,,,,,,,,,,,,,,,,,,,,,,,,,,,,,,,,,,,,,,,,,,,,,,,,,,,,,,,,,,,,,,,,,,,,,,,,,,,,,,,,
,,,,,,,,,,,,,,,,,,,,,,,,,,,,,,,,,,,,,,,,,,,,,,,,,,,,,,,,,,,,,,,,,,,,,,,,,,,,,,,,,,,,,,,,,,,,,,,,,,,,,,,,,,,,,,,,,,,,,,,,,,,,,,,,,,,,,,,,,,,
,,,,,,,,,,,,,,,,,,,,,,,,,,,,,,,,,,,,,,,,,,,,,,,,,,,,,,,,,,,,,,,,,,,,,,,,,,,,,,,,,,,,,,,,,,,,,,,,,,,,,,,,,,,,,,,,,,,,,,,,,,,,,,,,,,,,,,,,,,,
,,,,,,,,,,,,,,,,,,,,,,,,,,,,,,,,,,,,,,,,,,,,,,,,,,,,,,,,,,,,,,,,,,,,,,,,,,,,,,,,,,,,,,,,,,,,,,,,,,,,,,,,,,,,,,,,,,,,,,,,,,,,,,,,,,,,,,,,,,,
,,,,,,,,,,,,,,,,,,,,,,,,,,,,,,,,,,,,,,,,,,,,,,,,,,,,,,,,,,,,,,,,,,,,,,,,,,,,,,,,,,,,,,,,,,,,,,,,,,,,,,,,,,,,,,,,,,,,,,,,,,,,,,,,,,,,,,,,,,,
,,,,,,,,,,,,,,,,,,,,,,,,,,,,,,,,,,,,,,,,,,,,,,,,,,,,,,,,,,,,,,,,,,,,,,,,,,,,,,,,,,,,,,,,,,,,,,,,,,,,,,,,,,,,,,,,,,,,,,,,,,,,,,,,,,,,,,,,,,,
,,,,,,,,,,,,,,,,,,,,,,,,,,,,,,,,,,,,,,,,,,,,,,,,,,,,,,,,,,,,,,,,,,,,,,,,,,,,,,,,,,,,,,,,,,,,,,,,,,,,,,,,,,,,,,,,,,,,,,,,,,,,,,,,,,,,,,,,,,,
,,,,,,,,,,,,,,,,,,,,,,,,,,,,,,,,,,,,,,,,,,,,,,,,,,,,,,,,,,,,,,,,,,,,,,,,,,,,,,,,,,,,,,,,,,,,,,,,,,,,,,,,,,,,,,,,,,,,,,,,,,,,,,,,,,,,,,,,,,,
,,,,,,,,,,,,,,,,,,,,,,,,,,,,,,,,,,,,,,,,,,,,,,,,,,,,,,,,,,,,,,,,,,,,,,,,,,,,,,,,,,,,,,,,,,,,,,,,,,,,,,,,,,,,,,,,,,,,,,,,,,,,,,,,,,,,,,,,,,,
,,,,,,,,,,,,,,,,,,,,,,,,,,,,,,,,,,,,,,,,,,,,,,,,,,,,,,,,,,,,,,,,,,,,,,,,,,,,,,,,,,,,,,,,,,,,,,,,,,,,,,,,,,,,,,,,,,,,,,,,,,,,,,,,,,,,,,,,,,,
,,,,,,,,,,,,,,,,,,,,,,,,,,,,,,,,,,,,,,,,,,,,,,,,,,,,,,,,,,,,,,,,,,,,,,,,,,,,,,,,,,,,,,,,,,,,,,,,,,,,,,,,,,,,,,,,,,,,,,,,,,,,,,,,,,,,,,,,,,,
,,,,,,,,,,,,,,,,,,,,,,,,,,,,,,,,,,,,,,,,,,,,,,,,,,,,,,,,,,,,,,,,,,,,,,,,,,,,,,,,,,,,,,,,,,,,,,,,,,,,,,,,,,,,,,,,,,,,,,,,,,,,,,,,,,,,,,,,,,,
,,,,,,,,,,,,,,,,,,,,,,,,,,,,,,,,,,,,,,,,,,,,,,,,,,,,,,,,,,,,,,,,,,,,,,,,,,,,,,,,,,,,,,,,,,,,,,,,,,,,,,,,,,,,,,,,,,,,,,,,,,,,,,,,,,,,,,,,,,,
,,,,,,,,,,,,,,,,,,,,,,,,,,,,,,,,,,,,,,,,,,,,,,,,,,,,,,,,,,,,,,,,,,,,,,,,,,,,,,,,,,,,,,,,,,,,,,,,,,,,,,,,,,,,,,,,,,,,,,,,,,,,,,,,,,,,,,,,,,,
,,,,,,,,,,,,,,,,,,,,,,,,,,,,,,,,,,,,,,,,,,,,,,,,,,,,,,,,,,,,,,,,,,,,,,,,,,,,,,,,,,,,,,,,,,,,,,,,,,,,,,,,,,,,,,,,,,,,,,,,,,,,,,,,,,,,,,,,,,,
,,,,,,,,,,,,,,,,,,,,,,,,,,,,,,,,,,,,,,,,,,,,,,,,,,,,,,,,,,,,,,,,,,,,,,,,,,,,,,,,,,,,,,,,,,,,,,,,,,,,,,,,,,,,,,,,,,,,,,,,,,,,,,,,,,,,,,,,,,,
,,,,,,,,,,,,,,,,,,,,,,,,,,,,,,,,,,,,,,,,,,,,,,,,,,,,,,,,,,,,,,,,,,,,,,,,,,,,,,,,,,,,,,,,,,,,,,,,,,,,,,,,,,,,,,,,,,,,,,,,,,,,,,,,,,,,,,,,,,,
,,,,,,,,,,,,,,,,,,,,,,,,,,,,,,,,,,,,,,,,,,,,,,,,,,,,,,,,,,,,,,,,,,,,,,,,,,,,,,,,,,,,,,,,,,,,,,,,,,,,,,,,,,,,,,,,,,,,,,,,,,,,,,,,,,,,,,,,,,,
,,,,,,,,,,,,,,,,,,,,,,,,,,,,,,,,,,,,,,,,,,,,,,,,,,,,,,,,,,,,,,,,,,,,,,,,,,,,,,,,,,,,,,,,,,,,,,,,,,,,,,,,,,,,,,,,,,,,,,,,,,,,,,,,,,,,,,,,,,,
,,,,,,,,,,,,,,,,,,,,,,,,,,,,,,,,,,,,,,,,,,,,,,,,,,,,,,,,,,,,,,,,,,,,,,,,,,,,,,,,,,,,,,,,,,,,,,,,,,,,,,,,,,,,,,,,,,,,,,,,,,,,,,,,,,,,,,,,,,,
,,,,,,,,,,,,,,,,,,,,,,,,,,,,,,,,,,,,,,,,,,,,,,,,,,,,,,,,,,,,,,,,,,,,,,,,,,,,,,,,,,,,,,,,,,,,,,,,,,,,,,,,,,,,,,,,,,,,,,,,,,,,,,,,,,,,,,,,,,,
,,,,,,,,,,,,,,,,,,,,,,,,,,,,,,,,,,,,,,,,,,,,,,,,,,,,,,,,,,,,,,,,,,,,,,,,,,,,,,,,,,,,,,,,,,,,,,,,,,,,,,,,,,,,,,,,,,,,,,,,,,,,,,,,,,,,,,,,,,,
,,,,,,,,,,,,,,,,,,,,,,,,,,,,,,,,,,,,,,,,,,,,,,,,,,,,,,,,,,,,,,,,,,,,,,,,,,,,,,,,,,,,,,,,,,,,,,,,,,,,,,,,,,,,,,,,,,,,,,,,,,,,,,,,,,,,,,,,,,,
,,,,,,,,,,,,,,,,,,,,,,,,,,,,,,,,,,,,,,,,,,,,,,,,,,,,,,,,,,,,,,,,,,,,,,,,,,,,,,,,,,,,,,,,,,,,,,,,,,,,,,,,,,,,,,,,,,,,,,,,,,,,,,,,,,,,,,,,,,,
,,,,,,,,,,,,,,,,,,,,,,,,,,,,,,,,,,,,,,,,,,,,,,,,,,,,,,,,,,,,,,,,,,,,,,,,,,,,,,,,,,,,,,,,,,,,,,,,,,,,,,,,,,,,,,,,,,,,,,,,,,,,,,,,,,,,,,,,,,,
,,,,,,,,,,,,,,,,,,,,,,,,,,,,,,,,,,,,,,,,,,,,,,,,,,,,,,,,,,,,,,,,,,,,,,,,,,,,,,,,,,,,,,,,,,,,,,,,,,,,,,,,,,,,,,,,,,,,,,,,,,,,,,,,,,,,,,,,,,,
,,,,,,,,,,,,,,,,,,,,,,,,,,,,,,,,,,,,,,,,,,,,,,,,,,,,,,,,,,,,,,,,,,,,,,,,,,,,,,,,,,,,,,,,,,,,,,,,,,,,,,,,,,,,,,,,,,,,,,,,,,,,,,,,,,,,,,,,,,,
,,,,,,,,,,,,,,,,,,,,,,,,,,,,,,,,,,,,,,,,,,,,,,,,,,,,,,,,,,,,,,,,,,,,,,,,,,,,,,,,,,,,,,,,,,,,,,,,,,,,,,,,,,,,,,,,,,,,,,,,,,,,,,,,,,,,,,,,,,,
,,,,,,,,,,,,,,,,,,,,,,,,,,,,,,,,,,,,,,,,,,,,,,,,,,,,,,,,,,,,,,,,,,,,,,,,,,,,,,,,,,,,,,,,,,,,,,,,,,,,,,,,,,,,,,,,,,,,,,,,,,,,,,,,,,,,,,,,,,,
,,,,,,,,,,,,,,,,,,,,,,,,,,,,,,,,,,,,,,,,,,,,,,,,,,,,,,,,,,,,,,,,,,,,,,,,,,,,,,,,,,,,,,,,,,,,,,,,,,,,,,,,,,,,,,,,,,,,,,,,,,,,,,,,,,,,,,,,,,,
,,,,,,,,,,,,,,,,,,,,,,,,,,,,,,,,,,,,,,,,,,,,,,,,,,,,,,,,,,,,,,,,,,,,,,,,,,,,,,,,,,,,,,,,,,,,,,,,,,,,,,,,,,,,,,,,,,,,,,,,,,,,,,,,,,,,,,,,,,,
,,,,,,,,,,,,,,,,,,,,,,,,,,,,,,,,,,,,,,,,,,,,,,,,,,,,,,,,,,,,,,,,,,,,,,,,,,,,,,,,,,,,,,,,,,,,,,,,,,,,,,,,,,,,,,,,,,,,,,,,,,,,,,,,,,,,,,,,,,,
,,,,,,,,,,,,,,,,,,,,,,,,,,,,,,,,,,,,,,,,,,,,,,,,,,,,,,,,,,,,,,,,,,,,,,,,,,,,,,,,,,,,,,,,,,,,,,,,,,,,,,,,,,,,,,,,,,,,,,,,,,,,,,,,,,,,,,,,,,,
,,,,,,,,,,,,,,,,,,,,,,,,,,,,,,,,,,,,,,,,,,,,,,,,,,,,,,,,,,,,,,,,,,,,,,,,,,,,,,,,,,,,,,,,,,,,,,,,,,,,,,,,,,,,,,,,,,,,,,,,,,,,,,,,,,,,,,,,,,,
,,,,,,,,,,,,,,,,,,,,,,,,,,,,,,,,,,,,,,,,,,,,,,,,,,,,,,,,,,,,,,,,,,,,,,,,,,,,,,,,,,,,,,,,,,,,,,,,,,,,,,,,,,,,,,,,,,,,,,,,,,,,,,,,,,,,,,,,,,,
,,,,,,,,,,,,,,,,,,,,,,,,,,,,,,,,,,,,,,,,,,,,,,,,,,,,,,,,,,,,,,,,,,,,,,,,,,,,,,,,,,,,,,,,,,,,,,,,,,,,,,,,,,,,,,,,,,,,,,,,,,,,,,,,,,,,,,,,,,,
,,,,,,,,,,,,,,,,,,,,,,,,,,,,,,,,,,,,,,,,,,,,,,,,,,,,,,,,,,,,,,,,,,,,,,,,,,,,,,,,,,,,,,,,,,,,,,,,,,,,,,,,,,,,,,,,,,,,,,,,,,,,,,,,,,,,,,,,,,,
,,,,,,,,,,,,,,,,,,,,,,,,,,,,,,,,,,,,,,,,,,,,,,,,,,,,,,,,,,,,,,,,,,,,,,,,,,,,,,,,,,,,,,,,,,,,,,,,,,,,,,,,,,,,,,,,,,,,,,,,,,,,,,,,,,,,,,,,,,,
,,,,,,,,,,,,,,,,,,,,,,,,,,,,,,,,,,,,,,,,,,,,,,,,,,,,,,,,,,,,,,,,,,,,,,,,,,,,,,,,,,,,,,,,,,,,,,,,,,,,,,,,,,,,,,,,,,,,,,,,,,,,,,,,,,,,,,,,,,,
,,,,,,,,,,,,,,,,,,,,,,,,,,,,,,,,,,,,,,,,,,,,,,,,,,,,,,,,,,,,,,,,,,,,,,,,,,,,,,,,,,,,,,,,,,,,,,,,,,,,,,,,,,,,,,,,,,,,,,,,,,,,,,,,,,,,,,,,,,,
,,,,,,,,,,,,,,,,,,,,,,,,,,,,,,,,,,,,,,,,,,,,,,,,,,,,,,,,,,,,,,,,,,,,,,,,,,,,,,,,,,,,,,,,,,,,,,,,,,,,,,,,,,,,,,,,,,,,,,,,,,,,,,,,,,,,,,,,,,,
,,,,,,,,,,,,,,,,,,,,,,,,,,,,,,,,,,,,,,,,,,,,,,,,,,,,,,,,,,,,,,,,,,,,,,,,,,,,,,,,,,,,,,,,,,,,,,,,,,,,,,,,,,,,,,,,,,,,,,,,,,,,,,,,,,,,,,,,,,,
,,,,,,,,,,,,,,,,,,,,,,,,,,,,,,,,,,,,,,,,,,,,,,,,,,,,,,,,,,,,,,,,,,,,,,,,,,,,,,,,,,,,,,,,,,,,,,,,,,,,,,,,,,,,,,,,,,,,,,,,,,,,,,,,,,,,,,,,,,,
,,,,,,,,,,,,,,,,,,,,,,,,,,,,,,,,,,,,,,,,,,,,,,,,,,,,,,,,,,,,,,,,,,,,,,,,,,,,,,,,,,,,,,,,,,,,,,,,,,,,,,,,,,,,,,,,,,,,,,,,,,,,,,,,,,,,,,,,,,,
,,,,,,,,,,,,,,,,,,,,,,,,,,,,,,,,,,,,,,,,,,,,,,,,,,,,,,,,,,,,,,,,,,,,,,,,,,,,,,,,,,,,,,,,,,,,,,,,,,,,,,,,,,,,,,,,,,,,,,,,,,,,,,,,,,,,,,,,,,,
,,,,,,,,,,,,,,,,,,,,,,,,,,,,,,,,,,,,,,,,,,,,,,,,,,,,,,,,,,,,,,,,,,,,,,,,,,,,,,,,,,,,,,,,,,,,,,,,,,,,,,,,,,,,,,,,,,,,,,,,,,,,,,,,,,,,,,,,,,,
,,,,,,,,,,,,,,,,,,,,,,,,,,,,,,,,,,,,,,,,,,,,,,,,,,,,,,,,,,,,,,,,,,,,,,,,,,,,,,,,,,,,,,,,,,,,,,,,,,,,,,,,,,,,,,,,,,,,,,,,,,,,,,,,,,,,,,,,,,,
,,,,,,,,,,,,,,,,,,,,,,,,,,,,,,,,,,,,,,,,,,,,,,,,,,,,,,,,,,,,,,,,,,,,,,,,,,,,,,,,,,,,,,,,,,,,,,,,,,,,,,,,,,,,,,,,,,,,,,,,,,,,,,,,,,,,,,,,,,,
,,,,,,,,,,,,,,,,,,,,,,,,,,,,,,,,,,,,,,,,,,,,,,,,,,,,,,,,,,,,,,,,,,,,,,,,,,,,,,,,,,,,,,,,,,,,,,,,,,,,,,,,,,,,,,,,,,,,,,,,,,,,,,,,,,,,,,,,,,,
,,,,,,,,,,,,,,,,,,,,,,,,,,,,,,,,,,,,,,,,,,,,,,,,,,,,,,,,,,,,,,,,,,,,,,,,,,,,,,,,,,,,,,,,,,,,,,,,,,,,,,,,,,,,,,,,,,,,,,,,,,,,,,,,,,,,,,,,,,,
,,,,,,,,,,,,,,,,,,,,,,,,,,,,,,,,,,,,,,,,,,,,,,,,,,,,,,,,,,,,,,,,,,,,,,,,,,,,,,,,,,,,,,,,,,,,,,,,,,,,,,,,,,,,,,,,,,,,,,,,,,,,,,,,,,,,,,,,,,,
,,,,,,,,,,,,,,,,,,,,,,,,,,,,,,,,,,,,,,,,,,,,,,,,,,,,,,,,,,,,,,,,,,,,,,,,,,,,,,,,,,,,,,,,,,,,,,,,,,,,,,,,,,,,,,,,,,,,,,,,,,,,,,,,,,,,,,,,,,,
,,,,,,,,,,,,,,,,,,,,,,,,,,,,,,,,,,,,,,,,,,,,,,,,,,,,,,,,,,,,,,,,,,,,,,,,,,,,,,,,,,,,,,,,,,,,,,,,,,,,,,,,,,,,,,,,,,,,,,,,,,,,,,,,,,,,,,,,,,,
,,,,,,,,,,,,,,,,,,,,,,,,,,,,,,,,,,,,,,,,,,,,,,,,,,,,,,,,,,,,,,,,,,,,,,,,,,,,,,,,,,,,,,,,,,,,,,,,,,,,,,,,,,,,,,,,,,,,,,,,,,,,,,,,,,,,,,,,,,,
,,,,,,,,,,,,,,,,,,,,,,,,,,,,,,,,,,,,,,,,,,,,,,,,,,,,,,,,,,,,,,,,,,,,,,,,,,,,,,,,,,,,,,,,,,,,,,,,,,,,,,,,,,,,,,,,,,,,,,,,,,,,,,,,,,,,,,,,,,,
,,,,,,,,,,,,,,,,,,,,,,,,,,,,,,,,,,,,,,,,,,,,,,,,,,,,,,,,,,,,,,,,,,,,,,,,,,,,,,,,,,,,,,,,,,,,,,,,,,,,,,,,,,,,,,,,,,,,,,,,,,,,,,,,,,,,,,,,,,,
,,,,,,,,,,,,,,,,,,,,,,,,,,,,,,,,,,,,,,,,,,,,,,,,,,,,,,,,,,,,,,,,,,,,,,,,,,,,,,,,,,,,,,,,,,,,,,,,,,,,,,,,,,,,,,,,,,,,,,,,,,,,,,,,,,,,,,,,,,,
,,,,,,,,,,,,,,,,,,,,,,,,,,,,,,,,,,,,,,,,,,,,,,,,,,,,,,,,,,,,,,,,,,,,,,,,,,,,,,,,,,,,,,,,,,,,,,,,,,,,,,,,,,,,,,,,,,,,,,,,,,,,,,,,,,,,,,,,,,,
,,,,,,,,,,,,,,,,,,,,,,,,,,,,,,,,,,,,,,,,,,,,,,,,,,,,,,,,,,,,,,,,,,,,,,,,,,,,,,,,,,,,,,,,,,,,,,,,,,,,,,,,,,,,,,,,,,,,,,,,,,,,,,,,,,,,,,,,,,,
,,,,,,,,,,,,,,,,,,,,,,,,,,,,,,,,,,,,,,,,,,,,,,,,,,,,,,,,,,,,,,,,,,,,,,,,,,,,,,,,,,,,,,,,,,,,,,,,,,,,,,,,,,,,,,,,,,,,,,,,,,,,,,,,,,,,,,,,,,,
,,,,,,,,,,,,,,,,,,,,,,,,,,,,,,,,,,,,,,,,,,,,,,,,,,,,,,,,,,,,,,,,,,,,,,,,,,,,,,,,,,,,,,,,,,,,,,,,,,,,,,,,,,,,,,,,,,,,,,,,,,,,,,,,,,,,,,,,,,,
,,,,,,,,,,,,,,,,,,,,,,,,,,,,,,,,,,,,,,,,,,,,,,,,,,,,,,,,,,,,,,,,,,,,,,,,,,,,,,,,,,,,,,,,,,,,,,,,,,,,,,,,,,,,,,,,,,,,,,,,,,,,,,,,,,,,,,,,,,,
,,,,,,,,,,,,,,,,,,,,,,,,,,,,,,,,,,,,,,,,,,,,,,,,,,,,,,,,,,,,,,,,,,,,,,,,,,,,,,,,,,,,,,,,,,,,,,,,,,,,,,,,,,,,,,,,,,,,,,,,,,,,,,,,,,,,,,,,,,,
,,,,,,,,,,,,,,,,,,,,,,,,,,,,,,,,,,,,,,,,,,,,,,,,,,,,,,,,,,,,,,,,,,,,,,,,,,,,,,,,,,,,,,,,,,,,,,,,,,,,,,,,,,,,,,,,,,,,,,,,,,,,,,,,,,,,,,,,,,,
,,,,,,,,,,,,,,,,,,,,,,,,,,,,,,,,,,,,,,,,,,,,,,,,,,,,,,,,,,,,,,,,,,,,,,,,,,,,,,,,,,,,,,,,,,,,,,,,,,,,,,,,,,,,,,,,,,,,,,,,,,,,,,,,,,,,,,,,,,,
,,,,,,,,,,,,,,,,,,,,,,,,,,,,,,,,,,,,,,,,,,,,,,,,,,,,,,,,,,,,,,,,,,,,,,,,,,,,,,,,,,,,,,,,,,,,,,,,,,,,,,,,,,,,,,,,,,,,,,,,,,,,,,,,,,,,,,,,,,,
,,,,,,,,,,,,,,,,,,,,,,,,,,,,,,,,,,,,,,,,,,,,,,,,,,,,,,,,,,,,,,,,,,,,,,,,,,,,,,,,,,,,,,,,,,,,,,,,,,,,,,,,,,,,,,,,,,,,,,,,,,,,,,,,,,,,,,,,,,,
,,,,,,,,,,,,,,,,,,,,,,,,,,,,,,,,,,,,,,,,,,,,,,,,,,,,,,,,,,,,,,,,,,,,,,,,,,,,,,,,,,,,,,,,,,,,,,,,,,,,,,,,,,,,,,,,,,,,,,,,,,,,,,,,,,,,,,,,,,,
,,,,,,,,,,,,,,,,,,,,,,,,,,,,,,,,,,,,,,,,,,,,,,,,,,,,,,,,,,,,,,,,,,,,,,,,,,,,,,,,,,,,,,,,,,,,,,,,,,,,,,,,,,,,,,,,,,,,,,,,,,,,,,,,,,,,,,,,,,,
,,,,,,,,,,,,,,,,,,,,,,,,,,,,,,,,,,,,,,,,,,,,,,,,,,,,,,,,,,,,,,,,,,,,,,,,,,,,,,,,,,,,,,,,,,,,,,,,,,,,,,,,,,,,,,,,,,,,,,,,,,,,,,,,,,,,,,,,,,,
,,,,,,,,,,,,,,,,,,,,,,,,,,,,,,,,,,,,,,,,,,,,,,,,,,,,,,,,,,,,,,,,,,,,,,,,,,,,,,,,,,,,,,,,,,,,,,,,,,,,,,,,,,,,,,,,,,,,,,,,,,,,,,,,,,,,,,,,,,,
,,,,,,,,,,,,,,,,,,,,,,,,,,,,,,,,,,,,,,,,,,,,,,,,,,,,,,,,,,,,,,,,,,,,,,,,,,,,,,,,,,,,,,,,,,,,,,,,,,,,,,,,,,,,,,,,,,,,,,,,,,,,,,,,,,,,,,,,,,,
,,,,,,,,,,,,,,,,,,,,,,,,,,,,,,,,,,,,,,,,,,,,,,,,,,,,,,,,,,,,,,,,,,,,,,,,,,,,,,,,,,,,,,,,,,,,,,,,,,,,,,,,,,,,,,,,,,,,,,,,,,,,,,,,,,,,,,,,,,,
,,,,,,,,,,,,,,,,,,,,,,,,,,,,,,,,,,,,,,,,,,,,,,,,,,,,,,,,,,,,,,,,,,,,,,,,,,,,,,,,,,,,,,,,,,,,,,,,,,,,,,,,,,,,,,,,,,,,,,,,,,,,,,,,,,,,,,,,,,,
,,,,,,,,,,,,,,,,,,,,,,,,,,,,,,,,,,,,,,,,,,,,,,,,,,,,,,,,,,,,,,,,,,,,,,,,,,,,,,,,,,,,,,,,,,,,,,,,,,,,,,,,,,,,,,,,,,,,,,,,,,,,,,,,,,,,,,,,,,,
,,,,,,,,,,,,,,,,,,,,,,,,,,,,,,,,,,,,,,,,,,,,,,,,,,,,,,,,,,,,,,,,,,,,,,,,,,,,,,,,,,,,,,,,,,,,,,,,,,,,,,,,,,,,,,,,,,,,,,,,,,,,,,,,,,,,,,,,,,,
,,,,,,,,,,,,,,,,,,,,,,,,,,,,,,,,,,,,,,,,,,,,,,,,,,,,,,,,,,,,,,,,,,,,,,,,,,,,,,,,,,,,,,,,,,,,,,,,,,,,,,,,,,,,,,,,,,,,,,,,,,,,,,,,,,,,,,,,,,,
,,,,,,,,,,,,,,,,,,,,,,,,,,,,,,,,,,,,,,,,,,,,,,,,,,,,,,,,,,,,,,,,,,,,,,,,,,,,,,,,,,,,,,,,,,,,,,,,,,,,,,,,,,,,,,,,,,,,,,,,,,,,,,,,,,,,,,,,,,,
,,,,,,,,,,,,,,,,,,,,,,,,,,,,,,,,,,,,,,,,,,,,,,,,,,,,,,,,,,,,,,,,,,,,,,,,,,,,,,,,,,,,,,,,,,,,,,,,,,,,,,,,,,,,,,,,,,,,,,,,,,,,,,,,,,,,,,,,,,,
,,,,,,,,,,,,,,,,,,,,,,,,,,,,,,,,,,,,,,,,,,,,,,,,,,,,,,,,,,,,,,,,,,,,,,,,,,,,,,,,,,,,,,,,,,,,,,,,,,,,,,,,,,,,,,,,,,,,,,,,,,,,,,,,,,,,,,,,,,,
,,,,,,,,,,,,,,,,,,,,,,,,,,,,,,,,,,,,,,,,,,,,,,,,,,,,,,,,,,,,,,,,,,,,,,,,,,,,,,,,,,,,,,,,,,,,,,,,,,,,,,,,,,,,,,,,,,,,,,,,,,,,,,,,,,,,,,,,,,,
,,,,,,,,,,,,,,,,,,,,,,,,,,,,,,,,,,,,,,,,,,,,,,,,,,,,,,,,,,,,,,,,,,,,,,,,,,,,,,,,,,,,,,,,,,,,,,,,,,,,,,,,,,,,,,,,,,,,,,,,,,,,,,,,,,,,,,,,,,,
,,,,,,,,,,,,,,,,,,,,,,,,,,,,,,,,,,,,,,,,,,,,,,,,,,,,,,,,,,,,,,,,,,,,,,,,,,,,,,,,,,,,,,,,,,,,,,,,,,,,,,,,,,,,,,,,,,,,,,,,,,,,,,,,,,,,,,,,,,,
,,,,,,,,,,,,,,,,,,,,,,,,,,,,,,,,,,,,,,,,,,,,,,,,,,,,,,,,,,,,,,,,,,,,,,,,,,,,,,,,,,,,,,,,,,,,,,,,,,,,,,,,,,,,,,,,,,,,,,,,,,,,,,,,,,,,,,,,,,,
,,,,,,,,,,,,,,,,,,,,,,,,,,,,,,,,,,,,,,,,,,,,,,,,,,,,,,,,,,,,,,,,,,,,,,,,,,,,,,,,,,,,,,,,,,,,,,,,,,,,,,,,,,,,,,,,,,,,,,,,,,,,,,,,,,,,,,,,,,,
,,,,,,,,,,,,,,,,,,,,,,,,,,,,,,,,,,,,,,,,,,,,,,,,,,,,,,,,,,,,,,,,,,,,,,,,,,,,,,,,,,,,,,,,,,,,,,,,,,,,,,,,,,,,,,,,,,,,,,,,,,,,,,,,,,,,,,,,,,,
,,,,,,,,,,,,,,,,,,,,,,,,,,,,,,,,,,,,,,,,,,,,,,,,,,,,,,,,,,,,,,,,,,,,,,,,,,,,,,,,,,,,,,,,,,,,,,,,,,,,,,,,,,,,,,,,,,,,,,,,,,,,,,,,,,,,,,,,,,,
,,,,,,,,,,,,,,,,,,,,,,,,,,,,,,,,,,,,,,,,,,,,,,,,,,,,,,,,,,,,,,,,,,,,,,,,,,,,,,,,,,,,,,,,,,,,,,,,,,,,,,,,,,,,,,,,,,,,,,,,,,,,,,,,,,,,,,,,,,,
,,,,,,,,,,,,,,,,,,,,,,,,,,,,,,,,,,,,,,,,,,,,,,,,,,,,,,,,,,,,,,,,,,,,,,,,,,,,,,,,,,,,,,,,,,,,,,,,,,,,,,,,,,,,,,,,,,,,,,,,,,,,,,,,,,,,,,,,,,,
,,,,,,,,,,,,,,,,,,,,,,,,,,,,,,,,,,,,,,,,,,,,,,,,,,,,,,,,,,,,,,,,,,,,,,,,,,,,,,,,,,,,,,,,,,,,,,,,,,,,,,,,,,,,,,,,,,,,,,,,,,,,,,,,,,,,,,,,,,,
,,,,,,,,,,,,,,,,,,,,,,,,,,,,,,,,,,,,,,,,,,,,,,,,,,,,,,,,,,,,,,,,,,,,,,,,,,,,,,,,,,,,,,,,,,,,,,,,,,,,,,,,,,,,,,,,,,,,,,,,,,,,,,,,,,,,,,,,,,,
,,,,,,,,,,,,,,,,,,,,,,,,,,,,,,,,,,,,,,,,,,,,,,,,,,,,,,,,,,,,,,,,,,,,,,,,,,,,,,,,,,,,,,,,,,,,,,,,,,,,,,,,,,,,,,,,,,,,,,,,,,,,,,,,,,,,,,,,,,,
,,,,,,,,,,,,,,,,,,,,,,,,,,,,,,,,,,,,,,,,,,,,,,,,,,,,,,,,,,,,,,,,,,,,,,,,,,,,,,,,,,,,,,,,,,,,,,,,,,,,,,,,,,,,,,,,,,,,,,,,,,,,,,,,,,,,,,,,,,,
,,,,,,,,,,,,,,,,,,,,,,,,,,,,,,,,,,,,,,,,,,,,,,,,,,,,,,,,,,,,,,,,,,,,,,,,,,,,,,,,,,,,,,,,,,,,,,,,,,,,,,,,,,,,,,,,,,,,,,,,,,,,,,,,,,,,,,,,,,,
,,,,,,,,,,,,,,,,,,,,,,,,,,,,,,,,,,,,,,,,,,,,,,,,,,,,,,,,,,,,,,,,,,,,,,,,,,,,,,,,,,,,,,,,,,,,,,,,,,,,,,,,,,,,,,,,,,,,,,,,,,,,,,,,,,,,,,,,,,,
,,,,,,,,,,,,,,,,,,,,,,,,,,,,,,,,,,,,,,,,,,,,,,,,,,,,,,,,,,,,,,,,,,,,,,,,,,,,,,,,,,,,,,,,,,,,,,,,,,,,,,,,,,,,,,,,,,,,,,,,,,,,,,,,,,,,,,,,,,,
,,,,,,,,,,,,,,,,,,,,,,,,,,,,,,,,,,,,,,,,,,,,,,,,,,,,,,,,,,,,,,,,,,,,,,,,,,,,,,,,,,,,,,,,,,,,,,,,,,,,,,,,,,,,,,,,,,,,,,,,,,,,,,,,,,,,,,,,,,,
,,,,,,,,,,,,,,,,,,,,,,,,,,,,,,,,,,,,,,,,,,,,,,,,,,,,,,,,,,,,,,,,,,,,,,,,,,,,,,,,,,,,,,,,,,,,,,,,,,,,,,,,,,,,,,,,,,,,,,,,,,,,,,,,,,,,,,,,,,,
,,,,,,,,,,,,,,,,,,,,,,,,,,,,,,,,,,,,,,,,,,,,,,,,,,,,,,,,,,,,,,,,,,,,,,,,,,,,,,,,,,,,,,,,,,,,,,,,,,,,,,,,,,,,,,,,,,,,,,,,,,,,,,,,,,,,,,,,,,,
,,,,,,,,,,,,,,,,,,,,,,,,,,,,,,,,,,,,,,,,,,,,,,,,,,,,,,,,,,,,,,,,,,,,,,,,,,,,,,,,,,,,,,,,,,,,,,,,,,,,,,,,,,,,,,,,,,,,,,,,,,,,,,,,,,,,,,,,,,,
,,,,,,,,,,,,,,,,,,,,,,,,,,,,,,,,,,,,,,,,,,,,,,,,,,,,,,,,,,,,,,,,,,,,,,,,,,,,,,,,,,,,,,,,,,,,,,,,,,,,,,,,,,,,,,,,,,,,,,,,,,,,,,,,,,,,,,,,,,,
,,,,,,,,,,,,,,,,,,,,,,,,,,,,,,,,,,,,,,,,,,,,,,,,,,,,,,,,,,,,,,,,,,,,,,,,,,,,,,,,,,,,,,,,,,,,,,,,,,,,,,,,,,,,,,,,,,,,,,,,,,,,,,,,,,,,,,,,,,,
,,,,,,,,,,,,,,,,,,,,,,,,,,,,,,,,,,,,,,,,,,,,,,,,,,,,,,,,,,,,,,,,,,,,,,,,,,,,,,,,,,,,,,,,,,,,,,,,,,,,,,,,,,,,,,,,,,,,,,,,,,,,,,,,,,,,,,,,,,,
,,,,,,,,,,,,,,,,,,,,,,,,,,,,,,,,,,,,,,,,,,,,,,,,,,,,,,,,,,,,,,,,,,,,,,,,,,,,,,,,,,,,,,,,,,,,,,,,,,,,,,,,,,,,,,,,,,,,,,,,,,,,,,,,,,,,,,,,,,,
,,,,,,,,,,,,,,,,,,,,,,,,,,,,,,,,,,,,,,,,,,,,,,,,,,,,,,,,,,,,,,,,,,,,,,,,,,,,,,,,,,,,,,,,,,,,,,,,,,,,,,,,,,,,,,,,,,,,,,,,,,,,,,,,,,,,,,,,,,,
,,,,,,,,,,,,,,,,,,,,,,,,,,,,,,,,,,,,,,,,,,,,,,,,,,,,,,,,,,,,,,,,,,,,,,,,,,,,,,,,,,,,,,,,,,,,,,,,,,,,,,,,,,,,,,,,,,,,,,,,,,,,,,,,,,,,,,,,,,,
,,,,,,,,,,,,,,,,,,,,,,,,,,,,,,,,,,,,,,,,,,,,,,,,,,,,,,,,,,,,,,,,,,,,,,,,,,,,,,,,,,,,,,,,,,,,,,,,,,,,,,,,,,,,,,,,,,,,,,,,,,,,,,,,,,,,,,,,,,,
,,,,,,,,,,,,,,,,,,,,,,,,,,,,,,,,,,,,,,,,,,,,,,,,,,,,,,,,,,,,,,,,,,,,,,,,,,,,,,,,,,,,,,,,,,,,,,,,,,,,,,,,,,,,,,,,,,,,,,,,,,,,,,,,,,,,,,,,,,,
,,,,,,,,,,,,,,,,,,,,,,,,,,,,,,,,,,,,,,,,,,,,,,,,,,,,,,,,,,,,,,,,,,,,,,,,,,,,,,,,,,,,,,,,,,,,,,,,,,,,,,,,,,,,,,,,,,,,,,,,,,,,,,,,,,,,,,,,,,,
,,,,,,,,,,,,,,,,,,,,,,,,,,,,,,,,,,,,,,,,,,,,,,,,,,,,,,,,,,,,,,,,,,,,,,,,,,,,,,,,,,,,,,,,,,,,,,,,,,,,,,,,,,,,,,,,,,,,,,,,,,,,,,,,,,,,,,,,,,,
,,,,,,,,,,,,,,,,,,,,,,,,,,,,,,,,,,,,,,,,,,,,,,,,,,,,,,,,,,,,,,,,,,,,,,,,,,,,,,,,,,,,,,,,,,,,,,,,,,,,,,,,,,,,,,,,,,,,,,,,,,,,,,,,,,,,,,,,,,,
,,,,,,,,,,,,,,,,,,,,,,,,,,,,,,,,,,,,,,,,,,,,,,,,,,,,,,,,,,,,,,,,,,,,,,,,,,,,,,,,,,,,,,,,,,,,,,,,,,,,,,,,,,,,,,,,,,,,,,,,,,,,,,,,,,,,,,,,,,,
,,,,,,,,,,,,,,,,,,,,,,,,,,,,,,,,,,,,,,,,,,,,,,,,,,,,,,,,,,,,,,,,,,,,,,,,,,,,,,,,,,,,,,,,,,,,,,,,,,,,,,,,,,,,,,,,,,,,,,,,,,,,,,,,,,,,,,,,,,,
,,,,,,,,,,,,,,,,,,,,,,,,,,,,,,,,,,,,,,,,,,,,,,,,,,,,,,,,,,,,,,,,,,,,,,,,,,,,,,,,,,,,,,,,,,,,,,,,,,,,,,,,,,,,,,,,,,,,,,,,,,,,,,,,,,,,,,,,,,,
,,,,,,,,,,,,,,,,,,,,,,,,,,,,,,,,,,,,,,,,,,,,,,,,,,,,,,,,,,,,,,,,,,,,,,,,,,,,,,,,,,,,,,,,,,,,,,,,,,,,,,,,,,,,,,,,,,,,,,,,,,,,,,,,,,,,,,,,,,,
,,,,,,,,,,,,,,,,,,,,,,,,,,,,,,,,,,,,,,,,,,,,,,,,,,,,,,,,,,,,,,,,,,,,,,,,,,,,,,,,,,,,,,,,,,,,,,,,,,,,,,,,,,,,,,,,,,,,,,,,,,,,,,,,,,,,,,,,,,,
,,,,,,,,,,,,,,,,,,,,,,,,,,,,,,,,,,,,,,,,,,,,,,,,,,,,,,,,,,,,,,,,,,,,,,,,,,,,,,,,,,,,,,,,,,,,,,,,,,,,,,,,,,,,,,,,,,,,,,,,,,,,,,,,,,,,,,,,,,,
,,,,,,,,,,,,,,,,,,,,,,,,,,,,,,,,,,,,,,,,,,,,,,,,,,,,,,,,,,,,,,,,,,,,,,,,,,,,,,,,,,,,,,,,,,,,,,,,,,,,,,,,,,,,,,,,,,,,,,,,,,,,,,,,,,,,,,,,,,,
,,,,,,,,,,,,,,,,,,,,,,,,,,,,,,,,,,,,,,,,,,,,,,,,,,,,,,,,,,,,,,,,,,,,,,,,,,,,,,,,,,,,,,,,,,,,,,,,,,,,,,,,,,,,,,,,,,,,,,,,,,,,,,,,,,,,,,,,,,,
,,,,,,,,,,,,,,,,,,,,,,,,,,,,,,,,,,,,,,,,,,,,,,,,,,,,,,,,,,,,,,,,,,,,,,,,,,,,,,,,,,,,,,,,,,,,,,,,,,,,,,,,,,,,,,,,,,,,,,,,,,,,,,,,,,,,,,,,,,,
,,,,,,,,,,,,,,,,,,,,,,,,,,,,,,,,,,,,,,,,,,,,,,,,,,,,,,,,,,,,,,,,,,,,,,,,,,,,,,,,,,,,,,,,,,,,,,,,,,,,,,,,,,,,,,,,,,,,,,,,,,,,,,,,,,,,,,,,,,,
,,,,,,,,,,,,,,,,,,,,,,,,,,,,,,,,,,,,,,,,,,,,,,,,,,,,,,,,,,,,,,,,,,,,,,,,,,,,,,,,,,,,,,,,,,,,,,,,,,,,,,,,,,,,,,,,,,,,,,,,,,,,,,,,,,,,,,,,,,,
,,,,,,,,,,,,,,,,,,,,,,,,,,,,,,,,,,,,,,,,,,,,,,,,,,,,,,,,,,,,,,,,,,,,,,,,,,,,,,,,,,,,,,,,,,,,,,,,,,,,,,,,,,,,,,,,,,,,,,,,,,,,,,,,,,,,,,,,,,,
,,,,,,,,,,,,,,,,,,,,,,,,,,,,,,,,,,,,,,,,,,,,,,,,,,,,,,,,,,,,,,,,,,,,,,,,,,,,,,,,,,,,,,,,,,,,,,,,,,,,,,,,,,,,,,,,,,,,,,,,,,,,,,,,,,,,,,,,,,,
,,,,,,,,,,,,,,,,,,,,,,,,,,,,,,,,,,,,,,,,,,,,,,,,,,,,,,,,,,,,,,,,,,,,,,,,,,,,,,,,,,,,,,,,,,,,,,,,,,,,,,,,,,,,,,,,,,,,,,,,,,,,,,,,,,,,,,,,,,,
,,,,,,,,,,,,,,,,,,,,,,,,,,,,,,,,,,,,,,,,,,,,,,,,,,,,,,,,,,,,,,,,,,,,,,,,,,,,,,,,,,,,,,,,,,,,,,,,,,,,,,,,,,,,,,,,,,,,,,,,,,,,,,,,,,,,,,,,,,,
,,,,,,,,,,,,,,,,,,,,,,,,,,,,,,,,,,,,,,,,,,,,,,,,,,,,,,,,,,,,,,,,,,,,,,,,,,,,,,,,,,,,,,,,,,,,,,,,,,,,,,,,,,,,,,,,,,,,,,,,,,,,,,,,,,,,,,,,,,,
,,,,,,,,,,,,,,,,,,,,,,,,,,,,,,,,,,,,,,,,,,,,,,,,,,,,,,,,,,,,,,,,,,,,,,,,,,,,,,,,,,,,,,,,,,,,,,,,,,,,,,,,,,,,,,,,,,,,,,,,,,,,,,,,,,,,,,,,,,,
,,,,,,,,,,,,,,,,,,,,,,,,,,,,,,,,,,,,,,,,,,,,,,,,,,,,,,,,,,,,,,,,,,,,,,,,,,,,,,,,,,,,,,,,,,,,,,,,,,,,,,,,,,,,,,,,,,,,,,,,,,,,,,,,,,,,,,,,,,,
,,,,,,,,,,,,,,,,,,,,,,,,,,,,,,,,,,,,,,,,,,,,,,,,,,,,,,,,,,,,,,,,,,,,,,,,,,,,,,,,,,,,,,,,,,,,,,,,,,,,,,,,,,,,,,,,,,,,,,,,,,,,,,,,,,,,,,,,,,,
,,,,,,,,,,,,,,,,,,,,,,,,,,,,,,,,,,,,,,,,,,,,,,,,,,,,,,,,,,,,,,,,,,,,,,,,,,,,,,,,,,,,,,,,,,,,,,,,,,,,,,,,,,,,,,,,,,,,,,,,,,,,,,,,,,,,,,,,,,,
,,,,,,,,,,,,,,,,,,,,,,,,,,,,,,,,,,,,,,,,,,,,,,,,,,,,,,,,,,,,,,,,,,,,,,,,,,,,,,,,,,,,,,,,,,,,,,,,,,,,,,,,,,,,,,,,,,,,,,,,,,,,,,,,,,,,,,,,,,,
,,,,,,,,,,,,,,,,,,,,,,,,,,,,,,,,,,,,,,,,,,,,,,,,,,,,,,,,,,,,,,,,,,,,,,,,,,,,,,,,,,,,,,,,,,,,,,,,,,,,,,,,,,,,,,,,,,,,,,,,,,,,,,,,,,,,,,,,,,,
,,,,,,,,,,,,,,,,,,,,,,,,,,,,,,,,,,,,,,,,,,,,,,,,,,,,,,,,,,,,,,,,,,,,,,,,,,,,,,,,,,,,,,,,,,,,,,,,,,,,,,,,,,,,,,,,,,,,,,,,,,,,,,,,,,,,,,,,,,,
,,,,,,,,,,,,,,,,,,,,,,,,,,,,,,,,,,,,,,,,,,,,,,,,,,,,,,,,,,,,,,,,,,,,,,,,,,,,,,,,,,,,,,,,,,,,,,,,,,,,,,,,,,,,,,,,,,,,,,,,,,,,,,,,,,,,,,,,,,,
,,,,,,,,,,,,,,,,,,,,,,,,,,,,,,,,,,,,,,,,,,,,,,,,,,,,,,,,,,,,,,,,,,,,,,,,,,,,,,,,,,,,,,,,,,,,,,,,,,,,,,,,,,,,,,,,,,,,,,,,,,,,,,,,,,,,,,,,,,,
,,,,,,,,,,,,,,,,,,,,,,,,,,,,,,,,,,,,,,,,,,,,,,,,,,,,,,,,,,,,,,,,,,,,,,,,,,,,,,,,,,,,,,,,,,,,,,,,,,,,,,,,,,,,,,,,,,,,,,,,,,,,,,,,,,,,,,,,,,,
,,,,,,,,,,,,,,,,,,,,,,,,,,,,,,,,,,,,,,,,,,,,,,,,,,,,,,,,,,,,,,,,,,,,,,,,,,,,,,,,,,,,,,,,,,,,,,,,,,,,,,,,,,,,,,,,,,,,,,,,,,,,,,,,,,,,,,,,,,,
,,,,,,,,,,,,,,,,,,,,,,,,,,,,,,,,,,,,,,,,,,,,,,,,,,,,,,,,,,,,,,,,,,,,,,,,,,,,,,,,,,,,,,,,,,,,,,,,,,,,,,,,,,,,,,,,,,,,,,,,,,,,,,,,,,,,,,,,,,,
,,,,,,,,,,,,,,,,,,,,,,,,,,,,,,,,,,,,,,,,,,,,,,,,,,,,,,,,,,,,,,,,,,,,,,,,,,,,,,,,,,,,,,,,,,,,,,,,,,,,,,,,,,,,,,,,,,,,,,,,,,,,,,,,,,,,,,,,,,,
,,,,,,,,,,,,,,,,,,,,,,,,,,,,,,,,,,,,,,,,,,,,,,,,,,,,,,,,,,,,,,,,,,,,,,,,,,,,,,,,,,,,,,,,,,,,,,,,,,,,,,,,,,,,,,,,,,,,,,,,,,,,,,,,,,,,,,,,,,,
,,,,,,,,,,,,,,,,,,,,,,,,,,,,,,,,,,,,,,,,,,,,,,,,,,,,,,,,,,,,,,,,,,,,,,,,,,,,,,,,,,,,,,,,,,,,,,,,,,,,,,,,,,,,,,,,,,,,,,,,,,,,,,,,,,,,,,,,,,,
,,,,,,,,,,,,,,,,,,,,,,,,,,,,,,,,,,,,,,,,,,,,,,,,,,,,,,,,,,,,,,,,,,,,,,,,,,,,,,,,,,,,,,,,,,,,,,,,,,,,,,,,,,,,,,,,,,,,,,,,,,,,,,,,,,,,,,,,,,,
,,,,,,,,,,,,,,,,,,,,,,,,,,,,,,,,,,,,,,,,,,,,,,,,,,,,,,,,,,,,,,,,,,,,,,,,,,,,,,,,,,,,,,,,,,,,,,,,,,,,,,,,,,,,,,,,,,,,,,,,,,,,,,,,,,,,,,,,,,,
,,,,,,,,,,,,,,,,,,,,,,,,,,,,,,,,,,,,,,,,,,,,,,,,,,,,,,,,,,,,,,,,,,,,,,,,,,,,,,,,,,,,,,,,,,,,,,,,,,,,,,,,,,,,,,,,,,,,,,,,,,,,,,,,,,,,,,,,,,,
,,,,,,,,,,,,,,,,,,,,,,,,,,,,,,,,,,,,,,,,,,,,,,,,,,,,,,,,,,,,,,,,,,,,,,,,,,,,,,,,,,,,,,,,,,,,,,,,,,,,,,,,,,,,,,,,,,,,,,,,,,,,,,,,,,,,,,,,,,,
,,,,,,,,,,,,,,,,,,,,,,,,,,,,,,,,,,,,,,,,,,,,,,,,,,,,,,,,,,,,,,,,,,,,,,,,,,,,,,,,,,,,,,,,,,,,,,,,,,,,,,,,,,,,,,,,,,,,,,,,,,,,,,,,,,,,,,,,,,,
,,,,,,,,,,,,,,,,,,,,,,,,,,,,,,,,,,,,,,,,,,,,,,,,,,,,,,,,,,,,,,,,,,,,,,,,,,,,,,,,,,,,,,,,,,,,,,,,,,,,,,,,,,,,,,,,,,,,,,,,,,,,,,,,,,,,,,,,,,,
,,,,,,,,,,,,,,,,,,,,,,,,,,,,,,,,,,,,,,,,,,,,,,,,,,,,,,,,,,,,,,,,,,,,,,,,,,,,,,,,,,,,,,,,,,,,,,,,,,,,,,,,,,,,,,,,,,,,,,,,,,,,,,,,,,,,,,,,,,,
,,,,,,,,,,,,,,,,,,,,,,,,,,,,,,,,,,,,,,,,,,,,,,,,,,,,,,,,,,,,,,,,,,,,,,,,,,,,,,,,,,,,,,,,,,,,,,,,,,,,,,,,,,,,,,,,,,,,,,,,,,,,,,,,,,,,,,,,,,,
,,,,,,,,,,,,,,,,,,,,,,,,,,,,,,,,,,,,,,,,,,,,,,,,,,,,,,,,,,,,,,,,,,,,,,,,,,,,,,,,,,,,,,,,,,,,,,,,,,,,,,,,,,,,,,,,,,,,,,,,,,,,,,,,,,,,,,,,,,,
,,,,,,,,,,,,,,,,,,,,,,,,,,,,,,,,,,,,,,,,,,,,,,,,,,,,,,,,,,,,,,,,,,,,,,,,,,,,,,,,,,,,,,,,,,,,,,,,,,,,,,,,,,,,,,,,,,,,,,,,,,,,,,,,,,,,,,,,,,,
,,,,,,,,,,,,,,,,,,,,,,,,,,,,,,,,,,,,,,,,,,,,,,,,,,,,,,,,,,,,,,,,,,,,,,,,,,,,,,,,,,,,,,,,,,,,,,,,,,,,,,,,,,,,,,,,,,,,,,,,,,,,,,,,,,,,,,,,,,,
,,,,,,,,,,,,,,,,,,,,,,,,,,,,,,,,,,,,,,,,,,,,,,,,,,,,,,,,,,,,,,,,,,,,,,,,,,,,,,,,,,,,,,,,,,,,,,,,,,,,,,,,,,,,,,,,,,,,,,,,,,,,,,,,,,,,,,,,,,,
,,,,,,,,,,,,,,,,,,,,,,,,,,,,,,,,,,,,,,,,,,,,,,,,,,,,,,,,,,,,,,,,,,,,,,,,,,,,,,,,,,,,,,,,,,,,,,,,,,,,,,,,,,,,,,,,,,,,,,,,,,,,,,,,,,,,,,,,,,,
,,,,,,,,,,,,,,,,,,,,,,,,,,,,,,,,,,,,,,,,,,,,,,,,,,,,,,,,,,,,,,,,,,,,,,,,,,,,,,,,,,,,,,,,,,,,,,,,,,,,,,,,,,,,,,,,,,,,,,,,,,,,,,,,,,,,,,,,,,,
,,,,,,,,,,,,,,,,,,,,,,,,,,,,,,,,,,,,,,,,,,,,,,,,,,,,,,,,,,,,,,,,,,,,,,,,,,,,,,,,,,,,,,,,,,,,,,,,,,,,,,,,,,,,,,,,,,,,,,,,,,,,,,,,,,,,,,,,,,,
,,,,,,,,,,,,,,,,,,,,,,,,,,,,,,,,,,,,,,,,,,,,,,,,,,,,,,,,,,,,,,,,,,,,,,,,,,,,,,,,,,,,,,,,,,,,,,,,,,,,,,,,,,,,,,,,,,,,,,,,,,,,,,,,,,,,,,,,,,,
,,,,,,,,,,,,,,,,,,,,,,,,,,,,,,,,,,,,,,,,,,,,,,,,,,,,,,,,,,,,,,,,,,,,,,,,,,,,,,,,,,,,,,,,,,,,,,,,,,,,,,,,,,,,,,,,,,,,,,,,,,,,,,,,,,,,,,,,,,,
,,,,,,,,,,,,,,,,,,,,,,,,,,,,,,,,,,,,,,,,,,,,,,,,,,,,,,,,,,,,,,,,,,,,,,,,,,,,,,,,,,,,,,,,,,,,,,,,,,,,,,,,,,,,,,,,,,,,,,,,,,,,,,,,,,,,,,,,,,,
,,,,,,,,,,,,,,,,,,,,,,,,,,,,,,,,,,,,,,,,,,,,,,,,,,,,,,,,,,,,,,,,,,,,,,,,,,,,,,,,,,,,,,,,,,,,,,,,,,,,,,,,,,,,,,,,,,,,,,,,,,,,,,,,,,,,,,,,,,,
,,,,,,,,,,,,,,,,,,,,,,,,,,,,,,,,,,,,,,,,,,,,,,,,,,,,,,,,,,,,,,,,,,,,,,,,,,,,,,,,,,,,,,,,,,,,,,,,,,,,,,,,,,,,,,,,,,,,,,,,,,,,,,,,,,,,,,,,,,,
,,,,,,,,,,,,,,,,,,,,,,,,,,,,,,,,,,,,,,,,,,,,,,,,,,,,,,,,,,,,,,,,,,,,,,,,,,,,,,,,,,,,,,,,,,,,,,,,,,,,,,,,,,,,,,,,,,,,,,,,,,,,,,,,,,,,,,,,,,,
,,,,,,,,,,,,,,,,,,,,,,,,,,,,,,,,,,,,,,,,,,,,,,,,,,,,,,,,,,,,,,,,,,,,,,,,,,,,,,,,,,,,,,,,,,,,,,,,,,,,,,,,,,,,,,,,,,,,,,,,,,,,,,,,,,,,,,,,,,,
,,,,,,,,,,,,,,,,,,,,,,,,,,,,,,,,,,,,,,,,,,,,,,,,,,,,,,,,,,,,,,,,,,,,,,,,,,,,,,,,,,,,,,,,,,,,,,,,,,,,,,,,,,,,,,,,,,,,,,,,,,,,,,,,,,,,,,,,,,,
,,,,,,,,,,,,,,,,,,,,,,,,,,,,,,,,,,,,,,,,,,,,,,,,,,,,,,,,,,,,,,,,,,,,,,,,,,,,,,,,,,,,,,,,,,,,,,,,,,,,,,,,,,,,,,,,,,,,,,,,,,,,,,,,,,,,,,,,,,,
,,,,,,,,,,,,,,,,,,,,,,,,,,,,,,,,,,,,,,,,,,,,,,,,,,,,,,,,,,,,,,,,,,,,,,,,,,,,,,,,,,,,,,,,,,,,,,,,,,,,,,,,,,,,,,,,,,,,,,,,,,,,,,,,,,,,,,,,,,,
,,,,,,,,,,,,,,,,,,,,,,,,,,,,,,,,,,,,,,,,,,,,,,,,,,,,,,,,,,,,,,,,,,,,,,,,,,,,,,,,,,,,,,,,,,,,,,,,,,,,,,,,,,,,,,,,,,,,,,,,,,,,,,,,,,,,,,,,,,,
,,,,,,,,,,,,,,,,,,,,,,,,,,,,,,,,,,,,,,,,,,,,,,,,,,,,,,,,,,,,,,,,,,,,,,,,,,,,,,,,,,,,,,,,,,,,,,,,,,,,,,,,,,,,,,,,,,,,,,,,,,,,,,,,,,,,,,,,,,,
,,,,,,,,,,,,,,,,,,,,,,,,,,,,,,,,,,,,,,,,,,,,,,,,,,,,,,,,,,,,,,,,,,,,,,,,,,,,,,,,,,,,,,,,,,,,,,,,,,,,,,,,,,,,,,,,,,,,,,,,,,,,,,,,,,,,,,,,,,,
,,,,,,,,,,,,,,,,,,,,,,,,,,,,,,,,,,,,,,,,,,,,,,,,,,,,,,,,,,,,,,,,,,,,,,,,,,,,,,,,,,,,,,,,,,,,,,,,,,,,,,,,,,,,,,,,,,,,,,,,,,,,,,,,,,,,,,,,,,,
,,,,,,,,,,,,,,,,,,,,,,,,,,,,,,,,,,,,,,,,,,,,,,,,,,,,,,,,,,,,,,,,,,,,,,,,,,,,,,,,,,,,,,,,,,,,,,,,,,,,,,,,,,,,,,,,,,,,,,,,,,,,,,,,,,,,,,,,,,,
,,,,,,,,,,,,,,,,,,,,,,,,,,,,,,,,,,,,,,,,,,,,,,,,,,,,,,,,,,,,,,,,,,,,,,,,,,,,,,,,,,,,,,,,,,,,,,,,,,,,,,,,,,,,,,,,,,,,,,,,,,,,,,,,,,,,,,,,,,,
,,,,,,,,,,,,,,,,,,,,,,,,,,,,,,,,,,,,,,,,,,,,,,,,,,,,,,,,,,,,,,,,,,,,,,,,,,,,,,,,,,,,,,,,,,,,,,,,,,,,,,,,,,,,,,,,,,,,,,,,,,,,,,,,,,,,,,,,,,,
,,,,,,,,,,,,,,,,,,,,,,,,,,,,,,,,,,,,,,,,,,,,,,,,,,,,,,,,,,,,,,,,,,,,,,,,,,,,,,,,,,,,,,,,,,,,,,,,,,,,,,,,,,,,,,,,,,,,,,,,,,,,,,,,,,,,,,,,,,,
,,,,,,,,,,,,,,,,,,,,,,,,,,,,,,,,,,,,,,,,,,,,,,,,,,,,,,,,,,,,,,,,,,,,,,,,,,,,,,,,,,,,,,,,,,,,,,,,,,,,,,,,,,,,,,,,,,,,,,,,,,,,,,,,,,,,,,,,,,,
,,,,,,,,,,,,,,,,,,,,,,,,,,,,,,,,,,,,,,,,,,,,,,,,,,,,,,,,,,,,,,,,,,,,,,,,,,,,,,,,,,,,,,,,,,,,,,,,,,,,,,,,,,,,,,,,,,,,,,,,,,,,,,,,,,,,,,,,,,,
,,,,,,,,,,,,,,,,,,,,,,,,,,,,,,,,,,,,,,,,,,,,,,,,,,,,,,,,,,,,,,,,,,,,,,,,,,,,,,,,,,,,,,,,,,,,,,,,,,,,,,,,,,,,,,,,,,,,,,,,,,,,,,,,,,,,,,,,,,,
,,,,,,,,,,,,,,,,,,,,,,,,,,,,,,,,,,,,,,,,,,,,,,,,,,,,,,,,,,,,,,,,,,,,,,,,,,,,,,,,,,,,,,,,,,,,,,,,,,,,,,,,,,,,,,,,,,,,,,,,,,,,,,,,,,,,,,,,,,,
,,,,,,,,,,,,,,,,,,,,,,,,,,,,,,,,,,,,,,,,,,,,,,,,,,,,,,,,,,,,,,,,,,,,,,,,,,,,,,,,,,,,,,,,,,,,,,,,,,,,,,,,,,,,,,,,,,,,,,,,,,,,,,,,,,,,,,,,,,,
,,,,,,,,,,,,,,,,,,,,,,,,,,,,,,,,,,,,,,,,,,,,,,,,,,,,,,,,,,,,,,,,,,,,,,,,,,,,,,,,,,,,,,,,,,,,,,,,,,,,,,,,,,,,,,,,,,,,,,,,,,,,,,,,,,,,,,,,,,,
,,,,,,,,,,,,,,,,,,,,,,,,,,,,,,,,,,,,,,,,,,,,,,,,,,,,,,,,,,,,,,,,,,,,,,,,,,,,,,,,,,,,,,,,,,,,,,,,,,,,,,,,,,,,,,,,,,,,,,,,,,,,,,,,,,,,,,,,,,,
,,,,,,,,,,,,,,,,,,,,,,,,,,,,,,,,,,,,,,,,,,,,,,,,,,,,,,,,,,,,,,,,,,,,,,,,,,,,,,,,,,,,,,,,,,,,,,,,,,,,,,,,,,,,,,,,,,,,,,,,,,,,,,,,,,,,,,,,,,,
,,,,,,,,,,,,,,,,,,,,,,,,,,,,,,,,,,,,,,,,,,,,,,,,,,,,,,,,,,,,,,,,,,,,,,,,,,,,,,,,,,,,,,,,,,,,,,,,,,,,,,,,,,,,,,,,,,,,,,,,,,,,,,,,,,,,,,,,,,,
,,,,,,,,,,,,,,,,,,,,,,,,,,,,,,,,,,,,,,,,,,,,,,,,,,,,,,,,,,,,,,,,,,,,,,,,,,,,,,,,,,,,,,,,,,,,,,,,,,,,,,,,,,,,,,,,,,,,,,,,,,,,,,,,,,,,,,,,,,,
,,,,,,,,,,,,,,,,,,,,,,,,,,,,,,,,,,,,,,,,,,,,,,,,,,,,,,,,,,,,,,,,,,,,,,,,,,,,,,,,,,,,,,,,,,,,,,,,,,,,,,,,,,,,,,,,,,,,,,,,,,,,,,,,,,,,,,,,,,,
,,,,,,,,,,,,,,,,,,,,,,,,,,,,,,,,,,,,,,,,,,,,,,,,,,,,,,,,,,,,,,,,,,,,,,,,,,,,,,,,,,,,,,,,,,,,,,,,,,,,,,,,,,,,,,,,,,,,,,,,,,,,,,,,,,,,,,,,,,,
,,,,,,,,,,,,,,,,,,,,,,,,,,,,,,,,,,,,,,,,,,,,,,,,,,,,,,,,,,,,,,,,,,,,,,,,,,,,,,,,,,,,,,,,,,,,,,,,,,,,,,,,,,,,,,,,,,,,,,,,,,,,,,,,,,,,,,,,,,,
,,,,,,,,,,,,,,,,,,,,,,,,,,,,,,,,,,,,,,,,,,,,,,,,,,,,,,,,,,,,,,,,,,,,,,,,,,,,,,,,,,,,,,,,,,,,,,,,,,,,,,,,,,,,,,,,,,,,,,,,,,,,,,,,,,,,,,,,,,,
,,,,,,,,,,,,,,,,,,,,,,,,,,,,,,,,,,,,,,,,,,,,,,,,,,,,,,,,,,,,,,,,,,,,,,,,,,,,,,,,,,,,,,,,,,,,,,,,,,,,,,,,,,,,,,,,,,,,,,,,,,,,,,,,,,,,,,,,,,,
,,,,,,,,,,,,,,,,,,,,,,,,,,,,,,,,,,,,,,,,,,,,,,,,,,,,,,,,,,,,,,,,,,,,,,,,,,,,,,,,,,,,,,,,,,,,,,,,,,,,,,,,,,,,,,,,,,,,,,,,,,,,,,,,,,,,,,,,,,,
,,,,,,,,,,,,,,,,,,,,,,,,,,,,,,,,,,,,,,,,,,,,,,,,,,,,,,,,,,,,,,,,,,,,,,,,,,,,,,,,,,,,,,,,,,,,,,,,,,,,,,,,,,,,,,,,,,,,,,,,,,,,,,,,,,,,,,,,,,,
,,,,,,,,,,,,,,,,,,,,,,,,,,,,,,,,,,,,,,,,,,,,,,,,,,,,,,,,,,,,,,,,,,,,,,,,,,,,,,,,,,,,,,,,,,,,,,,,,,,,,,,,,,,,,,,,,,,,,,,,,,,,,,,,,,,,,,,,,,,
,,,,,,,,,,,,,,,,,,,,,,,,,,,,,,,,,,,,,,,,,,,,,,,,,,,,,,,,,,,,,,,,,,,,,,,,,,,,,,,,,,,,,,,,,,,,,,,,,,,,,,,,,,,,,,,,,,,,,,,,,,,,,,,,,,,,,,,,,,,
,,,,,,,,,,,,,,,,,,,,,,,,,,,,,,,,,,,,,,,,,,,,,,,,,,,,,,,,,,,,,,,,,,,,,,,,,,,,,,,,,,,,,,,,,,,,,,,,,,,,,,,,,,,,,,,,,,,,,,,,,,,,,,,,,,,,,,,,,,,
,,,,,,,,,,,,,,,,,,,,,,,,,,,,,,,,,,,,,,,,,,,,,,,,,,,,,,,,,,,,,,,,,,,,,,,,,,,,,,,,,,,,,,,,,,,,,,,,,,,,,,,,,,,,,,,,,,,,,,,,,,,,,,,,,,,,,,,,,,,
,,,,,,,,,,,,,,,,,,,,,,,,,,,,,,,,,,,,,,,,,,,,,,,,,,,,,,,,,,,,,,,,,,,,,,,,,,,,,,,,,,,,,,,,,,,,,,,,,,,,,,,,,,,,,,,,,,,,,,,,,,,,,,,,,,,,,,,,,,,
,,,,,,,,,,,,,,,,,,,,,,,,,,,,,,,,,,,,,,,,,,,,,,,,,,,,,,,,,,,,,,,,,,,,,,,,,,,,,,,,,,,,,,,,,,,,,,,,,,,,,,,,,,,,,,,,,,,,,,,,,,,,,,,,,,,,,,,,,,,
,,,,,,,,,,,,,,,,,,,,,,,,,,,,,,,,,,,,,,,,,,,,,,,,,,,,,,,,,,,,,,,,,,,,,,,,,,,,,,,,,,,,,,,,,,,,,,,,,,,,,,,,,,,,,,,,,,,,,,,,,,,,,,,,,,,,,,,,,,,
,,,,,,,,,,,,,,,,,,,,,,,,,,,,,,,,,,,,,,,,,,,,,,,,,,,,,,,,,,,,,,,,,,,,,,,,,,,,,,,,,,,,,,,,,,,,,,,,,,,,,,,,,,,,,,,,,,,,,,,,,,,,,,,,,,,,,,,,,,,
,,,,,,,,,,,,,,,,,,,,,,,,,,,,,,,,,,,,,,,,,,,,,,,,,,,,,,,,,,,,,,,,,,,,,,,,,,,,,,,,,,,,,,,,,,,,,,,,,,,,,,,,,,,,,,,,,,,,,,,,,,,,,,,,,,,,,,,,,,,
,,,,,,,,,,,,,,,,,,,,,,,,,,,,,,,,,,,,,,,,,,,,,,,,,,,,,,,,,,,,,,,,,,,,,,,,,,,,,,,,,,,,,,,,,,,,,,,,,,,,,,,,,,,,,,,,,,,,,,,,,,,,,,,,,,,,,,,,,,,
,,,,,,,,,,,,,,,,,,,,,,,,,,,,,,,,,,,,,,,,,,,,,,,,,,,,,,,,,,,,,,,,,,,,,,,,,,,,,,,,,,,,,,,,,,,,,,,,,,,,,,,,,,,,,,,,,,,,,,,,,,,,,,,,,,,,,,,,,,,
,,,,,,,,,,,,,,,,,,,,,,,,,,,,,,,,,,,,,,,,,,,,,,,,,,,,,,,,,,,,,,,,,,,,,,,,,,,,,,,,,,,,,,,,,,,,,,,,,,,,,,,,,,,,,,,,,,,,,,,,,,,,,,,,,,,,,,,,,,,
,,,,,,,,,,,,,,,,,,,,,,,,,,,,,,,,,,,,,,,,,,,,,,,,,,,,,,,,,,,,,,,,,,,,,,,,,,,,,,,,,,,,,,,,,,,,,,,,,,,,,,,,,,,,,,,,,,,,,,,,,,,,,,,,,,,,,,,,,,,
,,,,,,,,,,,,,,,,,,,,,,,,,,,,,,,,,,,,,,,,,,,,,,,,,,,,,,,,,,,,,,,,,,,,,,,,,,,,,,,,,,,,,,,,,,,,,,,,,,,,,,,,,,,,,,,,,,,,,,,,,,,,,,,,,,,,,,,,,,,
,,,,,,,,,,,,,,,,,,,,,,,,,,,,,,,,,,,,,,,,,,,,,,,,,,,,,,,,,,,,,,,,,,,,,,,,,,,,,,,,,,,,,,,,,,,,,,,,,,,,,,,,,,,,,,,,,,,,,,,,,,,,,,,,,,,,,,,,,,,
,,,,,,,,,,,,,,,,,,,,,,,,,,,,,,,,,,,,,,,,,,,,,,,,,,,,,,,,,,,,,,,,,,,,,,,,,,,,,,,,,,,,,,,,,,,,,,,,,,,,,,,,,,,,,,,,,,,,,,,,,,,,,,,,,,,,,,,,,,,
,,,,,,,,,,,,,,,,,,,,,,,,,,,,,,,,,,,,,,,,,,,,,,,,,,,,,,,,,,,,,,,,,,,,,,,,,,,,,,,,,,,,,,,,,,,,,,,,,,,,,,,,,,,,,,,,,,,,,,,,,,,,,,,,,,,,,,,,,,,
,,,,,,,,,,,,,,,,,,,,,,,,,,,,,,,,,,,,,,,,,,,,,,,,,,,,,,,,,,,,,,,,,,,,,,,,,,,,,,,,,,,,,,,,,,,,,,,,,,,,,,,,,,,,,,,,,,,,,,,,,,,,,,,,,,,,,,,,,,,
,,,,,,,,,,,,,,,,,,,,,,,,,,,,,,,,,,,,,,,,,,,,,,,,,,,,,,,,,,,,,,,,,,,,,,,,,,,,,,,,,,,,,,,,,,,,,,,,,,,,,,,,,,,,,,,,,,,,,,,,,,,,,,,,,,,,,,,,,,,
,,,,,,,,,,,,,,,,,,,,,,,,,,,,,,,,,,,,,,,,,,,,,,,,,,,,,,,,,,,,,,,,,,,,,,,,,,,,,,,,,,,,,,,,,,,,,,,,,,,,,,,,,,,,,,,,,,,,,,,,,,,,,,,,,,,,,,,,,,,
,,,,,,,,,,,,,,,,,,,,,,,,,,,,,,,,,,,,,,,,,,,,,,,,,,,,,,,,,,,,,,,,,,,,,,,,,,,,,,,,,,,,,,,,,,,,,,,,,,,,,,,,,,,,,,,,,,,,,,,,,,,,,,,,,,,,,,,,,,,
,,,,,,,,,,,,,,,,,,,,,,,,,,,,,,,,,,,,,,,,,,,,,,,,,,,,,,,,,,,,,,,,,,,,,,,,,,,,,,,,,,,,,,,,,,,,,,,,,,,,,,,,,,,,,,,,,,,,,,,,,,,,,,,,,,,,,,,,,,,
,,,,,,,,,,,,,,,,,,,,,,,,,,,,,,,,,,,,,,,,,,,,,,,,,,,,,,,,,,,,,,,,,,,,,,,,,,,,,,,,,,,,,,,,,,,,,,,,,,,,,,,,,,,,,,,,,,,,,,,,,,,,,,,,,,,,,,,,,,,
,,,,,,,,,,,,,,,,,,,,,,,,,,,,,,,,,,,,,,,,,,,,,,,,,,,,,,,,,,,,,,,,,,,,,,,,,,,,,,,,,,,,,,,,,,,,,,,,,,,,,,,,,,,,,,,,,,,,,,,,,,,,,,,,,,,,,,,,,,,
,,,,,,,,,,,,,,,,,,,,,,,,,,,,,,,,,,,,,,,,,,,,,,,,,,,,,,,,,,,,,,,,,,,,,,,,,,,,,,,,,,,,,,,,,,,,,,,,,,,,,,,,,,,,,,,,,,,,,,,,,,,,,,,,,,,,,,,,,,,
,,,,,,,,,,,,,,,,,,,,,,,,,,,,,,,,,,,,,,,,,,,,,,,,,,,,,,,,,,,,,,,,,,,,,,,,,,,,,,,,,,,,,,,,,,,,,,,,,,,,,,,,,,,,,,,,,,,,,,,,,,,,,,,,,,,,,,,,,,,
,,,,,,,,,,,,,,,,,,,,,,,,,,,,,,,,,,,,,,,,,,,,,,,,,,,,,,,,,,,,,,,,,,,,,,,,,,,,,,,,,,,,,,,,,,,,,,,,,,,,,,,,,,,,,,,,,,,,,,,,,,,,,,,,,,,,,,,,,,,
,,,,,,,,,,,,,,,,,,,,,,,,,,,,,,,,,,,,,,,,,,,,,,,,,,,,,,,,,,,,,,,,,,,,,,,,,,,,,,,,,,,,,,,,,,,,,,,,,,,,,,,,,,,,,,,,,,,,,,,,,,,,,,,,,,,,,,,,,,,
,,,,,,,,,,,,,,,,,,,,,,,,,,,,,,,,,,,,,,,,,,,,,,,,,,,,,,,,,,,,,,,,,,,,,,,,,,,,,,,,,,,,,,,,,,,,,,,,,,,,,,,,,,,,,,,,,,,,,,,,,,,,,,,,,,,,,,,,,,,
,,,,,,,,,,,,,,,,,,,,,,,,,,,,,,,,,,,,,,,,,,,,,,,,,,,,,,,,,,,,,,,,,,,,,,,,,,,,,,,,,,,,,,,,,,,,,,,,,,,,,,,,,,,,,,,,,,,,,,,,,,,,,,,,,,,,,,,,,,,
,,,,,,,,,,,,,,,,,,,,,,,,,,,,,,,,,,,,,,,,,,,,,,,,,,,,,,,,,,,,,,,,,,,,,,,,,,,,,,,,,,,,,,,,,,,,,,,,,,,,,,,,,,,,,,,,,,,,,,,,,,,,,,,,,,,,,,,,,,,
,,,,,,,,,,,,,,,,,,,,,,,,,,,,,,,,,,,,,,,,,,,,,,,,,,,,,,,,,,,,,,,,,,,,,,,,,,,,,,,,,,,,,,,,,,,,,,,,,,,,,,,,,,,,,,,,,,,,,,,,,,,,,,,,,,,,,,,,,,,
,,,,,,,,,,,,,,,,,,,,,,,,,,,,,,,,,,,,,,,,,,,,,,,,,,,,,,,,,,,,,,,,,,,,,,,,,,,,,,,,,,,,,,,,,,,,,,,,,,,,,,,,,,,,,,,,,,,,,,,,,,,,,,,,,,,,,,,,,,,
,,,,,,,,,,,,,,,,,,,,,,,,,,,,,,,,,,,,,,,,,,,,,,,,,,,,,,,,,,,,,,,,,,,,,,,,,,,,,,,,,,,,,,,,,,,,,,,,,,,,,,,,,,,,,,,,,,,,,,,,,,,,,,,,,,,,,,,,,,,
,,,,,,,,,,,,,,,,,,,,,,,,,,,,,,,,,,,,,,,,,,,,,,,,,,,,,,,,,,,,,,,,,,,,,,,,,,,,,,,,,,,,,,,,,,,,,,,,,,,,,,,,,,,,,,,,,,,,,,,,,,,,,,,,,,,,,,,,,,,
,,,,,,,,,,,,,,,,,,,,,,,,,,,,,,,,,,,,,,,,,,,,,,,,,,,,,,,,,,,,,,,,,,,,,,,,,,,,,,,,,,,,,,,,,,,,,,,,,,,,,,,,,,,,,,,,,,,,,,,,,,,,,,,,,,,,,,,,,,,
,,,,,,,,,,,,,,,,,,,,,,,,,,,,,,,,,,,,,,,,,,,,,,,,,,,,,,,,,,,,,,,,,,,,,,,,,,,,,,,,,,,,,,,,,,,,,,,,,,,,,,,,,,,,,,,,,,,,,,,,,,,,,,,,,,,,,,,,,,,
,,,,,,,,,,,,,,,,,,,,,,,,,,,,,,,,,,,,,,,,,,,,,,,,,,,,,,,,,,,,,,,,,,,,,,,,,,,,,,,,,,,,,,,,,,,,,,,,,,,,,,,,,,,,,,,,,,,,,,,,,,,,,,,,,,,,,,,,,,,
,,,,,,,,,,,,,,,,,,,,,,,,,,,,,,,,,,,,,,,,,,,,,,,,,,,,,,,,,,,,,,,,,,,,,,,,,,,,,,,,,,,,,,,,,,,,,,,,,,,,,,,,,,,,,,,,,,,,,,,,,,,,,,,,,,,,,,,,,,,
,,,,,,,,,,,,,,,,,,,,,,,,,,,,,,,,,,,,,,,,,,,,,,,,,,,,,,,,,,,,,,,,,,,,,,,,,,,,,,,,,,,,,,,,,,,,,,,,,,,,,,,,,,,,,,,,,,,,,,,,,,,,,,,,,,,,,,,,,,,
,,,,,,,,,,,,,,,,,,,,,,,,,,,,,,,,,,,,,,,,,,,,,,,,,,,,,,,,,,,,,,,,,,,,,,,,,,,,,,,,,,,,,,,,,,,,,,,,,,,,,,,,,,,,,,,,,,,,,,,,,,,,,,,,,,,,,,,,,,,
,,,,,,,,,,,,,,,,,,,,,,,,,,,,,,,,,,,,,,,,,,,,,,,,,,,,,,,,,,,,,,,,,,,,,,,,,,,,,,,,,,,,,,,,,,,,,,,,,,,,,,,,,,,,,,,,,,,,,,,,,,,,,,,,,,,,,,,,,,,
,,,,,,,,,,,,,,,,,,,,,,,,,,,,,,,,,,,,,,,,,,,,,,,,,,,,,,,,,,,,,,,,,,,,,,,,,,,,,,,,,,,,,,,,,,,,,,,,,,,,,,,,,,,,,,,,,,,,,,,,,,,,,,,,,,,,,,,,,,,
,,,,,,,,,,,,,,,,,,,,,,,,,,,,,,,,,,,,,,,,,,,,,,,,,,,,,,,,,,,,,,,,,,,,,,,,,,,,,,,,,,,,,,,,,,,,,,,,,,,,,,,,,,,,,,,,,,,,,,,,,,,,,,,,,,,,,,,,,,,
,,,,,,,,,,,,,,,,,,,,,,,,,,,,,,,,,,,,,,,,,,,,,,,,,,,,,,,,,,,,,,,,,,,,,,,,,,,,,,,,,,,,,,,,,,,,,,,,,,,,,,,,,,,,,,,,,,,,,,,,,,,,,,,,,,,,,,,,,,,
,,,,,,,,,,,,,,,,,,,,,,,,,,,,,,,,,,,,,,,,,,,,,,,,,,,,,,,,,,,,,,,,,,,,,,,,,,,,,,,,,,,,,,,,,,,,,,,,,,,,,,,,,,,,,,,,,,,,,,,,,,,,,,,,,,,,,,,,,,,
,,,,,,,,,,,,,,,,,,,,,,,,,,,,,,,,,,,,,,,,,,,,,,,,,,,,,,,,,,,,,,,,,,,,,,,,,,,,,,,,,,,,,,,,,,,,,,,,,,,,,,,,,,,,,,,,,,,,,,,,,,,,,,,,,,,,,,,,,,,
,,,,,,,,,,,,,,,,,,,,,,,,,,,,,,,,,,,,,,,,,,,,,,,,,,,,,,,,,,,,,,,,,,,,,,,,,,,,,,,,,,,,,,,,,,,,,,,,,,,,,,,,,,,,,,,,,,,,,,,,,,,,,,,,,,,,,,,,,,,
,,,,,,,,,,,,,,,,,,,,,,,,,,,,,,,,,,,,,,,,,,,,,,,,,,,,,,,,,,,,,,,,,,,,,,,,,,,,,,,,,,,,,,,,,,,,,,,,,,,,,,,,,,,,,,,,,,,,,,,,,,,,,,,,,,,,,,,,,,,
,,,,,,,,,,,,,,,,,,,,,,,,,,,,,,,,,,,,,,,,,,,,,,,,,,,,,,,,,,,,,,,,,,,,,,,,,,,,,,,,,,,,,,,,,,,,,,,,,,,,,,,,,,,,,,,,,,,,,,,,,,,,,,,,,,,,,,,,,,,
,,,,,,,,,,,,,,,,,,,,,,,,,,,,,,,,,,,,,,,,,,,,,,,,,,,,,,,,,,,,,,,,,,,,,,,,,,,,,,,,,,,,,,,,,,,,,,,,,,,,,,,,,,,,,,,,,,,,,,,,,,,,,,,,,,,,,,,,,,,
,,,,,,,,,,,,,,,,,,,,,,,,,,,,,,,,,,,,,,,,,,,,,,,,,,,,,,,,,,,,,,,,,,,,,,,,,,,,,,,,,,,,,,,,,,,,,,,,,,,,,,,,,,,,,,,,,,,,,,,,,,,,,,,,,,,,,,,,,,,
,,,,,,,,,,,,,,,,,,,,,,,,,,,,,,,,,,,,,,,,,,,,,,,,,,,,,,,,,,,,,,,,,,,,,,,,,,,,,,,,,,,,,,,,,,,,,,,,,,,,,,,,,,,,,,,,,,,,,,,,,,,,,,,,,,,,,,,,,,,
,,,,,,,,,,,,,,,,,,,,,,,,,,,,,,,,,,,,,,,,,,,,,,,,,,,,,,,,,,,,,,,,,,,,,,,,,,,,,,,,,,,,,,,,,,,,,,,,,,,,,,,,,,,,,,,,,,,,,,,,,,,,,,,,,,,,,,,,,,,
,,,,,,,,,,,,,,,,,,,,,,,,,,,,,,,,,,,,,,,,,,,,,,,,,,,,,,,,,,,,,,,,,,,,,,,,,,,,,,,,,,,,,,,,,,,,,,,,,,,,,,,,,,,,,,,,,,,,,,,,,,,,,,,,,,,,,,,,,,,
,,,,,,,,,,,,,,,,,,,,,,,,,,,,,,,,,,,,,,,,,,,,,,,,,,,,,,,,,,,,,,,,,,,,,,,,,,,,,,,,,,,,,,,,,,,,,,,,,,,,,,,,,,,,,,,,,,,,,,,,,,,,,,,,,,,,,,,,,,,
,,,,,,,,,,,,,,,,,,,,,,,,,,,,,,,,,,,,,,,,,,,,,,,,,,,,,,,,,,,,,,,,,,,,,,,,,,,,,,,,,,,,,,,,,,,,,,,,,,,,,,,,,,,,,,,,,,,,,,,,,,,,,,,,,,,,,,,,,,,
,,,,,,,,,,,,,,,,,,,,,,,,,,,,,,,,,,,,,,,,,,,,,,,,,,,,,,,,,,,,,,,,,,,,,,,,,,,,,,,,,,,,,,,,,,,,,,,,,,,,,,,,,,,,,,,,,,,,,,,,,,,,,,,,,,,,,,,,,,,
,,,,,,,,,,,,,,,,,,,,,,,,,,,,,,,,,,,,,,,,,,,,,,,,,,,,,,,,,,,,,,,,,,,,,,,,,,,,,,,,,,,,,,,,,,,,,,,,,,,,,,,,,,,,,,,,,,,,,,,,,,,,,,,,,,,,,,,,,,,
,,,,,,,,,,,,,,,,,,,,,,,,,,,,,,,,,,,,,,,,,,,,,,,,,,,,,,,,,,,,,,,,,,,,,,,,,,,,,,,,,,,,,,,,,,,,,,,,,,,,,,,,,,,,,,,,,,,,,,,,,,,,,,,,,,,,,,,,,,,
,,,,,,,,,,,,,,,,,,,,,,,,,,,,,,,,,,,,,,,,,,,,,,,,,,,,,,,,,,,,,,,,,,,,,,,,,,,,,,,,,,,,,,,,,,,,,,,,,,,,,,,,,,,,,,,,,,,,,,,,,,,,,,,,,,,,,,,,,,,
,,,,,,,,,,,,,,,,,,,,,,,,,,,,,,,,,,,,,,,,,,,,,,,,,,,,,,,,,,,,,,,,,,,,,,,,,,,,,,,,,,,,,,,,,,,,,,,,,,,,,,,,,,,,,,,,,,,,,,,,,,,,,,,,,,,,,,,,,,,
,,,,,,,,,,,,,,,,,,,,,,,,,,,,,,,,,,,,,,,,,,,,,,,,,,,,,,,,,,,,,,,,,,,,,,,,,,,,,,,,,,,,,,,,,,,,,,,,,,,,,,,,,,,,,,,,,,,,,,,,,,,,,,,,,,,,,,,,,,,
,,,,,,,,,,,,,,,,,,,,,,,,,,,,,,,,,,,,,,,,,,,,,,,,,,,,,,,,,,,,,,,,,,,,,,,,,,,,,,,,,,,,,,,,,,,,,,,,,,,,,,,,,,,,,,,,,,,,,,,,,,,,,,,,,,,,,,,,,,,
,,,,,,,,,,,,,,,,,,,,,,,,,,,,,,,,,,,,,,,,,,,,,,,,,,,,,,,,,,,,,,,,,,,,,,,,,,,,,,,,,,,,,,,,,,,,,,,,,,,,,,,,,,,,,,,,,,,,,,,,,,,,,,,,,,,,,,,,,,,
,,,,,,,,,,,,,,,,,,,,,,,,,,,,,,,,,,,,,,,,,,,,,,,,,,,,,,,,,,,,,,,,,,,,,,,,,,,,,,,,,,,,,,,,,,,,,,,,,,,,,,,,,,,,,,,,,,,,,,,,,,,,,,,,,,,,,,,,,,,
,,,,,,,,,,,,,,,,,,,,,,,,,,,,,,,,,,,,,,,,,,,,,,,,,,,,,,,,,,,,,,,,,,,,,,,,,,,,,,,,,,,,,,,,,,,,,,,,,,,,,,,,,,,,,,,,,,,,,,,,,,,,,,,,,,,,,,,,,,,
,,,,,,,,,,,,,,,,,,,,,,,,,,,,,,,,,,,,,,,,,,,,,,,,,,,,,,,,,,,,,,,,,,,,,,,,,,,,,,,,,,,,,,,,,,,,,,,,,,,,,,,,,,,,,,,,,,,,,,,,,,,,,,,,,,,,,,,,,,,
,,,,,,,,,,,,,,,,,,,,,,,,,,,,,,,,,,,,,,,,,,,,,,,,,,,,,,,,,,,,,,,,,,,,,,,,,,,,,,,,,,,,,,,,,,,,,,,,,,,,,,,,,,,,,,,,,,,,,,,,,,,,,,,,,,,,,,,,,,,
,,,,,,,,,,,,,,,,,,,,,,,,,,,,,,,,,,,,,,,,,,,,,,,,,,,,,,,,,,,,,,,,,,,,,,,,,,,,,,,,,,,,,,,,,,,,,,,,,,,,,,,,,,,,,,,,,,,,,,,,,,,,,,,,,,,,,,,,,,,
,,,,,,,,,,,,,,,,,,,,,,,,,,,,,,,,,,,,,,,,,,,,,,,,,,,,,,,,,,,,,,,,,,,,,,,,,,,,,,,,,,,,,,,,,,,,,,,,,,,,,,,,,,,,,,,,,,,,,,,,,,,,,,,,,,,,,,,,,,,
,,,,,,,,,,,,,,,,,,,,,,,,,,,,,,,,,,,,,,,,,,,,,,,,,,,,,,,,,,,,,,,,,,,,,,,,,,,,,,,,,,,,,,,,,,,,,,,,,,,,,,,,,,,,,,,,,,,,,,,,,,,,,,,,,,,,,,,,,,,
,,,,,,,,,,,,,,,,,,,,,,,,,,,,,,,,,,,,,,,,,,,,,,,,,,,,,,,,,,,,,,,,,,,,,,,,,,,,,,,,,,,,,,,,,,,,,,,,,,,,,,,,,,,,,,,,,,,,,,,,,,,,,,,,,,,,,,,,,,,
,,,,,,,,,,,,,,,,,,,,,,,,,,,,,,,,,,,,,,,,,,,,,,,,,,,,,,,,,,,,,,,,,,,,,,,,,,,,,,,,,,,,,,,,,,,,,,,,,,,,,,,,,,,,,,,,,,,,,,,,,,,,,,,,,,,,,,,,,,,
,,,,,,,,,,,,,,,,,,,,,,,,,,,,,,,,,,,,,,,,,,,,,,,,,,,,,,,,,,,,,,,,,,,,,,,,,,,,,,,,,,,,,,,,,,,,,,,,,,,,,,,,,,,,,,,,,,,,,,,,,,,,,,,,,,,,,,,,,,,
,,,,,,,,,,,,,,,,,,,,,,,,,,,,,,,,,,,,,,,,,,,,,,,,,,,,,,,,,,,,,,,,,,,,,,,,,,,,,,,,,,,,,,,,,,,,,,,,,,,,,,,,,,,,,,,,,,,,,,,,,,,,,,,,,,,,,,,,,,,
,,,,,,,,,,,,,,,,,,,,,,,,,,,,,,,,,,,,,,,,,,,,,,,,,,,,,,,,,,,,,,,,,,,,,,,,,,,,,,,,,,,,,,,,,,,,,,,,,,,,,,,,,,,,,,,,,,,,,,,,,,,,,,,,,,,,,,,,,,,
,,,,,,,,,,,,,,,,,,,,,,,,,,,,,,,,,,,,,,,,,,,,,,,,,,,,,,,,,,,,,,,,,,,,,,,,,,,,,,,,,,,,,,,,,,,,,,,,,,,,,,,,,,,,,,,,,,,,,,,,,,,,,,,,,,,,,,,,,,,
,,,,,,,,,,,,,,,,,,,,,,,,,,,,,,,,,,,,,,,,,,,,,,,,,,,,,,,,,,,,,,,,,,,,,,,,,,,,,,,,,,,,,,,,,,,,,,,,,,,,,,,,,,,,,,,,,,,,,,,,,,,,,,,,,,,,,,,,,,,
,,,,,,,,,,,,,,,,,,,,,,,,,,,,,,,,,,,,,,,,,,,,,,,,,,,,,,,,,,,,,,,,,,,,,,,,,,,,,,,,,,,,,,,,,,,,,,,,,,,,,,,,,,,,,,,,,,,,,,,,,,,,,,,,,,,,,,,,,,,
,,,,,,,,,,,,,,,,,,,,,,,,,,,,,,,,,,,,,,,,,,,,,,,,,,,,,,,,,,,,,,,,,,,,,,,,,,,,,,,,,,,,,,,,,,,,,,,,,,,,,,,,,,,,,,,,,,,,,,,,,,,,,,,,,,,,,,,,,,,
,,,,,,,,,,,,,,,,,,,,,,,,,,,,,,,,,,,,,,,,,,,,,,,,,,,,,,,,,,,,,,,,,,,,,,,,,,,,,,,,,,,,,,,,,,,,,,,,,,,,,,,,,,,,,,,,,,,,,,,,,,,,,,,,,,,,,,,,,,,
,,,,,,,,,,,,,,,,,,,,,,,,,,,,,,,,,,,,,,,,,,,,,,,,,,,,,,,,,,,,,,,,,,,,,,,,,,,,,,,,,,,,,,,,,,,,,,,,,,,,,,,,,,,,,,,,,,,,,,,,,,,,,,,,,,,,,,,,,,,
,,,,,,,,,,,,,,,,,,,,,,,,,,,,,,,,,,,,,,,,,,,,,,,,,,,,,,,,,,,,,,,,,,,,,,,,,,,,,,,,,,,,,,,,,,,,,,,,,,,,,,,,,,,,,,,,,,,,,,,,,,,,,,,,,,,,,,,,,,,
,,,,,,,,,,,,,,,,,,,,,,,,,,,,,,,,,,,,,,,,,,,,,,,,,,,,,,,,,,,,,,,,,,,,,,,,,,,,,,,,,,,,,,,,,,,,,,,,,,,,,,,,,,,,,,,,,,,,,,,,,,,,,,,,,,,,,,,,,,,
,,,,,,,,,,,,,,,,,,,,,,,,,,,,,,,,,,,,,,,,,,,,,,,,,,,,,,,,,,,,,,,,,,,,,,,,,,,,,,,,,,,,,,,,,,,,,,,,,,,,,,,,,,,,,,,,,,,,,,,,,,,,,,,,,,,,,,,,,,,
,,,,,,,,,,,,,,,,,,,,,,,,,,,,,,,,,,,,,,,,,,,,,,,,,,,,,,,,,,,,,,,,,,,,,,,,,,,,,,,,,,,,,,,,,,,,,,,,,,,,,,,,,,,,,,,,,,,,,,,,,,,,,,,,,,,,,,,,,,,
,,,,,,,,,,,,,,,,,,,,,,,,,,,,,,,,,,,,,,,,,,,,,,,,,,,,,,,,,,,,,,,,,,,,,,,,,,,,,,,,,,,,,,,,,,,,,,,,,,,,,,,,,,,,,,,,,,,,,,,,,,,,,,,,,,,,,,,,,,,
,,,,,,,,,,,,,,,,,,,,,,,,,,,,,,,,,,,,,,,,,,,,,,,,,,,,,,,,,,,,,,,,,,,,,,,,,,,,,,,,,,,,,,,,,,,,,,,,,,,,,,,,,,,,,,,,,,,,,,,,,,,,,,,,,,,,,,,,,,,
,,,,,,,,,,,,,,,,,,,,,,,,,,,,,,,,,,,,,,,,,,,,,,,,,,,,,,,,,,,,,,,,,,,,,,,,,,,,,,,,,,,,,,,,,,,,,,,,,,,,,,,,,,,,,,,,,,,,,,,,,,,,,,,,,,,,,,,,,,,
,,,,,,,,,,,,,,,,,,,,,,,,,,,,,,,,,,,,,,,,,,,,,,,,,,,,,,,,,,,,,,,,,,,,,,,,,,,,,,,,,,,,,,,,,,,,,,,,,,,,,,,,,,,,,,,,,,,,,,,,,,,,,,,,,,,,,,,,,,,
,,,,,,,,,,,,,,,,,,,,,,,,,,,,,,,,,,,,,,,,,,,,,,,,,,,,,,,,,,,,,,,,,,,,,,,,,,,,,,,,,,,,,,,,,,,,,,,,,,,,,,,,,,,,,,,,,,,,,,,,,,,,,,,,,,,,,,,,,,,
,,,,,,,,,,,,,,,,,,,,,,,,,,,,,,,,,,,,,,,,,,,,,,,,,,,,,,,,,,,,,,,,,,,,,,,,,,,,,,,,,,,,,,,,,,,,,,,,,,,,,,,,,,,,,,,,,,,,,,,,,,,,,,,,,,,,,,,,,,,
,,,,,,,,,,,,,,,,,,,,,,,,,,,,,,,,,,,,,,,,,,,,,,,,,,,,,,,,,,,,,,,,,,,,,,,,,,,,,,,,,,,,,,,,,,,,,,,,,,,,,,,,,,,,,,,,,,,,,,,,,,,,,,,,,,,,,,,,,,,
,,,,,,,,,,,,,,,,,,,,,,,,,,,,,,,,,,,,,,,,,,,,,,,,,,,,,,,,,,,,,,,,,,,,,,,,,,,,,,,,,,,,,,,,,,,,,,,,,,,,,,,,,,,,,,,,,,,,,,,,,,,,,,,,,,,,,,,,,,,
,,,,,,,,,,,,,,,,,,,,,,,,,,,,,,,,,,,,,,,,,,,,,,,,,,,,,,,,,,,,,,,,,,,,,,,,,,,,,,,,,,,,,,,,,,,,,,,,,,,,,,,,,,,,,,,,,,,,,,,,,,,,,,,,,,,,,,,,,,,
,,,,,,,,,,,,,,,,,,,,,,,,,,,,,,,,,,,,,,,,,,,,,,,,,,,,,,,,,,,,,,,,,,,,,,,,,,,,,,,,,,,,,,,,,,,,,,,,,,,,,,,,,,,,,,,,,,,,,,,,,,,,,,,,,,,,,,,,,,,
,,,,,,,,,,,,,,,,,,,,,,,,,,,,,,,,,,,,,,,,,,,,,,,,,,,,,,,,,,,,,,,,,,,,,,,,,,,,,,,,,,,,,,,,,,,,,,,,,,,,,,,,,,,,,,,,,,,,,,,,,,,,,,,,,,,,,,,,,,,
,,,,,,,,,,,,,,,,,,,,,,,,,,,,,,,,,,,,,,,,,,,,,,,,,,,,,,,,,,,,,,,,,,,,,,,,,,,,,,,,,,,,,,,,,,,,,,,,,,,,,,,,,,,,,,,,,,,,,,,,,,,,,,,,,,,,,,,,,,,
,,,,,,,,,,,,,,,,,,,,,,,,,,,,,,,,,,,,,,,,,,,,,,,,,,,,,,,,,,,,,,,,,,,,,,,,,,,,,,,,,,,,,,,,,,,,,,,,,,,,,,,,,,,,,,,,,,,,,,,,,,,,,,,,,,,,,,,,,,,
,,,,,,,,,,,,,,,,,,,,,,,,,,,,,,,,,,,,,,,,,,,,,,,,,,,,,,,,,,,,,,,,,,,,,,,,,,,,,,,,,,,,,,,,,,,,,,,,,,,,,,,,,,,,,,,,,,,,,,,,,,,,,,,,,,,,,,,,,,,
,,,,,,,,,,,,,,,,,,,,,,,,,,,,,,,,,,,,,,,,,,,,,,,,,,,,,,,,,,,,,,,,,,,,,,,,,,,,,,,,,,,,,,,,,,,,,,,,,,,,,,,,,,,,,,,,,,,,,,,,,,,,,,,,,,,,,,,,,,,
,,,,,,,,,,,,,,,,,,,,,,,,,,,,,,,,,,,,,,,,,,,,,,,,,,,,,,,,,,,,,,,,,,,,,,,,,,,,,,,,,,,,,,,,,,,,,,,,,,,,,,,,,,,,,,,,,,,,,,,,,,,,,,,,,,,,,,,,,,,
,,,,,,,,,,,,,,,,,,,,,,,,,,,,,,,,,,,,,,,,,,,,,,,,,,,,,,,,,,,,,,,,,,,,,,,,,,,,,,,,,,,,,,,,,,,,,,,,,,,,,,,,,,,,,,,,,,,,,,,,,,,,,,,,,,,,,,,,,,,
,,,,,,,,,,,,,,,,,,,,,,,,,,,,,,,,,,,,,,,,,,,,,,,,,,,,,,,,,,,,,,,,,,,,,,,,,,,,,,,,,,,,,,,,,,,,,,,,,,,,,,,,,,,,,,,,,,,,,,,,,,,,,,,,,,,,,,,,,,,
,,,,,,,,,,,,,,,,,,,,,,,,,,,,,,,,,,,,,,,,,,,,,,,,,,,,,,,,,,,,,,,,,,,,,,,,,,,,,,,,,,,,,,,,,,,,,,,,,,,,,,,,,,,,,,,,,,,,,,,,,,,,,,,,,,,,,,,,,,,
,,,,,,,,,,,,,,,,,,,,,,,,,,,,,,,,,,,,,,,,,,,,,,,,,,,,,,,,,,,,,,,,,,,,,,,,,,,,,,,,,,,,,,,,,,,,,,,,,,,,,,,,,,,,,,,,,,,,,,,,,,,,,,,,,,,,,,,,,,,
,,,,,,,,,,,,,,,,,,,,,,,,,,,,,,,,,,,,,,,,,,,,,,,,,,,,,,,,,,,,,,,,,,,,,,,,,,,,,,,,,,,,,,,,,,,,,,,,,,,,,,,,,,,,,,,,,,,,,,,,,,,,,,,,,,,,,,,,,,,
,,,,,,,,,,,,,,,,,,,,,,,,,,,,,,,,,,,,,,,,,,,,,,,,,,,,,,,,,,,,,,,,,,,,,,,,,,,,,,,,,,,,,,,,,,,,,,,,,,,,,,,,,,,,,,,,,,,,,,,,,,,,,,,,,,,,,,,,,,,
,,,,,,,,,,,,,,,,,,,,,,,,,,,,,,,,,,,,,,,,,,,,,,,,,,,,,,,,,,,,,,,,,,,,,,,,,,,,,,,,,,,,,,,,,,,,,,,,,,,,,,,,,,,,,,,,,,,,,,,,,,,,,,,,,,,,,,,,,,,
,,,,,,,,,,,,,,,,,,,,,,,,,,,,,,,,,,,,,,,,,,,,,,,,,,,,,,,,,,,,,,,,,,,,,,,,,,,,,,,,,,,,,,,,,,,,,,,,,,,,,,,,,,,,,,,,,,,,,,,,,,,,,,,,,,,,,,,,,,,
,,,,,,,,,,,,,,,,,,,,,,,,,,,,,,,,,,,,,,,,,,,,,,,,,,,,,,,,,,,,,,,,,,,,,,,,,,,,,,,,,,,,,,,,,,,,,,,,,,,,,,,,,,,,,,,,,,,,,,,,,,,,,,,,,,,,,,,,,,,
,,,,,,,,,,,,,,,,,,,,,,,,,,,,,,,,,,,,,,,,,,,,,,,,,,,,,,,,,,,,,,,,,,,,,,,,,,,,,,,,,,,,,,,,,,,,,,,,,,,,,,,,,,,,,,,,,,,,,,,,,,,,,,,,,,,,,,,,,,,
,,,,,,,,,,,,,,,,,,,,,,,,,,,,,,,,,,,,,,,,,,,,,,,,,,,,,,,,,,,,,,,,,,,,,,,,,,,,,,,,,,,,,,,,,,,,,,,,,,,,,,,,,,,,,,,,,,,,,,,,,,,,,,,,,,,,,,,,,,,
,,,,,,,,,,,,,,,,,,,,,,,,,,,,,,,,,,,,,,,,,,,,,,,,,,,,,,,,,,,,,,,,,,,,,,,,,,,,,,,,,,,,,,,,,,,,,,,,,,,,,,,,,,,,,,,,,,,,,,,,,,,,,,,,,,,,,,,,,,,
,,,,,,,,,,,,,,,,,,,,,,,,,,,,,,,,,,,,,,,,,,,,,,,,,,,,,,,,,,,,,,,,,,,,,,,,,,,,,,,,,,,,,,,,,,,,,,,,,,,,,,,,,,,,,,,,,,,,,,,,,,,,,,,,,,,,,,,,,,,
,,,,,,,,,,,,,,,,,,,,,,,,,,,,,,,,,,,,,,,,,,,,,,,,,,,,,,,,,,,,,,,,,,,,,,,,,,,,,,,,,,,,,,,,,,,,,,,,,,,,,,,,,,,,,,,,,,,,,,,,,,,,,,,,,,,,,,,,,,,
,,,,,,,,,,,,,,,,,,,,,,,,,,,,,,,,,,,,,,,,,,,,,,,,,,,,,,,,,,,,,,,,,,,,,,,,,,,,,,,,,,,,,,,,,,,,,,,,,,,,,,,,,,,,,,,,,,,,,,,,,,,,,,,,,,,,,,,,,,,
,,,,,,,,,,,,,,,,,,,,,,,,,,,,,,,,,,,,,,,,,,,,,,,,,,,,,,,,,,,,,,,,,,,,,,,,,,,,,,,,,,,,,,,,,,,,,,,,,,,,,,,,,,,,,,,,,,,,,,,,,,,,,,,,,,,,,,,,,,,
,,,,,,,,,,,,,,,,,,,,,,,,,,,,,,,,,,,,,,,,,,,,,,,,,,,,,,,,,,,,,,,,,,,,,,,,,,,,,,,,,,,,,,,,,,,,,,,,,,,,,,,,,,,,,,,,,,,,,,,,,,,,,,,,,,,,,,,,,,,
,,,,,,,,,,,,,,,,,,,,,,,,,,,,,,,,,,,,,,,,,,,,,,,,,,,,,,,,,,,,,,,,,,,,,,,,,,,,,,,,,,,,,,,,,,,,,,,,,,,,,,,,,,,,,,,,,,,,,,,,,,,,,,,,,,,,,,,,,,,
,,,,,,,,,,,,,,,,,,,,,,,,,,,,,,,,,,,,,,,,,,,,,,,,,,,,,,,,,,,,,,,,,,,,,,,,,,,,,,,,,,,,,,,,,,,,,,,,,,,,,,,,,,,,,,,,,,,,,,,,,,,,,,,,,,,,,,,,,,,
,,,,,,,,,,,,,,,,,,,,,,,,,,,,,,,,,,,,,,,,,,,,,,,,,,,,,,,,,,,,,,,,,,,,,,,,,,,,,,,,,,,,,,,,,,,,,,,,,,,,,,,,,,,,,,,,,,,,,,,,,,,,,,,,,,,,,,,,,,,
,,,,,,,,,,,,,,,,,,,,,,,,,,,,,,,,,,,,,,,,,,,,,,,,,,,,,,,,,,,,,,,,,,,,,,,,,,,,,,,,,,,,,,,,,,,,,,,,,,,,,,,,,,,,,,,,,,,,,,,,,,,,,,,,,,,,,,,,,,,
,,,,,,,,,,,,,,,,,,,,,,,,,,,,,,,,,,,,,,,,,,,,,,,,,,,,,,,,,,,,,,,,,,,,,,,,,,,,,,,,,,,,,,,,,,,,,,,,,,,,,,,,,,,,,,,,,,,,,,,,,,,,,,,,,,,,,,,,,,,
,,,,,,,,,,,,,,,,,,,,,,,,,,,,,,,,,,,,,,,,,,,,,,,,,,,,,,,,,,,,,,,,,,,,,,,,,,,,,,,,,,,,,,,,,,,,,,,,,,,,,,,,,,,,,,,,,,,,,,,,,,,,,,,,,,,,,,,,,,,
,,,,,,,,,,,,,,,,,,,,,,,,,,,,,,,,,,,,,,,,,,,,,,,,,,,,,,,,,,,,,,,,,,,,,,,,,,,,,,,,,,,,,,,,,,,,,,,,,,,,,,,,,,,,,,,,,,,,,,,,,,,,,,,,,,,,,,,,,,,
,,,,,,,,,,,,,,,,,,,,,,,,,,,,,,,,,,,,,,,,,,,,,,,,,,,,,,,,,,,,,,,,,,,,,,,,,,,,,,,,,,,,,,,,,,,,,,,,,,,,,,,,,,,,,,,,,,,,,,,,,,,,,,,,,,,,,,,,,,,
,,,,,,,,,,,,,,,,,,,,,,,,,,,,,,,,,,,,,,,,,,,,,,,,,,,,,,,,,,,,,,,,,,,,,,,,,,,,,,,,,,,,,,,,,,,,,,,,,,,,,,,,,,,,,,,,,,,,,,,,,,,,,,,,,,,,,,,,,,,
,,,,,,,,,,,,,,,,,,,,,,,,,,,,,,,,,,,,,,,,,,,,,,,,,,,,,,,,,,,,,,,,,,,,,,,,,,,,,,,,,,,,,,,,,,,,,,,,,,,,,,,,,,,,,,,,,,,,,,,,,,,,,,,,,,,,,,,,,,,
,,,,,,,,,,,,,,,,,,,,,,,,,,,,,,,,,,,,,,,,,,,,,,,,,,,,,,,,,,,,,,,,,,,,,,,,,,,,,,,,,,,,,,,,,,,,,,,,,,,,,,,,,,,,,,,,,,,,,,,,,,,,,,,,,,,,,,,,,,,
,,,,,,,,,,,,,,,,,,,,,,,,,,,,,,,,,,,,,,,,,,,,,,,,,,,,,,,,,,,,,,,,,,,,,,,,,,,,,,,,,,,,,,,,,,,,,,,,,,,,,,,,,,,,,,,,,,,,,,,,,,,,,,,,,,,,,,,,,,,
,,,,,,,,,,,,,,,,,,,,,,,,,,,,,,,,,,,,,,,,,,,,,,,,,,,,,,,,,,,,,,,,,,,,,,,,,,,,,,,,,,,,,,,,,,,,,,,,,,,,,,,,,,,,,,,,,,,,,,,,,,,,,,,,,,,,,,,,,,,
,,,,,,,,,,,,,,,,,,,,,,,,,,,,,,,,,,,,,,,,,,,,,,,,,,,,,,,,,,,,,,,,,,,,,,,,,,,,,,,,,,,,,,,,,,,,,,,,,,,,,,,,,,,,,,,,,,,,,,,,,,,,,,,,,,,,,,,,,,,
,,,,,,,,,,,,,,,,,,,,,,,,,,,,,,,,,,,,,,,,,,,,,,,,,,,,,,,,,,,,,,,,,,,,,,,,,,,,,,,,,,,,,,,,,,,,,,,,,,,,,,,,,,,,,,,,,,,,,,,,,,,,,,,,,,,,,,,,,,,
,,,,,,,,,,,,,,,,,,,,,,,,,,,,,,,,,,,,,,,,,,,,,,,,,,,,,,,,,,,,,,,,,,,,,,,,,,,,,,,,,,,,,,,,,,,,,,,,,,,,,,,,,,,,,,,,,,,,,,,,,,,,,,,,,,,,,,,,,,,
,,,,,,,,,,,,,,,,,,,,,,,,,,,,,,,,,,,,,,,,,,,,,,,,,,,,,,,,,,,,,,,,,,,,,,,,,,,,,,,,,,,,,,,,,,,,,,,,,,,,,,,,,,,,,,,,,,,,,,,,,,,,,,,,,,,,,,,,,,,
,,,,,,,,,,,,,,,,,,,,,,,,,,,,,,,,,,,,,,,,,,,,,,,,,,,,,,,,,,,,,,,,,,,,,,,,,,,,,,,,,,,,,,,,,,,,,,,,,,,,,,,,,,,,,,,,,,,,,,,,,,,,,,,,,,,,,,,,,,,
,,,,,,,,,,,,,,,,,,,,,,,,,,,,,,,,,,,,,,,,,,,,,,,,,,,,,,,,,,,,,,,,,,,,,,,,,,,,,,,,,,,,,,,,,,,,,,,,,,,,,,,,,,,,,,,,,,,,,,,,,,,,,,,,,,,,,,,,,,,
,,,,,,,,,,,,,,,,,,,,,,,,,,,,,,,,,,,,,,,,,,,,,,,,,,,,,,,,,,,,,,,,,,,,,,,,,,,,,,,,,,,,,,,,,,,,,,,,,,,,,,,,,,,,,,,,,,,,,,,,,,,,,,,,,,,,,,,,,,,
,,,,,,,,,,,,,,,,,,,,,,,,,,,,,,,,,,,,,,,,,,,,,,,,,,,,,,,,,,,,,,,,,,,,,,,,,,,,,,,,,,,,,,,,,,,,,,,,,,,,,,,,,,,,,,,,,,,,,,,,,,,,,,,,,,,,,,,,,,,
,,,,,,,,,,,,,,,,,,,,,,,,,,,,,,,,,,,,,,,,,,,,,,,,,,,,,,,,,,,,,,,,,,,,,,,,,,,,,,,,,,,,,,,,,,,,,,,,,,,,,,,,,,,,,,,,,,,,,,,,,,,,,,,,,,,,,,,,,,,
,,,,,,,,,,,,,,,,,,,,,,,,,,,,,,,,,,,,,,,,,,,,,,,,,,,,,,,,,,,,,,,,,,,,,,,,,,,,,,,,,,,,,,,,,,,,,,,,,,,,,,,,,,,,,,,,,,,,,,,,,,,,,,,,,,,,,,,,,,,
,,,,,,,,,,,,,,,,,,,,,,,,,,,,,,,,,,,,,,,,,,,,,,,,,,,,,,,,,,,,,,,,,,,,,,,,,,,,,,,,,,,,,,,,,,,,,,,,,,,,,,,,,,,,,,,,,,,,,,,,,,,,,,,,,,,,,,,,,,,
,,,,,,,,,,,,,,,,,,,,,,,,,,,,,,,,,,,,,,,,,,,,,,,,,,,,,,,,,,,,,,,,,,,,,,,,,,,,,,,,,,,,,,,,,,,,,,,,,,,,,,,,,,,,,,,,,,,,,,,,,,,,,,,,,,,,,,,,,,,
,,,,,,,,,,,,,,,,,,,,,,,,,,,,,,,,,,,,,,,,,,,,,,,,,,,,,,,,,,,,,,,,,,,,,,,,,,,,,,,,,,,,,,,,,,,,,,,,,,,,,,,,,,,,,,,,,,,,,,,,,,,,,,,,,,,,,,,,,,,
,,,,,,,,,,,,,,,,,,,,,,,,,,,,,,,,,,,,,,,,,,,,,,,,,,,,,,,,,,,,,,,,,,,,,,,,,,,,,,,,,,,,,,,,,,,,,,,,,,,,,,,,,,,,,,,,,,,,,,,,,,,,,,,,,,,,,,,,,,,
,,,,,,,,,,,,,,,,,,,,,,,,,,,,,,,,,,,,,,,,,,,,,,,,,,,,,,,,,,,,,,,,,,,,,,,,,,,,,,,,,,,,,,,,,,,,,,,,,,,,,,,,,,,,,,,,,,,,,,,,,,,,,,,,,,,,,,,,,,,
,,,,,,,,,,,,,,,,,,,,,,,,,,,,,,,,,,,,,,,,,,,,,,,,,,,,,,,,,,,,,,,,,,,,,,,,,,,,,,,,,,,,,,,,,,,,,,,,,,,,,,,,,,,,,,,,,,,,,,,,,,,,,,,,,,,,,,,,,,,
,,,,,,,,,,,,,,,,,,,,,,,,,,,,,,,,,,,,,,,,,,,,,,,,,,,,,,,,,,,,,,,,,,,,,,,,,,,,,,,,,,,,,,,,,,,,,,,,,,,,,,,,,,,,,,,,,,,,,,,,,,,,,,,,,,,,,,,,,,,
,,,,,,,,,,,,,,,,,,,,,,,,,,,,,,,,,,,,,,,,,,,,,,,,,,,,,,,,,,,,,,,,,,,,,,,,,,,,,,,,,,,,,,,,,,,,,,,,,,,,,,,,,,,,,,,,,,,,,,,,,,,,,,,,,,,,,,,,,,,
,,,,,,,,,,,,,,,,,,,,,,,,,,,,,,,,,,,,,,,,,,,,,,,,,,,,,,,,,,,,,,,,,,,,,,,,,,,,,,,,,,,,,,,,,,,,,,,,,,,,,,,,,,,,,,,,,,,,,,,,,,,,,,,,,,,,,,,,,,,
,,,,,,,,,,,,,,,,,,,,,,,,,,,,,,,,,,,,,,,,,,,,,,,,,,,,,,,,,,,,,,,,,,,,,,,,,,,,,,,,,,,,,,,,,,,,,,,,,,,,,,,,,,,,,,,,,,,,,,,,,,,,,,,,,,,,,,,,,,,
,,,,,,,,,,,,,,,,,,,,,,,,,,,,,,,,,,,,,,,,,,,,,,,,,,,,,,,,,,,,,,,,,,,,,,,,,,,,,,,,,,,,,,,,,,,,,,,,,,,,,,,,,,,,,,,,,,,,,,,,,,,,,,,,,,,,,,,,,,,
,,,,,,,,,,,,,,,,,,,,,,,,,,,,,,,,,,,,,,,,,,,,,,,,,,,,,,,,,,,,,,,,,,,,,,,,,,,,,,,,,,,,,,,,,,,,,,,,,,,,,,,,,,,,,,,,,,,,,,,,,,,,,,,,,,,,,,,,,,,
,,,,,,,,,,,,,,,,,,,,,,,,,,,,,,,,,,,,,,,,,,,,,,,,,,,,,,,,,,,,,,,,,,,,,,,,,,,,,,,,,,,,,,,,,,,,,,,,,,,,,,,,,,,,,,,,,,,,,,,,,,,,,,,,,,,,,,,,,,,
,,,,,,,,,,,,,,,,,,,,,,,,,,,,,,,,,,,,,,,,,,,,,,,,,,,,,,,,,,,,,,,,,,,,,,,,,,,,,,,,,,,,,,,,,,,,,,,,,,,,,,,,,,,,,,,,,,,,,,,,,,,,,,,,,,,,,,,,,,,
,,,,,,,,,,,,,,,,,,,,,,,,,,,,,,,,,,,,,,,,,,,,,,,,,,,,,,,,,,,,,,,,,,,,,,,,,,,,,,,,,,,,,,,,,,,,,,,,,,,,,,,,,,,,,,,,,,,,,,,,,,,,,,,,,,,,,,,,,,,
,,,,,,,,,,,,,,,,,,,,,,,,,,,,,,,,,,,,,,,,,,,,,,,,,,,,,,,,,,,,,,,,,,,,,,,,,,,,,,,,,,,,,,,,,,,,,,,,,,,,,,,,,,,,,,,,,,,,,,,,,,,,,,,,,,,,,,,,,,,
,,,,,,,,,,,,,,,,,,,,,,,,,,,,,,,,,,,,,,,,,,,,,,,,,,,,,,,,,,,,,,,,,,,,,,,,,,,,,,,,,,,,,,,,,,,,,,,,,,,,,,,,,,,,,,,,,,,,,,,,,,,,,,,,,,,,,,,,,,,
,,,,,,,,,,,,,,,,,,,,,,,,,,,,,,,,,,,,,,,,,,,,,,,,,,,,,,,,,,,,,,,,,,,,,,,,,,,,,,,,,,,,,,,,,,,,,,,,,,,,,,,,,,,,,,,,,,,,,,,,,,,,,,,,,,,,,,,,,,,
,,,,,,,,,,,,,,,,,,,,,,,,,,,,,,,,,,,,,,,,,,,,,,,,,,,,,,,,,,,,,,,,,,,,,,,,,,,,,,,,,,,,,,,,,,,,,,,,,,,,,,,,,,,,,,,,,,,,,,,,,,,,,,,,,,,,,,,,,,,
,,,,,,,,,,,,,,,,,,,,,,,,,,,,,,,,,,,,,,,,,,,,,,,,,,,,,,,,,,,,,,,,,,,,,,,,,,,,,,,,,,,,,,,,,,,,,,,,,,,,,,,,,,,,,,,,,,,,,,,,,,,,,,,,,,,,,,,,,,,
,,,,,,,,,,,,,,,,,,,,,,,,,,,,,,,,,,,,,,,,,,,,,,,,,,,,,,,,,,,,,,,,,,,,,,,,,,,,,,,,,,,,,,,,,,,,,,,,,,,,,,,,,,,,,,,,,,,,,,,,,,,,,,,,,,,,,,,,,,,
,,,,,,,,,,,,,,,,,,,,,,,,,,,,,,,,,,,,,,,,,,,,,,,,,,,,,,,,,,,,,,,,,,,,,,,,,,,,,,,,,,,,,,,,,,,,,,,,,,,,,,,,,,,,,,,,,,,,,,,,,,,,,,,,,,,,,,,,,,,
,,,,,,,,,,,,,,,,,,,,,,,,,,,,,,,,,,,,,,,,,,,,,,,,,,,,,,,,,,,,,,,,,,,,,,,,,,,,,,,,,,,,,,,,,,,,,,,,,,,,,,,,,,,,,,,,,,,,,,,,,,,,,,,,,,,,,,,,,,,
,,,,,,,,,,,,,,,,,,,,,,,,,,,,,,,,,,,,,,,,,,,,,,,,,,,,,,,,,,,,,,,,,,,,,,,,,,,,,,,,,,,,,,,,,,,,,,,,,,,,,,,,,,,,,,,,,,,,,,,,,,,,,,,,,,,,,,,,,,,
,,,,,,,,,,,,,,,,,,,,,,,,,,,,,,,,,,,,,,,,,,,,,,,,,,,,,,,,,,,,,,,,,,,,,,,,,,,,,,,,,,,,,,,,,,,,,,,,,,,,,,,,,,,,,,,,,,,,,,,,,,,,,,,,,,,,,,,,,,,
,,,,,,,,,,,,,,,,,,,,,,,,,,,,,,,,,,,,,,,,,,,,,,,,,,,,,,,,,,,,,,,,,,,,,,,,,,,,,,,,,,,,,,,,,,,,,,,,,,,,,,,,,,,,,,,,,,,,,,,,,,,,,,,,,,,,,,,,,,,
,,,,,,,,,,,,,,,,,,,,,,,,,,,,,,,,,,,,,,,,,,,,,,,,,,,,,,,,,,,,,,,,,,,,,,,,,,,,,,,,,,,,,,,,,,,,,,,,,,,,,,,,,,,,,,,,,,,,,,,,,,,,,,,,,,,,,,,,,,,
,,,,,,,,,,,,,,,,,,,,,,,,,,,,,,,,,,,,,,,,,,,,,,,,,,,,,,,,,,,,,,,,,,,,,,,,,,,,,,,,,,,,,,,,,,,,,,,,,,,,,,,,,,,,,,,,,,,,,,,,,,,,,,,,,,,,,,,,,,,
,,,,,,,,,,,,,,,,,,,,,,,,,,,,,,,,,,,,,,,,,,,,,,,,,,,,,,,,,,,,,,,,,,,,,,,,,,,,,,,,,,,,,,,,,,,,,,,,,,,,,,,,,,,,,,,,,,,,,,,,,,,,,,,,,,,,,,,,,,,
,,,,,,,,,,,,,,,,,,,,,,,,,,,,,,,,,,,,,,,,,,,,,,,,,,,,,,,,,,,,,,,,,,,,,,,,,,,,,,,,,,,,,,,,,,,,,,,,,,,,,,,,,,,,,,,,,,,,,,,,,,,,,,,,,,,,,,,,,,,
,,,,,,,,,,,,,,,,,,,,,,,,,,,,,,,,,,,,,,,,,,,,,,,,,,,,,,,,,,,,,,,,,,,,,,,,,,,,,,,,,,,,,,,,,,,,,,,,,,,,,,,,,,,,,,,,,,,,,,,,,,,,,,,,,,,,,,,,,,,
,,,,,,,,,,,,,,,,,,,,,,,,,,,,,,,,,,,,,,,,,,,,,,,,,,,,,,,,,,,,,,,,,,,,,,,,,,,,,,,,,,,,,,,,,,,,,,,,,,,,,,,,,,,,,,,,,,,,,,,,,,,,,,,,,,,,,,,,,,,
,,,,,,,,,,,,,,,,,,,,,,,,,,,,,,,,,,,,,,,,,,,,,,,,,,,,,,,,,,,,,,,,,,,,,,,,,,,,,,,,,,,,,,,,,,,,,,,,,,,,,,,,,,,,,,,,,,,,,,,,,,,,,,,,,,,,,,,,,,,
,,,,,,,,,,,,,,,,,,,,,,,,,,,,,,,,,,,,,,,,,,,,,,,,,,,,,,,,,,,,,,,,,,,,,,,,,,,,,,,,,,,,,,,,,,,,,,,,,,,,,,,,,,,,,,,,,,,,,,,,,,,,,,,,,,,,,,,,,,,
,,,,,,,,,,,,,,,,,,,,,,,,,,,,,,,,,,,,,,,,,,,,,,,,,,,,,,,,,,,,,,,,,,,,,,,,,,,,,,,,,,,,,,,,,,,,,,,,,,,,,,,,,,,,,,,,,,,,,,,,,,,,,,,,,,,,,,,,,,,
,,,,,,,,,,,,,,,,,,,,,,,,,,,,,,,,,,,,,,,,,,,,,,,,,,,,,,,,,,,,,,,,,,,,,,,,,,,,,,,,,,,,,,,,,,,,,,,,,,,,,,,,,,,,,,,,,,,,,,,,,,,,,,,,,,,,,,,,,,,
,,,,,,,,,,,,,,,,,,,,,,,,,,,,,,,,,,,,,,,,,,,,,,,,,,,,,,,,,,,,,,,,,,,,,,,,,,,,,,,,,,,,,,,,,,,,,,,,,,,,,,,,,,,,,,,,,,,,,,,,,,,,,,,,,,,,,,,,,,,
,,,,,,,,,,,,,,,,,,,,,,,,,,,,,,,,,,,,,,,,,,,,,,,,,,,,,,,,,,,,,,,,,,,,,,,,,,,,,,,,,,,,,,,,,,,,,,,,,,,,,,,,,,,,,,,,,,,,,,,,,,,,,,,,,,,,,,,,,,,
,,,,,,,,,,,,,,,,,,,,,,,,,,,,,,,,,,,,,,,,,,,,,,,,,,,,,,,,,,,,,,,,,,,,,,,,,,,,,,,,,,,,,,,,,,,,,,,,,,,,,,,,,,,,,,,,,,,,,,,,,,,,,,,,,,,,,,,,,,,
,,,,,,,,,,,,,,,,,,,,,,,,,,,,,,,,,,,,,,,,,,,,,,,,,,,,,,,,,,,,,,,,,,,,,,,,,,,,,,,,,,,,,,,,,,,,,,,,,,,,,,,,,,,,,,,,,,,,,,,,,,,,,,,,,,,,,,,,,,,
,,,,,,,,,,,,,,,,,,,,,,,,,,,,,,,,,,,,,,,,,,,,,,,,,,,,,,,,,,,,,,,,,,,,,,,,,,,,,,,,,,,,,,,,,,,,,,,,,,,,,,,,,,,,,,,,,,,,,,,,,,,,,,,,,,,,,,,,,,,
,,,,,,,,,,,,,,,,,,,,,,,,,,,,,,,,,,,,,,,,,,,,,,,,,,,,,,,,,,,,,,,,,,,,,,,,,,,,,,,,,,,,,,,,,,,,,,,,,,,,,,,,,,,,,,,,,,,,,,,,,,,,,,,,,,,,,,,,,,,
,,,,,,,,,,,,,,,,,,,,,,,,,,,,,,,,,,,,,,,,,,,,,,,,,,,,,,,,,,,,,,,,,,,,,,,,,,,,,,,,,,,,,,,,,,,,,,,,,,,,,,,,,,,,,,,,,,,,,,,,,,,,,,,,,,,,,,,,,,,
,,,,,,,,,,,,,,,,,,,,,,,,,,,,,,,,,,,,,,,,,,,,,,,,,,,,,,,,,,,,,,,,,,,,,,,,,,,,,,,,,,,,,,,,,,,,,,,,,,,,,,,,,,,,,,,,,,,,,,,,,,,,,,,,,,,,,,,,,,,
,,,,,,,,,,,,,,,,,,,,,,,,,,,,,,,,,,,,,,,,,,,,,,,,,,,,,,,,,,,,,,,,,,,,,,,,,,,,,,,,,,,,,,,,,,,,,,,,,,,,,,,,,,,,,,,,,,,,,,,,,,,,,,,,,,,,,,,,,,,
,,,,,,,,,,,,,,,,,,,,,,,,,,,,,,,,,,,,,,,,,,,,,,,,,,,,,,,,,,,,,,,,,,,,,,,,,,,,,,,,,,,,,,,,,,,,,,,,,,,,,,,,,,,,,,,,,,,,,,,,,,,,,,,,,,,,,,,,,,,
,,,,,,,,,,,,,,,,,,,,,,,,,,,,,,,,,,,,,,,,,,,,,,,,,,,,,,,,,,,,,,,,,,,,,,,,,,,,,,,,,,,,,,,,,,,,,,,,,,,,,,,,,,,,,,,,,,,,,,,,,,,,,,,,,,,,,,,,,,,
,,,,,,,,,,,,,,,,,,,,,,,,,,,,,,,,,,,,,,,,,,,,,,,,,,,,,,,,,,,,,,,,,,,,,,,,,,,,,,,,,,,,,,,,,,,,,,,,,,,,,,,,,,,,,,,,,,,,,,,,,,,,,,,,,,,,,,,,,,,
,,,,,,,,,,,,,,,,,,,,,,,,,,,,,,,,,,,,,,,,,,,,,,,,,,,,,,,,,,,,,,,,,,,,,,,,,,,,,,,,,,,,,,,,,,,,,,,,,,,,,,,,,,,,,,,,,,,,,,,,,,,,,,,,,,,,,,,,,,,
,,,,,,,,,,,,,,,,,,,,,,,,,,,,,,,,,,,,,,,,,,,,,,,,,,,,,,,,,,,,,,,,,,,,,,,,,,,,,,,,,,,,,,,,,,,,,,,,,,,,,,,,,,,,,,,,,,,,,,,,,,,,,,,,,,,,,,,,,,,
,,,,,,,,,,,,,,,,,,,,,,,,,,,,,,,,,,,,,,,,,,,,,,,,,,,,,,,,,,,,,,,,,,,,,,,,,,,,,,,,,,,,,,,,,,,,,,,,,,,,,,,,,,,,,,,,,,,,,,,,,,,,,,,,,,,,,,,,,,,
,,,,,,,,,,,,,,,,,,,,,,,,,,,,,,,,,,,,,,,,,,,,,,,,,,,,,,,,,,,,,,,,,,,,,,,,,,,,,,,,,,,,,,,,,,,,,,,,,,,,,,,,,,,,,,,,,,,,,,,,,,,,,,,,,,,,,,,,,,,
,,,,,,,,,,,,,,,,,,,,,,,,,,,,,,,,,,,,,,,,,,,,,,,,,,,,,,,,,,,,,,,,,,,,,,,,,,,,,,,,,,,,,,,,,,,,,,,,,,,,,,,,,,,,,,,,,,,,,,,,,,,,,,,,,,,,,,,,,,,
,,,,,,,,,,,,,,,,,,,,,,,,,,,,,,,,,,,,,,,,,,,,,,,,,,,,,,,,,,,,,,,,,,,,,,,,,,,,,,,,,,,,,,,,,,,,,,,,,,,,,,,,,,,,,,,,,,,,,,,,,,,,,,,,,,,,,,,,,,,
,,,,,,,,,,,,,,,,,,,,,,,,,,,,,,,,,,,,,,,,,,,,,,,,,,,,,,,,,,,,,,,,,,,,,,,,,,,,,,,,,,,,,,,,,,,,,,,,,,,,,,,,,,,,,,,,,,,,,,,,,,,,,,,,,,,,,,,,,,,
,,,,,,,,,,,,,,,,,,,,,,,,,,,,,,,,,,,,,,,,,,,,,,,,,,,,,,,,,,,,,,,,,,,,,,,,,,,,,,,,,,,,,,,,,,,,,,,,,,,,,,,,,,,,,,,,,,,,,,,,,,,,,,,,,,,,,,,,,,,
,,,,,,,,,,,,,,,,,,,,,,,,,,,,,,,,,,,,,,,,,,,,,,,,,,,,,,,,,,,,,,,,,,,,,,,,,,,,,,,,,,,,,,,,,,,,,,,,,,,,,,,,,,,,,,,,,,,,,,,,,,,,,,,,,,,,,,,,,,,
,,,,,,,,,,,,,,,,,,,,,,,,,,,,,,,,,,,,,,,,,,,,,,,,,,,,,,,,,,,,,,,,,,,,,,,,,,,,,,,,,,,,,,,,,,,,,,,,,,,,,,,,,,,,,,,,,,,,,,,,,,,,,,,,,,,,,,,,,,,
,,,,,,,,,,,,,,,,,,,,,,,,,,,,,,,,,,,,,,,,,,,,,,,,,,,,,,,,,,,,,,,,,,,,,,,,,,,,,,,,,,,,,,,,,,,,,,,,,,,,,,,,,,,,,,,,,,,,,,,,,,,,,,,,,,,,,,,,,,,
,,,,,,,,,,,,,,,,,,,,,,,,,,,,,,,,,,,,,,,,,,,,,,,,,,,,,,,,,,,,,,,,,,,,,,,,,,,,,,,,,,,,,,,,,,,,,,,,,,,,,,,,,,,,,,,,,,,,,,,,,,,,,,,,,,,,,,,,,,,
,,,,,,,,,,,,,,,,,,,,,,,,,,,,,,,,,,,,,,,,,,,,,,,,,,,,,,,,,,,,,,,,,,,,,,,,,,,,,,,,,,,,,,,,,,,,,,,,,,,,,,,,,,,,,,,,,,,,,,,,,,,,,,,,,,,,,,,,,,,
,,,,,,,,,,,,,,,,,,,,,,,,,,,,,,,,,,,,,,,,,,,,,,,,,,,,,,,,,,,,,,,,,,,,,,,,,,,,,,,,,,,,,,,,,,,,,,,,,,,,,,,,,,,,,,,,,,,,,,,,,,,,,,,,,,,,,,,,,,,
,,,,,,,,,,,,,,,,,,,,,,,,,,,,,,,,,,,,,,,,,,,,,,,,,,,,,,,,,,,,,,,,,,,,,,,,,,,,,,,,,,,,,,,,,,,,,,,,,,,,,,,,,,,,,,,,,,,,,,,,,,,,,,,,,,,,,,,,,,,
,,,,,,,,,,,,,,,,,,,,,,,,,,,,,,,,,,,,,,,,,,,,,,,,,,,,,,,,,,,,,,,,,,,,,,,,,,,,,,,,,,,,,,,,,,,,,,,,,,,,,,,,,,,,,,,,,,,,,,,,,,,,,,,,,,,,,,,,,,,
,,,,,,,,,,,,,,,,,,,,,,,,,,,,,,,,,,,,,,,,,,,,,,,,,,,,,,,,,,,,,,,,,,,,,,,,,,,,,,,,,,,,,,,,,,,,,,,,,,,,,,,,,,,,,,,,,,,,,,,,,,,,,,,,,,,,,,,,,,,
,,,,,,,,,,,,,,,,,,,,,,,,,,,,,,,,,,,,,,,,,,,,,,,,,,,,,,,,,,,,,,,,,,,,,,,,,,,,,,,,,,,,,,,,,,,,,,,,,,,,,,,,,,,,,,,,,,,,,,,,,,,,,,,,,,,,,,,,,,,
,,,,,,,,,,,,,,,,,,,,,,,,,,,,,,,,,,,,,,,,,,,,,,,,,,,,,,,,,,,,,,,,,,,,,,,,,,,,,,,,,,,,,,,,,,,,,,,,,,,,,,,,,,,,,,,,,,,,,,,,,,,,,,,,,,,,,,,,,,,
,,,,,,,,,,,,,,,,,,,,,,,,,,,,,,,,,,,,,,,,,,,,,,,,,,,,,,,,,,,,,,,,,,,,,,,,,,,,,,,,,,,,,,,,,,,,,,,,,,,,,,,,,,,,,,,,,,,,,,,,,,,,,,,,,,,,,,,,,,,
,,,,,,,,,,,,,,,,,,,,,,,,,,,,,,,,,,,,,,,,,,,,,,,,,,,,,,,,,,,,,,,,,,,,,,,,,,,,,,,,,,,,,,,,,,,,,,,,,,,,,,,,,,,,,,,,,,,,,,,,,,,,,,,,,,,,,,,,,,,
,,,,,,,,,,,,,,,,,,,,,,,,,,,,,,,,,,,,,,,,,,,,,,,,,,,,,,,,,,,,,,,,,,,,,,,,,,,,,,,,,,,,,,,,,,,,,,,,,,,,,,,,,,,,,,,,,,,,,,,,,,,,,,,,,,,,,,,,,,,
,,,,,,,,,,,,,,,,,,,,,,,,,,,,,,,,,,,,,,,,,,,,,,,,,,,,,,,,,,,,,,,,,,,,,,,,,,,,,,,,,,,,,,,,,,,,,,,,,,,,,,,,,,,,,,,,,,,,,,,,,,,,,,,,,,,,,,,,,,,
,,,,,,,,,,,,,,,,,,,,,,,,,,,,,,,,,,,,,,,,,,,,,,,,,,,,,,,,,,,,,,,,,,,,,,,,,,,,,,,,,,,,,,,,,,,,,,,,,,,,,,,,,,,,,,,,,,,,,,,,,,,,,,,,,,,,,,,,,,,
,,,,,,,,,,,,,,,,,,,,,,,,,,,,,,,,,,,,,,,,,,,,,,,,,,,,,,,,,,,,,,,,,,,,,,,,,,,,,,,,,,,,,,,,,,,,,,,,,,,,,,,,,,,,,,,,,,,,,,,,,,,,,,,,,,,,,,,,,,,
,,,,,,,,,,,,,,,,,,,,,,,,,,,,,,,,,,,,,,,,,,,,,,,,,,,,,,,,,,,,,,,,,,,,,,,,,,,,,,,,,,,,,,,,,,,,,,,,,,,,,,,,,,,,,,,,,,,,,,,,,,,,,,,,,,,,,,,,,,,
,,,,,,,,,,,,,,,,,,,,,,,,,,,,,,,,,,,,,,,,,,,,,,,,,,,,,,,,,,,,,,,,,,,,,,,,,,,,,,,,,,,,,,,,,,,,,,,,,,,,,,,,,,,,,,,,,,,,,,,,,,,,,,,,,,,,,,,,,,,
,,,,,,,,,,,,,,,,,,,,,,,,,,,,,,,,,,,,,,,,,,,,,,,,,,,,,,,,,,,,,,,,,,,,,,,,,,,,,,,,,,,,,,,,,,,,,,,,,,,,,,,,,,,,,,,,,,,,,,,,,,,,,,,,,,,,,,,,,,,
,,,,,,,,,,,,,,,,,,,,,,,,,,,,,,,,,,,,,,,,,,,,,,,,,,,,,,,,,,,,,,,,,,,,,,,,,,,,,,,,,,,,,,,,,,,,,,,,,,,,,,,,,,,,,,,,,,,,,,,,,,,,,,,,,,,,,,,,,,,
,,,,,,,,,,,,,,,,,,,,,,,,,,,,,,,,,,,,,,,,,,,,,,,,,,,,,,,,,,,,,,,,,,,,,,,,,,,,,,,,,,,,,,,,,,,,,,,,,,,,,,,,,,,,,,,,,,,,,,,,,,,,,,,,,,,,,,,,,,,
,,,,,,,,,,,,,,,,,,,,,,,,,,,,,,,,,,,,,,,,,,,,,,,,,,,,,,,,,,,,,,,,,,,,,,,,,,,,,,,,,,,,,,,,,,,,,,,,,,,,,,,,,,,,,,,,,,,,,,,,,,,,,,,,,,,,,,,,,,,
,,,,,,,,,,,,,,,,,,,,,,,,,,,,,,,,,,,,,,,,,,,,,,,,,,,,,,,,,,,,,,,,,,,,,,,,,,,,,,,,,,,,,,,,,,,,,,,,,,,,,,,,,,,,,,,,,,,,,,,,,,,,,,,,,,,,,,,,,,,
,,,,,,,,,,,,,,,,,,,,,,,,,,,,,,,,,,,,,,,,,,,,,,,,,,,,,,,,,,,,,,,,,,,,,,,,,,,,,,,,,,,,,,,,,,,,,,,,,,,,,,,,,,,,,,,,,,,,,,,,,,,,,,,,,,,,,,,,,,,
,,,,,,,,,,,,,,,,,,,,,,,,,,,,,,,,,,,,,,,,,,,,,,,,,,,,,,,,,,,,,,,,,,,,,,,,,,,,,,,,,,,,,,,,,,,,,,,,,,,,,,,,,,,,,,,,,,,,,,,,,,,,,,,,,,,,,,,,,,,
,,,,,,,,,,,,,,,,,,,,,,,,,,,,,,,,,,,,,,,,,,,,,,,,,,,,,,,,,,,,,,,,,,,,,,,,,,,,,,,,,,,,,,,,,,,,,,,,,,,,,,,,,,,,,,,,,,,,,,,,,,,,,,,,,,,,,,,,,,,
,,,,,,,,,,,,,,,,,,,,,,,,,,,,,,,,,,,,,,,,,,,,,,,,,,,,,,,,,,,,,,,,,,,,,,,,,,,,,,,,,,,,,,,,,,,,,,,,,,,,,,,,,,,,,,,,,,,,,,,,,,,,,,,,,,,,,,,,,,,
,,,,,,,,,,,,,,,,,,,,,,,,,,,,,,,,,,,,,,,,,,,,,,,,,,,,,,,,,,,,,,,,,,,,,,,,,,,,,,,,,,,,,,,,,,,,,,,,,,,,,,,,,,,,,,,,,,,,,,,,,,,,,,,,,,,,,,,,,,,
,,,,,,,,,,,,,,,,,,,,,,,,,,,,,,,,,,,,,,,,,,,,,,,,,,,,,,,,,,,,,,,,,,,,,,,,,,,,,,,,,,,,,,,,,,,,,,,,,,,,,,,,,,,,,,,,,,,,,,,,,,,,,,,,,,,,,,,,,,,
,,,,,,,,,,,,,,,,,,,,,,,,,,,,,,,,,,,,,,,,,,,,,,,,,,,,,,,,,,,,,,,,,,,,,,,,,,,,,,,,,,,,,,,,,,,,,,,,,,,,,,,,,,,,,,,,,,,,,,,,,,,,,,,,,,,,,,,,,,,
,,,,,,,,,,,,,,,,,,,,,,,,,,,,,,,,,,,,,,,,,,,,,,,,,,,,,,,,,,,,,,,,,,,,,,,,,,,,,,,,,,,,,,,,,,,,,,,,,,,,,,,,,,,,,,,,,,,,,,,,,,,,,,,,,,,,,,,,,,,
,,,,,,,,,,,,,,,,,,,,,,,,,,,,,,,,,,,,,,,,,,,,,,,,,,,,,,,,,,,,,,,,,,,,,,,,,,,,,,,,,,,,,,,,,,,,,,,,,,,,,,,,,,,,,,,,,,,,,,,,,,,,,,,,,,,,,,,,,,,
,,,,,,,,,,,,,,,,,,,,,,,,,,,,,,,,,,,,,,,,,,,,,,,,,,,,,,,,,,,,,,,,,,,,,,,,,,,,,,,,,,,,,,,,,,,,,,,,,,,,,,,,,,,,,,,,,,,,,,,,,,,,,,,,,,,,,,,,,,,
,,,,,,,,,,,,,,,,,,,,,,,,,,,,,,,,,,,,,,,,,,,,,,,,,,,,,,,,,,,,,,,,,,,,,,,,,,,,,,,,,,,,,,,,,,,,,,,,,,,,,,,,,,,,,,,,,,,,,,,,,,,,,,,,,,,,,,,,,,,
,,,,,,,,,,,,,,,,,,,,,,,,,,,,,,,,,,,,,,,,,,,,,,,,,,,,,,,,,,,,,,,,,,,,,,,,,,,,,,,,,,,,,,,,,,,,,,,,,,,,,,,,,,,,,,,,,,,,,,,,,,,,,,,,,,,,,,,,,,,
,,,,,,,,,,,,,,,,,,,,,,,,,,,,,,,,,,,,,,,,,,,,,,,,,,,,,,,,,,,,,,,,,,,,,,,,,,,,,,,,,,,,,,,,,,,,,,,,,,,,,,,,,,,,,,,,,,,,,,,,,,,,,,,,,,,,,,,,,,,
,,,,,,,,,,,,,,,,,,,,,,,,,,,,,,,,,,,,,,,,,,,,,,,,,,,,,,,,,,,,,,,,,,,,,,,,,,,,,,,,,,,,,,,,,,,,,,,,,,,,,,,,,,,,,,,,,,,,,,,,,,,,,,,,,,,,,,,,,,,
,,,,,,,,,,,,,,,,,,,,,,,,,,,,,,,,,,,,,,,,,,,,,,,,,,,,,,,,,,,,,,,,,,,,,,,,,,,,,,,,,,,,,,,,,,,,,,,,,,,,,,,,,,,,,,,,,,,,,,,,,,,,,,,,,,,,,,,,,,,
,,,,,,,,,,,,,,,,,,,,,,,,,,,,,,,,,,,,,,,,,,,,,,,,,,,,,,,,,,,,,,,,,,,,,,,,,,,,,,,,,,,,,,,,,,,,,,,,,,,,,,,,,,,,,,,,,,,,,,,,,,,,,,,,,,,,,,,,,,,
,,,,,,,,,,,,,,,,,,,,,,,,,,,,,,,,,,,,,,,,,,,,,,,,,,,,,,,,,,,,,,,,,,,,,,,,,,,,,,,,,,,,,,,,,,,,,,,,,,,,,,,,,,,,,,,,,,,,,,,,,,,,,,,,,,,,,,,,,,,
,,,,,,,,,,,,,,,,,,,,,,,,,,,,,,,,,,,,,,,,,,,,,,,,,,,,,,,,,,,,,,,,,,,,,,,,,,,,,,,,,,,,,,,,,,,,,,,,,,,,,,,,,,,,,,,,,,,,,,,,,,,,,,,,,,,,,,,,,,,
,,,,,,,,,,,,,,,,,,,,,,,,,,,,,,,,,,,,,,,,,,,,,,,,,,,,,,,,,,,,,,,,,,,,,,,,,,,,,,,,,,,,,,,,,,,,,,,,,,,,,,,,,,,,,,,,,,,,,,,,,,,,,,,,,,,,,,,,,,,
,,,,,,,,,,,,,,,,,,,,,,,,,,,,,,,,,,,,,,,,,,,,,,,,,,,,,,,,,,,,,,,,,,,,,,,,,,,,,,,,,,,,,,,,,,,,,,,,,,,,,,,,,,,,,,,,,,,,,,,,,,,,,,,,,,,,,,,,,,,
,,,,,,,,,,,,,,,,,,,,,,,,,,,,,,,,,,,,,,,,,,,,,,,,,,,,,,,,,,,,,,,,,,,,,,,,,,,,,,,,,,,,,,,,,,,,,,,,,,,,,,,,,,,,,,,,,,,,,,,,,,,,,,,,,,,,,,,,,,,
,,,,,,,,,,,,,,,,,,,,,,,,,,,,,,,,,,,,,,,,,,,,,,,,,,,,,,,,,,,,,,,,,,,,,,,,,,,,,,,,,,,,,,,,,,,,,,,,,,,,,,,,,,,,,,,,,,,,,,,,,,,,,,,,,,,,,,,,,,,
,,,,,,,,,,,,,,,,,,,,,,,,,,,,,,,,,,,,,,,,,,,,,,,,,,,,,,,,,,,,,,,,,,,,,,,,,,,,,,,,,,,,,,,,,,,,,,,,,,,,,,,,,,,,,,,,,,,,,,,,,,,,,,,,,,,,,,,,,,,
,,,,,,,,,,,,,,,,,,,,,,,,,,,,,,,,,,,,,,,,,,,,,,,,,,,,,,,,,,,,,,,,,,,,,,,,,,,,,,,,,,,,,,,,,,,,,,,,,,,,,,,,,,,,,,,,,,,,,,,,,,,,,,,,,,,,,,,,,,,
,,,,,,,,,,,,,,,,,,,,,,,,,,,,,,,,,,,,,,,,,,,,,,,,,,,,,,,,,,,,,,,,,,,,,,,,,,,,,,,,,,,,,,,,,,,,,,,,,,,,,,,,,,,,,,,,,,,,,,,,,,,,,,,,,,,,,,,,,,,
,,,,,,,,,,,,,,,,,,,,,,,,,,,,,,,,,,,,,,,,,,,,,,,,,,,,,,,,,,,,,,,,,,,,,,,,,,,,,,,,,,,,,,,,,,,,,,,,,,,,,,,,,,,,,,,,,,,,,,,,,,,,,,,,,,,,,,,,,,,
,,,,,,,,,,,,,,,,,,,,,,,,,,,,,,,,,,,,,,,,,,,,,,,,,,,,,,,,,,,,,,,,,,,,,,,,,,,,,,,,,,,,,,,,,,,,,,,,,,,,,,,,,,,,,,,,,,,,,,,,,,,,,,,,,,,,,,,,,,,
,,,,,,,,,,,,,,,,,,,,,,,,,,,,,,,,,,,,,,,,,,,,,,,,,,,,,,,,,,,,,,,,,,,,,,,,,,,,,,,,,,,,,,,,,,,,,,,,,,,,,,,,,,,,,,,,,,,,,,,,,,,,,,,,,,,,,,,,,,,
,,,,,,,,,,,,,,,,,,,,,,,,,,,,,,,,,,,,,,,,,,,,,,,,,,,,,,,,,,,,,,,,,,,,,,,,,,,,,,,,,,,,,,,,,,,,,,,,,,,,,,,,,,,,,,,,,,,,,,,,,,,,,,,,,,,,,,,,,,,
,,,,,,,,,,,,,,,,,,,,,,,,,,,,,,,,,,,,,,,,,,,,,,,,,,,,,,,,,,,,,,,,,,,,,,,,,,,,,,,,,,,,,,,,,,,,,,,,,,,,,,,,,,,,,,,,,,,,,,,,,,,,,,,,,,,,,,,,,,,
,,,,,,,,,,,,,,,,,,,,,,,,,,,,,,,,,,,,,,,,,,,,,,,,,,,,,,,,,,,,,,,,,,,,,,,,,,,,,,,,,,,,,,,,,,,,,,,,,,,,,,,,,,,,,,,,,,,,,,,,,,,,,,,,,,,,,,,,,,,
,,,,,,,,,,,,,,,,,,,,,,,,,,,,,,,,,,,,,,,,,,,,,,,,,,,,,,,,,,,,,,,,,,,,,,,,,,,,,,,,,,,,,,,,,,,,,,,,,,,,,,,,,,,,,,,,,,,,,,,,,,,,,,,,,,,,,,,,,,,
,,,,,,,,,,,,,,,,,,,,,,,,,,,,,,,,,,,,,,,,,,,,,,,,,,,,,,,,,,,,,,,,,,,,,,,,,,,,,,,,,,,,,,,,,,,,,,,,,,,,,,,,,,,,,,,,,,,,,,,,,,,,,,,,,,,,,,,,,,,
,,,,,,,,,,,,,,,,,,,,,,,,,,,,,,,,,,,,,,,,,,,,,,,,,,,,,,,,,,,,,,,,,,,,,,,,,,,,,,,,,,,,,,,,,,,,,,,,,,,,,,,,,,,,,,,,,,,,,,,,,,,,,,,,,,,,,,,,,,,
,,,,,,,,,,,,,,,,,,,,,,,,,,,,,,,,,,,,,,,,,,,,,,,,,,,,,,,,,,,,,,,,,,,,,,,,,,,,,,,,,,,,,,,,,,,,,,,,,,,,,,,,,,,,,,,,,,,,,,,,,,,,,,,,,,,,,,,,,,,
,,,,,,,,,,,,,,,,,,,,,,,,,,,,,,,,,,,,,,,,,,,,,,,,,,,,,,,,,,,,,,,,,,,,,,,,,,,,,,,,,,,,,,,,,,,,,,,,,,,,,,,,,,,,,,,,,,,,,,,,,,,,,,,,,,,,,,,,,,,
,,,,,,,,,,,,,,,,,,,,,,,,,,,,,,,,,,,,,,,,,,,,,,,,,,,,,,,,,,,,,,,,,,,,,,,,,,,,,,,,,,,,,,,,,,,,,,,,,,,,,,,,,,,,,,,,,,,,,,,,,,,,,,,,,,,,,,,,,,,
,,,,,,,,,,,,,,,,,,,,,,,,,,,,,,,,,,,,,,,,,,,,,,,,,,,,,,,,,,,,,,,,,,,,,,,,,,,,,,,,,,,,,,,,,,,,,,,,,,,,,,,,,,,,,,,,,,,,,,,,,,,,,,,,,,,,,,,,,,,
,,,,,,,,,,,,,,,,,,,,,,,,,,,,,,,,,,,,,,,,,,,,,,,,,,,,,,,,,,,,,,,,,,,,,,,,,,,,,,,,,,,,,,,,,,,,,,,,,,,,,,,,,,,,,,,,,,,,,,,,,,,,,,,,,,,,,,,,,,,
,,,,,,,,,,,,,,,,,,,,,,,,,,,,,,,,,,,,,,,,,,,,,,,,,,,,,,,,,,,,,,,,,,,,,,,,,,,,,,,,,,,,,,,,,,,,,,,,,,,,,,,,,,,,,,,,,,,,,,,,,,,,,,,,,,,,,,,,,,,
,,,,,,,,,,,,,,,,,,,,,,,,,,,,,,,,,,,,,,,,,,,,,,,,,,,,,,,,,,,,,,,,,,,,,,,,,,,,,,,,,,,,,,,,,,,,,,,,,,,,,,,,,,,,,,,,,,,,,,,,,,,,,,,,,,,,,,,,,,,
,,,,,,,,,,,,,,,,,,,,,,,,,,,,,,,,,,,,,,,,,,,,,,,,,,,,,,,,,,,,,,,,,,,,,,,,,,,,,,,,,,,,,,,,,,,,,,,,,,,,,,,,,,,,,,,,,,,,,,,,,,,,,,,,,,,,,,,,,,,
,,,,,,,,,,,,,,,,,,,,,,,,,,,,,,,,,,,,,,,,,,,,,,,,,,,,,,,,,,,,,,,,,,,,,,,,,,,,,,,,,,,,,,,,,,,,,,,,,,,,,,,,,,,,,,,,,,,,,,,,,,,,,,,,,,,,,,,,,,,
,,,,,,,,,,,,,,,,,,,,,,,,,,,,,,,,,,,,,,,,,,,,,,,,,,,,,,,,,,,,,,,,,,,,,,,,,,,,,,,,,,,,,,,,,,,,,,,,,,,,,,,,,,,,,,,,,,,,,,,,,,,,,,,,,,,,,,,,,,,
,,,,,,,,,,,,,,,,,,,,,,,,,,,,,,,,,,,,,,,,,,,,,,,,,,,,,,,,,,,,,,,,,,,,,,,,,,,,,,,,,,,,,,,,,,,,,,,,,,,,,,,,,,,,,,,,,,,,,,,,,,,,,,,,,,,,,,,,,,,
,,,,,,,,,,,,,,,,,,,,,,,,,,,,,,,,,,,,,,,,,,,,,,,,,,,,,,,,,,,,,,,,,,,,,,,,,,,,,,,,,,,,,,,,,,,,,,,,,,,,,,,,,,,,,,,,,,,,,,,,,,,,,,,,,,,,,,,,,,,
,,,,,,,,,,,,,,,,,,,,,,,,,,,,,,,,,,,,,,,,,,,,,,,,,,,,,,,,,,,,,,,,,,,,,,,,,,,,,,,,,,,,,,,,,,,,,,,,,,,,,,,,,,,,,,,,,,,,,,,,,,,,,,,,,,,,,,,,,,,
,,,,,,,,,,,,,,,,,,,,,,,,,,,,,,,,,,,,,,,,,,,,,,,,,,,,,,,,,,,,,,,,,,,,,,,,,,,,,,,,,,,,,,,,,,,,,,,,,,,,,,,,,,,,,,,,,,,,,,,,,,,,,,,,,,,,,,,,,,,
,,,,,,,,,,,,,,,,,,,,,,,,,,,,,,,,,,,,,,,,,,,,,,,,,,,,,,,,,,,,,,,,,,,,,,,,,,,,,,,,,,,,,,,,,,,,,,,,,,,,,,,,,,,,,,,,,,,,,,,,,,,,,,,,,,,,,,,,,,,
,,,,,,,,,,,,,,,,,,,,,,,,,,,,,,,,,,,,,,,,,,,,,,,,,,,,,,,,,,,,,,,,,,,,,,,,,,,,,,,,,,,,,,,,,,,,,,,,,,,,,,,,,,,,,,,,,,,,,,,,,,,,,,,,,,,,,,,,,,,
,,,,,,,,,,,,,,,,,,,,,,,,,,,,,,,,,,,,,,,,,,,,,,,,,,,,,,,,,,,,,,,,,,,,,,,,,,,,,,,,,,,,,,,,,,,,,,,,,,,,,,,,,,,,,,,,,,,,,,,,,,,,,,,,,,,,,,,,,,,
,,,,,,,,,,,,,,,,,,,,,,,,,,,,,,,,,,,,,,,,,,,,,,,,,,,,,,,,,,,,,,,,,,,,,,,,,,,,,,,,,,,,,,,,,,,,,,,,,,,,,,,,,,,,,,,,,,,,,,,,,,,,,,,,,,,,,,,,,,,
,,,,,,,,,,,,,,,,,,,,,,,,,,,,,,,,,,,,,,,,,,,,,,,,,,,,,,,,,,,,,,,,,,,,,,,,,,,,,,,,,,,,,,,,,,,,,,,,,,,,,,,,,,,,,,,,,,,,,,,,,,,,,,,,,,,,,,,,,,,
,,,,,,,,,,,,,,,,,,,,,,,,,,,,,,,,,,,,,,,,,,,,,,,,,,,,,,,,,,,,,,,,,,,,,,,,,,,,,,,,,,,,,,,,,,,,,,,,,,,,,,,,,,,,,,,,,,,,,,,,,,,,,,,,,,,,,,,,,,,
,,,,,,,,,,,,,,,,,,,,,,,,,,,,,,,,,,,,,,,,,,,,,,,,,,,,,,,,,,,,,,,,,,,,,,,,,,,,,,,,,,,,,,,,,,,,,,,,,,,,,,,,,,,,,,,,,,,,,,,,,,,,,,,,,,,,,,,,,,,
,,,,,,,,,,,,,,,,,,,,,,,,,,,,,,,,,,,,,,,,,,,,,,,,,,,,,,,,,,,,,,,,,,,,,,,,,,,,,,,,,,,,,,,,,,,,,,,,,,,,,,,,,,,,,,,,,,,,,,,,,,,,,,,,,,,,,,,,,,,
,,,,,,,,,,,,,,,,,,,,,,,,,,,,,,,,,,,,,,,,,,,,,,,,,,,,,,,,,,,,,,,,,,,,,,,,,,,,,,,,,,,,,,,,,,,,,,,,,,,,,,,,,,,,,,,,,,,,,,,,,,,,,,,,,,,,,,,,,,,
,,,,,,,,,,,,,,,,,,,,,,,,,,,,,,,,,,,,,,,,,,,,,,,,,,,,,,,,,,,,,,,,,,,,,,,,,,,,,,,,,,,,,,,,,,,,,,,,,,,,,,,,,,,,,,,,,,,,,,,,,,,,,,,,,,,,,,,,,,,
,,,,,,,,,,,,,,,,,,,,,,,,,,,,,,,,,,,,,,,,,,,,,,,,,,,,,,,,,,,,,,,,,,,,,,,,,,,,,,,,,,,,,,,,,,,,,,,,,,,,,,,,,,,,,,,,,,,,,,,,,,,,,,,,,,,,,,,,,,,
,,,,,,,,,,,,,,,,,,,,,,,,,,,,,,,,,,,,,,,,,,,,,,,,,,,,,,,,,,,,,,,,,,,,,,,,,,,,,,,,,,,,,,,,,,,,,,,,,,,,,,,,,,,,,,,,,,,,,,,,,,,,,,,,,,,,,,,,,,,
,,,,,,,,,,,,,,,,,,,,,,,,,,,,,,,,,,,,,,,,,,,,,,,,,,,,,,,,,,,,,,,,,,,,,,,,,,,,,,,,,,,,,,,,,,,,,,,,,,,,,,,,,,,,,,,,,,,,,,,,,,,,,,,,,,,,,,,,,,,
,,,,,,,,,,,,,,,,,,,,,,,,,,,,,,,,,,,,,,,,,,,,,,,,,,,,,,,,,,,,,,,,,,,,,,,,,,,,,,,,,,,,,,,,,,,,,,,,,,,,,,,,,,,,,,,,,,,,,,,,,,,,,,,,,,,,,,,,,,,
,,,,,,,,,,,,,,,,,,,,,,,,,,,,,,,,,,,,,,,,,,,,,,,,,,,,,,,,,,,,,,,,,,,,,,,,,,,,,,,,,,,,,,,,,,,,,,,,,,,,,,,,,,,,,,,,,,,,,,,,,,,,,,,,,,,,,,,,,,,
,,,,,,,,,,,,,,,,,,,,,,,,,,,,,,,,,,,,,,,,,,,,,,,,,,,,,,,,,,,,,,,,,,,,,,,,,,,,,,,,,,,,,,,,,,,,,,,,,,,,,,,,,,,,,,,,,,,,,,,,,,,,,,,,,,,,,,,,,,,
,,,,,,,,,,,,,,,,,,,,,,,,,,,,,,,,,,,,,,,,,,,,,,,,,,,,,,,,,,,,,,,,,,,,,,,,,,,,,,,,,,,,,,,,,,,,,,,,,,,,,,,,,,,,,,,,,,,,,,,,,,,,,,,,,,,,,,,,,,,
,,,,,,,,,,,,,,,,,,,,,,,,,,,,,,,,,,,,,,,,,,,,,,,,,,,,,,,,,,,,,,,,,,,,,,,,,,,,,,,,,,,,,,,,,,,,,,,,,,,,,,,,,,,,,,,,,,,,,,,,,,,,,,,,,,,,,,,,,,,
,,,,,,,,,,,,,,,,,,,,,,,,,,,,,,,,,,,,,,,,,,,,,,,,,,,,,,,,,,,,,,,,,,,,,,,,,,,,,,,,,,,,,,,,,,,,,,,,,,,,,,,,,,,,,,,,,,,,,,,,,,,,,,,,,,,,,,,,,,,
,,,,,,,,,,,,,,,,,,,,,,,,,,,,,,,,,,,,,,,,,,,,,,,,,,,,,,,,,,,,,,,,,,,,,,,,,,,,,,,,,,,,,,,,,,,,,,,,,,,,,,,,,,,,,,,,,,,,,,,,,,,,,,,,,,,,,,,,,,,
,,,,,,,,,,,,,,,,,,,,,,,,,,,,,,,,,,,,,,,,,,,,,,,,,,,,,,,,,,,,,,,,,,,,,,,,,,,,,,,,,,,,,,,,,,,,,,,,,,,,,,,,,,,,,,,,,,,,,,,,,,,,,,,,,,,,,,,,,,,
,,,,,,,,,,,,,,,,,,,,,,,,,,,,,,,,,,,,,,,,,,,,,,,,,,,,,,,,,,,,,,,,,,,,,,,,,,,,,,,,,,,,,,,,,,,,,,,,,,,,,,,,,,,,,,,,,,,,,,,,,,,,,,,,,,,,,,,,,,,
,,,,,,,,,,,,,,,,,,,,,,,,,,,,,,,,,,,,,,,,,,,,,,,,,,,,,,,,,,,,,,,,,,,,,,,,,,,,,,,,,,,,,,,,,,,,,,,,,,,,,,,,,,,,,,,,,,,,,,,,,,,,,,,,,,,,,,,,,,,
,,,,,,,,,,,,,,,,,,,,,,,,,,,,,,,,,,,,,,,,,,,,,,,,,,,,,,,,,,,,,,,,,,,,,,,,,,,,,,,,,,,,,,,,,,,,,,,,,,,,,,,,,,,,,,,,,,,,,,,,,,,,,,,,,,,,,,,,,,,
,,,,,,,,,,,,,,,,,,,,,,,,,,,,,,,,,,,,,,,,,,,,,,,,,,,,,,,,,,,,,,,,,,,,,,,,,,,,,,,,,,,,,,,,,,,,,,,,,,,,,,,,,,,,,,,,,,,,,,,,,,,,,,,,,,,,,,,,,,,
,,,,,,,,,,,,,,,,,,,,,,,,,,,,,,,,,,,,,,,,,,,,,,,,,,,,,,,,,,,,,,,,,,,,,,,,,,,,,,,,,,,,,,,,,,,,,,,,,,,,,,,,,,,,,,,,,,,,,,,,,,,,,,,,,,,,,,,,,,,
,,,,,,,,,,,,,,,,,,,,,,,,,,,,,,,,,,,,,,,,,,,,,,,,,,,,,,,,,,,,,,,,,,,,,,,,,,,,,,,,,,,,,,,,,,,,,,,,,,,,,,,,,,,,,,,,,,,,,,,,,,,,,,,,,,,,,,,,,,,
,,,,,,,,,,,,,,,,,,,,,,,,,,,,,,,,,,,,,,,,,,,,,,,,,,,,,,,,,,,,,,,,,,,,,,,,,,,,,,,,,,,,,,,,,,,,,,,,,,,,,,,,,,,,,,,,,,,,,,,,,,,,,,,,,,,,,,,,,,,
,,,,,,,,,,,,,,,,,,,,,,,,,,,,,,,,,,,,,,,,,,,,,,,,,,,,,,,,,,,,,,,,,,,,,,,,,,,,,,,,,,,,,,,,,,,,,,,,,,,,,,,,,,,,,,,,,,,,,,,,,,,,,,,,,,,,,,,,,,,
,,,,,,,,,,,,,,,,,,,,,,,,,,,,,,,,,,,,,,,,,,,,,,,,,,,,,,,,,,,,,,,,,,,,,,,,,,,,,,,,,,,,,,,,,,,,,,,,,,,,,,,,,,,,,,,,,,,,,,,,,,,,,,,,,,,,,,,,,,,
,,,,,,,,,,,,,,,,,,,,,,,,,,,,,,,,,,,,,,,,,,,,,,,,,,,,,,,,,,,,,,,,,,,,,,,,,,,,,,,,,,,,,,,,,,,,,,,,,,,,,,,,,,,,,,,,,,,,,,,,,,,,,,,,,,,,,,,,,,,
,,,,,,,,,,,,,,,,,,,,,,,,,,,,,,,,,,,,,,,,,,,,,,,,,,,,,,,,,,,,,,,,,,,,,,,,,,,,,,,,,,,,,,,,,,,,,,,,,,,,,,,,,,,,,,,,,,,,,,,,,,,,,,,,,,,,,,,,,,,
,,,,,,,,,,,,,,,,,,,,,,,,,,,,,,,,,,,,,,,,,,,,,,,,,,,,,,,,,,,,,,,,,,,,,,,,,,,,,,,,,,,,,,,,,,,,,,,,,,,,,,,,,,,,,,,,,,,,,,,,,,,,,,,,,,,,,,,,,,,
,,,,,,,,,,,,,,,,,,,,,,,,,,,,,,,,,,,,,,,,,,,,,,,,,,,,,,,,,,,,,,,,,,,,,,,,,,,,,,,,,,,,,,,,,,,,,,,,,,,,,,,,,,,,,,,,,,,,,,,,,,,,,,,,,,,,,,,,,,,
,,,,,,,,,,,,,,,,,,,,,,,,,,,,,,,,,,,,,,,,,,,,,,,,,,,,,,,,,,,,,,,,,,,,,,,,,,,,,,,,,,,,,,,,,,,,,,,,,,,,,,,,,,,,,,,,,,,,,,,,,,,,,,,,,,,,,,,,,,,
,,,,,,,,,,,,,,,,,,,,,,,,,,,,,,,,,,,,,,,,,,,,,,,,,,,,,,,,,,,,,,,,,,,,,,,,,,,,,,,,,,,,,,,,,,,,,,,,,,,,,,,,,,,,,,,,,,,,,,,,,,,,,,,,,,,,,,,,,,,
,,,,,,,,,,,,,,,,,,,,,,,,,,,,,,,,,,,,,,,,,,,,,,,,,,,,,,,,,,,,,,,,,,,,,,,,,,,,,,,,,,,,,,,,,,,,,,,,,,,,,,,,,,,,,,,,,,,,,,,,,,,,,,,,,,,,,,,,,,,
,,,,,,,,,,,,,,,,,,,,,,,,,,,,,,,,,,,,,,,,,,,,,,,,,,,,,,,,,,,,,,,,,,,,,,,,,,,,,,,,,,,,,,,,,,,,,,,,,,,,,,,,,,,,,,,,,,,,,,,,,,,,,,,,,,,,,,,,,,,
,,,,,,,,,,,,,,,,,,,,,,,,,,,,,,,,,,,,,,,,,,,,,,,,,,,,,,,,,,,,,,,,,,,,,,,,,,,,,,,,,,,,,,,,,,,,,,,,,,,,,,,,,,,,,,,,,,,,,,,,,,,,,,,,,,,,,,,,,,,
,,,,,,,,,,,,,,,,,,,,,,,,,,,,,,,,,,,,,,,,,,,,,,,,,,,,,,,,,,,,,,,,,,,,,,,,,,,,,,,,,,,,,,,,,,,,,,,,,,,,,,,,,,,,,,,,,,,,,,,,,,,,,,,,,,,,,,,,,,,
,,,,,,,,,,,,,,,,,,,,,,,,,,,,,,,,,,,,,,,,,,,,,,,,,,,,,,,,,,,,,,,,,,,,,,,,,,,,,,,,,,,,,,,,,,,,,,,,,,,,,,,,,,,,,,,,,,,,,,,,,,,,,,,,,,,,,,,,,,,
,,,,,,,,,,,,,,,,,,,,,,,,,,,,,,,,,,,,,,,,,,,,,,,,,,,,,,,,,,,,,,,,,,,,,,,,,,,,,,,,,,,,,,,,,,,,,,,,,,,,,,,,,,,,,,,,,,,,,,,,,,,,,,,,,,,,,,,,,,,
,,,,,,,,,,,,,,,,,,,,,,,,,,,,,,,,,,,,,,,,,,,,,,,,,,,,,,,,,,,,,,,,,,,,,,,,,,,,,,,,,,,,,,,,,,,,,,,,,,,,,,,,,,,,,,,,,,,,,,,,,,,,,,,,,,,,,,,,,,,
,,,,,,,,,,,,,,,,,,,,,,,,,,,,,,,,,,,,,,,,,,,,,,,,,,,,,,,,,,,,,,,,,,,,,,,,,,,,,,,,,,,,,,,,,,,,,,,,,,,,,,,,,,,,,,,,,,,,,,,,,,,,,,,,,,,,,,,,,,,
,,,,,,,,,,,,,,,,,,,,,,,,,,,,,,,,,,,,,,,,,,,,,,,,,,,,,,,,,,,,,,,,,,,,,,,,,,,,,,,,,,,,,,,,,,,,,,,,,,,,,,,,,,,,,,,,,,,,,,,,,,,,,,,,,,,,,,,,,,,
,,,,,,,,,,,,,,,,,,,,,,,,,,,,,,,,,,,,,,,,,,,,,,,,,,,,,,,,,,,,,,,,,,,,,,,,,,,,,,,,,,,,,,,,,,,,,,,,,,,,,,,,,,,,,,,,,,,,,,,,,,,,,,,,,,,,,,,,,,,
,,,,,,,,,,,,,,,,,,,,,,,,,,,,,,,,,,,,,,,,,,,,,,,,,,,,,,,,,,,,,,,,,,,,,,,,,,,,,,,,,,,,,,,,,,,,,,,,,,,,,,,,,,,,,,,,,,,,,,,,,,,,,,,,,,,,,,,,,,,
,,,,,,,,,,,,,,,,,,,,,,,,,,,,,,,,,,,,,,,,,,,,,,,,,,,,,,,,,,,,,,,,,,,,,,,,,,,,,,,,,,,,,,,,,,,,,,,,,,,,,,,,,,,,,,,,,,,,,,,,,,,,,,,,,,,,,,,,,,,
,,,,,,,,,,,,,,,,,,,,,,,,,,,,,,,,,,,,,,,,,,,,,,,,,,,,,,,,,,,,,,,,,,,,,,,,,,,,,,,,,,,,,,,,,,,,,,,,,,,,,,,,,,,,,,,,,,,,,,,,,,,,,,,,,,,,,,,,,,,
,,,,,,,,,,,,,,,,,,,,,,,,,,,,,,,,,,,,,,,,,,,,,,,,,,,,,,,,,,,,,,,,,,,,,,,,,,,,,,,,,,,,,,,,,,,,,,,,,,,,,,,,,,,,,,,,,,,,,,,,,,,,,,,,,,,,,,,,,,,
,,,,,,,,,,,,,,,,,,,,,,,,,,,,,,,,,,,,,,,,,,,,,,,,,,,,,,,,,,,,,,,,,,,,,,,,,,,,,,,,,,,,,,,,,,,,,,,,,,,,,,,,,,,,,,,,,,,,,,,,,,,,,,,,,,,,,,,,,,,
,,,,,,,,,,,,,,,,,,,,,,,,,,,,,,,,,,,,,,,,,,,,,,,,,,,,,,,,,,,,,,,,,,,,,,,,,,,,,,,,,,,,,,,,,,,,,,,,,,,,,,,,,,,,,,,,,,,,,,,,,,,,,,,,,,,,,,,,,,,
,,,,,,,,,,,,,,,,,,,,,,,,,,,,,,,,,,,,,,,,,,,,,,,,,,,,,,,,,,,,,,,,,,,,,,,,,,,,,,,,,,,,,,,,,,,,,,,,,,,,,,,,,,,,,,,,,,,,,,,,,,,,,,,,,,,,,,,,,,,
,,,,,,,,,,,,,,,,,,,,,,,,,,,,,,,,,,,,,,,,,,,,,,,,,,,,,,,,,,,,,,,,,,,,,,,,,,,,,,,,,,,,,,,,,,,,,,,,,,,,,,,,,,,,,,,,,,,,,,,,,,,,,,,,,,,,,,,,,,,
,,,,,,,,,,,,,,,,,,,,,,,,,,,,,,,,,,,,,,,,,,,,,,,,,,,,,,,,,,,,,,,,,,,,,,,,,,,,,,,,,,,,,,,,,,,,,,,,,,,,,,,,,,,,,,,,,,,,,,,,,,,,,,,,,,,,,,,,,,,
,,,,,,,,,,,,,,,,,,,,,,,,,,,,,,,,,,,,,,,,,,,,,,,,,,,,,,,,,,,,,,,,,,,,,,,,,,,,,,,,,,,,,,,,,,,,,,,,,,,,,,,,,,,,,,,,,,,,,,,,,,,,,,,,,,,,,,,,,,,
,,,,,,,,,,,,,,,,,,,,,,,,,,,,,,,,,,,,,,,,,,,,,,,,,,,,,,,,,,,,,,,,,,,,,,,,,,,,,,,,,,,,,,,,,,,,,,,,,,,,,,,,,,,,,,,,,,,,,,,,,,,,,,,,,,,,,,,,,,,
,,,,,,,,,,,,,,,,,,,,,,,,,,,,,,,,,,,,,,,,,,,,,,,,,,,,,,,,,,,,,,,,,,,,,,,,,,,,,,,,,,,,,,,,,,,,,,,,,,,,,,,,,,,,,,,,,,,,,,,,,,,,,,,,,,,,,,,,,,,
,,,,,,,,,,,,,,,,,,,,,,,,,,,,,,,,,,,,,,,,,,,,,,,,,,,,,,,,,,,,,,,,,,,,,,,,,,,,,,,,,,,,,,,,,,,,,,,,,,,,,,,,,,,,,,,,,,,,,,,,,,,,,,,,,,,,,,,,,,,
,,,,,,,,,,,,,,,,,,,,,,,,,,,,,,,,,,,,,,,,,,,,,,,,,,,,,,,,,,,,,,,,,,,,,,,,,,,,,,,,,,,,,,,,,,,,,,,,,,,,,,,,,,,,,,,,,,,,,,,,,,,,,,,,,,,,,,,,,,,
,,,,,,,,,,,,,,,,,,,,,,,,,,,,,,,,,,,,,,,,,,,,,,,,,,,,,,,,,,,,,,,,,,,,,,,,,,,,,,,,,,,,,,,,,,,,,,,,,,,,,,,,,,,,,,,,,,,,,,,,,,,,,,,,,,,,,,,,,,,
,,,,,,,,,,,,,,,,,,,,,,,,,,,,,,,,,,,,,,,,,,,,,,,,,,,,,,,,,,,,,,,,,,,,,,,,,,,,,,,,,,,,,,,,,,,,,,,,,,,,,,,,,,,,,,,,,,,,,,,,,,,,,,,,,,,,,,,,,,,
,,,,,,,,,,,,,,,,,,,,,,,,,,,,,,,,,,,,,,,,,,,,,,,,,,,,,,,,,,,,,,,,,,,,,,,,,,,,,,,,,,,,,,,,,,,,,,,,,,,,,,,,,,,,,,,,,,,,,,,,,,,,,,,,,,,,,,,,,,,
,,,,,,,,,,,,,,,,,,,,,,,,,,,,,,,,,,,,,,,,,,,,,,,,,,,,,,,,,,,,,,,,,,,,,,,,,,,,,,,,,,,,,,,,,,,,,,,,,,,,,,,,,,,,,,,,,,,,,,,,,,,,,,,,,,,,,,,,,,,
,,,,,,,,,,,,,,,,,,,,,,,,,,,,,,,,,,,,,,,,,,,,,,,,,,,,,,,,,,,,,,,,,,,,,,,,,,,,,,,,,,,,,,,,,,,,,,,,,,,,,,,,,,,,,,,,,,,,,,,,,,,,,,,,,,,,,,,,,,,
,,,,,,,,,,,,,,,,,,,,,,,,,,,,,,,,,,,,,,,,,,,,,,,,,,,,,,,,,,,,,,,,,,,,,,,,,,,,,,,,,,,,,,,,,,,,,,,,,,,,,,,,,,,,,,,,,,,,,,,,,,,,,,,,,,,,,,,,,,,
,,,,,,,,,,,,,,,,,,,,,,,,,,,,,,,,,,,,,,,,,,,,,,,,,,,,,,,,,,,,,,,,,,,,,,,,,,,,,,,,,,,,,,,,,,,,,,,,,,,,,,,,,,,,,,,,,,,,,,,,,,,,,,,,,,,,,,,,,,,
,,,,,,,,,,,,,,,,,,,,,,,,,,,,,,,,,,,,,,,,,,,,,,,,,,,,,,,,,,,,,,,,,,,,,,,,,,,,,,,,,,,,,,,,,,,,,,,,,,,,,,,,,,,,,,,,,,,,,,,,,,,,,,,,,,,,,,,,,,,
,,,,,,,,,,,,,,,,,,,,,,,,,,,,,,,,,,,,,,,,,,,,,,,,,,,,,,,,,,,,,,,,,,,,,,,,,,,,,,,,,,,,,,,,,,,,,,,,,,,,,,,,,,,,,,,,,,,,,,,,,,,,,,,,,,,,,,,,,,,
,,,,,,,,,,,,,,,,,,,,,,,,,,,,,,,,,,,,,,,,,,,,,,,,,,,,,,,,,,,,,,,,,,,,,,,,,,,,,,,,,,,,,,,,,,,,,,,,,,,,,,,,,,,,,,,,,,,,,,,,,,,,,,,,,,,,,,,,,,,
,,,,,,,,,,,,,,,,,,,,,,,,,,,,,,,,,,,,,,,,,,,,,,,,,,,,,,,,,,,,,,,,,,,,,,,,,,,,,,,,,,,,,,,,,,,,,,,,,,,,,,,,,,,,,,,,,,,,,,,,,,,,,,,,,,,,,,,,,,,
,,,,,,,,,,,,,,,,,,,,,,,,,,,,,,,,,,,,,,,,,,,,,,,,,,,,,,,,,,,,,,,,,,,,,,,,,,,,,,,,,,,,,,,,,,,,,,,,,,,,,,,,,,,,,,,,,,,,,,,,,,,,,,,,,,,,,,,,,,,
,,,,,,,,,,,,,,,,,,,,,,,,,,,,,,,,,,,,,,,,,,,,,,,,,,,,,,,,,,,,,,,,,,,,,,,,,,,,,,,,,,,,,,,,,,,,,,,,,,,,,,,,,,,,,,,,,,,,,,,,,,,,,,,,,,,,,,,,,,,
,,,,,,,,,,,,,,,,,,,,,,,,,,,,,,,,,,,,,,,,,,,,,,,,,,,,,,,,,,,,,,,,,,,,,,,,,,,,,,,,,,,,,,,,,,,,,,,,,,,,,,,,,,,,,,,,,,,,,,,,,,,,,,,,,,,,,,,,,,,
,,,,,,,,,,,,,,,,,,,,,,,,,,,,,,,,,,,,,,,,,,,,,,,,,,,,,,,,,,,,,,,,,,,,,,,,,,,,,,,,,,,,,,,,,,,,,,,,,,,,,,,,,,,,,,,,,,,,,,,,,,,,,,,,,,,,,,,,,,,
,,,,,,,,,,,,,,,,,,,,,,,,,,,,,,,,,,,,,,,,,,,,,,,,,,,,,,,,,,,,,,,,,,,,,,,,,,,,,,,,,,,,,,,,,,,,,,,,,,,,,,,,,,,,,,,,,,,,,,,,,,,,,,,,,,,,,,,,,,,
,,,,,,,,,,,,,,,,,,,,,,,,,,,,,,,,,,,,,,,,,,,,,,,,,,,,,,,,,,,,,,,,,,,,,,,,,,,,,,,,,,,,,,,,,,,,,,,,,,,,,,,,,,,,,,,,,,,,,,,,,,,,,,,,,,,,,,,,,,,
,,,,,,,,,,,,,,,,,,,,,,,,,,,,,,,,,,,,,,,,,,,,,,,,,,,,,,,,,,,,,,,,,,,,,,,,,,,,,,,,,,,,,,,,,,,,,,,,,,,,,,,,,,,,,,,,,,,,,,,,,,,,,,,,,,,,,,,,,,,
,,,,,,,,,,,,,,,,,,,,,,,,,,,,,,,,,,,,,,,,,,,,,,,,,,,,,,,,,,,,,,,,,,,,,,,,,,,,,,,,,,,,,,,,,,,,,,,,,,,,,,,,,,,,,,,,,,,,,,,,,,,,,,,,,,,,,,,,,,,
,,,,,,,,,,,,,,,,,,,,,,,,,,,,,,,,,,,,,,,,,,,,,,,,,,,,,,,,,,,,,,,,,,,,,,,,,,,,,,,,,,,,,,,,,,,,,,,,,,,,,,,,,,,,,,,,,,,,,,,,,,,,,,,,,,,,,,,,,,,
,,,,,,,,,,,,,,,,,,,,,,,,,,,,,,,,,,,,,,,,,,,,,,,,,,,,,,,,,,,,,,,,,,,,,,,,,,,,,,,,,,,,,,,,,,,,,,,,,,,,,,,,,,,,,,,,,,,,,,,,,,,,,,,,,,,,,,,,,,,
,,,,,,,,,,,,,,,,,,,,,,,,,,,,,,,,,,,,,,,,,,,,,,,,,,,,,,,,,,,,,,,,,,,,,,,,,,,,,,,,,,,,,,,,,,,,,,,,,,,,,,,,,,,,,,,,,,,,,,,,,,,,,,,,,,,,,,,,,,,
,,,,,,,,,,,,,,,,,,,,,,,,,,,,,,,,,,,,,,,,,,,,,,,,,,,,,,,,,,,,,,,,,,,,,,,,,,,,,,,,,,,,,,,,,,,,,,,,,,,,,,,,,,,,,,,,,,,,,,,,,,,,,,,,,,,,,,,,,,,
,,,,,,,,,,,,,,,,,,,,,,,,,,,,,,,,,,,,,,,,,,,,,,,,,,,,,,,,,,,,,,,,,,,,,,,,,,,,,,,,,,,,,,,,,,,,,,,,,,,,,,,,,,,,,,,,,,,,,,,,,,,,,,,,,,,,,,,,,,,
,,,,,,,,,,,,,,,,,,,,,,,,,,,,,,,,,,,,,,,,,,,,,,,,,,,,,,,,,,,,,,,,,,,,,,,,,,,,,,,,,,,,,,,,,,,,,,,,,,,,,,,,,,,,,,,,,,,,,,,,,,,,,,,,,,,,,,,,,,,
,,,,,,,,,,,,,,,,,,,,,,,,,,,,,,,,,,,,,,,,,,,,,,,,,,,,,,,,,,,,,,,,,,,,,,,,,,,,,,,,,,,,,,,,,,,,,,,,,,,,,,,,,,,,,,,,,,,,,,,,,,,,,,,,,,,,,,,,,,,
,,,,,,,,,,,,,,,,,,,,,,,,,,,,,,,,,,,,,,,,,,,,,,,,,,,,,,,,,,,,,,,,,,,,,,,,,,,,,,,,,,,,,,,,,,,,,,,,,,,,,,,,,,,,,,,,,,,,,,,,,,,,,,,,,,,,,,,,,,,
,,,,,,,,,,,,,,,,,,,,,,,,,,,,,,,,,,,,,,,,,,,,,,,,,,,,,,,,,,,,,,,,,,,,,,,,,,,,,,,,,,,,,,,,,,,,,,,,,,,,,,,,,,,,,,,,,,,,,,,,,,,,,,,,,,,,,,,,,,,
,,,,,,,,,,,,,,,,,,,,,,,,,,,,,,,,,,,,,,,,,,,,,,,,,,,,,,,,,,,,,,,,,,,,,,,,,,,,,,,,,,,,,,,,,,,,,,,,,,,,,,,,,,,,,,,,,,,,,,,,,,,,,,,,,,,,,,,,,,,
,,,,,,,,,,,,,,,,,,,,,,,,,,,,,,,,,,,,,,,,,,,,,,,,,,,,,,,,,,,,,,,,,,,,,,,,,,,,,,,,,,,,,,,,,,,,,,,,,,,,,,,,,,,,,,,,,,,,,,,,,,,,,,,,,,,,,,,,,,,
,,,,,,,,,,,,,,,,,,,,,,,,,,,,,,,,,,,,,,,,,,,,,,,,,,,,,,,,,,,,,,,,,,,,,,,,,,,,,,,,,,,,,,,,,,,,,,,,,,,,,,,,,,,,,,,,,,,,,,,,,,,,,,,,,,,,,,,,,,,
,,,,,,,,,,,,,,,,,,,,,,,,,,,,,,,,,,,,,,,,,,,,,,,,,,,,,,,,,,,,,,,,,,,,,,,,,,,,,,,,,,,,,,,,,,,,,,,,,,,,,,,,,,,,,,,,,,,,,,,,,,,,,,,,,,,,,,,,,,,
,,,,,,,,,,,,,,,,,,,,,,,,,,,,,,,,,,,,,,,,,,,,,,,,,,,,,,,,,,,,,,,,,,,,,,,,,,,,,,,,,,,,,,,,,,,,,,,,,,,,,,,,,,,,,,,,,,,,,,,,,,,,,,,,,,,,,,,,,,,
,,,,,,,,,,,,,,,,,,,,,,,,,,,,,,,,,,,,,,,,,,,,,,,,,,,,,,,,,,,,,,,,,,,,,,,,,,,,,,,,,,,,,,,,,,,,,,,,,,,,,,,,,,,,,,,,,,,,,,,,,,,,,,,,,,,,,,,,,,,
,,,,,,,,,,,,,,,,,,,,,,,,,,,,,,,,,,,,,,,,,,,,,,,,,,,,,,,,,,,,,,,,,,,,,,,,,,,,,,,,,,,,,,,,,,,,,,,,,,,,,,,,,,,,,,,,,,,,,,,,,,,,,,,,,,,,,,,,,,,
,,,,,,,,,,,,,,,,,,,,,,,,,,,,,,,,,,,,,,,,,,,,,,,,,,,,,,,,,,,,,,,,,,,,,,,,,,,,,,,,,,,,,,,,,,,,,,,,,,,,,,,,,,,,,,,,,,,,,,,,,,,,,,,,,,,,,,,,,,,
,,,,,,,,,,,,,,,,,,,,,,,,,,,,,,,,,,,,,,,,,,,,,,,,,,,,,,,,,,,,,,,,,,,,,,,,,,,,,,,,,,,,,,,,,,,,,,,,,,,,,,,,,,,,,,,,,,,,,,,,,,,,,,,,,,,,,,,,,,,
,,,,,,,,,,,,,,,,,,,,,,,,,,,,,,,,,,,,,,,,,,,,,,,,,,,,,,,,,,,,,,,,,,,,,,,,,,,,,,,,,,,,,,,,,,,,,,,,,,,,,,,,,,,,,,,,,,,,,,,,,,,,,,,,,,,,,,,,,,,
,,,,,,,,,,,,,,,,,,,,,,,,,,,,,,,,,,,,,,,,,,,,,,,,,,,,,,,,,,,,,,,,,,,,,,,,,,,,,,,,,,,,,,,,,,,,,,,,,,,,,,,,,,,,,,,,,,,,,,,,,,,,,,,,,,,,,,,,,,,
,,,,,,,,,,,,,,,,,,,,,,,,,,,,,,,,,,,,,,,,,,,,,,,,,,,,,,,,,,,,,,,,,,,,,,,,,,,,,,,,,,,,,,,,,,,,,,,,,,,,,,,,,,,,,,,,,,,,,,,,,,,,,,,,,,,,,,,,,,,
,,,,,,,,,,,,,,,,,,,,,,,,,,,,,,,,,,,,,,,,,,,,,,,,,,,,,,,,,,,,,,,,,,,,,,,,,,,,,,,,,,,,,,,,,,,,,,,,,,,,,,,,,,,,,,,,,,,,,,,,,,,,,,,,,,,,,,,,,,,
,,,,,,,,,,,,,,,,,,,,,,,,,,,,,,,,,,,,,,,,,,,,,,,,,,,,,,,,,,,,,,,,,,,,,,,,,,,,,,,,,,,,,,,,,,,,,,,,,,,,,,,,,,,,,,,,,,,,,,,,,,,,,,,,,,,,,,,,,,,
,,,,,,,,,,,,,,,,,,,,,,,,,,,,,,,,,,,,,,,,,,,,,,,,,,,,,,,,,,,,,,,,,,,,,,,,,,,,,,,,,,,,,,,,,,,,,,,,,,,,,,,,,,,,,,,,,,,,,,,,,,,,,,,,,,,,,,,,,,,
,,,,,,,,,,,,,,,,,,,,,,,,,,,,,,,,,,,,,,,,,,,,,,,,,,,,,,,,,,,,,,,,,,,,,,,,,,,,,,,,,,,,,,,,,,,,,,,,,,,,,,,,,,,,,,,,,,,,,,,,,,,,,,,,,,,,,,,,,,,
,,,,,,,,,,,,,,,,,,,,,,,,,,,,,,,,,,,,,,,,,,,,,,,,,,,,,,,,,,,,,,,,,,,,,,,,,,,,,,,,,,,,,,,,,,,,,,,,,,,,,,,,,,,,,,,,,,,,,,,,,,,,,,,,,,,,,,,,,,,
,,,,,,,,,,,,,,,,,,,,,,,,,,,,,,,,,,,,,,,,,,,,,,,,,,,,,,,,,,,,,,,,,,,,,,,,,,,,,,,,,,,,,,,,,,,,,,,,,,,,,,,,,,,,,,,,,,,,,,,,,,,,,,,,,,,,,,,,,,,
,,,,,,,,,,,,,,,,,,,,,,,,,,,,,,,,,,,,,,,,,,,,,,,,,,,,,,,,,,,,,,,,,,,,,,,,,,,,,,,,,,,,,,,,,,,,,,,,,,,,,,,,,,,,,,,,,,,,,,,,,,,,,,,,,,,,,,,,,,,
,,,,,,,,,,,,,,,,,,,,,,,,,,,,,,,,,,,,,,,,,,,,,,,,,,,,,,,,,,,,,,,,,,,,,,,,,,,,,,,,,,,,,,,,,,,,,,,,,,,,,,,,,,,,,,,,,,,,,,,,,,,,,,,,,,,,,,,,,,,
,,,,,,,,,,,,,,,,,,,,,,,,,,,,,,,,,,,,,,,,,,,,,,,,,,,,,,,,,,,,,,,,,,,,,,,,,,,,,,,,,,,,,,,,,,,,,,,,,,,,,,,,,,,,,,,,,,,,,,,,,,,,,,,,,,,,,,,,,,,
,,,,,,,,,,,,,,,,,,,,,,,,,,,,,,,,,,,,,,,,,,,,,,,,,,,,,,,,,,,,,,,,,,,,,,,,,,,,,,,,,,,,,,,,,,,,,,,,,,,,,,,,,,,,,,,,,,,,,,,,,,,,,,,,,,,,,,,,,,,
,,,,,,,,,,,,,,,,,,,,,,,,,,,,,,,,,,,,,,,,,,,,,,,,,,,,,,,,,,,,,,,,,,,,,,,,,,,,,,,,,,,,,,,,,,,,,,,,,,,,,,,,,,,,,,,,,,,,,,,,,,,,,,,,,,,,,,,,,,,
,,,,,,,,,,,,,,,,,,,,,,,,,,,,,,,,,,,,,,,,,,,,,,,,,,,,,,,,,,,,,,,,,,,,,,,,,,,,,,,,,,,,,,,,,,,,,,,,,,,,,,,,,,,,,,,,,,,,,,,,,,,,,,,,,,,,,,,,,,,
,,,,,,,,,,,,,,,,,,,,,,,,,,,,,,,,,,,,,,,,,,,,,,,,,,,,,,,,,,,,,,,,,,,,,,,,,,,,,,,,,,,,,,,,,,,,,,,,,,,,,,,,,,,,,,,,,,,,,,,,,,,,,,,,,,,,,,,,,,,
,,,,,,,,,,,,,,,,,,,,,,,,,,,,,,,,,,,,,,,,,,,,,,,,,,,,,,,,,,,,,,,,,,,,,,,,,,,,,,,,,,,,,,,,,,,,,,,,,,,,,,,,,,,,,,,,,,,,,,,,,,,,,,,,,,,,,,,,,,,
,,,,,,,,,,,,,,,,,,,,,,,,,,,,,,,,,,,,,,,,,,,,,,,,,,,,,,,,,,,,,,,,,,,,,,,,,,,,,,,,,,,,,,,,,,,,,,,,,,,,,,,,,,,,,,,,,,,,,,,,,,,,,,,,,,,,,,,,,,,
,,,,,,,,,,,,,,,,,,,,,,,,,,,,,,,,,,,,,,,,,,,,,,,,,,,,,,,,,,,,,,,,,,,,,,,,,,,,,,,,,,,,,,,,,,,,,,,,,,,,,,,,,,,,,,,,,,,,,,,,,,,,,,,,,,,,,,,,,,,
,,,,,,,,,,,,,,,,,,,,,,,,,,,,,,,,,,,,,,,,,,,,,,,,,,,,,,,,,,,,,,,,,,,,,,,,,,,,,,,,,,,,,,,,,,,,,,,,,,,,,,,,,,,,,,,,,,,,,,,,,,,,,,,,,,,,,,,,,,,
,,,,,,,,,,,,,,,,,,,,,,,,,,,,,,,,,,,,,,,,,,,,,,,,,,,,,,,,,,,,,,,,,,,,,,,,,,,,,,,,,,,,,,,,,,,,,,,,,,,,,,,,,,,,,,,,,,,,,,,,,,,,,,,,,,,,,,,,,,,
,,,,,,,,,,,,,,,,,,,,,,,,,,,,,,,,,,,,,,,,,,,,,,,,,,,,,,,,,,,,,,,,,,,,,,,,,,,,,,,,,,,,,,,,,,,,,,,,,,,,,,,,,,,,,,,,,,,,,,,,,,,,,,,,,,,,,,,,,,,
,,,,,,,,,,,,,,,,,,,,,,,,,,,,,,,,,,,,,,,,,,,,,,,,,,,,,,,,,,,,,,,,,,,,,,,,,,,,,,,,,,,,,,,,,,,,,,,,,,,,,,,,,,,,,,,,,,,,,,,,,,,,,,,,,,,,,,,,,,,
,,,,,,,,,,,,,,,,,,,,,,,,,,,,,,,,,,,,,,,,,,,,,,,,,,,,,,,,,,,,,,,,,,,,,,,,,,,,,,,,,,,,,,,,,,,,,,,,,,,,,,,,,,,,,,,,,,,,,,,,,,,,,,,,,,,,,,,,,,,
,,,,,,,,,,,,,,,,,,,,,,,,,,,,,,,,,,,,,,,,,,,,,,,,,,,,,,,,,,,,,,,,,,,,,,,,,,,,,,,,,,,,,,,,,,,,,,,,,,,,,,,,,,,,,,,,,,,,,,,,,,,,,,,,,,,,,,,,,,,
,,,,,,,,,,,,,,,,,,,,,,,,,,,,,,,,,,,,,,,,,,,,,,,,,,,,,,,,,,,,,,,,,,,,,,,,,,,,,,,,,,,,,,,,,,,,,,,,,,,,,,,,,,,,,,,,,,,,,,,,,,,,,,,,,,,,,,,,,,,
,,,,,,,,,,,,,,,,,,,,,,,,,,,,,,,,,,,,,,,,,,,,,,,,,,,,,,,,,,,,,,,,,,,,,,,,,,,,,,,,,,,,,,,,,,,,,,,,,,,,,,,,,,,,,,,,,,,,,,,,,,,,,,,,,,,,,,,,,,,
,,,,,,,,,,,,,,,,,,,,,,,,,,,,,,,,,,,,,,,,,,,,,,,,,,,,,,,,,,,,,,,,,,,,,,,,,,,,,,,,,,,,,,,,,,,,,,,,,,,,,,,,,,,,,,,,,,,,,,,,,,,,,,,,,,,,,,,,,,,
,,,,,,,,,,,,,,,,,,,,,,,,,,,,,,,,,,,,,,,,,,,,,,,,,,,,,,,,,,,,,,,,,,,,,,,,,,,,,,,,,,,,,,,,,,,,,,,,,,,,,,,,,,,,,,,,,,,,,,,,,,,,,,,,,,,,,,,,,,,
,,,,,,,,,,,,,,,,,,,,,,,,,,,,,,,,,,,,,,,,,,,,,,,,,,,,,,,,,,,,,,,,,,,,,,,,,,,,,,,,,,,,,,,,,,,,,,,,,,,,,,,,,,,,,,,,,,,,,,,,,,,,,,,,,,,,,,,,,,,
,,,,,,,,,,,,,,,,,,,,,,,,,,,,,,,,,,,,,,,,,,,,,,,,,,,,,,,,,,,,,,,,,,,,,,,,,,,,,,,,,,,,,,,,,,,,,,,,,,,,,,,,,,,,,,,,,,,,,,,,,,,,,,,,,,,,,,,,,,,
,,,,,,,,,,,,,,,,,,,,,,,,,,,,,,,,,,,,,,,,,,,,,,,,,,,,,,,,,,,,,,,,,,,,,,,,,,,,,,,,,,,,,,,,,,,,,,,,,,,,,,,,,,,,,,,,,,,,,,,,,,,,,,,,,,,,,,,,,,,
,,,,,,,,,,,,,,,,,,,,,,,,,,,,,,,,,,,,,,,,,,,,,,,,,,,,,,,,,,,,,,,,,,,,,,,,,,,,,,,,,,,,,,,,,,,,,,,,,,,,,,,,,,,,,,,,,,,,,,,,,,,,,,,,,,,,,,,,,,,
,,,,,,,,,,,,,,,,,,,,,,,,,,,,,,,,,,,,,,,,,,,,,,,,,,,,,,,,,,,,,,,,,,,,,,,,,,,,,,,,,,,,,,,,,,,,,,,,,,,,,,,,,,,,,,,,,,,,,,,,,,,,,,,,,,,,,,,,,,,
,,,,,,,,,,,,,,,,,,,,,,,,,,,,,,,,,,,,,,,,,,,,,,,,,,,,,,,,,,,,,,,,,,,,,,,,,,,,,,,,,,,,,,,,,,,,,,,,,,,,,,,,,,,,,,,,,,,,,,,,,,,,,,,,,,,,,,,,,,,
,,,,,,,,,,,,,,,,,,,,,,,,,,,,,,,,,,,,,,,,,,,,,,,,,,,,,,,,,,,,,,,,,,,,,,,,,,,,,,,,,,,,,,,,,,,,,,,,,,,,,,,,,,,,,,,,,,,,,,,,,,,,,,,,,,,,,,,,,,,
,,,,,,,,,,,,,,,,,,,,,,,,,,,,,,,,,,,,,,,,,,,,,,,,,,,,,,,,,,,,,,,,,,,,,,,,,,,,,,,,,,,,,,,,,,,,,,,,,,,,,,,,,,,,,,,,,,,,,,,,,,,,,,,,,,,,,,,,,,,
,,,,,,,,,,,,,,,,,,,,,,,,,,,,,,,,,,,,,,,,,,,,,,,,,,,,,,,,,,,,,,,,,,,,,,,,,,,,,,,,,,,,,,,,,,,,,,,,,,,,,,,,,,,,,,,,,,,,,,,,,,,,,,,,,,,,,,,,,,,
,,,,,,,,,,,,,,,,,,,,,,,,,,,,,,,,,,,,,,,,,,,,,,,,,,,,,,,,,,,,,,,,,,,,,,,,,,,,,,,,,,,,,,,,,,,,,,,,,,,,,,,,,,,,,,,,,,,,,,,,,,,,,,,,,,,,,,,,,,,
,,,,,,,,,,,,,,,,,,,,,,,,,,,,,,,,,,,,,,,,,,,,,,,,,,,,,,,,,,,,,,,,,,,,,,,,,,,,,,,,,,,,,,,,,,,,,,,,,,,,,,,,,,,,,,,,,,,,,,,,,,,,,,,,,,,,,,,,,,,
,,,,,,,,,,,,,,,,,,,,,,,,,,,,,,,,,,,,,,,,,,,,,,,,,,,,,,,,,,,,,,,,,,,,,,,,,,,,,,,,,,,,,,,,,,,,,,,,,,,,,,,,,,,,,,,,,,,,,,,,,,,,,,,,,,,,,,,,,,,
,,,,,,,,,,,,,,,,,,,,,,,,,,,,,,,,,,,,,,,,,,,,,,,,,,,,,,,,,,,,,,,,,,,,,,,,,,,,,,,,,,,,,,,,,,,,,,,,,,,,,,,,,,,,,,,,,,,,,,,,,,,,,,,,,,,,,,,,,,,
,,,,,,,,,,,,,,,,,,,,,,,,,,,,,,,,,,,,,,,,,,,,,,,,,,,,,,,,,,,,,,,,,,,,,,,,,,,,,,,,,,,,,,,,,,,,,,,,,,,,,,,,,,,,,,,,,,,,,,,,,,,,,,,,,,,,,,,,,,,
,,,,,,,,,,,,,,,,,,,,,,,,,,,,,,,,,,,,,,,,,,,,,,,,,,,,,,,,,,,,,,,,,,,,,,,,,,,,,,,,,,,,,,,,,,,,,,,,,,,,,,,,,,,,,,,,,,,,,,,,,,,,,,,,,,,,,,,,,,,
,,,,,,,,,,,,,,,,,,,,,,,,,,,,,,,,,,,,,,,,,,,,,,,,,,,,,,,,,,,,,,,,,,,,,,,,,,,,,,,,,,,,,,,,,,,,,,,,,,,,,,,,,,,,,,,,,,,,,,,,,,,,,,,,,,,,,,,,,,,
,,,,,,,,,,,,,,,,,,,,,,,,,,,,,,,,,,,,,,,,,,,,,,,,,,,,,,,,,,,,,,,,,,,,,,,,,,,,,,,,,,,,,,,,,,,,,,,,,,,,,,,,,,,,,,,,,,,,,,,,,,,,,,,,,,,,,,,,,,,
,,,,,,,,,,,,,,,,,,,,,,,,,,,,,,,,,,,,,,,,,,,,,,,,,,,,,,,,,,,,,,,,,,,,,,,,,,,,,,,,,,,,,,,,,,,,,,,,,,,,,,,,,,,,,,,,,,,,,,,,,,,,,,,,,,,,,,,,,,,
,,,,,,,,,,,,,,,,,,,,,,,,,,,,,,,,,,,,,,,,,,,,,,,,,,,,,,,,,,,,,,,,,,,,,,,,,,,,,,,,,,,,,,,,,,,,,,,,,,,,,,,,,,,,,,,,,,,,,,,,,,,,,,,,,,,,,,,,,,,
,,,,,,,,,,,,,,,,,,,,,,,,,,,,,,,,,,,,,,,,,,,,,,,,,,,,,,,,,,,,,,,,,,,,,,,,,,,,,,,,,,,,,,,,,,,,,,,,,,,,,,,,,,,,,,,,,,,,,,,,,,,,,,,,,,,,,,,,,,,
,,,,,,,,,,,,,,,,,,,,,,,,,,,,,,,,,,,,,,,,,,,,,,,,,,,,,,,,,,,,,,,,,,,,,,,,,,,,,,,,,,,,,,,,,,,,,,,,,,,,,,,,,,,,,,,,,,,,,,,,,,,,,,,,,,,,,,,,,,,
,,,,,,,,,,,,,,,,,,,,,,,,,,,,,,,,,,,,,,,,,,,,,,,,,,,,,,,,,,,,,,,,,,,,,,,,,,,,,,,,,,,,,,,,,,,,,,,,,,,,,,,,,,,,,,,,,,,,,,,,,,,,,,,,,,,,,,,,,,,
,,,,,,,,,,,,,,,,,,,,,,,,,,,,,,,,,,,,,,,,,,,,,,,,,,,,,,,,,,,,,,,,,,,,,,,,,,,,,,,,,,,,,,,,,,,,,,,,,,,,,,,,,,,,,,,,,,,,,,,,,,,,,,,,,,,,,,,,,,,
,,,,,,,,,,,,,,,,,,,,,,,,,,,,,,,,,,,,,,,,,,,,,,,,,,,,,,,,,,,,,,,,,,,,,,,,,,,,,,,,,,,,,,,,,,,,,,,,,,,,,,,,,,,,,,,,,,,,,,,,,,,,,,,,,,,,,,,,,,,
,,,,,,,,,,,,,,,,,,,,,,,,,,,,,,,,,,,,,,,,,,,,,,,,,,,,,,,,,,,,,,,,,,,,,,,,,,,,,,,,,,,,,,,,,,,,,,,,,,,,,,,,,,,,,,,,,,,,,,,,,,,,,,,,,,,,,,,,,,,
,,,,,,,,,,,,,,,,,,,,,,,,,,,,,,,,,,,,,,,,,,,,,,,,,,,,,,,,,,,,,,,,,,,,,,,,,,,,,,,,,,,,,,,,,,,,,,,,,,,,,,,,,,,,,,,,,,,,,,,,,,,,,,,,,,,,,,,,,,,
,,,,,,,,,,,,,,,,,,,,,,,,,,,,,,,,,,,,,,,,,,,,,,,,,,,,,,,,,,,,,,,,,,,,,,,,,,,,,,,,,,,,,,,,,,,,,,,,,,,,,,,,,,,,,,,,,,,,,,,,,,,,,,,,,,,,,,,,,,,
,,,,,,,,,,,,,,,,,,,,,,,,,,,,,,,,,,,,,,,,,,,,,,,,,,,,,,,,,,,,,,,,,,,,,,,,,,,,,,,,,,,,,,,,,,,,,,,,,,,,,,,,,,,,,,,,,,,,,,,,,,,,,,,,,,,,,,,,,,,
,,,,,,,,,,,,,,,,,,,,,,,,,,,,,,,,,,,,,,,,,,,,,,,,,,,,,,,,,,,,,,,,,,,,,,,,,,,,,,,,,,,,,,,,,,,,,,,,,,,,,,,,,,,,,,,,,,,,,,,,,,,,,,,,,,,,,,,,,,,
,,,,,,,,,,,,,,,,,,,,,,,,,,,,,,,,,,,,,,,,,,,,,,,,,,,,,,,,,,,,,,,,,,,,,,,,,,,,,,,,,,,,,,,,,,,,,,,,,,,,,,,,,,,,,,,,,,,,,,,,,,,,,,,,,,,,,,,,,,,
,,,,,,,,,,,,,,,,,,,,,,,,,,,,,,,,,,,,,,,,,,,,,,,,,,,,,,,,,,,,,,,,,,,,,,,,,,,,,,,,,,,,,,,,,,,,,,,,,,,,,,,,,,,,,,,,,,,,,,,,,,,,,,,,,,,,,,,,,,,
,,,,,,,,,,,,,,,,,,,,,,,,,,,,,,,,,,,,,,,,,,,,,,,,,,,,,,,,,,,,,,,,,,,,,,,,,,,,,,,,,,,,,,,,,,,,,,,,,,,,,,,,,,,,,,,,,,,,,,,,,,,,,,,,,,,,,,,,,,,
,,,,,,,,,,,,,,,,,,,,,,,,,,,,,,,,,,,,,,,,,,,,,,,,,,,,,,,,,,,,,,,,,,,,,,,,,,,,,,,,,,,,,,,,,,,,,,,,,,,,,,,,,,,,,,,,,,,,,,,,,,,,,,,,,,,,,,,,,,,
,,,,,,,,,,,,,,,,,,,,,,,,,,,,,,,,,,,,,,,,,,,,,,,,,,,,,,,,,,,,,,,,,,,,,,,,,,,,,,,,,,,,,,,,,,,,,,,,,,,,,,,,,,,,,,,,,,,,,,,,,,,,,,,,,,,,,,,,,,,
,,,,,,,,,,,,,,,,,,,,,,,,,,,,,,,,,,,,,,,,,,,,,,,,,,,,,,,,,,,,,,,,,,,,,,,,,,,,,,,,,,,,,,,,,,,,,,,,,,,,,,,,,,,,,,,,,,,,,,,,,,,,,,,,,,,,,,,,,,,
,,,,,,,,,,,,,,,,,,,,,,,,,,,,,,,,,,,,,,,,,,,,,,,,,,,,,,,,,,,,,,,,,,,,,,,,,,,,,,,,,,,,,,,,,,,,,,,,,,,,,,,,,,,,,,,,,,,,,,,,,,,,,,,,,,,,,,,,,,,
,,,,,,,,,,,,,,,,,,,,,,,,,,,,,,,,,,,,,,,,,,,,,,,,,,,,,,,,,,,,,,,,,,,,,,,,,,,,,,,,,,,,,,,,,,,,,,,,,,,,,,,,,,,,,,,,,,,,,,,,,,,,,,,,,,,,,,,,,,,
,,,,,,,,,,,,,,,,,,,,,,,,,,,,,,,,,,,,,,,,,,,,,,,,,,,,,,,,,,,,,,,,,,,,,,,,,,,,,,,,,,,,,,,,,,,,,,,,,,,,,,,,,,,,,,,,,,,,,,,,,,,,,,,,,,,,,,,,,,,
,,,,,,,,,,,,,,,,,,,,,,,,,,,,,,,,,,,,,,,,,,,,,,,,,,,,,,,,,,,,,,,,,,,,,,,,,,,,,,,,,,,,,,,,,,,,,,,,,,,,,,,,,,,,,,,,,,,,,,,,,,,,,,,,,,,,,,,,,,,
,,,,,,,,,,,,,,,,,,,,,,,,,,,,,,,,,,,,,,,,,,,,,,,,,,,,,,,,,,,,,,,,,,,,,,,,,,,,,,,,,,,,,,,,,,,,,,,,,,,,,,,,,,,,,,,,,,,,,,,,,,,,,,,,,,,,,,,,,,,
,,,,,,,,,,,,,,,,,,,,,,,,,,,,,,,,,,,,,,,,,,,,,,,,,,,,,,,,,,,,,,,,,,,,,,,,,,,,,,,,,,,,,,,,,,,,,,,,,,,,,,,,,,,,,,,,,,,,,,,,,,,,,,,,,,,,,,,,,,,
,,,,,,,,,,,,,,,,,,,,,,,,,,,,,,,,,,,,,,,,,,,,,,,,,,,,,,,,,,,,,,,,,,,,,,,,,,,,,,,,,,,,,,,,,,,,,,,,,,,,,,,,,,,,,,,,,,,,,,,,,,,,,,,,,,,,,,,,,,,
,,,,,,,,,,,,,,,,,,,,,,,,,,,,,,,,,,,,,,,,,,,,,,,,,,,,,,,,,,,,,,,,,,,,,,,,,,,,,,,,,,,,,,,,,,,,,,,,,,,,,,,,,,,,,,,,,,,,,,,,,,,,,,,,,,,,,,,,,,,
,,,,,,,,,,,,,,,,,,,,,,,,,,,,,,,,,,,,,,,,,,,,,,,,,,,,,,,,,,,,,,,,,,,,,,,,,,,,,,,,,,,,,,,,,,,,,,,,,,,,,,,,,,,,,,,,,,,,,,,,,,,,,,,,,,,,,,,,,,,
,,,,,,,,,,,,,,,,,,,,,,,,,,,,,,,,,,,,,,,,,,,,,,,,,,,,,,,,,,,,,,,,,,,,,,,,,,,,,,,,,,,,,,,,,,,,,,,,,,,,,,,,,,,,,,,,,,,,,,,,,,,,,,,,,,,,,,,,,,,
,,,,,,,,,,,,,,,,,,,,,,,,,,,,,,,,,,,,,,,,,,,,,,,,,,,,,,,,,,,,,,,,,,,,,,,,,,,,,,,,,,,,,,,,,,,,,,,,,,,,,,,,,,,,,,,,,,,,,,,,,,,,,,,,,,,,,,,,,,,
,,,,,,,,,,,,,,,,,,,,,,,,,,,,,,,,,,,,,,,,,,,,,,,,,,,,,,,,,,,,,,,,,,,,,,,,,,,,,,,,,,,,,,,,,,,,,,,,,,,,,,,,,,,,,,,,,,,,,,,,,,,,,,,,,,,,,,,,,,,
,,,,,,,,,,,,,,,,,,,,,,,,,,,,,,,,,,,,,,,,,,,,,,,,,,,,,,,,,,,,,,,,,,,,,,,,,,,,,,,,,,,,,,,,,,,,,,,,,,,,,,,,,,,,,,,,,,,,,,,,,,,,,,,,,,,,,,,,,,,
,,,,,,,,,,,,,,,,,,,,,,,,,,,,,,,,,,,,,,,,,,,,,,,,,,,,,,,,,,,,,,,,,,,,,,,,,,,,,,,,,,,,,,,,,,,,,,,,,,,,,,,,,,,,,,,,,,,,,,,,,,,,,,,,,,,,,,,,,,,
,,,,,,,,,,,,,,,,,,,,,,,,,,,,,,,,,,,,,,,,,,,,,,,,,,,,,,,,,,,,,,,,,,,,,,,,,,,,,,,,,,,,,,,,,,,,,,,,,,,,,,,,,,,,,,,,,,,,,,,,,,,,,,,,,,,,,,,,,,,
,,,,,,,,,,,,,,,,,,,,,,,,,,,,,,,,,,,,,,,,,,,,,,,,,,,,,,,,,,,,,,,,,,,,,,,,,,,,,,,,,,,,,,,,,,,,,,,,,,,,,,,,,,,,,,,,,,,,,,,,,,,,,,,,,,,,,,,,,,,
,,,,,,,,,,,,,,,,,,,,,,,,,,,,,,,,,,,,,,,,,,,,,,,,,,,,,,,,,,,,,,,,,,,,,,,,,,,,,,,,,,,,,,,,,,,,,,,,,,,,,,,,,,,,,,,,,,,,,,,,,,,,,,,,,,,,,,,,,,,
,,,,,,,,,,,,,,,,,,,,,,,,,,,,,,,,,,,,,,,,,,,,,,,,,,,,,,,,,,,,,,,,,,,,,,,,,,,,,,,,,,,,,,,,,,,,,,,,,,,,,,,,,,,,,,,,,,,,,,,,,,,,,,,,,,,,,,,,,,,
,,,,,,,,,,,,,,,,,,,,,,,,,,,,,,,,,,,,,,,,,,,,,,,,,,,,,,,,,,,,,,,,,,,,,,,,,,,,,,,,,,,,,,,,,,,,,,,,,,,,,,,,,,,,,,,,,,,,,,,,,,,,,,,,,,,,,,,,,,,
,,,,,,,,,,,,,,,,,,,,,,,,,,,,,,,,,,,,,,,,,,,,,,,,,,,,,,,,,,,,,,,,,,,,,,,,,,,,,,,,,,,,,,,,,,,,,,,,,,,,,,,,,,,,,,,,,,,,,,,,,,,,,,,,,,,,,,,,,,,
,,,,,,,,,,,,,,,,,,,,,,,,,,,,,,,,,,,,,,,,,,,,,,,,,,,,,,,,,,,,,,,,,,,,,,,,,,,,,,,,,,,,,,,,,,,,,,,,,,,,,,,,,,,,,,,,,,,,,,,,,,,,,,,,,,,,,,,,,,,
,,,,,,,,,,,,,,,,,,,,,,,,,,,,,,,,,,,,,,,,,,,,,,,,,,,,,,,,,,,,,,,,,,,,,,,,,,,,,,,,,,,,,,,,,,,,,,,,,,,,,,,,,,,,,,,,,,,,,,,,,,,,,,,,,,,,,,,,,,,
,,,,,,,,,,,,,,,,,,,,,,,,,,,,,,,,,,,,,,,,,,,,,,,,,,,,,,,,,,,,,,,,,,,,,,,,,,,,,,,,,,,,,,,,,,,,,,,,,,,,,,,,,,,,,,,,,,,,,,,,,,,,,,,,,,,,,,,,,,,
,,,,,,,,,,,,,,,,,,,,,,,,,,,,,,,,,,,,,,,,,,,,,,,,,,,,,,,,,,,,,,,,,,,,,,,,,,,,,,,,,,,,,,,,,,,,,,,,,,,,,,,,,,,,,,,,,,,,,,,,,,,,,,,,,,,,,,,,,,,
,,,,,,,,,,,,,,,,,,,,,,,,,,,,,,,,,,,,,,,,,,,,,,,,,,,,,,,,,,,,,,,,,,,,,,,,,,,,,,,,,,,,,,,,,,,,,,,,,,,,,,,,,,,,,,,,,,,,,,,,,,,,,,,,,,,,,,,,,,,
,,,,,,,,,,,,,,,,,,,,,,,,,,,,,,,,,,,,,,,,,,,,,,,,,,,,,,,,,,,,,,,,,,,,,,,,,,,,,,,,,,,,,,,,,,,,,,,,,,,,,,,,,,,,,,,,,,,,,,,,,,,,,,,,,,,,,,,,,,,
,,,,,,,,,,,,,,,,,,,,,,,,,,,,,,,,,,,,,,,,,,,,,,,,,,,,,,,,,,,,,,,,,,,,,,,,,,,,,,,,,,,,,,,,,,,,,,,,,,,,,,,,,,,,,,,,,,,,,,,,,,,,,,,,,,,,,,,,,,,
,,,,,,,,,,,,,,,,,,,,,,,,,,,,,,,,,,,,,,,,,,,,,,,,,,,,,,,,,,,,,,,,,,,,,,,,,,,,,,,,,,,,,,,,,,,,,,,,,,,,,,,,,,,,,,,,,,,,,,,,,,,,,,,,,,,,,,,,,,,
,,,,,,,,,,,,,,,,,,,,,,,,,,,,,,,,,,,,,,,,,,,,,,,,,,,,,,,,,,,,,,,,,,,,,,,,,,,,,,,,,,,,,,,,,,,,,,,,,,,,,,,,,,,,,,,,,,,,,,,,,,,,,,,,,,,,,,,,,,,
,,,,,,,,,,,,,,,,,,,,,,,,,,,,,,,,,,,,,,,,,,,,,,,,,,,,,,,,,,,,,,,,,,,,,,,,,,,,,,,,,,,,,,,,,,,,,,,,,,,,,,,,,,,,,,,,,,,,,,,,,,,,,,,,,,,,,,,,,,,
,,,,,,,,,,,,,,,,,,,,,,,,,,,,,,,,,,,,,,,,,,,,,,,,,,,,,,,,,,,,,,,,,,,,,,,,,,,,,,,,,,,,,,,,,,,,,,,,,,,,,,,,,,,,,,,,,,,,,,,,,,,,,,,,,,,,,,,,,,,
,,,,,,,,,,,,,,,,,,,,,,,,,,,,,,,,,,,,,,,,,,,,,,,,,,,,,,,,,,,,,,,,,,,,,,,,,,,,,,,,,,,,,,,,,,,,,,,,,,,,,,,,,,,,,,,,,,,,,,,,,,,,,,,,,,,,,,,,,,,
,,,,,,,,,,,,,,,,,,,,,,,,,,,,,,,,,,,,,,,,,,,,,,,,,,,,,,,,,,,,,,,,,,,,,,,,,,,,,,,,,,,,,,,,,,,,,,,,,,,,,,,,,,,,,,,,,,,,,,,,,,,,,,,,,,,,,,,,,,,
,,,,,,,,,,,,,,,,,,,,,,,,,,,,,,,,,,,,,,,,,,,,,,,,,,,,,,,,,,,,,,,,,,,,,,,,,,,,,,,,,,,,,,,,,,,,,,,,,,,,,,,,,,,,,,,,,,,,,,,,,,,,,,,,,,,,,,,,,,,
,,,,,,,,,,,,,,,,,,,,,,,,,,,,,,,,,,,,,,,,,,,,,,,,,,,,,,,,,,,,,,,,,,,,,,,,,,,,,,,,,,,,,,,,,,,,,,,,,,,,,,,,,,,,,,,,,,,,,,,,,,,,,,,,,,,,,,,,,,,
,,,,,,,,,,,,,,,,,,,,,,,,,,,,,,,,,,,,,,,,,,,,,,,,,,,,,,,,,,,,,,,,,,,,,,,,,,,,,,,,,,,,,,,,,,,,,,,,,,,,,,,,,,,,,,,,,,,,,,,,,,,,,,,,,,,,,,,,,,,
,,,,,,,,,,,,,,,,,,,,,,,,,,,,,,,,,,,,,,,,,,,,,,,,,,,,,,,,,,,,,,,,,,,,,,,,,,,,,,,,,,,,,,,,,,,,,,,,,,,,,,,,,,,,,,,,,,,,,,,,,,,,,,,,,,,,,,,,,,,
,,,,,,,,,,,,,,,,,,,,,,,,,,,,,,,,,,,,,,,,,,,,,,,,,,,,,,,,,,,,,,,,,,,,,,,,,,,,,,,,,,,,,,,,,,,,,,,,,,,,,,,,,,,,,,,,,,,,,,,,,,,,,,,,,,,,,,,,,,,
,,,,,,,,,,,,,,,,,,,,,,,,,,,,,,,,,,,,,,,,,,,,,,,,,,,,,,,,,,,,,,,,,,,,,,,,,,,,,,,,,,,,,,,,,,,,,,,,,,,,,,,,,,,,,,,,,,,,,,,,,,,,,,,,,,,,,,,,,,,
,,,,,,,,,,,,,,,,,,,,,,,,,,,,,,,,,,,,,,,,,,,,,,,,,,,,,,,,,,,,,,,,,,,,,,,,,,,,,,,,,,,,,,,,,,,,,,,,,,,,,,,,,,,,,,,,,,,,,,,,,,,,,,,,,,,,,,,,,,,
,,,,,,,,,,,,,,,,,,,,,,,,,,,,,,,,,,,,,,,,,,,,,,,,,,,,,,,,,,,,,,,,,,,,,,,,,,,,,,,,,,,,,,,,,,,,,,,,,,,,,,,,,,,,,,,,,,,,,,,,,,,,,,,,,,,,,,,,,,,
,,,,,,,,,,,,,,,,,,,,,,,,,,,,,,,,,,,,,,,,,,,,,,,,,,,,,,,,,,,,,,,,,,,,,,,,,,,,,,,,,,,,,,,,,,,,,,,,,,,,,,,,,,,,,,,,,,,,,,,,,,,,,,,,,,,,,,,,,,,
,,,,,,,,,,,,,,,,,,,,,,,,,,,,,,,,,,,,,,,,,,,,,,,,,,,,,,,,,,,,,,,,,,,,,,,,,,,,,,,,,,,,,,,,,,,,,,,,,,,,,,,,,,,,,,,,,,,,,,,,,,,,,,,,,,,,,,,,,,,
,,,,,,,,,,,,,,,,,,,,,,,,,,,,,,,,,,,,,,,,,,,,,,,,,,,,,,,,,,,,,,,,,,,,,,,,,,,,,,,,,,,,,,,,,,,,,,,,,,,,,,,,,,,,,,,,,,,,,,,,,,,,,,,,,,,,,,,,,,,
,,,,,,,,,,,,,,,,,,,,,,,,,,,,,,,,,,,,,,,,,,,,,,,,,,,,,,,,,,,,,,,,,,,,,,,,,,,,,,,,,,,,,,,,,,,,,,,,,,,,,,,,,,,,,,,,,,,,,,,,,,,,,,,,,,,,,,,,,,,
,,,,,,,,,,,,,,,,,,,,,,,,,,,,,,,,,,,,,,,,,,,,,,,,,,,,,,,,,,,,,,,,,,,,,,,,,,,,,,,,,,,,,,,,,,,,,,,,,,,,,,,,,,,,,,,,,,,,,,,,,,,,,,,,,,,,,,,,,,,
,,,,,,,,,,,,,,,,,,,,,,,,,,,,,,,,,,,,,,,,,,,,,,,,,,,,,,,,,,,,,,,,,,,,,,,,,,,,,,,,,,,,,,,,,,,,,,,,,,,,,,,,,,,,,,,,,,,,,,,,,,,,,,,,,,,,,,,,,,,
,,,,,,,,,,,,,,,,,,,,,,,,,,,,,,,,,,,,,,,,,,,,,,,,,,,,,,,,,,,,,,,,,,,,,,,,,,,,,,,,,,,,,,,,,,,,,,,,,,,,,,,,,,,,,,,,,,,,,,,,,,,,,,,,,,,,,,,,,,,
,,,,,,,,,,,,,,,,,,,,,,,,,,,,,,,,,,,,,,,,,,,,,,,,,,,,,,,,,,,,,,,,,,,,,,,,,,,,,,,,,,,,,,,,,,,,,,,,,,,,,,,,,,,,,,,,,,,,,,,,,,,,,,,,,,,,,,,,,,,
,,,,,,,,,,,,,,,,,,,,,,,,,,,,,,,,,,,,,,,,,,,,,,,,,,,,,,,,,,,,,,,,,,,,,,,,,,,,,,,,,,,,,,,,,,,,,,,,,,,,,,,,,,,,,,,,,,,,,,,,,,,,,,,,,,,,,,,,,,,
,,,,,,,,,,,,,,,,,,,,,,,,,,,,,,,,,,,,,,,,,,,,,,,,,,,,,,,,,,,,,,,,,,,,,,,,,,,,,,,,,,,,,,,,,,,,,,,,,,,,,,,,,,,,,,,,,,,,,,,,,,,,,,,,,,,,,,,,,,,
,,,,,,,,,,,,,,,,,,,,,,,,,,,,,,,,,,,,,,,,,,,,,,,,,,,,,,,,,,,,,,,,,,,,,,,,,,,,,,,,,,,,,,,,,,,,,,,,,,,,,,,,,,,,,,,,,,,,,,,,,,,,,,,,,,,,,,,,,,,
,,,,,,,,,,,,,,,,,,,,,,,,,,,,,,,,,,,,,,,,,,,,,,,,,,,,,,,,,,,,,,,,,,,,,,,,,,,,,,,,,,,,,,,,,,,,,,,,,,,,,,,,,,,,,,,,,,,,,,,,,,,,,,,,,,,,,,,,,,,
,,,,,,,,,,,,,,,,,,,,,,,,,,,,,,,,,,,,,,,,,,,,,,,,,,,,,,,,,,,,,,,,,,,,,,,,,,,,,,,,,,,,,,,,,,,,,,,,,,,,,,,,,,,,,,,,,,,,,,,,,,,,,,,,,,,,,,,,,,,
,,,,,,,,,,,,,,,,,,,,,,,,,,,,,,,,,,,,,,,,,,,,,,,,,,,,,,,,,,,,,,,,,,,,,,,,,,,,,,,,,,,,,,,,,,,,,,,,,,,,,,,,,,,,,,,,,,,,,,,,,,,,,,,,,,,,,,,,,,,
,,,,,,,,,,,,,,,,,,,,,,,,,,,,,,,,,,,,,,,,,,,,,,,,,,,,,,,,,,,,,,,,,,,,,,,,,,,,,,,,,,,,,,,,,,,,,,,,,,,,,,,,,,,,,,,,,,,,,,,,,,,,,,,,,,,,,,,,,,,
,,,,,,,,,,,,,,,,,,,,,,,,,,,,,,,,,,,,,,,,,,,,,,,,,,,,,,,,,,,,,,,,,,,,,,,,,,,,,,,,,,,,,,,,,,,,,,,,,,,,,,,,,,,,,,,,,,,,,,,,,,,,,,,,,,,,,,,,,,,
,,,,,,,,,,,,,,,,,,,,,,,,,,,,,,,,,,,,,,,,,,,,,,,,,,,,,,,,,,,,,,,,,,,,,,,,,,,,,,,,,,,,,,,,,,,,,,,,,,,,,,,,,,,,,,,,,,,,,,,,,,,,,,,,,,,,,,,,,,,
,,,,,,,,,,,,,,,,,,,,,,,,,,,,,,,,,,,,,,,,,,,,,,,,,,,,,,,,,,,,,,,,,,,,,,,,,,,,,,,,,,,,,,,,,,,,,,,,,,,,,,,,,,,,,,,,,,,,,,,,,,,,,,,,,,,,,,,,,,,
,,,,,,,,,,,,,,,,,,,,,,,,,,,,,,,,,,,,,,,,,,,,,,,,,,,,,,,,,,,,,,,,,,,,,,,,,,,,,,,,,,,,,,,,,,,,,,,,,,,,,,,,,,,,,,,,,,,,,,,,,,,,,,,,,,,,,,,,,,,
,,,,,,,,,,,,,,,,,,,,,,,,,,,,,,,,,,,,,,,,,,,,,,,,,,,,,,,,,,,,,,,,,,,,,,,,,,,,,,,,,,,,,,,,,,,,,,,,,,,,,,,,,,,,,,,,,,,,,,,,,,,,,,,,,,,,,,,,,,,
,,,,,,,,,,,,,,,,,,,,,,,,,,,,,,,,,,,,,,,,,,,,,,,,,,,,,,,,,,,,,,,,,,,,,,,,,,,,,,,,,,,,,,,,,,,,,,,,,,,,,,,,,,,,,,,,,,,,,,,,,,,,,,,,,,,,,,,,,,,
,,,,,,,,,,,,,,,,,,,,,,,,,,,,,,,,,,,,,,,,,,,,,,,,,,,,,,,,,,,,,,,,,,,,,,,,,,,,,,,,,,,,,,,,,,,,,,,,,,,,,,,,,,,,,,,,,,,,,,,,,,,,,,,,,,,,,,,,,,,
,,,,,,,,,,,,,,,,,,,,,,,,,,,,,,,,,,,,,,,,,,,,,,,,,,,,,,,,,,,,,,,,,,,,,,,,,,,,,,,,,,,,,,,,,,,,,,,,,,,,,,,,,,,,,,,,,,,,,,,,,,,,,,,,,,,,,,,,,,,
,,,,,,,,,,,,,,,,,,,,,,,,,,,,,,,,,,,,,,,,,,,,,,,,,,,,,,,,,,,,,,,,,,,,,,,,,,,,,,,,,,,,,,,,,,,,,,,,,,,,,,,,,,,,,,,,,,,,,,,,,,,,,,,,,,,,,,,,,,,
,,,,,,,,,,,,,,,,,,,,,,,,,,,,,,,,,,,,,,,,,,,,,,,,,,,,,,,,,,,,,,,,,,,,,,,,,,,,,,,,,,,,,,,,,,,,,,,,,,,,,,,,,,,,,,,,,,,,,,,,,,,,,,,,,,,,,,,,,,,
,,,,,,,,,,,,,,,,,,,,,,,,,,,,,,,,,,,,,,,,,,,,,,,,,,,,,,,,,,,,,,,,,,,,,,,,,,,,,,,,,,,,,,,,,,,,,,,,,,,,,,,,,,,,,,,,,,,,,,,,,,,,,,,,,,,,,,,,,,,
,,,,,,,,,,,,,,,,,,,,,,,,,,,,,,,,,,,,,,,,,,,,,,,,,,,,,,,,,,,,,,,,,,,,,,,,,,,,,,,,,,,,,,,,,,,,,,,,,,,,,,,,,,,,,,,,,,,,,,,,,,,,,,,,,,,,,,,,,,,
,,,,,,,,,,,,,,,,,,,,,,,,,,,,,,,,,,,,,,,,,,,,,,,,,,,,,,,,,,,,,,,,,,,,,,,,,,,,,,,,,,,,,,,,,,,,,,,,,,,,,,,,,,,,,,,,,,,,,,,,,,,,,,,,,,,,,,,,,,,
,,,,,,,,,,,,,,,,,,,,,,,,,,,,,,,,,,,,,,,,,,,,,,,,,,,,,,,,,,,,,,,,,,,,,,,,,,,,,,,,,,,,,,,,,,,,,,,,,,,,,,,,,,,,,,,,,,,,,,,,,,,,,,,,,,,,,,,,,,,
,,,,,,,,,,,,,,,,,,,,,,,,,,,,,,,,,,,,,,,,,,,,,,,,,,,,,,,,,,,,,,,,,,,,,,,,,,,,,,,,,,,,,,,,,,,,,,,,,,,,,,,,,,,,,,,,,,,,,,,,,,,,,,,,,,,,,,,,,,,
,,,,,,,,,,,,,,,,,,,,,,,,,,,,,,,,,,,,,,,,,,,,,,,,,,,,,,,,,,,,,,,,,,,,,,,,,,,,,,,,,,,,,,,,,,,,,,,,,,,,,,,,,,,,,,,,,,,,,,,,,,,,,,,,,,,,,,,,,,,
,,,,,,,,,,,,,,,,,,,,,,,,,,,,,,,,,,,,,,,,,,,,,,,,,,,,,,,,,,,,,,,,,,,,,,,,,,,,,,,,,,,,,,,,,,,,,,,,,,,,,,,,,,,,,,,,,,,,,,,,,,,,,,,,,,,,,,,,,,,
,,,,,,,,,,,,,,,,,,,,,,,,,,,,,,,,,,,,,,,,,,,,,,,,,,,,,,,,,,,,,,,,,,,,,,,,,,,,,,,,,,,,,,,,,,,,,,,,,,,,,,,,,,,,,,,,,,,,,,,,,,,,,,,,,,,,,,,,,,,
,,,,,,,,,,,,,,,,,,,,,,,,,,,,,,,,,,,,,,,,,,,,,,,,,,,,,,,,,,,,,,,,,,,,,,,,,,,,,,,,,,,,,,,,,,,,,,,,,,,,,,,,,,,,,,,,,,,,,,,,,,,,,,,,,,,,,,,,,,,
,,,,,,,,,,,,,,,,,,,,,,,,,,,,,,,,,,,,,,,,,,,,,,,,,,,,,,,,,,,,,,,,,,,,,,,,,,,,,,,,,,,,,,,,,,,,,,,,,,,,,,,,,,,,,,,,,,,,,,,,,,,,,,,,,,,,,,,,,,,
,,,,,,,,,,,,,,,,,,,,,,,,,,,,,,,,,,,,,,,,,,,,,,,,,,,,,,,,,,,,,,,,,,,,,,,,,,,,,,,,,,,,,,,,,,,,,,,,,,,,,,,,,,,,,,,,,,,,,,,,,,,,,,,,,,,,,,,,,,,
,,,,,,,,,,,,,,,,,,,,,,,,,,,,,,,,,,,,,,,,,,,,,,,,,,,,,,,,,,,,,,,,,,,,,,,,,,,,,,,,,,,,,,,,,,,,,,,,,,,,,,,,,,,,,,,,,,,,,,,,,,,,,,,,,,,,,,,,,,,
,,,,,,,,,,,,,,,,,,,,,,,,,,,,,,,,,,,,,,,,,,,,,,,,,,,,,,,,,,,,,,,,,,,,,,,,,,,,,,,,,,,,,,,,,,,,,,,,,,,,,,,,,,,,,,,,,,,,,,,,,,,,,,,,,,,,,,,,,,,
,,,,,,,,,,,,,,,,,,,,,,,,,,,,,,,,,,,,,,,,,,,,,,,,,,,,,,,,,,,,,,,,,,,,,,,,,,,,,,,,,,,,,,,,,,,,,,,,,,,,,,,,,,,,,,,,,,,,,,,,,,,,,,,,,,,,,,,,,,,
,,,,,,,,,,,,,,,,,,,,,,,,,,,,,,,,,,,,,,,,,,,,,,,,,,,,,,,,,,,,,,,,,,,,,,,,,,,,,,,,,,,,,,,,,,,,,,,,,,,,,,,,,,,,,,,,,,,,,,,,,,,,,,,,,,,,,,,,,,,
,,,,,,,,,,,,,,,,,,,,,,,,,,,,,,,,,,,,,,,,,,,,,,,,,,,,,,,,,,,,,,,,,,,,,,,,,,,,,,,,,,,,,,,,,,,,,,,,,,,,,,,,,,,,,,,,,,,,,,,,,,,,,,,,,,,,,,,,,,,
,,,,,,,,,,,,,,,,,,,,,,,,,,,,,,,,,,,,,,,,,,,,,,,,,,,,,,,,,,,,,,,,,,,,,,,,,,,,,,,,,,,,,,,,,,,,,,,,,,,,,,,,,,,,,,,,,,,,,,,,,,,,,,,,,,,,,,,,,,,
,,,,,,,,,,,,,,,,,,,,,,,,,,,,,,,,,,,,,,,,,,,,,,,,,,,,,,,,,,,,,,,,,,,,,,,,,,,,,,,,,,,,,,,,,,,,,,,,,,,,,,,,,,,,,,,,,,,,,,,,,,,,,,,,,,,,,,,,,,,
,,,,,,,,,,,,,,,,,,,,,,,,,,,,,,,,,,,,,,,,,,,,,,,,,,,,,,,,,,,,,,,,,,,,,,,,,,,,,,,,,,,,,,,,,,,,,,,,,,,,,,,,,,,,,,,,,,,,,,,,,,,,,,,,,,,,,,,,,,,
,,,,,,,,,,,,,,,,,,,,,,,,,,,,,,,,,,,,,,,,,,,,,,,,,,,,,,,,,,,,,,,,,,,,,,,,,,,,,,,,,,,,,,,,,,,,,,,,,,,,,,,,,,,,,,,,,,,,,,,,,,,,,,,,,,,,,,,,,,,
,,,,,,,,,,,,,,,,,,,,,,,,,,,,,,,,,,,,,,,,,,,,,,,,,,,,,,,,,,,,,,,,,,,,,,,,,,,,,,,,,,,,,,,,,,,,,,,,,,,,,,,,,,,,,,,,,,,,,,,,,,,,,,,,,,,,,,,,,,,
,,,,,,,,,,,,,,,,,,,,,,,,,,,,,,,,,,,,,,,,,,,,,,,,,,,,,,,,,,,,,,,,,,,,,,,,,,,,,,,,,,,,,,,,,,,,,,,,,,,,,,,,,,,,,,,,,,,,,,,,,,,,,,,,,,,,,,,,,,,
,,,,,,,,,,,,,,,,,,,,,,,,,,,,,,,,,,,,,,,,,,,,,,,,,,,,,,,,,,,,,,,,,,,,,,,,,,,,,,,,,,,,,,,,,,,,,,,,,,,,,,,,,,,,,,,,,,,,,,,,,,,,,,,,,,,,,,,,,,,
,,,,,,,,,,,,,,,,,,,,,,,,,,,,,,,,,,,,,,,,,,,,,,,,,,,,,,,,,,,,,,,,,,,,,,,,,,,,,,,,,,,,,,,,,,,,,,,,,,,,,,,,,,,,,,,,,,,,,,,,,,,,,,,,,,,,,,,,,,,
,,,,,,,,,,,,,,,,,,,,,,,,,,,,,,,,,,,,,,,,,,,,,,,,,,,,,,,,,,,,,,,,,,,,,,,,,,,,,,,,,,,,,,,,,,,,,,,,,,,,,,,,,,,,,,,,,,,,,,,,,,,,,,,,,,,,,,,,,,,
,,,,,,,,,,,,,,,,,,,,,,,,,,,,,,,,,,,,,,,,,,,,,,,,,,,,,,,,,,,,,,,,,,,,,,,,,,,,,,,,,,,,,,,,,,,,,,,,,,,,,,,,,,,,,,,,,,,,,,,,,,,,,,,,,,,,,,,,,,,
,,,,,,,,,,,,,,,,,,,,,,,,,,,,,,,,,,,,,,,,,,,,,,,,,,,,,,,,,,,,,,,,,,,,,,,,,,,,,,,,,,,,,,,,,,,,,,,,,,,,,,,,,,,,,,,,,,,,,,,,,,,,,,,,,,,,,,,,,,,
,,,,,,,,,,,,,,,,,,,,,,,,,,,,,,,,,,,,,,,,,,,,,,,,,,,,,,,,,,,,,,,,,,,,,,,,,,,,,,,,,,,,,,,,,,,,,,,,,,,,,,,,,,,,,,,,,,,,,,,,,,,,,,,,,,,,,,,,,,,
,,,,,,,,,,,,,,,,,,,,,,,,,,,,,,,,,,,,,,,,,,,,,,,,,,,,,,,,,,,,,,,,,,,,,,,,,,,,,,,,,,,,,,,,,,,,,,,,,,,,,,,,,,,,,,,,,,,,,,,,,,,,,,,,,,,,,,,,,,,
,,,,,,,,,,,,,,,,,,,,,,,,,,,,,,,,,,,,,,,,,,,,,,,,,,,,,,,,,,,,,,,,,,,,,,,,,,,,,,,,,,,,,,,,,,,,,,,,,,,,,,,,,,,,,,,,,,,,,,,,,,,,,,,,,,,,,,,,,,,
,,,,,,,,,,,,,,,,,,,,,,,,,,,,,,,,,,,,,,,,,,,,,,,,,,,,,,,,,,,,,,,,,,,,,,,,,,,,,,,,,,,,,,,,,,,,,,,,,,,,,,,,,,,,,,,,,,,,,,,,,,,,,,,,,,,,,,,,,,,
,,,,,,,,,,,,,,,,,,,,,,,,,,,,,,,,,,,,,,,,,,,,,,,,,,,,,,,,,,,,,,,,,,,,,,,,,,,,,,,,,,,,,,,,,,,,,,,,,,,,,,,,,,,,,,,,,,,,,,,,,,,,,,,,,,,,,,,,,,,
,,,,,,,,,,,,,,,,,,,,,,,,,,,,,,,,,,,,,,,,,,,,,,,,,,,,,,,,,,,,,,,,,,,,,,,,,,,,,,,,,,,,,,,,,,,,,,,,,,,,,,,,,,,,,,,,,,,,,,,,,,,,,,,,,,,,,,,,,,,
,,,,,,,,,,,,,,,,,,,,,,,,,,,,,,,,,,,,,,,,,,,,,,,,,,,,,,,,,,,,,,,,,,,,,,,,,,,,,,,,,,,,,,,,,,,,,,,,,,,,,,,,,,,,,,,,,,,,,,,,,,,,,,,,,,,,,,,,,,,
,,,,,,,,,,,,,,,,,,,,,,,,,,,,,,,,,,,,,,,,,,,,,,,,,,,,,,,,,,,,,,,,,,,,,,,,,,,,,,,,,,,,,,,,,,,,,,,,,,,,,,,,,,,,,,,,,,,,,,,,,,,,,,,,,,,,,,,,,,,
,,,,,,,,,,,,,,,,,,,,,,,,,,,,,,,,,,,,,,,,,,,,,,,,,,,,,,,,,,,,,,,,,,,,,,,,,,,,,,,,,,,,,,,,,,,,,,,,,,,,,,,,,,,,,,,,,,,,,,,,,,,,,,,,,,,,,,,,,,,
,,,,,,,,,,,,,,,,,,,,,,,,,,,,,,,,,,,,,,,,,,,,,,,,,,,,,,,,,,,,,,,,,,,,,,,,,,,,,,,,,,,,,,,,,,,,,,,,,,,,,,,,,,,,,,,,,,,,,,,,,,,,,,,,,,,,,,,,,,,
,,,,,,,,,,,,,,,,,,,,,,,,,,,,,,,,,,,,,,,,,,,,,,,,,,,,,,,,,,,,,,,,,,,,,,,,,,,,,,,,,,,,,,,,,,,,,,,,,,,,,,,,,,,,,,,,,,,,,,,,,,,,,,,,,,,,,,,,,,,
,,,,,,,,,,,,,,,,,,,,,,,,,,,,,,,,,,,,,,,,,,,,,,,,,,,,,,,,,,,,,,,,,,,,,,,,,,,,,,,,,,,,,,,,,,,,,,,,,,,,,,,,,,,,,,,,,,,,,,,,,,,,,,,,,,,,,,,,,,,
,,,,,,,,,,,,,,,,,,,,,,,,,,,,,,,,,,,,,,,,,,,,,,,,,,,,,,,,,,,,,,,,,,,,,,,,,,,,,,,,,,,,,,,,,,,,,,,,,,,,,,,,,,,,,,,,,,,,,,,,,,,,,,,,,,,,,,,,,,,
,,,,,,,,,,,,,,,,,,,,,,,,,,,,,,,,,,,,,,,,,,,,,,,,,,,,,,,,,,,,,,,,,,,,,,,,,,,,,,,,,,,,,,,,,,,,,,,,,,,,,,,,,,,,,,,,,,,,,,,,,,,,,,,,,,,,,,,,,,,
,,,,,,,,,,,,,,,,,,,,,,,,,,,,,,,,,,,,,,,,,,,,,,,,,,,,,,,,,,,,,,,,,,,,,,,,,,,,,,,,,,,,,,,,,,,,,,,,,,,,,,,,,,,,,,,,,,,,,,,,,,,,,,,,,,,,,,,,,,,
,,,,,,,,,,,,,,,,,,,,,,,,,,,,,,,,,,,,,,,,,,,,,,,,,,,,,,,,,,,,,,,,,,,,,,,,,,,,,,,,,,,,,,,,,,,,,,,,,,,,,,,,,,,,,,,,,,,,,,,,,,,,,,,,,,,,,,,,,,,
,,,,,,,,,,,,,,,,,,,,,,,,,,,,,,,,,,,,,,,,,,,,,,,,,,,,,,,,,,,,,,,,,,,,,,,,,,,,,,,,,,,,,,,,,,,,,,,,,,,,,,,,,,,,,,,,,,,,,,,,,,,,,,,,,,,,,,,,,,,
,,,,,,,,,,,,,,,,,,,,,,,,,,,,,,,,,,,,,,,,,,,,,,,,,,,,,,,,,,,,,,,,,,,,,,,,,,,,,,,,,,,,,,,,,,,,,,,,,,,,,,,,,,,,,,,,,,,,,,,,,,,,,,,,,,,,,,,,,,,
,,,,,,,,,,,,,,,,,,,,,,,,,,,,,,,,,,,,,,,,,,,,,,,,,,,,,,,,,,,,,,,,,,,,,,,,,,,,,,,,,,,,,,,,,,,,,,,,,,,,,,,,,,,,,,,,,,,,,,,,,,,,,,,,,,,,,,,,,,,
,,,,,,,,,,,,,,,,,,,,,,,,,,,,,,,,,,,,,,,,,,,,,,,,,,,,,,,,,,,,,,,,,,,,,,,,,,,,,,,,,,,,,,,,,,,,,,,,,,,,,,,,,,,,,,,,,,,,,,,,,,,,,,,,,,,,,,,,,,,
,,,,,,,,,,,,,,,,,,,,,,,,,,,,,,,,,,,,,,,,,,,,,,,,,,,,,,,,,,,,,,,,,,,,,,,,,,,,,,,,,,,,,,,,,,,,,,,,,,,,,,,,,,,,,,,,,,,,,,,,,,,,,,,,,,,,,,,,,,,
,,,,,,,,,,,,,,,,,,,,,,,,,,,,,,,,,,,,,,,,,,,,,,,,,,,,,,,,,,,,,,,,,,,,,,,,,,,,,,,,,,,,,,,,,,,,,,,,,,,,,,,,,,,,,,,,,,,,,,,,,,,,,,,,,,,,,,,,,,,
,,,,,,,,,,,,,,,,,,,,,,,,,,,,,,,,,,,,,,,,,,,,,,,,,,,,,,,,,,,,,,,,,,,,,,,,,,,,,,,,,,,,,,,,,,,,,,,,,,,,,,,,,,,,,,,,,,,,,,,,,,,,,,,,,,,,,,,,,,,
,,,,,,,,,,,,,,,,,,,,,,,,,,,,,,,,,,,,,,,,,,,,,,,,,,,,,,,,,,,,,,,,,,,,,,,,,,,,,,,,,,,,,,,,,,,,,,,,,,,,,,,,,,,,,,,,,,,,,,,,,,,,,,,,,,,,,,,,,,,
,,,,,,,,,,,,,,,,,,,,,,,,,,,,,,,,,,,,,,,,,,,,,,,,,,,,,,,,,,,,,,,,,,,,,,,,,,,,,,,,,,,,,,,,,,,,,,,,,,,,,,,,,,,,,,,,,,,,,,,,,,,,,,,,,,,,,,,,,,,
,,,,,,,,,,,,,,,,,,,,,,,,,,,,,,,,,,,,,,,,,,,,,,,,,,,,,,,,,,,,,,,,,,,,,,,,,,,,,,,,,,,,,,,,,,,,,,,,,,,,,,,,,,,,,,,,,,,,,,,,,,,,,,,,,,,,,,,,,,,
,,,,,,,,,,,,,,,,,,,,,,,,,,,,,,,,,,,,,,,,,,,,,,,,,,,,,,,,,,,,,,,,,,,,,,,,,,,,,,,,,,,,,,,,,,,,,,,,,,,,,,,,,,,,,,,,,,,,,,,,,,,,,,,,,,,,,,,,,,,
,,,,,,,,,,,,,,,,,,,,,,,,,,,,,,,,,,,,,,,,,,,,,,,,,,,,,,,,,,,,,,,,,,,,,,,,,,,,,,,,,,,,,,,,,,,,,,,,,,,,,,,,,,,,,,,,,,,,,,,,,,,,,,,,,,,,,,,,,,,
,,,,,,,,,,,,,,,,,,,,,,,,,,,,,,,,,,,,,,,,,,,,,,,,,,,,,,,,,,,,,,,,,,,,,,,,,,,,,,,,,,,,,,,,,,,,,,,,,,,,,,,,,,,,,,,,,,,,,,,,,,,,,,,,,,,,,,,,,,,
,,,,,,,,,,,,,,,,,,,,,,,,,,,,,,,,,,,,,,,,,,,,,,,,,,,,,,,,,,,,,,,,,,,,,,,,,,,,,,,,,,,,,,,,,,,,,,,,,,,,,,,,,,,,,,,,,,,,,,,,,,,,,,,,,,,,,,,,,,,
,,,,,,,,,,,,,,,,,,,,,,,,,,,,,,,,,,,,,,,,,,,,,,,,,,,,,,,,,,,,,,,,,,,,,,,,,,,,,,,,,,,,,,,,,,,,,,,,,,,,,,,,,,,,,,,,,,,,,,,,,,,,,,,,,,,,,,,,,,,
,,,,,,,,,,,,,,,,,,,,,,,,,,,,,,,,,,,,,,,,,,,,,,,,,,,,,,,,,,,,,,,,,,,,,,,,,,,,,,,,,,,,,,,,,,,,,,,,,,,,,,,,,,,,,,,,,,,,,,,,,,,,,,,,,,,,,,,,,,,
,,,,,,,,,,,,,,,,,,,,,,,,,,,,,,,,,,,,,,,,,,,,,,,,,,,,,,,,,,,,,,,,,,,,,,,,,,,,,,,,,,,,,,,,,,,,,,,,,,,,,,,,,,,,,,,,,,,,,,,,,,,,,,,,,,,,,,,,,,,
,,,,,,,,,,,,,,,,,,,,,,,,,,,,,,,,,,,,,,,,,,,,,,,,,,,,,,,,,,,,,,,,,,,,,,,,,,,,,,,,,,,,,,,,,,,,,,,,,,,,,,,,,,,,,,,,,,,,,,,,,,,,,,,,,,,,,,,,,,,
,,,,,,,,,,,,,,,,,,,,,,,,,,,,,,,,,,,,,,,,,,,,,,,,,,,,,,,,,,,,,,,,,,,,,,,,,,,,,,,,,,,,,,,,,,,,,,,,,,,,,,,,,,,,,,,,,,,,,,,,,,,,,,,,,,,,,,,,,,,
,,,,,,,,,,,,,,,,,,,,,,,,,,,,,,,,,,,,,,,,,,,,,,,,,,,,,,,,,,,,,,,,,,,,,,,,,,,,,,,,,,,,,,,,,,,,,,,,,,,,,,,,,,,,,,,,,,,,,,,,,,,,,,,,,,,,,,,,,,,
,,,,,,,,,,,,,,,,,,,,,,,,,,,,,,,,,,,,,,,,,,,,,,,,,,,,,,,,,,,,,,,,,,,,,,,,,,,,,,,,,,,,,,,,,,,,,,,,,,,,,,,,,,,,,,,,,,,,,,,,,,,,,,,,,,,,,,,,,,,
,,,,,,,,,,,,,,,,,,,,,,,,,,,,,,,,,,,,,,,,,,,,,,,,,,,,,,,,,,,,,,,,,,,,,,,,,,,,,,,,,,,,,,,,,,,,,,,,,,,,,,,,,,,,,,,,,,,,,,,,,,,,,,,,,,,,,,,,,,,
,,,,,,,,,,,,,,,,,,,,,,,,,,,,,,,,,,,,,,,,,,,,,,,,,,,,,,,,,,,,,,,,,,,,,,,,,,,,,,,,,,,,,,,,,,,,,,,,,,,,,,,,,,,,,,,,,,,,,,,,,,,,,,,,,,,,,,,,,,,
,,,,,,,,,,,,,,,,,,,,,,,,,,,,,,,,,,,,,,,,,,,,,,,,,,,,,,,,,,,,,,,,,,,,,,,,,,,,,,,,,,,,,,,,,,,,,,,,,,,,,,,,,,,,,,,,,,,,,,,,,,,,,,,,,,,,,,,,,,,
,,,,,,,,,,,,,,,,,,,,,,,,,,,,,,,,,,,,,,,,,,,,,,,,,,,,,,,,,,,,,,,,,,,,,,,,,,,,,,,,,,,,,,,,,,,,,,,,,,,,,,,,,,,,,,,,,,,,,,,,,,,,,,,,,,,,,,,,,,,
,,,,,,,,,,,,,,,,,,,,,,,,,,,,,,,,,,,,,,,,,,,,,,,,,,,,,,,,,,,,,,,,,,,,,,,,,,,,,,,,,,,,,,,,,,,,,,,,,,,,,,,,,,,,,,,,,,,,,,,,,,,,,,,,,,,,,,,,,,,
,,,,,,,,,,,,,,,,,,,,,,,,,,,,,,,,,,,,,,,,,,,,,,,,,,,,,,,,,,,,,,,,,,,,,,,,,,,,,,,,,,,,,,,,,,,,,,,,,,,,,,,,,,,,,,,,,,,,,,,,,,,,,,,,,,,,,,,,,,,
,,,,,,,,,,,,,,,,,,,,,,,,,,,,,,,,,,,,,,,,,,,,,,,,,,,,,,,,,,,,,,,,,,,,,,,,,,,,,,,,,,,,,,,,,,,,,,,,,,,,,,,,,,,,,,,,,,,,,,,,,,,,,,,,,,,,,,,,,,,
,,,,,,,,,,,,,,,,,,,,,,,,,,,,,,,,,,,,,,,,,,,,,,,,,,,,,,,,,,,,,,,,,,,,,,,,,,,,,,,,,,,,,,,,,,,,,,,,,,,,,,,,,,,,,,,,,,,,,,,,,,,,,,,,,,,,,,,,,,,
,,,,,,,,,,,,,,,,,,,,,,,,,,,,,,,,,,,,,,,,,,,,,,,,,,,,,,,,,,,,,,,,,,,,,,,,,,,,,,,,,,,,,,,,,,,,,,,,,,,,,,,,,,,,,,,,,,,,,,,,,,,,,,,,,,,,,,,,,,,
,,,,,,,,,,,,,,,,,,,,,,,,,,,,,,,,,,,,,,,,,,,,,,,,,,,,,,,,,,,,,,,,,,,,,,,,,,,,,,,,,,,,,,,,,,,,,,,,,,,,,,,,,,,,,,,,,,,,,,,,,,,,,,,,,,,,,,,,,,,
,,,,,,,,,,,,,,,,,,,,,,,,,,,,,,,,,,,,,,,,,,,,,,,,,,,,,,,,,,,,,,,,,,,,,,,,,,,,,,,,,,,,,,,,,,,,,,,,,,,,,,,,,,,,,,,,,,,,,,,,,,,,,,,,,,,,,,,,,,,
,,,,,,,,,,,,,,,,,,,,,,,,,,,,,,,,,,,,,,,,,,,,,,,,,,,,,,,,,,,,,,,,,,,,,,,,,,,,,,,,,,,,,,,,,,,,,,,,,,,,,,,,,,,,,,,,,,,,,,,,,,,,,,,,,,,,,,,,,,,
,,,,,,,,,,,,,,,,,,,,,,,,,,,,,,,,,,,,,,,,,,,,,,,,,,,,,,,,,,,,,,,,,,,,,,,,,,,,,,,,,,,,,,,,,,,,,,,,,,,,,,,,,,,,,,,,,,,,,,,,,,,,,,,,,,,,,,,,,,,
,,,,,,,,,,,,,,,,,,,,,,,,,,,,,,,,,,,,,,,,,,,,,,,,,,,,,,,,,,,,,,,,,,,,,,,,,,,,,,,,,,,,,,,,,,,,,,,,,,,,,,,,,,,,,,,,,,,,,,,,,,,,,,,,,,,,,,,,,,,
,,,,,,,,,,,,,,,,,,,,,,,,,,,,,,,,,,,,,,,,,,,,,,,,,,,,,,,,,,,,,,,,,,,,,,,,,,,,,,,,,,,,,,,,,,,,,,,,,,,,,,,,,,,,,,,,,,,,,,,,,,,,,,,,,,,,,,,,,,,
,,,,,,,,,,,,,,,,,,,,,,,,,,,,,,,,,,,,,,,,,,,,,,,,,,,,,,,,,,,,,,,,,,,,,,,,,,,,,,,,,,,,,,,,,,,,,,,,,,,,,,,,,,,,,,,,,,,,,,,,,,,,,,,,,,,,,,,,,,,
,,,,,,,,,,,,,,,,,,,,,,,,,,,,,,,,,,,,,,,,,,,,,,,,,,,,,,,,,,,,,,,,,,,,,,,,,,,,,,,,,,,,,,,,,,,,,,,,,,,,,,,,,,,,,,,,,,,,,,,,,,,,,,,,,,,,,,,,,,,
,,,,,,,,,,,,,,,,,,,,,,,,,,,,,,,,,,,,,,,,,,,,,,,,,,,,,,,,,,,,,,,,,,,,,,,,,,,,,,,,,,,,,,,,,,,,,,,,,,,,,,,,,,,,,,,,,,,,,,,,,,,,,,,,,,,,,,,,,,,
,,,,,,,,,,,,,,,,,,,,,,,,,,,,,,,,,,,,,,,,,,,,,,,,,,,,,,,,,,,,,,,,,,,,,,,,,,,,,,,,,,,,,,,,,,,,,,,,,,,,,,,,,,,,,,,,,,,,,,,,,,,,,,,,,,,,,,,,,,,
,,,,,,,,,,,,,,,,,,,,,,,,,,,,,,,,,,,,,,,,,,,,,,,,,,,,,,,,,,,,,,,,,,,,,,,,,,,,,,,,,,,,,,,,,,,,,,,,,,,,,,,,,,,,,,,,,,,,,,,,,,,,,,,,,,,,,,,,,,,
,,,,,,,,,,,,,,,,,,,,,,,,,,,,,,,,,,,,,,,,,,,,,,,,,,,,,,,,,,,,,,,,,,,,,,,,,,,,,,,,,,,,,,,,,,,,,,,,,,,,,,,,,,,,,,,,,,,,,,,,,,,,,,,,,,,,,,,,,,,
,,,,,,,,,,,,,,,,,,,,,,,,,,,,,,,,,,,,,,,,,,,,,,,,,,,,,,,,,,,,,,,,,,,,,,,,,,,,,,,,,,,,,,,,,,,,,,,,,,,,,,,,,,,,,,,,,,,,,,,,,,,,,,,,,,,,,,,,,,,
,,,,,,,,,,,,,,,,,,,,,,,,,,,,,,,,,,,,,,,,,,,,,,,,,,,,,,,,,,,,,,,,,,,,,,,,,,,,,,,,,,,,,,,,,,,,,,,,,,,,,,,,,,,,,,,,,,,,,,,,,,,,,,,,,,,,,,,,,,,
,,,,,,,,,,,,,,,,,,,,,,,,,,,,,,,,,,,,,,,,,,,,,,,,,,,,,,,,,,,,,,,,,,,,,,,,,,,,,,,,,,,,,,,,,,,,,,,,,,,,,,,,,,,,,,,,,,,,,,,,,,,,,,,,,,,,,,,,,,,
,,,,,,,,,,,,,,,,,,,,,,,,,,,,,,,,,,,,,,,,,,,,,,,,,,,,,,,,,,,,,,,,,,,,,,,,,,,,,,,,,,,,,,,,,,,,,,,,,,,,,,,,,,,,,,,,,,,,,,,,,,,,,,,,,,,,,,,,,,,
,,,,,,,,,,,,,,,,,,,,,,,,,,,,,,,,,,,,,,,,,,,,,,,,,,,,,,,,,,,,,,,,,,,,,,,,,,,,,,,,,,,,,,,,,,,,,,,,,,,,,,,,,,,,,,,,,,,,,,,,,,,,,,,,,,,,,,,,,,,
,,,,,,,,,,,,,,,,,,,,,,,,,,,,,,,,,,,,,,,,,,,,,,,,,,,,,,,,,,,,,,,,,,,,,,,,,,,,,,,,,,,,,,,,,,,,,,,,,,,,,,,,,,,,,,,,,,,,,,,,,,,,,,,,,,,,,,,,,,,
,,,,,,,,,,,,,,,,,,,,,,,,,,,,,,,,,,,,,,,,,,,,,,,,,,,,,,,,,,,,,,,,,,,,,,,,,,,,,,,,,,,,,,,,,,,,,,,,,,,,,,,,,,,,,,,,,,,,,,,,,,,,,,,,,,,,,,,,,,,
,,,,,,,,,,,,,,,,,,,,,,,,,,,,,,,,,,,,,,,,,,,,,,,,,,,,,,,,,,,,,,,,,,,,,,,,,,,,,,,,,,,,,,,,,,,,,,,,,,,,,,,,,,,,,,,,,,,,,,,,,,,,,,,,,,,,,,,,,,,
,,,,,,,,,,,,,,,,,,,,,,,,,,,,,,,,,,,,,,,,,,,,,,,,,,,,,,,,,,,,,,,,,,,,,,,,,,,,,,,,,,,,,,,,,,,,,,,,,,,,,,,,,,,,,,,,,,,,,,,,,,,,,,,,,,,,,,,,,,,
,,,,,,,,,,,,,,,,,,,,,,,,,,,,,,,,,,,,,,,,,,,,,,,,,,,,,,,,,,,,,,,,,,,,,,,,,,,,,,,,,,,,,,,,,,,,,,,,,,,,,,,,,,,,,,,,,,,,,,,,,,,,,,,,,,,,,,,,,,,
,,,,,,,,,,,,,,,,,,,,,,,,,,,,,,,,,,,,,,,,,,,,,,,,,,,,,,,,,,,,,,,,,,,,,,,,,,,,,,,,,,,,,,,,,,,,,,,,,,,,,,,,,,,,,,,,,,,,,,,,,,,,,,,,,,,,,,,,,,,
,,,,,,,,,,,,,,,,,,,,,,,,,,,,,,,,,,,,,,,,,,,,,,,,,,,,,,,,,,,,,,,,,,,,,,,,,,,,,,,,,,,,,,,,,,,,,,,,,,,,,,,,,,,,,,,,,,,,,,,,,,,,,,,,,,,,,,,,,,,
,,,,,,,,,,,,,,,,,,,,,,,,,,,,,,,,,,,,,,,,,,,,,,,,,,,,,,,,,,,,,,,,,,,,,,,,,,,,,,,,,,,,,,,,,,,,,,,,,,,,,,,,,,,,,,,,,,,,,,,,,,,,,,,,,,,,,,,,,,,
,,,,,,,,,,,,,,,,,,,,,,,,,,,,,,,,,,,,,,,,,,,,,,,,,,,,,,,,,,,,,,,,,,,,,,,,,,,,,,,,,,,,,,,,,,,,,,,,,,,,,,,,,,,,,,,,,,,,,,,,,,,,,,,,,,,,,,,,,,,
,,,,,,,,,,,,,,,,,,,,,,,,,,,,,,,,,,,,,,,,,,,,,,,,,,,,,,,,,,,,,,,,,,,,,,,,,,,,,,,,,,,,,,,,,,,,,,,,,,,,,,,,,,,,,,,,,,,,,,,,,,,,,,,,,,,,,,,,,,,
,,,,,,,,,,,,,,,,,,,,,,,,,,,,,,,,,,,,,,,,,,,,,,,,,,,,,,,,,,,,,,,,,,,,,,,,,,,,,,,,,,,,,,,,,,,,,,,,,,,,,,,,,,,,,,,,,,,,,,,,,,,,,,,,,,,,,,,,,,,
,,,,,,,,,,,,,,,,,,,,,,,,,,,,,,,,,,,,,,,,,,,,,,,,,,,,,,,,,,,,,,,,,,,,,,,,,,,,,,,,,,,,,,,,,,,,,,,,,,,,,,,,,,,,,,,,,,,,,,,,,,,,,,,,,,,,,,,,,,,
,,,,,,,,,,,,,,,,,,,,,,,,,,,,,,,,,,,,,,,,,,,,,,,,,,,,,,,,,,,,,,,,,,,,,,,,,,,,,,,,,,,,,,,,,,,,,,,,,,,,,,,,,,,,,,,,,,,,,,,,,,,,,,,,,,,,,,,,,,,
,,,,,,,,,,,,,,,,,,,,,,,,,,,,,,,,,,,,,,,,,,,,,,,,,,,,,,,,,,,,,,,,,,,,,,,,,,,,,,,,,,,,,,,,,,,,,,,,,,,,,,,,,,,,,,,,,,,,,,,,,,,,,,,,,,,,,,,,,,,
,,,,,,,,,,,,,,,,,,,,,,,,,,,,,,,,,,,,,,,,,,,,,,,,,,,,,,,,,,,,,,,,,,,,,,,,,,,,,,,,,,,,,,,,,,,,,,,,,,,,,,,,,,,,,,,,,,,,,,,,,,,,,,,,,,,,,,,,,,,
,,,,,,,,,,,,,,,,,,,,,,,,,,,,,,,,,,,,,,,,,,,,,,,,,,,,,,,,,,,,,,,,,,,,,,,,,,,,,,,,,,,,,,,,,,,,,,,,,,,,,,,,,,,,,,,,,,,,,,,,,,,,,,,,,,,,,,,,,,,
,,,,,,,,,,,,,,,,,,,,,,,,,,,,,,,,,,,,,,,,,,,,,,,,,,,,,,,,,,,,,,,,,,,,,,,,,,,,,,,,,,,,,,,,,,,,,,,,,,,,,,,,,,,,,,,,,,,,,,,,,,,,,,,,,,,,,,,,,,,
,,,,,,,,,,,,,,,,,,,,,,,,,,,,,,,,,,,,,,,,,,,,,,,,,,,,,,,,,,,,,,,,,,,,,,,,,,,,,,,,,,,,,,,,,,,,,,,,,,,,,,,,,,,,,,,,,,,,,,,,,,,,,,,,,,,,,,,,,,,
,,,,,,,,,,,,,,,,,,,,,,,,,,,,,,,,,,,,,,,,,,,,,,,,,,,,,,,,,,,,,,,,,,,,,,,,,,,,,,,,,,,,,,,,,,,,,,,,,,,,,,,,,,,,,,,,,,,,,,,,,,,,,,,,,,,,,,,,,,,
,,,,,,,,,,,,,,,,,,,,,,,,,,,,,,,,,,,,,,,,,,,,,,,,,,,,,,,,,,,,,,,,,,,,,,,,,,,,,,,,,,,,,,,,,,,,,,,,,,,,,,,,,,,,,,,,,,,,,,,,,,,,,,,,,,,,,,,,,,,
,,,,,,,,,,,,,,,,,,,,,,,,,,,,,,,,,,,,,,,,,,,,,,,,,,,,,,,,,,,,,,,,,,,,,,,,,,,,,,,,,,,,,,,,,,,,,,,,,,,,,,,,,,,,,,,,,,,,,,,,,,,,,,,,,,,,,,,,,,,
,,,,,,,,,,,,,,,,,,,,,,,,,,,,,,,,,,,,,,,,,,,,,,,,,,,,,,,,,,,,,,,,,,,,,,,,,,,,,,,,,,,,,,,,,,,,,,,,,,,,,,,,,,,,,,,,,,,,,,,,,,,,,,,,,,,,,,,,,,,
,,,,,,,,,,,,,,,,,,,,,,,,,,,,,,,,,,,,,,,,,,,,,,,,,,,,,,,,,,,,,,,,,,,,,,,,,,,,,,,,,,,,,,,,,,,,,,,,,,,,,,,,,,,,,,,,,,,,,,,,,,,,,,,,,,,,,,,,,,,
,,,,,,,,,,,,,,,,,,,,,,,,,,,,,,,,,,,,,,,,,,,,,,,,,,,,,,,,,,,,,,,,,,,,,,,,,,,,,,,,,,,,,,,,,,,,,,,,,,,,,,,,,,,,,,,,,,,,,,,,,,,,,,,,,,,,,,,,,,,
,,,,,,,,,,,,,,,,,,,,,,,,,,,,,,,,,,,,,,,,,,,,,,,,,,,,,,,,,,,,,,,,,,,,,,,,,,,,,,,,,,,,,,,,,,,,,,,,,,,,,,,,,,,,,,,,,,,,,,,,,,,,,,,,,,,,,,,,,,,
,,,,,,,,,,,,,,,,,,,,,,,,,,,,,,,,,,,,,,,,,,,,,,,,,,,,,,,,,,,,,,,,,,,,,,,,,,,,,,,,,,,,,,,,,,,,,,,,,,,,,,,,,,,,,,,,,,,,,,,,,,,,,,,,,,,,,,,,,,,
,,,,,,,,,,,,,,,,,,,,,,,,,,,,,,,,,,,,,,,,,,,,,,,,,,,,,,,,,,,,,,,,,,,,,,,,,,,,,,,,,,,,,,,,,,,,,,,,,,,,,,,,,,,,,,,,,,,,,,,,,,,,,,,,,,,,,,,,,,,
,,,,,,,,,,,,,,,,,,,,,,,,,,,,,,,,,,,,,,,,,,,,,,,,,,,,,,,,,,,,,,,,,,,,,,,,,,,,,,,,,,,,,,,,,,,,,,,,,,,,,,,,,,,,,,,,,,,,,,,,,,,,,,,,,,,,,,,,,,,
,,,,,,,,,,,,,,,,,,,,,,,,,,,,,,,,,,,,,,,,,,,,,,,,,,,,,,,,,,,,,,,,,,,,,,,,,,,,,,,,,,,,,,,,,,,,,,,,,,,,,,,,,,,,,,,,,,,,,,,,,,,,,,,,,,,,,,,,,,,
,,,,,,,,,,,,,,,,,,,,,,,,,,,,,,,,,,,,,,,,,,,,,,,,,,,,,,,,,,,,,,,,,,,,,,,,,,,,,,,,,,,,,,,,,,,,,,,,,,,,,,,,,,,,,,,,,,,,,,,,,,,,,,,,,,,,,,,,,,,
,,,,,,,,,,,,,,,,,,,,,,,,,,,,,,,,,,,,,,,,,,,,,,,,,,,,,,,,,,,,,,,,,,,,,,,,,,,,,,,,,,,,,,,,,,,,,,,,,,,,,,,,,,,,,,,,,,,,,,,,,,,,,,,,,,,,,,,,,,,
,,,,,,,,,,,,,,,,,,,,,,,,,,,,,,,,,,,,,,,,,,,,,,,,,,,,,,,,,,,,,,,,,,,,,,,,,,,,,,,,,,,,,,,,,,,,,,,,,,,,,,,,,,,,,,,,,,,,,,,,,,,,,,,,,,,,,,,,,,,
,,,,,,,,,,,,,,,,,,,,,,,,,,,,,,,,,,,,,,,,,,,,,,,,,,,,,,,,,,,,,,,,,,,,,,,,,,,,,,,,,,,,,,,,,,,,,,,,,,,,,,,,,,,,,,,,,,,,,,,,,,,,,,,,,,,,,,,,,,,
,,,,,,,,,,,,,,,,,,,,,,,,,,,,,,,,,,,,,,,,,,,,,,,,,,,,,,,,,,,,,,,,,,,,,,,,,,,,,,,,,,,,,,,,,,,,,,,,,,,,,,,,,,,,,,,,,,,,,,,,,,,,,,,,,,,,,,,,,,,
,,,,,,,,,,,,,,,,,,,,,,,,,,,,,,,,,,,,,,,,,,,,,,,,,,,,,,,,,,,,,,,,,,,,,,,,,,,,,,,,,,,,,,,,,,,,,,,,,,,,,,,,,,,,,,,,,,,,,,,,,,,,,,,,,,,,,,,,,,,
,,,,,,,,,,,,,,,,,,,,,,,,,,,,,,,,,,,,,,,,,,,,,,,,,,,,,,,,,,,,,,,,,,,,,,,,,,,,,,,,,,,,,,,,,,,,,,,,,,,,,,,,,,,,,,,,,,,,,,,,,,,,,,,,,,,,,,,,,,,
,,,,,,,,,,,,,,,,,,,,,,,,,,,,,,,,,,,,,,,,,,,,,,,,,,,,,,,,,,,,,,,,,,,,,,,,,,,,,,,,,,,,,,,,,,,,,,,,,,,,,,,,,,,,,,,,,,,,,,,,,,,,,,,,,,,,,,,,,,,
,,,,,,,,,,,,,,,,,,,,,,,,,,,,,,,,,,,,,,,,,,,,,,,,,,,,,,,,,,,,,,,,,,,,,,,,,,,,,,,,,,,,,,,,,,,,,,,,,,,,,,,,,,,,,,,,,,,,,,,,,,,,,,,,,,,,,,,,,,,
,,,,,,,,,,,,,,,,,,,,,,,,,,,,,,,,,,,,,,,,,,,,,,,,,,,,,,,,,,,,,,,,,,,,,,,,,,,,,,,,,,,,,,,,,,,,,,,,,,,,,,,,,,,,,,,,,,,,,,,,,,,,,,,,,,,,,,,,,,,
,,,,,,,,,,,,,,,,,,,,,,,,,,,,,,,,,,,,,,,,,,,,,,,,,,,,,,,,,,,,,,,,,,,,,,,,,,,,,,,,,,,,,,,,,,,,,,,,,,,,,,,,,,,,,,,,,,,,,,,,,,,,,,,,,,,,,,,,,,,
,,,,,,,,,,,,,,,,,,,,,,,,,,,,,,,,,,,,,,,,,,,,,,,,,,,,,,,,,,,,,,,,,,,,,,,,,,,,,,,,,,,,,,,,,,,,,,,,,,,,,,,,,,,,,,,,,,,,,,,,,,,,,,,,,,,,,,,,,,,
,,,,,,,,,,,,,,,,,,,,,,,,,,,,,,,,,,,,,,,,,,,,,,,,,,,,,,,,,,,,,,,,,,,,,,,,,,,,,,,,,,,,,,,,,,,,,,,,,,,,,,,,,,,,,,,,,,,,,,,,,,,,,,,,,,,,,,,,,,,
,,,,,,,,,,,,,,,,,,,,,,,,,,,,,,,,,,,,,,,,,,,,,,,,,,,,,,,,,,,,,,,,,,,,,,,,,,,,,,,,,,,,,,,,,,,,,,,,,,,,,,,,,,,,,,,,,,,,,,,,,,,,,,,,,,,,,,,,,,,
,,,,,,,,,,,,,,,,,,,,,,,,,,,,,,,,,,,,,,,,,,,,,,,,,,,,,,,,,,,,,,,,,,,,,,,,,,,,,,,,,,,,,,,,,,,,,,,,,,,,,,,,,,,,,,,,,,,,,,,,,,,,,,,,,,,,,,,,,,,
,,,,,,,,,,,,,,,,,,,,,,,,,,,,,,,,,,,,,,,,,,,,,,,,,,,,,,,,,,,,,,,,,,,,,,,,,,,,,,,,,,,,,,,,,,,,,,,,,,,,,,,,,,,,,,,,,,,,,,,,,,,,,,,,,,,,,,,,,,,
,,,,,,,,,,,,,,,,,,,,,,,,,,,,,,,,,,,,,,,,,,,,,,,,,,,,,,,,,,,,,,,,,,,,,,,,,,,,,,,,,,,,,,,,,,,,,,,,,,,,,,,,,,,,,,,,,,,,,,,,,,,,,,,,,,,,,,,,,,,
,,,,,,,,,,,,,,,,,,,,,,,,,,,,,,,,,,,,,,,,,,,,,,,,,,,,,,,,,,,,,,,,,,,,,,,,,,,,,,,,,,,,,,,,,,,,,,,,,,,,,,,,,,,,,,,,,,,,,,,,,,,,,,,,,,,,,,,,,,,
,,,,,,,,,,,,,,,,,,,,,,,,,,,,,,,,,,,,,,,,,,,,,,,,,,,,,,,,,,,,,,,,,,,,,,,,,,,,,,,,,,,,,,,,,,,,,,,,,,,,,,,,,,,,,,,,,,,,,,,,,,,,,,,,,,,,,,,,,,,
,,,,,,,,,,,,,,,,,,,,,,,,,,,,,,,,,,,,,,,,,,,,,,,,,,,,,,,,,,,,,,,,,,,,,,,,,,,,,,,,,,,,,,,,,,,,,,,,,,,,,,,,,,,,,,,,,,,,,,,,,,,,,,,,,,,,,,,,,,,
,,,,,,,,,,,,,,,,,,,,,,,,,,,,,,,,,,,,,,,,,,,,,,,,,,,,,,,,,,,,,,,,,,,,,,,,,,,,,,,,,,,,,,,,,,,,,,,,,,,,,,,,,,,,,,,,,,,,,,,,,,,,,,,,,,,,,,,,,,,
,,,,,,,,,,,,,,,,,,,,,,,,,,,,,,,,,,,,,,,,,,,,,,,,,,,,,,,,,,,,,,,,,,,,,,,,,,,,,,,,,,,,,,,,,,,,,,,,,,,,,,,,,,,,,,,,,,,,,,,,,,,,,,,,,,,,,,,,,,,
,,,,,,,,,,,,,,,,,,,,,,,,,,,,,,,,,,,,,,,,,,,,,,,,,,,,,,,,,,,,,,,,,,,,,,,,,,,,,,,,,,,,,,,,,,,,,,,,,,,,,,,,,,,,,,,,,,,,,,,,,,,,,,,,,,,,,,,,,,,
,,,,,,,,,,,,,,,,,,,,,,,,,,,,,,,,,,,,,,,,,,,,,,,,,,,,,,,,,,,,,,,,,,,,,,,,,,,,,,,,,,,,,,,,,,,,,,,,,,,,,,,,,,,,,,,,,,,,,,,,,,,,,,,,,,,,,,,,,,,
,,,,,,,,,,,,,,,,,,,,,,,,,,,,,,,,,,,,,,,,,,,,,,,,,,,,,,,,,,,,,,,,,,,,,,,,,,,,,,,,,,,,,,,,,,,,,,,,,,,,,,,,,,,,,,,,,,,,,,,,,,,,,,,,,,,,,,,,,,,
,,,,,,,,,,,,,,,,,,,,,,,,,,,,,,,,,,,,,,,,,,,,,,,,,,,,,,,,,,,,,,,,,,,,,,,,,,,,,,,,,,,,,,,,,,,,,,,,,,,,,,,,,,,,,,,,,,,,,,,,,,,,,,,,,,,,,,,,,,,
,,,,,,,,,,,,,,,,,,,,,,,,,,,,,,,,,,,,,,,,,,,,,,,,,,,,,,,,,,,,,,,,,,,,,,,,,,,,,,,,,,,,,,,,,,,,,,,,,,,,,,,,,,,,,,,,,,,,,,,,,,,,,,,,,,,,,,,,,,,
,,,,,,,,,,,,,,,,,,,,,,,,,,,,,,,,,,,,,,,,,,,,,,,,,,,,,,,,,,,,,,,,,,,,,,,,,,,,,,,,,,,,,,,,,,,,,,,,,,,,,,,,,,,,,,,,,,,,,,,,,,,,,,,,,,,,,,,,,,,
,,,,,,,,,,,,,,,,,,,,,,,,,,,,,,,,,,,,,,,,,,,,,,,,,,,,,,,,,,,,,,,,,,,,,,,,,,,,,,,,,,,,,,,,,,,,,,,,,,,,,,,,,,,,,,,,,,,,,,,,,,,,,,,,,,,,,,,,,,,
,,,,,,,,,,,,,,,,,,,,,,,,,,,,,,,,,,,,,,,,,,,,,,,,,,,,,,,,,,,,,,,,,,,,,,,,,,,,,,,,,,,,,,,,,,,,,,,,,,,,,,,,,,,,,,,,,,,,,,,,,,,,,,,,,,,,,,,,,,,
,,,,,,,,,,,,,,,,,,,,,,,,,,,,,,,,,,,,,,,,,,,,,,,,,,,,,,,,,,,,,,,,,,,,,,,,,,,,,,,,,,,,,,,,,,,,,,,,,,,,,,,,,,,,,,,,,,,,,,,,,,,,,,,,,,,,,,,,,,,
,,,,,,,,,,,,,,,,,,,,,,,,,,,,,,,,,,,,,,,,,,,,,,,,,,,,,,,,,,,,,,,,,,,,,,,,,,,,,,,,,,,,,,,,,,,,,,,,,,,,,,,,,,,,,,,,,,,,,,,,,,,,,,,,,,,,,,,,,,,
,,,,,,,,,,,,,,,,,,,,,,,,,,,,,,,,,,,,,,,,,,,,,,,,,,,,,,,,,,,,,,,,,,,,,,,,,,,,,,,,,,,,,,,,,,,,,,,,,,,,,,,,,,,,,,,,,,,,,,,,,,,,,,,,,,,,,,,,,,,
,,,,,,,,,,,,,,,,,,,,,,,,,,,,,,,,,,,,,,,,,,,,,,,,,,,,,,,,,,,,,,,,,,,,,,,,,,,,,,,,,,,,,,,,,,,,,,,,,,,,,,,,,,,,,,,,,,,,,,,,,,,,,,,,,,,,,,,,,,,
,,,,,,,,,,,,,,,,,,,,,,,,,,,,,,,,,,,,,,,,,,,,,,,,,,,,,,,,,,,,,,,,,,,,,,,,,,,,,,,,,,,,,,,,,,,,,,,,,,,,,,,,,,,,,,,,,,,,,,,,,,,,,,,,,,,,,,,,,,,
,,,,,,,,,,,,,,,,,,,,,,,,,,,,,,,,,,,,,,,,,,,,,,,,,,,,,,,,,,,,,,,,,,,,,,,,,,,,,,,,,,,,,,,,,,,,,,,,,,,,,,,,,,,,,,,,,,,,,,,,,,,,,,,,,,,,,,,,,,,
,,,,,,,,,,,,,,,,,,,,,,,,,,,,,,,,,,,,,,,,,,,,,,,,,,,,,,,,,,,,,,,,,,,,,,,,,,,,,,,,,,,,,,,,,,,,,,,,,,,,,,,,,,,,,,,,,,,,,,,,,,,,,,,,,,,,,,,,,,,
,,,,,,,,,,,,,,,,,,,,,,,,,,,,,,,,,,,,,,,,,,,,,,,,,,,,,,,,,,,,,,,,,,,,,,,,,,,,,,,,,,,,,,,,,,,,,,,,,,,,,,,,,,,,,,,,,,,,,,,,,,,,,,,,,,,,,,,,,,,
,,,,,,,,,,,,,,,,,,,,,,,,,,,,,,,,,,,,,,,,,,,,,,,,,,,,,,,,,,,,,,,,,,,,,,,,,,,,,,,,,,,,,,,,,,,,,,,,,,,,,,,,,,,,,,,,,,,,,,,,,,,,,,,,,,,,,,,,,,,
,,,,,,,,,,,,,,,,,,,,,,,,,,,,,,,,,,,,,,,,,,,,,,,,,,,,,,,,,,,,,,,,,,,,,,,,,,,,,,,,,,,,,,,,,,,,,,,,,,,,,,,,,,,,,,,,,,,,,,,,,,,,,,,,,,,,,,,,,,,
,,,,,,,,,,,,,,,,,,,,,,,,,,,,,,,,,,,,,,,,,,,,,,,,,,,,,,,,,,,,,,,,,,,,,,,,,,,,,,,,,,,,,,,,,,,,,,,,,,,,,,,,,,,,,,,,,,,,,,,,,,,,,,,,,,,,,,,,,,,
,,,,,,,,,,,,,,,,,,,,,,,,,,,,,,,,,,,,,,,,,,,,,,,,,,,,,,,,,,,,,,,,,,,,,,,,,,,,,,,,,,,,,,,,,,,,,,,,,,,,,,,,,,,,,,,,,,,,,,,,,,,,,,,,,,,,,,,,,,,
,,,,,,,,,,,,,,,,,,,,,,,,,,,,,,,,,,,,,,,,,,,,,,,,,,,,,,,,,,,,,,,,,,,,,,,,,,,,,,,,,,,,,,,,,,,,,,,,,,,,,,,,,,,,,,,,,,,,,,,,,,,,,,,,,,,,,,,,,,,
,,,,,,,,,,,,,,,,,,,,,,,,,,,,,,,,,,,,,,,,,,,,,,,,,,,,,,,,,,,,,,,,,,,,,,,,,,,,,,,,,,,,,,,,,,,,,,,,,,,,,,,,,,,,,,,,,,,,,,,,,,,,,,,,,,,,,,,,,,,
,,,,,,,,,,,,,,,,,,,,,,,,,,,,,,,,,,,,,,,,,,,,,,,,,,,,,,,,,,,,,,,,,,,,,,,,,,,,,,,,,,,,,,,,,,,,,,,,,,,,,,,,,,,,,,,,,,,,,,,,,,,,,,,,,,,,,,,,,,,
,,,,,,,,,,,,,,,,,,,,,,,,,,,,,,,,,,,,,,,,,,,,,,,,,,,,,,,,,,,,,,,,,,,,,,,,,,,,,,,,,,,,,,,,,,,,,,,,,,,,,,,,,,,,,,,,,,,,,,,,,,,,,,,,,,,,,,,,,,,
,,,,,,,,,,,,,,,,,,,,,,,,,,,,,,,,,,,,,,,,,,,,,,,,,,,,,,,,,,,,,,,,,,,,,,,,,,,,,,,,,,,,,,,,,,,,,,,,,,,,,,,,,,,,,,,,,,,,,,,,,,,,,,,,,,,,,,,,,,,
,,,,,,,,,,,,,,,,,,,,,,,,,,,,,,,,,,,,,,,,,,,,,,,,,,,,,,,,,,,,,,,,,,,,,,,,,,,,,,,,,,,,,,,,,,,,,,,,,,,,,,,,,,,,,,,,,,,,,,,,,,,,,,,,,,,,,,,,,,,
,,,,,,,,,,,,,,,,,,,,,,,,,,,,,,,,,,,,,,,,,,,,,,,,,,,,,,,,,,,,,,,,,,,,,,,,,,,,,,,,,,,,,,,,,,,,,,,,,,,,,,,,,,,,,,,,,,,,,,,,,,,,,,,,,,,,,,,,,,,
,,,,,,,,,,,,,,,,,,,,,,,,,,,,,,,,,,,,,,,,,,,,,,,,,,,,,,,,,,,,,,,,,,,,,,,,,,,,,,,,,,,,,,,,,,,,,,,,,,,,,,,,,,,,,,,,,,,,,,,,,,,,,,,,,,,,,,,,,,,
,,,,,,,,,,,,,,,,,,,,,,,,,,,,,,,,,,,,,,,,,,,,,,,,,,,,,,,,,,,,,,,,,,,,,,,,,,,,,,,,,,,,,,,,,,,,,,,,,,,,,,,,,,,,,,,,,,,,,,,,,,,,,,,,,,,,,,,,,,,
,,,,,,,,,,,,,,,,,,,,,,,,,,,,,,,,,,,,,,,,,,,,,,,,,,,,,,,,,,,,,,,,,,,,,,,,,,,,,,,,,,,,,,,,,,,,,,,,,,,,,,,,,,,,,,,,,,,,,,,,,,,,,,,,,,,,,,,,,,,
,,,,,,,,,,,,,,,,,,,,,,,,,,,,,,,,,,,,,,,,,,,,,,,,,,,,,,,,,,,,,,,,,,,,,,,,,,,,,,,,,,,,,,,,,,,,,,,,,,,,,,,,,,,,,,,,,,,,,,,,,,,,,,,,,,,,,,,,,,,
,,,,,,,,,,,,,,,,,,,,,,,,,,,,,,,,,,,,,,,,,,,,,,,,,,,,,,,,,,,,,,,,,,,,,,,,,,,,,,,,,,,,,,,,,,,,,,,,,,,,,,,,,,,,,,,,,,,,,,,,,,,,,,,,,,,,,,,,,,,
,,,,,,,,,,,,,,,,,,,,,,,,,,,,,,,,,,,,,,,,,,,,,,,,,,,,,,,,,,,,,,,,,,,,,,,,,,,,,,,,,,,,,,,,,,,,,,,,,,,,,,,,,,,,,,,,,,,,,,,,,,,,,,,,,,,,,,,,,,,
,,,,,,,,,,,,,,,,,,,,,,,,,,,,,,,,,,,,,,,,,,,,,,,,,,,,,,,,,,,,,,,,,,,,,,,,,,,,,,,,,,,,,,,,,,,,,,,,,,,,,,,,,,,,,,,,,,,,,,,,,,,,,,,,,,,,,,,,,,,
,,,,,,,,,,,,,,,,,,,,,,,,,,,,,,,,,,,,,,,,,,,,,,,,,,,,,,,,,,,,,,,,,,,,,,,,,,,,,,,,,,,,,,,,,,,,,,,,,,,,,,,,,,,,,,,,,,,,,,,,,,,,,,,,,,,,,,,,,,,
,,,,,,,,,,,,,,,,,,,,,,,,,,,,,,,,,,,,,,,,,,,,,,,,,,,,,,,,,,,,,,,,,,,,,,,,,,,,,,,,,,,,,,,,,,,,,,,,,,,,,,,,,,,,,,,,,,,,,,,,,,,,,,,,,,,,,,,,,,,
,,,,,,,,,,,,,,,,,,,,,,,,,,,,,,,,,,,,,,,,,,,,,,,,,,,,,,,,,,,,,,,,,,,,,,,,,,,,,,,,,,,,,,,,,,,,,,,,,,,,,,,,,,,,,,,,,,,,,,,,,,,,,,,,,,,,,,,,,,,
,,,,,,,,,,,,,,,,,,,,,,,,,,,,,,,,,,,,,,,,,,,,,,,,,,,,,,,,,,,,,,,,,,,,,,,,,,,,,,,,,,,,,,,,,,,,,,,,,,,,,,,,,,,,,,,,,,,,,,,,,,,,,,,,,,,,,,,,,,,
,,,,,,,,,,,,,,,,,,,,,,,,,,,,,,,,,,,,,,,,,,,,,,,,,,,,,,,,,,,,,,,,,,,,,,,,,,,,,,,,,,,,,,,,,,,,,,,,,,,,,,,,,,,,,,,,,,,,,,,,,,,,,,,,,,,,,,,,,,,
,,,,,,,,,,,,,,,,,,,,,,,,,,,,,,,,,,,,,,,,,,,,,,,,,,,,,,,,,,,,,,,,,,,,,,,,,,,,,,,,,,,,,,,,,,,,,,,,,,,,,,,,,,,,,,,,,,,,,,,,,,,,,,,,,,,,,,,,,,,
,,,,,,,,,,,,,,,,,,,,,,,,,,,,,,,,,,,,,,,,,,,,,,,,,,,,,,,,,,,,,,,,,,,,,,,,,,,,,,,,,,,,,,,,,,,,,,,,,,,,,,,,,,,,,,,,,,,,,,,,,,,,,,,,,,,,,,,,,,,
,,,,,,,,,,,,,,,,,,,,,,,,,,,,,,,,,,,,,,,,,,,,,,,,,,,,,,,,,,,,,,,,,,,,,,,,,,,,,,,,,,,,,,,,,,,,,,,,,,,,,,,,,,,,,,,,,,,,,,,,,,,,,,,,,,,,,,,,,,,
,,,,,,,,,,,,,,,,,,,,,,,,,,,,,,,,,,,,,,,,,,,,,,,,,,,,,,,,,,,,,,,,,,,,,,,,,,,,,,,,,,,,,,,,,,,,,,,,,,,,,,,,,,,,,,,,,,,,,,,,,,,,,,,,,,,,,,,,,,,
,,,,,,,,,,,,,,,,,,,,,,,,,,,,,,,,,,,,,,,,,,,,,,,,,,,,,,,,,,,,,,,,,,,,,,,,,,,,,,,,,,,,,,,,,,,,,,,,,,,,,,,,,,,,,,,,,,,,,,,,,,,,,,,,,,,,,,,,,,,
,,,,,,,,,,,,,,,,,,,,,,,,,,,,,,,,,,,,,,,,,,,,,,,,,,,,,,,,,,,,,,,,,,,,,,,,,,,,,,,,,,,,,,,,,,,,,,,,,,,,,,,,,,,,,,,,,,,,,,,,,,,,,,,,,,,,,,,,,,,
,,,,,,,,,,,,,,,,,,,,,,,,,,,,,,,,,,,,,,,,,,,,,,,,,,,,,,,,,,,,,,,,,,,,,,,,,,,,,,,,,,,,,,,,,,,,,,,,,,,,,,,,,,,,,,,,,,,,,,,,,,,,,,,,,,,,,,,,,,,
,,,,,,,,,,,,,,,,,,,,,,,,,,,,,,,,,,,,,,,,,,,,,,,,,,,,,,,,,,,,,,,,,,,,,,,,,,,,,,,,,,,,,,,,,,,,,,,,,,,,,,,,,,,,,,,,,,,,,,,,,,,,,,,,,,,,,,,,,,,
,,,,,,,,,,,,,,,,,,,,,,,,,,,,,,,,,,,,,,,,,,,,,,,,,,,,,,,,,,,,,,,,,,,,,,,,,,,,,,,,,,,,,,,,,,,,,,,,,,,,,,,,,,,,,,,,,,,,,,,,,,,,,,,,,,,,,,,,,,,
,,,,,,,,,,,,,,,,,,,,,,,,,,,,,,,,,,,,,,,,,,,,,,,,,,,,,,,,,,,,,,,,,,,,,,,,,,,,,,,,,,,,,,,,,,,,,,,,,,,,,,,,,,,,,,,,,,,,,,,,,,,,,,,,,,,,,,,,,,,
,,,,,,,,,,,,,,,,,,,,,,,,,,,,,,,,,,,,,,,,,,,,,,,,,,,,,,,,,,,,,,,,,,,,,,,,,,,,,,,,,,,,,,,,,,,,,,,,,,,,,,,,,,,,,,,,,,,,,,,,,,,,,,,,,,,,,,,,,,,
,,,,,,,,,,,,,,,,,,,,,,,,,,,,,,,,,,,,,,,,,,,,,,,,,,,,,,,,,,,,,,,,,,,,,,,,,,,,,,,,,,,,,,,,,,,,,,,,,,,,,,,,,,,,,,,,,,,,,,,,,,,,,,,,,,,,,,,,,,,
,,,,,,,,,,,,,,,,,,,,,,,,,,,,,,,,,,,,,,,,,,,,,,,,,,,,,,,,,,,,,,,,,,,,,,,,,,,,,,,,,,,,,,,,,,,,,,,,,,,,,,,,,,,,,,,,,,,,,,,,,,,,,,,,,,,,,,,,,,,
,,,,,,,,,,,,,,,,,,,,,,,,,,,,,,,,,,,,,,,,,,,,,,,,,,,,,,,,,,,,,,,,,,,,,,,,,,,,,,,,,,,,,,,,,,,,,,,,,,,,,,,,,,,,,,,,,,,,,,,,,,,,,,,,,,,,,,,,,,,
,,,,,,,,,,,,,,,,,,,,,,,,,,,,,,,,,,,,,,,,,,,,,,,,,,,,,,,,,,,,,,,,,,,,,,,,,,,,,,,,,,,,,,,,,,,,,,,,,,,,,,,,,,,,,,,,,,,,,,,,,,,,,,,,,,,,,,,,,,,
,,,,,,,,,,,,,,,,,,,,,,,,,,,,,,,,,,,,,,,,,,,,,,,,,,,,,,,,,,,,,,,,,,,,,,,,,,,,,,,,,,,,,,,,,,,,,,,,,,,,,,,,,,,,,,,,,,,,,,,,,,,,,,,,,,,,,,,,,,,
,,,,,,,,,,,,,,,,,,,,,,,,,,,,,,,,,,,,,,,,,,,,,,,,,,,,,,,,,,,,,,,,,,,,,,,,,,,,,,,,,,,,,,,,,,,,,,,,,,,,,,,,,,,,,,,,,,,,,,,,,,,,,,,,,,,,,,,,,,,
,,,,,,,,,,,,,,,,,,,,,,,,,,,,,,,,,,,,,,,,,,,,,,,,,,,,,,,,,,,,,,,,,,,,,,,,,,,,,,,,,,,,,,,,,,,,,,,,,,,,,,,,,,,,,,,,,,,,,,,,,,,,,,,,,,,,,,,,,,,
,,,,,,,,,,,,,,,,,,,,,,,,,,,,,,,,,,,,,,,,,,,,,,,,,,,,,,,,,,,,,,,,,,,,,,,,,,,,,,,,,,,,,,,,,,,,,,,,,,,,,,,,,,,,,,,,,,,,,,,,,,,,,,,,,,,,,,,,,,,
,,,,,,,,,,,,,,,,,,,,,,,,,,,,,,,,,,,,,,,,,,,,,,,,,,,,,,,,,,,,,,,,,,,,,,,,,,,,,,,,,,,,,,,,,,,,,,,,,,,,,,,,,,,,,,,,,,,,,,,,,,,,,,,,,,,,,,,,,,,
,,,,,,,,,,,,,,,,,,,,,,,,,,,,,,,,,,,,,,,,,,,,,,,,,,,,,,,,,,,,,,,,,,,,,,,,,,,,,,,,,,,,,,,,,,,,,,,,,,,,,,,,,,,,,,,,,,,,,,,,,,,,,,,,,,,,,,,,,,,
,,,,,,,,,,,,,,,,,,,,,,,,,,,,,,,,,,,,,,,,,,,,,,,,,,,,,,,,,,,,,,,,,,,,,,,,,,,,,,,,,,,,,,,,,,,,,,,,,,,,,,,,,,,,,,,,,,,,,,,,,,,,,,,,,,,,,,,,,,,
,,,,,,,,,,,,,,,,,,,,,,,,,,,,,,,,,,,,,,,,,,,,,,,,,,,,,,,,,,,,,,,,,,,,,,,,,,,,,,,,,,,,,,,,,,,,,,,,,,,,,,,,,,,,,,,,,,,,,,,,,,,,,,,,,,,,,,,,,,,
,,,,,,,,,,,,,,,,,,,,,,,,,,,,,,,,,,,,,,,,,,,,,,,,,,,,,,,,,,,,,,,,,,,,,,,,,,,,,,,,,,,,,,,,,,,,,,,,,,,,,,,,,,,,,,,,,,,,,,,,,,,,,,,,,,,,,,,,,,,
,,,,,,,,,,,,,,,,,,,,,,,,,,,,,,,,,,,,,,,,,,,,,,,,,,,,,,,,,,,,,,,,,,,,,,,,,,,,,,,,,,,,,,,,,,,,,,,,,,,,,,,,,,,,,,,,,,,,,,,,,,,,,,,,,,,,,,,,,,,
,,,,,,,,,,,,,,,,,,,,,,,,,,,,,,,,,,,,,,,,,,,,,,,,,,,,,,,,,,,,,,,,,,,,,,,,,,,,,,,,,,,,,,,,,,,,,,,,,,,,,,,,,,,,,,,,,,,,,,,,,,,,,,,,,,,,,,,,,,,
,,,,,,,,,,,,,,,,,,,,,,,,,,,,,,,,,,,,,,,,,,,,,,,,,,,,,,,,,,,,,,,,,,,,,,,,,,,,,,,,,,,,,,,,,,,,,,,,,,,,,,,,,,,,,,,,,,,,,,,,,,,,,,,,,,,,,,,,,,,
,,,,,,,,,,,,,,,,,,,,,,,,,,,,,,,,,,,,,,,,,,,,,,,,,,,,,,,,,,,,,,,,,,,,,,,,,,,,,,,,,,,,,,,,,,,,,,,,,,,,,,,,,,,,,,,,,,,,,,,,,,,,,,,,,,,,,,,,,,,
,,,,,,,,,,,,,,,,,,,,,,,,,,,,,,,,,,,,,,,,,,,,,,,,,,,,,,,,,,,,,,,,,,,,,,,,,,,,,,,,,,,,,,,,,,,,,,,,,,,,,,,,,,,,,,,,,,,,,,,,,,,,,,,,,,,,,,,,,,,
,,,,,,,,,,,,,,,,,,,,,,,,,,,,,,,,,,,,,,,,,,,,,,,,,,,,,,,,,,,,,,,,,,,,,,,,,,,,,,,,,,,,,,,,,,,,,,,,,,,,,,,,,,,,,,,,,,,,,,,,,,,,,,,,,,,,,,,,,,,
,,,,,,,,,,,,,,,,,,,,,,,,,,,,,,,,,,,,,,,,,,,,,,,,,,,,,,,,,,,,,,,,,,,,,,,,,,,,,,,,,,,,,,,,,,,,,,,,,,,,,,,,,,,,,,,,,,,,,,,,,,,,,,,,,,,,,,,,,,,
,,,,,,,,,,,,,,,,,,,,,,,,,,,,,,,,,,,,,,,,,,,,,,,,,,,,,,,,,,,,,,,,,,,,,,,,,,,,,,,,,,,,,,,,,,,,,,,,,,,,,,,,,,,,,,,,,,,,,,,,,,,,,,,,,,,,,,,,,,,
,,,,,,,,,,,,,,,,,,,,,,,,,,,,,,,,,,,,,,,,,,,,,,,,,,,,,,,,,,,,,,,,,,,,,,,,,,,,,,,,,,,,,,,,,,,,,,,,,,,,,,,,,,,,,,,,,,,,,,,,,,,,,,,,,,,,,,,,,,,
,,,,,,,,,,,,,,,,,,,,,,,,,,,,,,,,,,,,,,,,,,,,,,,,,,,,,,,,,,,,,,,,,,,,,,,,,,,,,,,,,,,,,,,,,,,,,,,,,,,,,,,,,,,,,,,,,,,,,,,,,,,,,,,,,,,,,,,,,,,
,,,,,,,,,,,,,,,,,,,,,,,,,,,,,,,,,,,,,,,,,,,,,,,,,,,,,,,,,,,,,,,,,,,,,,,,,,,,,,,,,,,,,,,,,,,,,,,,,,,,,,,,,,,,,,,,,,,,,,,,,,,,,,,,,,,,,,,,,,,
,,,,,,,,,,,,,,,,,,,,,,,,,,,,,,,,,,,,,,,,,,,,,,,,,,,,,,,,,,,,,,,,,,,,,,,,,,,,,,,,,,,,,,,,,,,,,,,,,,,,,,,,,,,,,,,,,,,,,,,,,,,,,,,,,,,,,,,,,,,
,,,,,,,,,,,,,,,,,,,,,,,,,,,,,,,,,,,,,,,,,,,,,,,,,,,,,,,,,,,,,,,,,,,,,,,,,,,,,,,,,,,,,,,,,,,,,,,,,,,,,,,,,,,,,,,,,,,,,,,,,,,,,,,,,,,,,,,,,,,
,,,,,,,,,,,,,,,,,,,,,,,,,,,,,,,,,,,,,,,,,,,,,,,,,,,,,,,,,,,,,,,,,,,,,,,,,,,,,,,,,,,,,,,,,,,,,,,,,,,,,,,,,,,,,,,,,,,,,,,,,,,,,,,,,,,,,,,,,,,
,,,,,,,,,,,,,,,,,,,,,,,,,,,,,,,,,,,,,,,,,,,,,,,,,,,,,,,,,,,,,,,,,,,,,,,,,,,,,,,,,,,,,,,,,,,,,,,,,,,,,,,,,,,,,,,,,,,,,,,,,,,,,,,,,,,,,,,,,,,
,,,,,,,,,,,,,,,,,,,,,,,,,,,,,,,,,,,,,,,,,,,,,,,,,,,,,,,,,,,,,,,,,,,,,,,,,,,,,,,,,,,,,,,,,,,,,,,,,,,,,,,,,,,,,,,,,,,,,,,,,,,,,,,,,,,,,,,,,,,
,,,,,,,,,,,,,,,,,,,,,,,,,,,,,,,,,,,,,,,,,,,,,,,,,,,,,,,,,,,,,,,,,,,,,,,,,,,,,,,,,,,,,,,,,,,,,,,,,,,,,,,,,,,,,,,,,,,,,,,,,,,,,,,,,,,,,,,,,,,
,,,,,,,,,,,,,,,,,,,,,,,,,,,,,,,,,,,,,,,,,,,,,,,,,,,,,,,,,,,,,,,,,,,,,,,,,,,,,,,,,,,,,,,,,,,,,,,,,,,,,,,,,,,,,,,,,,,,,,,,,,,,,,,,,,,,,,,,,,,
,,,,,,,,,,,,,,,,,,,,,,,,,,,,,,,,,,,,,,,,,,,,,,,,,,,,,,,,,,,,,,,,,,,,,,,,,,,,,,,,,,,,,,,,,,,,,,,,,,,,,,,,,,,,,,,,,,,,,,,,,,,,,,,,,,,,,,,,,,,
,,,,,,,,,,,,,,,,,,,,,,,,,,,,,,,,,,,,,,,,,,,,,,,,,,,,,,,,,,,,,,,,,,,,,,,,,,,,,,,,,,,,,,,,,,,,,,,,,,,,,,,,,,,,,,,,,,,,,,,,,,,,,,,,,,,,,,,,,,,
,,,,,,,,,,,,,,,,,,,,,,,,,,,,,,,,,,,,,,,,,,,,,,,,,,,,,,,,,,,,,,,,,,,,,,,,,,,,,,,,,,,,,,,,,,,,,,,,,,,,,,,,,,,,,,,,,,,,,,,,,,,,,,,,,,,,,,,,,,,
,,,,,,,,,,,,,,,,,,,,,,,,,,,,,,,,,,,,,,,,,,,,,,,,,,,,,,,,,,,,,,,,,,,,,,,,,,,,,,,,,,,,,,,,,,,,,,,,,,,,,,,,,,,,,,,,,,,,,,,,,,,,,,,,,,,,,,,,,,,
,,,,,,,,,,,,,,,,,,,,,,,,,,,,,,,,,,,,,,,,,,,,,,,,,,,,,,,,,,,,,,,,,,,,,,,,,,,,,,,,,,,,,,,,,,,,,,,,,,,,,,,,,,,,,,,,,,,,,,,,,,,,,,,,,,,,,,,,,,,
,,,,,,,,,,,,,,,,,,,,,,,,,,,,,,,,,,,,,,,,,,,,,,,,,,,,,,,,,,,,,,,,,,,,,,,,,,,,,,,,,,,,,,,,,,,,,,,,,,,,,,,,,,,,,,,,,,,,,,,,,,,,,,,,,,,,,,,,,,,
,,,,,,,,,,,,,,,,,,,,,,,,,,,,,,,,,,,,,,,,,,,,,,,,,,,,,,,,,,,,,,,,,,,,,,,,,,,,,,,,,,,,,,,,,,,,,,,,,,,,,,,,,,,,,,,,,,,,,,,,,,,,,,,,,,,,,,,,,,,
,,,,,,,,,,,,,,,,,,,,,,,,,,,,,,,,,,,,,,,,,,,,,,,,,,,,,,,,,,,,,,,,,,,,,,,,,,,,,,,,,,,,,,,,,,,,,,,,,,,,,,,,,,,,,,,,,,,,,,,,,,,,,,,,,,,,,,,,,,,
,,,,,,,,,,,,,,,,,,,,,,,,,,,,,,,,,,,,,,,,,,,,,,,,,,,,,,,,,,,,,,,,,,,,,,,,,,,,,,,,,,,,,,,,,,,,,,,,,,,,,,,,,,,,,,,,,,,,,,,,,,,,,,,,,,,,,,,,,,,
,,,,,,,,,,,,,,,,,,,,,,,,,,,,,,,,,,,,,,,,,,,,,,,,,,,,,,,,,,,,,,,,,,,,,,,,,,,,,,,,,,,,,,,,,,,,,,,,,,,,,,,,,,,,,,,,,,,,,,,,,,,,,,,,,,,,,,,,,,,
,,,,,,,,,,,,,,,,,,,,,,,,,,,,,,,,,,,,,,,,,,,,,,,,,,,,,,,,,,,,,,,,,,,,,,,,,,,,,,,,,,,,,,,,,,,,,,,,,,,,,,,,,,,,,,,,,,,,,,,,,,,,,,,,,,,,,,,,,,,
,,,,,,,,,,,,,,,,,,,,,,,,,,,,,,,,,,,,,,,,,,,,,,,,,,,,,,,,,,,,,,,,,,,,,,,,,,,,,,,,,,,,,,,,,,,,,,,,,,,,,,,,,,,,,,,,,,,,,,,,,,,,,,,,,,,,,,,,,,,
,,,,,,,,,,,,,,,,,,,,,,,,,,,,,,,,,,,,,,,,,,,,,,,,,,,,,,,,,,,,,,,,,,,,,,,,,,,,,,,,,,,,,,,,,,,,,,,,,,,,,,,,,,,,,,,,,,,,,,,,,,,,,,,,,,,,,,,,,,,
,,,,,,,,,,,,,,,,,,,,,,,,,,,,,,,,,,,,,,,,,,,,,,,,,,,,,,,,,,,,,,,,,,,,,,,,,,,,,,,,,,,,,,,,,,,,,,,,,,,,,,,,,,,,,,,,,,,,,,,,,,,,,,,,,,,,,,,,,,,
,,,,,,,,,,,,,,,,,,,,,,,,,,,,,,,,,,,,,,,,,,,,,,,,,,,,,,,,,,,,,,,,,,,,,,,,,,,,,,,,,,,,,,,,,,,,,,,,,,,,,,,,,,,,,,,,,,,,,,,,,,,,,,,,,,,,,,,,,,,
,,,,,,,,,,,,,,,,,,,,,,,,,,,,,,,,,,,,,,,,,,,,,,,,,,,,,,,,,,,,,,,,,,,,,,,,,,,,,,,,,,,,,,,,,,,,,,,,,,,,,,,,,,,,,,,,,,,,,,,,,,,,,,,,,,,,,,,,,,,
,,,,,,,,,,,,,,,,,,,,,,,,,,,,,,,,,,,,,,,,,,,,,,,,,,,,,,,,,,,,,,,,,,,,,,,,,,,,,,,,,,,,,,,,,,,,,,,,,,,,,,,,,,,,,,,,,,,,,,,,,,,,,,,,,,,,,,,,,,,
,,,,,,,,,,,,,,,,,,,,,,,,,,,,,,,,,,,,,,,,,,,,,,,,,,,,,,,,,,,,,,,,,,,,,,,,,,,,,,,,,,,,,,,,,,,,,,,,,,,,,,,,,,,,,,,,,,,,,,,,,,,,,,,,,,,,,,,,,,,
,,,,,,,,,,,,,,,,,,,,,,,,,,,,,,,,,,,,,,,,,,,,,,,,,,,,,,,,,,,,,,,,,,,,,,,,,,,,,,,,,,,,,,,,,,,,,,,,,,,,,,,,,,,,,,,,,,,,,,,,,,,,,,,,,,,,,,,,,,,
,,,,,,,,,,,,,,,,,,,,,,,,,,,,,,,,,,,,,,,,,,,,,,,,,,,,,,,,,,,,,,,,,,,,,,,,,,,,,,,,,,,,,,,,,,,,,,,,,,,,,,,,,,,,,,,,,,,,,,,,,,,,,,,,,,,,,,,,,,,
,,,,,,,,,,,,,,,,,,,,,,,,,,,,,,,,,,,,,,,,,,,,,,,,,,,,,,,,,,,,,,,,,,,,,,,,,,,,,,,,,,,,,,,,,,,,,,,,,,,,,,,,,,,,,,,,,,,,,,,,,,,,,,,,,,,,,,,,,,,
,,,,,,,,,,,,,,,,,,,,,,,,,,,,,,,,,,,,,,,,,,,,,,,,,,,,,,,,,,,,,,,,,,,,,,,,,,,,,,,,,,,,,,,,,,,,,,,,,,,,,,,,,,,,,,,,,,,,,,,,,,,,,,,,,,,,,,,,,,,
,,,,,,,,,,,,,,,,,,,,,,,,,,,,,,,,,,,,,,,,,,,,,,,,,,,,,,,,,,,,,,,,,,,,,,,,,,,,,,,,,,,,,,,,,,,,,,,,,,,,,,,,,,,,,,,,,,,,,,,,,,,,,,,,,,,,,,,,,,,
,,,,,,,,,,,,,,,,,,,,,,,,,,,,,,,,,,,,,,,,,,,,,,,,,,,,,,,,,,,,,,,,,,,,,,,,,,,,,,,,,,,,,,,,,,,,,,,,,,,,,,,,,,,,,,,,,,,,,,,,,,,,,,,,,,,,,,,,,,,
,,,,,,,,,,,,,,,,,,,,,,,,,,,,,,,,,,,,,,,,,,,,,,,,,,,,,,,,,,,,,,,,,,,,,,,,,,,,,,,,,,,,,,,,,,,,,,,,,,,,,,,,,,,,,,,,,,,,,,,,,,,,,,,,,,,,,,,,,,,
,,,,,,,,,,,,,,,,,,,,,,,,,,,,,,,,,,,,,,,,,,,,,,,,,,,,,,,,,,,,,,,,,,,,,,,,,,,,,,,,,,,,,,,,,,,,,,,,,,,,,,,,,,,,,,,,,,,,,,,,,,,,,,,,,,,,,,,,,,,
,,,,,,,,,,,,,,,,,,,,,,,,,,,,,,,,,,,,,,,,,,,,,,,,,,,,,,,,,,,,,,,,,,,,,,,,,,,,,,,,,,,,,,,,,,,,,,,,,,,,,,,,,,,,,,,,,,,,,,,,,,,,,,,,,,,,,,,,,,,
,,,,,,,,,,,,,,,,,,,,,,,,,,,,,,,,,,,,,,,,,,,,,,,,,,,,,,,,,,,,,,,,,,,,,,,,,,,,,,,,,,,,,,,,,,,,,,,,,,,,,,,,,,,,,,,,,,,,,,,,,,,,,,,,,,,,,,,,,,,
,,,,,,,,,,,,,,,,,,,,,,,,,,,,,,,,,,,,,,,,,,,,,,,,,,,,,,,,,,,,,,,,,,,,,,,,,,,,,,,,,,,,,,,,,,,,,,,,,,,,,,,,,,,,,,,,,,,,,,,,,,,,,,,,,,,,,,,,,,,
,,,,,,,,,,,,,,,,,,,,,,,,,,,,,,,,,,,,,,,,,,,,,,,,,,,,,,,,,,,,,,,,,,,,,,,,,,,,,,,,,,,,,,,,,,,,,,,,,,,,,,,,,,,,,,,,,,,,,,,,,,,,,,,,,,,,,,,,,,,
,,,,,,,,,,,,,,,,,,,,,,,,,,,,,,,,,,,,,,,,,,,,,,,,,,,,,,,,,,,,,,,,,,,,,,,,,,,,,,,,,,,,,,,,,,,,,,,,,,,,,,,,,,,,,,,,,,,,,,,,,,,,,,,,,,,,,,,,,,,
,,,,,,,,,,,,,,,,,,,,,,,,,,,,,,,,,,,,,,,,,,,,,,,,,,,,,,,,,,,,,,,,,,,,,,,,,,,,,,,,,,,,,,,,,,,,,,,,,,,,,,,,,,,,,,,,,,,,,,,,,,,,,,,,,,,,,,,,,,,
,,,,,,,,,,,,,,,,,,,,,,,,,,,,,,,,,,,,,,,,,,,,,,,,,,,,,,,,,,,,,,,,,,,,,,,,,,,,,,,,,,,,,,,,,,,,,,,,,,,,,,,,,,,,,,,,,,,,,,,,,,,,,,,,,,,,,,,,,,,
,,,,,,,,,,,,,,,,,,,,,,,,,,,,,,,,,,,,,,,,,,,,,,,,,,,,,,,,,,,,,,,,,,,,,,,,,,,,,,,,,,,,,,,,,,,,,,,,,,,,,,,,,,,,,,,,,,,,,,,,,,,,,,,,,,,,,,,,,,,
,,,,,,,,,,,,,,,,,,,,,,,,,,,,,,,,,,,,,,,,,,,,,,,,,,,,,,,,,,,,,,,,,,,,,,,,,,,,,,,,,,,,,,,,,,,,,,,,,,,,,,,,,,,,,,,,,,,,,,,,,,,,,,,,,,,,,,,,,,,
,,,,,,,,,,,,,,,,,,,,,,,,,,,,,,,,,,,,,,,,,,,,,,,,,,,,,,,,,,,,,,,,,,,,,,,,,,,,,,,,,,,,,,,,,,,,,,,,,,,,,,,,,,,,,,,,,,,,,,,,,,,,,,,,,,,,,,,,,,,
,,,,,,,,,,,,,,,,,,,,,,,,,,,,,,,,,,,,,,,,,,,,,,,,,,,,,,,,,,,,,,,,,,,,,,,,,,,,,,,,,,,,,,,,,,,,,,,,,,,,,,,,,,,,,,,,,,,,,,,,,,,,,,,,,,,,,,,,,,,
,,,,,,,,,,,,,,,,,,,,,,,,,,,,,,,,,,,,,,,,,,,,,,,,,,,,,,,,,,,,,,,,,,,,,,,,,,,,,,,,,,,,,,,,,,,,,,,,,,,,,,,,,,,,,,,,,,,,,,,,,,,,,,,,,,,,,,,,,,,
,,,,,,,,,,,,,,,,,,,,,,,,,,,,,,,,,,,,,,,,,,,,,,,,,,,,,,,,,,,,,,,,,,,,,,,,,,,,,,,,,,,,,,,,,,,,,,,,,,,,,,,,,,,,,,,,,,,,,,,,,,,,,,,,,,,,,,,,,,,
,,,,,,,,,,,,,,,,,,,,,,,,,,,,,,,,,,,,,,,,,,,,,,,,,,,,,,,,,,,,,,,,,,,,,,,,,,,,,,,,,,,,,,,,,,,,,,,,,,,,,,,,,,,,,,,,,,,,,,,,,,,,,,,,,,,,,,,,,,,
,,,,,,,,,,,,,,,,,,,,,,,,,,,,,,,,,,,,,,,,,,,,,,,,,,,,,,,,,,,,,,,,,,,,,,,,,,,,,,,,,,,,,,,,,,,,,,,,,,,,,,,,,,,,,,,,,,,,,,,,,,,,,,,,,,,,,,,,,,,
,,,,,,,,,,,,,,,,,,,,,,,,,,,,,,,,,,,,,,,,,,,,,,,,,,,,,,,,,,,,,,,,,,,,,,,,,,,,,,,,,,,,,,,,,,,,,,,,,,,,,,,,,,,,,,,,,,,,,,,,,,,,,,,,,,,,,,,,,,,
,,,,,,,,,,,,,,,,,,,,,,,,,,,,,,,,,,,,,,,,,,,,,,,,,,,,,,,,,,,,,,,,,,,,,,,,,,,,,,,,,,,,,,,,,,,,,,,,,,,,,,,,,,,,,,,,,,,,,,,,,,,,,,,,,,,,,,,,,,,
,,,,,,,,,,,,,,,,,,,,,,,,,,,,,,,,,,,,,,,,,,,,,,,,,,,,,,,,,,,,,,,,,,,,,,,,,,,,,,,,,,,,,,,,,,,,,,,,,,,,,,,,,,,,,,,,,,,,,,,,,,,,,,,,,,,,,,,,,,,
,,,,,,,,,,,,,,,,,,,,,,,,,,,,,,,,,,,,,,,,,,,,,,,,,,,,,,,,,,,,,,,,,,,,,,,,,,,,,,,,,,,,,,,,,,,,,,,,,,,,,,,,,,,,,,,,,,,,,,,,,,,,,,,,,,,,,,,,,,,
,,,,,,,,,,,,,,,,,,,,,,,,,,,,,,,,,,,,,,,,,,,,,,,,,,,,,,,,,,,,,,,,,,,,,,,,,,,,,,,,,,,,,,,,,,,,,,,,,,,,,,,,,,,,,,,,,,,,,,,,,,,,,,,,,,,,,,,,,,,
,,,,,,,,,,,,,,,,,,,,,,,,,,,,,,,,,,,,,,,,,,,,,,,,,,,,,,,,,,,,,,,,,,,,,,,,,,,,,,,,,,,,,,,,,,,,,,,,,,,,,,,,,,,,,,,,,,,,,,,,,,,,,,,,,,,,,,,,,,,
,,,,,,,,,,,,,,,,,,,,,,,,,,,,,,,,,,,,,,,,,,,,,,,,,,,,,,,,,,,,,,,,,,,,,,,,,,,,,,,,,,,,,,,,,,,,,,,,,,,,,,,,,,,,,,,,,,,,,,,,,,,,,,,,,,,,,,,,,,,
,,,,,,,,,,,,,,,,,,,,,,,,,,,,,,,,,,,,,,,,,,,,,,,,,,,,,,,,,,,,,,,,,,,,,,,,,,,,,,,,,,,,,,,,,,,,,,,,,,,,,,,,,,,,,,,,,,,,,,,,,,,,,,,,,,,,,,,,,,,
,,,,,,,,,,,,,,,,,,,,,,,,,,,,,,,,,,,,,,,,,,,,,,,,,,,,,,,,,,,,,,,,,,,,,,,,,,,,,,,,,,,,,,,,,,,,,,,,,,,,,,,,,,,,,,,,,,,,,,,,,,,,,,,,,,,,,,,,,,,
,,,,,,,,,,,,,,,,,,,,,,,,,,,,,,,,,,,,,,,,,,,,,,,,,,,,,,,,,,,,,,,,,,,,,,,,,,,,,,,,,,,,,,,,,,,,,,,,,,,,,,,,,,,,,,,,,,,,,,,,,,,,,,,,,,,,,,,,,,,
,,,,,,,,,,,,,,,,,,,,,,,,,,,,,,,,,,,,,,,,,,,,,,,,,,,,,,,,,,,,,,,,,,,,,,,,,,,,,,,,,,,,,,,,,,,,,,,,,,,,,,,,,,,,,,,,,,,,,,,,,,,,,,,,,,,,,,,,,,,
,,,,,,,,,,,,,,,,,,,,,,,,,,,,,,,,,,,,,,,,,,,,,,,,,,,,,,,,,,,,,,,,,,,,,,,,,,,,,,,,,,,,,,,,,,,,,,,,,,,,,,,,,,,,,,,,,,,,,,,,,,,,,,,,,,,,,,,,,,,
,,,,,,,,,,,,,,,,,,,,,,,,,,,,,,,,,,,,,,,,,,,,,,,,,,,,,,,,,,,,,,,,,,,,,,,,,,,,,,,,,,,,,,,,,,,,,,,,,,,,,,,,,,,,,,,,,,,,,,,,,,,,,,,,,,,,,,,,,,,
,,,,,,,,,,,,,,,,,,,,,,,,,,,,,,,,,,,,,,,,,,,,,,,,,,,,,,,,,,,,,,,,,,,,,,,,,,,,,,,,,,,,,,,,,,,,,,,,,,,,,,,,,,,,,,,,,,,,,,,,,,,,,,,,,,,,,,,,,,,
,,,,,,,,,,,,,,,,,,,,,,,,,,,,,,,,,,,,,,,,,,,,,,,,,,,,,,,,,,,,,,,,,,,,,,,,,,,,,,,,,,,,,,,,,,,,,,,,,,,,,,,,,,,,,,,,,,,,,,,,,,,,,,,,,,,,,,,,,,,
,,,,,,,,,,,,,,,,,,,,,,,,,,,,,,,,,,,,,,,,,,,,,,,,,,,,,,,,,,,,,,,,,,,,,,,,,,,,,,,,,,,,,,,,,,,,,,,,,,,,,,,,,,,,,,,,,,,,,,,,,,,,,,,,,,,,,,,,,,,
,,,,,,,,,,,,,,,,,,,,,,,,,,,,,,,,,,,,,,,,,,,,,,,,,,,,,,,,,,,,,,,,,,,,,,,,,,,,,,,,,,,,,,,,,,,,,,,,,,,,,,,,,,,,,,,,,,,,,,,,,,,,,,,,,,,,,,,,,,,
,,,,,,,,,,,,,,,,,,,,,,,,,,,,,,,,,,,,,,,,,,,,,,,,,,,,,,,,,,,,,,,,,,,,,,,,,,,,,,,,,,,,,,,,,,,,,,,,,,,,,,,,,,,,,,,,,,,,,,,,,,,,,,,,,,,,,,,,,,,
,,,,,,,,,,,,,,,,,,,,,,,,,,,,,,,,,,,,,,,,,,,,,,,,,,,,,,,,,,,,,,,,,,,,,,,,,,,,,,,,,,,,,,,,,,,,,,,,,,,,,,,,,,,,,,,,,,,,,,,,,,,,,,,,,,,,,,,,,,,
,,,,,,,,,,,,,,,,,,,,,,,,,,,,,,,,,,,,,,,,,,,,,,,,,,,,,,,,,,,,,,,,,,,,,,,,,,,,,,,,,,,,,,,,,,,,,,,,,,,,,,,,,,,,,,,,,,,,,,,,,,,,,,,,,,,,,,,,,,,
,,,,,,,,,,,,,,,,,,,,,,,,,,,,,,,,,,,,,,,,,,,,,,,,,,,,,,,,,,,,,,,,,,,,,,,,,,,,,,,,,,,,,,,,,,,,,,,,,,,,,,,,,,,,,,,,,,,,,,,,,,,,,,,,,,,,,,,,,,,
,,,,,,,,,,,,,,,,,,,,,,,,,,,,,,,,,,,,,,,,,,,,,,,,,,,,,,,,,,,,,,,,,,,,,,,,,,,,,,,,,,,,,,,,,,,,,,,,,,,,,,,,,,,,,,,,,,,,,,,,,,,,,,,,,,,,,,,,,,,
,,,,,,,,,,,,,,,,,,,,,,,,,,,,,,,,,,,,,,,,,,,,,,,,,,,,,,,,,,,,,,,,,,,,,,,,,,,,,,,,,,,,,,,,,,,,,,,,,,,,,,,,,,,,,,,,,,,,,,,,,,,,,,,,,,,,,,,,,,,
,,,,,,,,,,,,,,,,,,,,,,,,,,,,,,,,,,,,,,,,,,,,,,,,,,,,,,,,,,,,,,,,,,,,,,,,,,,,,,,,,,,,,,,,,,,,,,,,,,,,,,,,,,,,,,,,,,,,,,,,,,,,,,,,,,,,,,,,,,,
,,,,,,,,,,,,,,,,,,,,,,,,,,,,,,,,,,,,,,,,,,,,,,,,,,,,,,,,,,,,,,,,,,,,,,,,,,,,,,,,,,,,,,,,,,,,,,,,,,,,,,,,,,,,,,,,,,,,,,,,,,,,,,,,,,,,,,,,,,,
,,,,,,,,,,,,,,,,,,,,,,,,,,,,,,,,,,,,,,,,,,,,,,,,,,,,,,,,,,,,,,,,,,,,,,,,,,,,,,,,,,,,,,,,,,,,,,,,,,,,,,,,,,,,,,,,,,,,,,,,,,,,,,,,,,,,,,,,,,,
,,,,,,,,,,,,,,,,,,,,,,,,,,,,,,,,,,,,,,,,,,,,,,,,,,,,,,,,,,,,,,,,,,,,,,,,,,,,,,,,,,,,,,,,,,,,,,,,,,,,,,,,,,,,,,,,,,,,,,,,,,,,,,,,,,,,,,,,,,,
,,,,,,,,,,,,,,,,,,,,,,,,,,,,,,,,,,,,,,,,,,,,,,,,,,,,,,,,,,,,,,,,,,,,,,,,,,,,,,,,,,,,,,,,,,,,,,,,,,,,,,,,,,,,,,,,,,,,,,,,,,,,,,,,,,,,,,,,,,,
,,,,,,,,,,,,,,,,,,,,,,,,,,,,,,,,,,,,,,,,,,,,,,,,,,,,,,,,,,,,,,,,,,,,,,,,,,,,,,,,,,,,,,,,,,,,,,,,,,,,,,,,,,,,,,,,,,,,,,,,,,,,,,,,,,,,,,,,,,,
,,,,,,,,,,,,,,,,,,,,,,,,,,,,,,,,,,,,,,,,,,,,,,,,,,,,,,,,,,,,,,,,,,,,,,,,,,,,,,,,,,,,,,,,,,,,,,,,,,,,,,,,,,,,,,,,,,,,,,,,,,,,,,,,,,,,,,,,,,,
,,,,,,,,,,,,,,,,,,,,,,,,,,,,,,,,,,,,,,,,,,,,,,,,,,,,,,,,,,,,,,,,,,,,,,,,,,,,,,,,,,,,,,,,,,,,,,,,,,,,,,,,,,,,,,,,,,,,,,,,,,,,,,,,,,,,,,,,,,,
,,,,,,,,,,,,,,,,,,,,,,,,,,,,,,,,,,,,,,,,,,,,,,,,,,,,,,,,,,,,,,,,,,,,,,,,,,,,,,,,,,,,,,,,,,,,,,,,,,,,,,,,,,,,,,,,,,,,,,,,,,,,,,,,,,,,,,,,,,,
,,,,,,,,,,,,,,,,,,,,,,,,,,,,,,,,,,,,,,,,,,,,,,,,,,,,,,,,,,,,,,,,,,,,,,,,,,,,,,,,,,,,,,,,,,,,,,,,,,,,,,,,,,,,,,,,,,,,,,,,,,,,,,,,,,,,,,,,,,,
,,,,,,,,,,,,,,,,,,,,,,,,,,,,,,,,,,,,,,,,,,,,,,,,,,,,,,,,,,,,,,,,,,,,,,,,,,,,,,,,,,,,,,,,,,,,,,,,,,,,,,,,,,,,,,,,,,,,,,,,,,,,,,,,,,,,,,,,,,,
,,,,,,,,,,,,,,,,,,,,,,,,,,,,,,,,,,,,,,,,,,,,,,,,,,,,,,,,,,,,,,,,,,,,,,,,,,,,,,,,,,,,,,,,,,,,,,,,,,,,,,,,,,,,,,,,,,,,,,,,,,,,,,,,,,,,,,,,,,,
,,,,,,,,,,,,,,,,,,,,,,,,,,,,,,,,,,,,,,,,,,,,,,,,,,,,,,,,,,,,,,,,,,,,,,,,,,,,,,,,,,,,,,,,,,,,,,,,,,,,,,,,,,,,,,,,,,,,,,,,,,,,,,,,,,,,,,,,,,,
,,,,,,,,,,,,,,,,,,,,,,,,,,,,,,,,,,,,,,,,,,,,,,,,,,,,,,,,,,,,,,,,,,,,,,,,,,,,,,,,,,,,,,,,,,,,,,,,,,,,,,,,,,,,,,,,,,,,,,,,,,,,,,,,,,,,,,,,,,,
,,,,,,,,,,,,,,,,,,,,,,,,,,,,,,,,,,,,,,,,,,,,,,,,,,,,,,,,,,,,,,,,,,,,,,,,,,,,,,,,,,,,,,,,,,,,,,,,,,,,,,,,,,,,,,,,,,,,,,,,,,,,,,,,,,,,,,,,,,,
,,,,,,,,,,,,,,,,,,,,,,,,,,,,,,,,,,,,,,,,,,,,,,,,,,,,,,,,,,,,,,,,,,,,,,,,,,,,,,,,,,,,,,,,,,,,,,,,,,,,,,,,,,,,,,,,,,,,,,,,,,,,,,,,,,,,,,,,,,,
,,,,,,,,,,,,,,,,,,,,,,,,,,,,,,,,,,,,,,,,,,,,,,,,,,,,,,,,,,,,,,,,,,,,,,,,,,,,,,,,,,,,,,,,,,,,,,,,,,,,,,,,,,,,,,,,,,,,,,,,,,,,,,,,,,,,,,,,,,,
,,,,,,,,,,,,,,,,,,,,,,,,,,,,,,,,,,,,,,,,,,,,,,,,,,,,,,,,,,,,,,,,,,,,,,,,,,,,,,,,,,,,,,,,,,,,,,,,,,,,,,,,,,,,,,,,,,,,,,,,,,,,,,,,,,,,,,,,,,,
,,,,,,,,,,,,,,,,,,,,,,,,,,,,,,,,,,,,,,,,,,,,,,,,,,,,,,,,,,,,,,,,,,,,,,,,,,,,,,,,,,,,,,,,,,,,,,,,,,,,,,,,,,,,,,,,,,,,,,,,,,,,,,,,,,,,,,,,,,,
,,,,,,,,,,,,,,,,,,,,,,,,,,,,,,,,,,,,,,,,,,,,,,,,,,,,,,,,,,,,,,,,,,,,,,,,,,,,,,,,,,,,,,,,,,,,,,,,,,,,,,,,,,,,,,,,,,,,,,,,,,,,,,,,,,,,,,,,,,,
,,,,,,,,,,,,,,,,,,,,,,,,,,,,,,,,,,,,,,,,,,,,,,,,,,,,,,,,,,,,,,,,,,,,,,,,,,,,,,,,,,,,,,,,,,,,,,,,,,,,,,,,,,,,,,,,,,,,,,,,,,,,,,,,,,,,,,,,,,,
,,,,,,,,,,,,,,,,,,,,,,,,,,,,,,,,,,,,,,,,,,,,,,,,,,,,,,,,,,,,,,,,,,,,,,,,,,,,,,,,,,,,,,,,,,,,,,,,,,,,,,,,,,,,,,,,,,,,,,,,,,,,,,,,,,,,,,,,,,,
,,,,,,,,,,,,,,,,,,,,,,,,,,,,,,,,,,,,,,,,,,,,,,,,,,,,,,,,,,,,,,,,,,,,,,,,,,,,,,,,,,,,,,,,,,,,,,,,,,,,,,,,,,,,,,,,,,,,,,,,,,,,,,,,,,,,,,,,,,,
,,,,,,,,,,,,,,,,,,,,,,,,,,,,,,,,,,,,,,,,,,,,,,,,,,,,,,,,,,,,,,,,,,,,,,,,,,,,,,,,,,,,,,,,,,,,,,,,,,,,,,,,,,,,,,,,,,,,,,,,,,,,,,,,,,,,,,,,,,,
,,,,,,,,,,,,,,,,,,,,,,,,,,,,,,,,,,,,,,,,,,,,,,,,,,,,,,,,,,,,,,,,,,,,,,,,,,,,,,,,,,,,,,,,,,,,,,,,,,,,,,,,,,,,,,,,,,,,,,,,,,,,,,,,,,,,,,,,,,,
,,,,,,,,,,,,,,,,,,,,,,,,,,,,,,,,,,,,,,,,,,,,,,,,,,,,,,,,,,,,,,,,,,,,,,,,,,,,,,,,,,,,,,,,,,,,,,,,,,,,,,,,,,,,,,,,,,,,,,,,,,,,,,,,,,,,,,,,,,,
,,,,,,,,,,,,,,,,,,,,,,,,,,,,,,,,,,,,,,,,,,,,,,,,,,,,,,,,,,,,,,,,,,,,,,,,,,,,,,,,,,,,,,,,,,,,,,,,,,,,,,,,,,,,,,,,,,,,,,,,,,,,,,,,,,,,,,,,,,,
,,,,,,,,,,,,,,,,,,,,,,,,,,,,,,,,,,,,,,,,,,,,,,,,,,,,,,,,,,,,,,,,,,,,,,,,,,,,,,,,,,,,,,,,,,,,,,,,,,,,,,,,,,,,,,,,,,,,,,,,,,,,,,,,,,,,,,,,,,,
,,,,,,,,,,,,,,,,,,,,,,,,,,,,,,,,,,,,,,,,,,,,,,,,,,,,,,,,,,,,,,,,,,,,,,,,,,,,,,,,,,,,,,,,,,,,,,,,,,,,,,,,,,,,,,,,,,,,,,,,,,,,,,,,,,,,,,,,,,,
,,,,,,,,,,,,,,,,,,,,,,,,,,,,,,,,,,,,,,,,,,,,,,,,,,,,,,,,,,,,,,,,,,,,,,,,,,,,,,,,,,,,,,,,,,,,,,,,,,,,,,,,,,,,,,,,,,,,,,,,,,,,,,,,,,,,,,,,,,,
,,,,,,,,,,,,,,,,,,,,,,,,,,,,,,,,,,,,,,,,,,,,,,,,,,,,,,,,,,,,,,,,,,,,,,,,,,,,,,,,,,,,,,,,,,,,,,,,,,,,,,,,,,,,,,,,,,,,,,,,,,,,,,,,,,,,,,,,,,,
,,,,,,,,,,,,,,,,,,,,,,,,,,,,,,,,,,,,,,,,,,,,,,,,,,,,,,,,,,,,,,,,,,,,,,,,,,,,,,,,,,,,,,,,,,,,,,,,,,,,,,,,,,,,,,,,,,,,,,,,,,,,,,,,,,,,,,,,,,,
,,,,,,,,,,,,,,,,,,,,,,,,,,,,,,,,,,,,,,,,,,,,,,,,,,,,,,,,,,,,,,,,,,,,,,,,,,,,,,,,,,,,,,,,,,,,,,,,,,,,,,,,,,,,,,,,,,,,,,,,,,,,,,,,,,,,,,,,,,,
,,,,,,,,,,,,,,,,,,,,,,,,,,,,,,,,,,,,,,,,,,,,,,,,,,,,,,,,,,,,,,,,,,,,,,,,,,,,,,,,,,,,,,,,,,,,,,,,,,,,,,,,,,,,,,,,,,,,,,,,,,,,,,,,,,,,,,,,,,,
,,,,,,,,,,,,,,,,,,,,,,,,,,,,,,,,,,,,,,,,,,,,,,,,,,,,,,,,,,,,,,,,,,,,,,,,,,,,,,,,,,,,,,,,,,,,,,,,,,,,,,,,,,,,,,,,,,,,,,,,,,,,,,,,,,,,,,,,,,,
,,,,,,,,,,,,,,,,,,,,,,,,,,,,,,,,,,,,,,,,,,,,,,,,,,,,,,,,,,,,,,,,,,,,,,,,,,,,,,,,,,,,,,,,,,,,,,,,,,,,,,,,,,,,,,,,,,,,,,,,,,,,,,,,,,,,,,,,,,,
,,,,,,,,,,,,,,,,,,,,,,,,,,,,,,,,,,,,,,,,,,,,,,,,,,,,,,,,,,,,,,,,,,,,,,,,,,,,,,,,,,,,,,,,,,,,,,,,,,,,,,,,,,,,,,,,,,,,,,,,,,,,,,,,,,,,,,,,,,,
,,,,,,,,,,,,,,,,,,,,,,,,,,,,,,,,,,,,,,,,,,,,,,,,,,,,,,,,,,,,,,,,,,,,,,,,,,,,,,,,,,,,,,,,,,,,,,,,,,,,,,,,,,,,,,,,,,,,,,,,,,,,,,,,,,,,,,,,,,,
,,,,,,,,,,,,,,,,,,,,,,,,,,,,,,,,,,,,,,,,,,,,,,,,,,,,,,,,,,,,,,,,,,,,,,,,,,,,,,,,,,,,,,,,,,,,,,,,,,,,,,,,,,,,,,,,,,,,,,,,,,,,,,,,,,,,,,,,,,,
,,,,,,,,,,,,,,,,,,,,,,,,,,,,,,,,,,,,,,,,,,,,,,,,,,,,,,,,,,,,,,,,,,,,,,,,,,,,,,,,,,,,,,,,,,,,,,,,,,,,,,,,,,,,,,,,,,,,,,,,,,,,,,,,,,,,,,,,,,,
,,,,,,,,,,,,,,,,,,,,,,,,,,,,,,,,,,,,,,,,,,,,,,,,,,,,,,,,,,,,,,,,,,,,,,,,,,,,,,,,,,,,,,,,,,,,,,,,,,,,,,,,,,,,,,,,,,,,,,,,,,,,,,,,,,,,,,,,,,,
,,,,,,,,,,,,,,,,,,,,,,,,,,,,,,,,,,,,,,,,,,,,,,,,,,,,,,,,,,,,,,,,,,,,,,,,,,,,,,,,,,,,,,,,,,,,,,,,,,,,,,,,,,,,,,,,,,,,,,,,,,,,,,,,,,,,,,,,,,,
,,,,,,,,,,,,,,,,,,,,,,,,,,,,,,,,,,,,,,,,,,,,,,,,,,,,,,,,,,,,,,,,,,,,,,,,,,,,,,,,,,,,,,,,,,,,,,,,,,,,,,,,,,,,,,,,,,,,,,,,,,,,,,,,,,,,,,,,,,,
,,,,,,,,,,,,,,,,,,,,,,,,,,,,,,,,,,,,,,,,,,,,,,,,,,,,,,,,,,,,,,,,,,,,,,,,,,,,,,,,,,,,,,,,,,,,,,,,,,,,,,,,,,,,,,,,,,,,,,,,,,,,,,,,,,,,,,,,,,,
,,,,,,,,,,,,,,,,,,,,,,,,,,,,,,,,,,,,,,,,,,,,,,,,,,,,,,,,,,,,,,,,,,,,,,,,,,,,,,,,,,,,,,,,,,,,,,,,,,,,,,,,,,,,,,,,,,,,,,,,,,,,,,,,,,,,,,,,,,,
,,,,,,,,,,,,,,,,,,,,,,,,,,,,,,,,,,,,,,,,,,,,,,,,,,,,,,,,,,,,,,,,,,,,,,,,,,,,,,,,,,,,,,,,,,,,,,,,,,,,,,,,,,,,,,,,,,,,,,,,,,,,,,,,,,,,,,,,,,,
,,,,,,,,,,,,,,,,,,,,,,,,,,,,,,,,,,,,,,,,,,,,,,,,,,,,,,,,,,,,,,,,,,,,,,,,,,,,,,,,,,,,,,,,,,,,,,,,,,,,,,,,,,,,,,,,,,,,,,,,,,,,,,,,,,,,,,,,,,,
,,,,,,,,,,,,,,,,,,,,,,,,,,,,,,,,,,,,,,,,,,,,,,,,,,,,,,,,,,,,,,,,,,,,,,,,,,,,,,,,,,,,,,,,,,,,,,,,,,,,,,,,,,,,,,,,,,,,,,,,,,,,,,,,,,,,,,,,,,,
,,,,,,,,,,,,,,,,,,,,,,,,,,,,,,,,,,,,,,,,,,,,,,,,,,,,,,,,,,,,,,,,,,,,,,,,,,,,,,,,,,,,,,,,,,,,,,,,,,,,,,,,,,,,,,,,,,,,,,,,,,,,,,,,,,,,,,,,,,,
,,,,,,,,,,,,,,,,,,,,,,,,,,,,,,,,,,,,,,,,,,,,,,,,,,,,,,,,,,,,,,,,,,,,,,,,,,,,,,,,,,,,,,,,,,,,,,,,,,,,,,,,,,,,,,,,,,,,,,,,,,,,,,,,,,,,,,,,,,,
,,,,,,,,,,,,,,,,,,,,,,,,,,,,,,,,,,,,,,,,,,,,,,,,,,,,,,,,,,,,,,,,,,,,,,,,,,,,,,,,,,,,,,,,,,,,,,,,,,,,,,,,,,,,,,,,,,,,,,,,,,,,,,,,,,,,,,,,,,,
,,,,,,,,,,,,,,,,,,,,,,,,,,,,,,,,,,,,,,,,,,,,,,,,,,,,,,,,,,,,,,,,,,,,,,,,,,,,,,,,,,,,,,,,,,,,,,,,,,,,,,,,,,,,,,,,,,,,,,,,,,,,,,,,,,,,,,,,,,,
,,,,,,,,,,,,,,,,,,,,,,,,,,,,,,,,,,,,,,,,,,,,,,,,,,,,,,,,,,,,,,,,,,,,,,,,,,,,,,,,,,,,,,,,,,,,,,,,,,,,,,,,,,,,,,,,,,,,,,,,,,,,,,,,,,,,,,,,,,,
,,,,,,,,,,,,,,,,,,,,,,,,,,,,,,,,,,,,,,,,,,,,,,,,,,,,,,,,,,,,,,,,,,,,,,,,,,,,,,,,,,,,,,,,,,,,,,,,,,,,,,,,,,,,,,,,,,,,,,,,,,,,,,,,,,,,,,,,,,,
,,,,,,,,,,,,,,,,,,,,,,,,,,,,,,,,,,,,,,,,,,,,,,,,,,,,,,,,,,,,,,,,,,,,,,,,,,,,,,,,,,,,,,,,,,,,,,,,,,,,,,,,,,,,,,,,,,,,,,,,,,,,,,,,,,,,,,,,,,,
,,,,,,,,,,,,,,,,,,,,,,,,,,,,,,,,,,,,,,,,,,,,,,,,,,,,,,,,,,,,,,,,,,,,,,,,,,,,,,,,,,,,,,,,,,,,,,,,,,,,,,,,,,,,,,,,,,,,,,,,,,,,,,,,,,,,,,,,,,,
,,,,,,,,,,,,,,,,,,,,,,,,,,,,,,,,,,,,,,,,,,,,,,,,,,,,,,,,,,,,,,,,,,,,,,,,,,,,,,,,,,,,,,,,,,,,,,,,,,,,,,,,,,,,,,,,,,,,,,,,,,,,,,,,,,,,,,,,,,,
,,,,,,,,,,,,,,,,,,,,,,,,,,,,,,,,,,,,,,,,,,,,,,,,,,,,,,,,,,,,,,,,,,,,,,,,,,,,,,,,,,,,,,,,,,,,,,,,,,,,,,,,,,,,,,,,,,,,,,,,,,,,,,,,,,,,,,,,,,,
,,,,,,,,,,,,,,,,,,,,,,,,,,,,,,,,,,,,,,,,,,,,,,,,,,,,,,,,,,,,,,,,,,,,,,,,,,,,,,,,,,,,,,,,,,,,,,,,,,,,,,,,,,,,,,,,,,,,,,,,,,,,,,,,,,,,,,,,,,,
,,,,,,,,,,,,,,,,,,,,,,,,,,,,,,,,,,,,,,,,,,,,,,,,,,,,,,,,,,,,,,,,,,,,,,,,,,,,,,,,,,,,,,,,,,,,,,,,,,,,,,,,,,,,,,,,,,,,,,,,,,,,,,,,,,,,,,,,,,,
,,,,,,,,,,,,,,,,,,,,,,,,,,,,,,,,,,,,,,,,,,,,,,,,,,,,,,,,,,,,,,,,,,,,,,,,,,,,,,,,,,,,,,,,,,,,,,,,,,,,,,,,,,,,,,,,,,,,,,,,,,,,,,,,,,,,,,,,,,,
,,,,,,,,,,,,,,,,,,,,,,,,,,,,,,,,,,,,,,,,,,,,,,,,,,,,,,,,,,,,,,,,,,,,,,,,,,,,,,,,,,,,,,,,,,,,,,,,,,,,,,,,,,,,,,,,,,,,,,,,,,,,,,,,,,,,,,,,,,,
,,,,,,,,,,,,,,,,,,,,,,,,,,,,,,,,,,,,,,,,,,,,,,,,,,,,,,,,,,,,,,,,,,,,,,,,,,,,,,,,,,,,,,,,,,,,,,,,,,,,,,,,,,,,,,,,,,,,,,,,,,,,,,,,,,,,,,,,,,,
,,,,,,,,,,,,,,,,,,,,,,,,,,,,,,,,,,,,,,,,,,,,,,,,,,,,,,,,,,,,,,,,,,,,,,,,,,,,,,,,,,,,,,,,,,,,,,,,,,,,,,,,,,,,,,,,,,,,,,,,,,,,,,,,,,,,,,,,,,,
,,,,,,,,,,,,,,,,,,,,,,,,,,,,,,,,,,,,,,,,,,,,,,,,,,,,,,,,,,,,,,,,,,,,,,,,,,,,,,,,,,,,,,,,,,,,,,,,,,,,,,,,,,,,,,,,,,,,,,,,,,,,,,,,,,,,,,,,,,,
,,,,,,,,,,,,,,,,,,,,,,,,,,,,,,,,,,,,,,,,,,,,,,,,,,,,,,,,,,,,,,,,,,,,,,,,,,,,,,,,,,,,,,,,,,,,,,,,,,,,,,,,,,,,,,,,,,,,,,,,,,,,,,,,,,,,,,,,,,,
,,,,,,,,,,,,,,,,,,,,,,,,,,,,,,,,,,,,,,,,,,,,,,,,,,,,,,,,,,,,,,,,,,,,,,,,,,,,,,,,,,,,,,,,,,,,,,,,,,,,,,,,,,,,,,,,,,,,,,,,,,,,,,,,,,,,,,,,,,,
,,,,,,,,,,,,,,,,,,,,,,,,,,,,,,,,,,,,,,,,,,,,,,,,,,,,,,,,,,,,,,,,,,,,,,,,,,,,,,,,,,,,,,,,,,,,,,,,,,,,,,,,,,,,,,,,,,,,,,,,,,,,,,,,,,,,,,,,,,,
,,,,,,,,,,,,,,,,,,,,,,,,,,,,,,,,,,,,,,,,,,,,,,,,,,,,,,,,,,,,,,,,,,,,,,,,,,,,,,,,,,,,,,,,,,,,,,,,,,,,,,,,,,,,,,,,,,,,,,,,,,,,,,,,,,,,,,,,,,,
,,,,,,,,,,,,,,,,,,,,,,,,,,,,,,,,,,,,,,,,,,,,,,,,,,,,,,,,,,,,,,,,,,,,,,,,,,,,,,,,,,,,,,,,,,,,,,,,,,,,,,,,,,,,,,,,,,,,,,,,,,,,,,,,,,,,,,,,,,,
,,,,,,,,,,,,,,,,,,,,,,,,,,,,,,,,,,,,,,,,,,,,,,,,,,,,,,,,,,,,,,,,,,,,,,,,,,,,,,,,,,,,,,,,,,,,,,,,,,,,,,,,,,,,,,,,,,,,,,,,,,,,,,,,,,,,,,,,,,,
,,,,,,,,,,,,,,,,,,,,,,,,,,,,,,,,,,,,,,,,,,,,,,,,,,,,,,,,,,,,,,,,,,,,,,,,,,,,,,,,,,,,,,,,,,,,,,,,,,,,,,,,,,,,,,,,,,,,,,,,,,,,,,,,,,,,,,,,,,,
,,,,,,,,,,,,,,,,,,,,,,,,,,,,,,,,,,,,,,,,,,,,,,,,,,,,,,,,,,,,,,,,,,,,,,,,,,,,,,,,,,,,,,,,,,,,,,,,,,,,,,,,,,,,,,,,,,,,,,,,,,,,,,,,,,,,,,,,,,,
,,,,,,,,,,,,,,,,,,,,,,,,,,,,,,,,,,,,,,,,,,,,,,,,,,,,,,,,,,,,,,,,,,,,,,,,,,,,,,,,,,,,,,,,,,,,,,,,,,,,,,,,,,,,,,,,,,,,,,,,,,,,,,,,,,,,,,,,,,,
,,,,,,,,,,,,,,,,,,,,,,,,,,,,,,,,,,,,,,,,,,,,,,,,,,,,,,,,,,,,,,,,,,,,,,,,,,,,,,,,,,,,,,,,,,,,,,,,,,,,,,,,,,,,,,,,,,,,,,,,,,,,,,,,,,,,,,,,,,,
,,,,,,,,,,,,,,,,,,,,,,,,,,,,,,,,,,,,,,,,,,,,,,,,,,,,,,,,,,,,,,,,,,,,,,,,,,,,,,,,,,,,,,,,,,,,,,,,,,,,,,,,,,,,,,,,,,,,,,,,,,,,,,,,,,,,,,,,,,,
,,,,,,,,,,,,,,,,,,,,,,,,,,,,,,,,,,,,,,,,,,,,,,,,,,,,,,,,,,,,,,,,,,,,,,,,,,,,,,,,,,,,,,,,,,,,,,,,,,,,,,,,,,,,,,,,,,,,,,,,,,,,,,,,,,,,,,,,,,,
,,,,,,,,,,,,,,,,,,,,,,,,,,,,,,,,,,,,,,,,,,,,,,,,,,,,,,,,,,,,,,,,,,,,,,,,,,,,,,,,,,,,,,,,,,,,,,,,,,,,,,,,,,,,,,,,,,,,,,,,,,,,,,,,,,,,,,,,,,,
,,,,,,,,,,,,,,,,,,,,,,,,,,,,,,,,,,,,,,,,,,,,,,,,,,,,,,,,,,,,,,,,,,,,,,,,,,,,,,,,,,,,,,,,,,,,,,,,,,,,,,,,,,,,,,,,,,,,,,,,,,,,,,,,,,,,,,,,,,,
,,,,,,,,,,,,,,,,,,,,,,,,,,,,,,,,,,,,,,,,,,,,,,,,,,,,,,,,,,,,,,,,,,,,,,,,,,,,,,,,,,,,,,,,,,,,,,,,,,,,,,,,,,,,,,,,,,,,,,,,,,,,,,,,,,,,,,,,,,,
,,,,,,,,,,,,,,,,,,,,,,,,,,,,,,,,,,,,,,,,,,,,,,,,,,,,,,,,,,,,,,,,,,,,,,,,,,,,,,,,,,,,,,,,,,,,,,,,,,,,,,,,,,,,,,,,,,,,,,,,,,,,,,,,,,,,,,,,,,,
,,,,,,,,,,,,,,,,,,,,,,,,,,,,,,,,,,,,,,,,,,,,,,,,,,,,,,,,,,,,,,,,,,,,,,,,,,,,,,,,,,,,,,,,,,,,,,,,,,,,,,,,,,,,,,,,,,,,,,,,,,,,,,,,,,,,,,,,,,,
,,,,,,,,,,,,,,,,,,,,,,,,,,,,,,,,,,,,,,,,,,,,,,,,,,,,,,,,,,,,,,,,,,,,,,,,,,,,,,,,,,,,,,,,,,,,,,,,,,,,,,,,,,,,,,,,,,,,,,,,,,,,,,,,,,,,,,,,,,,
,,,,,,,,,,,,,,,,,,,,,,,,,,,,,,,,,,,,,,,,,,,,,,,,,,,,,,,,,,,,,,,,,,,,,,,,,,,,,,,,,,,,,,,,,,,,,,,,,,,,,,,,,,,,,,,,,,,,,,,,,,,,,,,,,,,,,,,,,,,
,,,,,,,,,,,,,,,,,,,,,,,,,,,,,,,,,,,,,,,,,,,,,,,,,,,,,,,,,,,,,,,,,,,,,,,,,,,,,,,,,,,,,,,,,,,,,,,,,,,,,,,,,,,,,,,,,,,,,,,,,,,,,,,,,,,,,,,,,,,
,,,,,,,,,,,,,,,,,,,,,,,,,,,,,,,,,,,,,,,,,,,,,,,,,,,,,,,,,,,,,,,,,,,,,,,,,,,,,,,,,,,,,,,,,,,,,,,,,,,,,,,,,,,,,,,,,,,,,,,,,,,,,,,,,,,,,,,,,,,
,,,,,,,,,,,,,,,,,,,,,,,,,,,,,,,,,,,,,,,,,,,,,,,,,,,,,,,,,,,,,,,,,,,,,,,,,,,,,,,,,,,,,,,,,,,,,,,,,,,,,,,,,,,,,,,,,,,,,,,,,,,,,,,,,,,,,,,,,,,
,,,,,,,,,,,,,,,,,,,,,,,,,,,,,,,,,,,,,,,,,,,,,,,,,,,,,,,,,,,,,,,,,,,,,,,,,,,,,,,,,,,,,,,,,,,,,,,,,,,,,,,,,,,,,,,,,,,,,,,,,,,,,,,,,,,,,,,,,,,
,,,,,,,,,,,,,,,,,,,,,,,,,,,,,,,,,,,,,,,,,,,,,,,,,,,,,,,,,,,,,,,,,,,,,,,,,,,,,,,,,,,,,,,,,,,,,,,,,,,,,,,,,,,,,,,,,,,,,,,,,,,,,,,,,,,,,,,,,,,
,,,,,,,,,,,,,,,,,,,,,,,,,,,,,,,,,,,,,,,,,,,,,,,,,,,,,,,,,,,,,,,,,,,,,,,,,,,,,,,,,,,,,,,,,,,,,,,,,,,,,,,,,,,,,,,,,,,,,,,,,,,,,,,,,,,,,,,,,,,
,,,,,,,,,,,,,,,,,,,,,,,,,,,,,,,,,,,,,,,,,,,,,,,,,,,,,,,,,,,,,,,,,,,,,,,,,,,,,,,,,,,,,,,,,,,,,,,,,,,,,,,,,,,,,,,,,,,,,,,,,,,,,,,,,,,,,,,,,,,
,,,,,,,,,,,,,,,,,,,,,,,,,,,,,,,,,,,,,,,,,,,,,,,,,,,,,,,,,,,,,,,,,,,,,,,,,,,,,,,,,,,,,,,,,,,,,,,,,,,,,,,,,,,,,,,,,,,,,,,,,,,,,,,,,,,,,,,,,,,
,,,,,,,,,,,,,,,,,,,,,,,,,,,,,,,,,,,,,,,,,,,,,,,,,,,,,,,,,,,,,,,,,,,,,,,,,,,,,,,,,,,,,,,,,,,,,,,,,,,,,,,,,,,,,,,,,,,,,,,,,,,,,,,,,,,,,,,,,,,
,,,,,,,,,,,,,,,,,,,,,,,,,,,,,,,,,,,,,,,,,,,,,,,,,,,,,,,,,,,,,,,,,,,,,,,,,,,,,,,,,,,,,,,,,,,,,,,,,,,,,,,,,,,,,,,,,,,,,,,,,,,,,,,,,,,,,,,,,,,
,,,,,,,,,,,,,,,,,,,,,,,,,,,,,,,,,,,,,,,,,,,,,,,,,,,,,,,,,,,,,,,,,,,,,,,,,,,,,,,,,,,,,,,,,,,,,,,,,,,,,,,,,,,,,,,,,,,,,,,,,,,,,,,,,,,,,,,,,,,
,,,,,,,,,,,,,,,,,,,,,,,,,,,,,,,,,,,,,,,,,,,,,,,,,,,,,,,,,,,,,,,,,,,,,,,,,,,,,,,,,,,,,,,,,,,,,,,,,,,,,,,,,,,,,,,,,,,,,,,,,,,,,,,,,,,,,,,,,,,
,,,,,,,,,,,,,,,,,,,,,,,,,,,,,,,,,,,,,,,,,,,,,,,,,,,,,,,,,,,,,,,,,,,,,,,,,,,,,,,,,,,,,,,,,,,,,,,,,,,,,,,,,,,,,,,,,,,,,,,,,,,,,,,,,,,,,,,,,,,
,,,,,,,,,,,,,,,,,,,,,,,,,,,,,,,,,,,,,,,,,,,,,,,,,,,,,,,,,,,,,,,,,,,,,,,,,,,,,,,,,,,,,,,,,,,,,,,,,,,,,,,,,,,,,,,,,,,,,,,,,,,,,,,,,,,,,,,,,,,
,,,,,,,,,,,,,,,,,,,,,,,,,,,,,,,,,,,,,,,,,,,,,,,,,,,,,,,,,,,,,,,,,,,,,,,,,,,,,,,,,,,,,,,,,,,,,,,,,,,,,,,,,,,,,,,,,,,,,,,,,,,,,,,,,,,,,,,,,,,
,,,,,,,,,,,,,,,,,,,,,,,,,,,,,,,,,,,,,,,,,,,,,,,,,,,,,,,,,,,,,,,,,,,,,,,,,,,,,,,,,,,,,,,,,,,,,,,,,,,,,,,,,,,,,,,,,,,,,,,,,,,,,,,,,,,,,,,,,,,
,,,,,,,,,,,,,,,,,,,,,,,,,,,,,,,,,,,,,,,,,,,,,,,,,,,,,,,,,,,,,,,,,,,,,,,,,,,,,,,,,,,,,,,,,,,,,,,,,,,,,,,,,,,,,,,,,,,,,,,,,,,,,,,,,,,,,,,,,,,
,,,,,,,,,,,,,,,,,,,,,,,,,,,,,,,,,,,,,,,,,,,,,,,,,,,,,,,,,,,,,,,,,,,,,,,,,,,,,,,,,,,,,,,,,,,,,,,,,,,,,,,,,,,,,,,,,,,,,,,,,,,,,,,,,,,,,,,,,,,
,,,,,,,,,,,,,,,,,,,,,,,,,,,,,,,,,,,,,,,,,,,,,,,,,,,,,,,,,,,,,,,,,,,,,,,,,,,,,,,,,,,,,,,,,,,,,,,,,,,,,,,,,,,,,,,,,,,,,,,,,,,,,,,,,,,,,,,,,,,
,,,,,,,,,,,,,,,,,,,,,,,,,,,,,,,,,,,,,,,,,,,,,,,,,,,,,,,,,,,,,,,,,,,,,,,,,,,,,,,,,,,,,,,,,,,,,,,,,,,,,,,,,,,,,,,,,,,,,,,,,,,,,,,,,,,,,,,,,,,
,,,,,,,,,,,,,,,,,,,,,,,,,,,,,,,,,,,,,,,,,,,,,,,,,,,,,,,,,,,,,,,,,,,,,,,,,,,,,,,,,,,,,,,,,,,,,,,,,,,,,,,,,,,,,,,,,,,,,,,,,,,,,,,,,,,,,,,,,,,
,,,,,,,,,,,,,,,,,,,,,,,,,,,,,,,,,,,,,,,,,,,,,,,,,,,,,,,,,,,,,,,,,,,,,,,,,,,,,,,,,,,,,,,,,,,,,,,,,,,,,,,,,,,,,,,,,,,,,,,,,,,,,,,,,,,,,,,,,,,
,,,,,,,,,,,,,,,,,,,,,,,,,,,,,,,,,,,,,,,,,,,,,,,,,,,,,,,,,,,,,,,,,,,,,,,,,,,,,,,,,,,,,,,,,,,,,,,,,,,,,,,,,,,,,,,,,,,,,,,,,,,,,,,,,,,,,,,,,,,
,,,,,,,,,,,,,,,,,,,,,,,,,,,,,,,,,,,,,,,,,,,,,,,,,,,,,,,,,,,,,,,,,,,,,,,,,,,,,,,,,,,,,,,,,,,,,,,,,,,,,,,,,,,,,,,,,,,,,,,,,,,,,,,,,,,,,,,,,,,
,,,,,,,,,,,,,,,,,,,,,,,,,,,,,,,,,,,,,,,,,,,,,,,,,,,,,,,,,,,,,,,,,,,,,,,,,,,,,,,,,,,,,,,,,,,,,,,,,,,,,,,,,,,,,,,,,,,,,,,,,,,,,,,,,,,,,,,,,,,
,,,,,,,,,,,,,,,,,,,,,,,,,,,,,,,,,,,,,,,,,,,,,,,,,,,,,,,,,,,,,,,,,,,,,,,,,,,,,,,,,,,,,,,,,,,,,,,,,,,,,,,,,,,,,,,,,,,,,,,,,,,,,,,,,,,,,,,,,,,
,,,,,,,,,,,,,,,,,,,,,,,,,,,,,,,,,,,,,,,,,,,,,,,,,,,,,,,,,,,,,,,,,,,,,,,,,,,,,,,,,,,,,,,,,,,,,,,,,,,,,,,,,,,,,,,,,,,,,,,,,,,,,,,,,,,,,,,,,,,
,,,,,,,,,,,,,,,,,,,,,,,,,,,,,,,,,,,,,,,,,,,,,,,,,,,,,,,,,,,,,,,,,,,,,,,,,,,,,,,,,,,,,,,,,,,,,,,,,,,,,,,,,,,,,,,,,,,,,,,,,,,,,,,,,,,,,,,,,,,
,,,,,,,,,,,,,,,,,,,,,,,,,,,,,,,,,,,,,,,,,,,,,,,,,,,,,,,,,,,,,,,,,,,,,,,,,,,,,,,,,,,,,,,,,,,,,,,,,,,,,,,,,,,,,,,,,,,,,,,,,,,,,,,,,,,,,,,,,,,
,,,,,,,,,,,,,,,,,,,,,,,,,,,,,,,,,,,,,,,,,,,,,,,,,,,,,,,,,,,,,,,,,,,,,,,,,,,,,,,,,,,,,,,,,,,,,,,,,,,,,,,,,,,,,,,,,,,,,,,,,,,,,,,,,,,,,,,,,,,
,,,,,,,,,,,,,,,,,,,,,,,,,,,,,,,,,,,,,,,,,,,,,,,,,,,,,,,,,,,,,,,,,,,,,,,,,,,,,,,,,,,,,,,,,,,,,,,,,,,,,,,,,,,,,,,,,,,,,,,,,,,,,,,,,,,,,,,,,,,
,,,,,,,,,,,,,,,,,,,,,,,,,,,,,,,,,,,,,,,,,,,,,,,,,,,,,,,,,,,,,,,,,,,,,,,,,,,,,,,,,,,,,,,,,,,,,,,,,,,,,,,,,,,,,,,,,,,,,,,,,,,,,,,,,,,,,,,,,,,
,,,,,,,,,,,,,,,,,,,,,,,,,,,,,,,,,,,,,,,,,,,,,,,,,,,,,,,,,,,,,,,,,,,,,,,,,,,,,,,,,,,,,,,,,,,,,,,,,,,,,,,,,,,,,,,,,,,,,,,,,,,,,,,,,,,,,,,,,,,
,,,,,,,,,,,,,,,,,,,,,,,,,,,,,,,,,,,,,,,,,,,,,,,,,,,,,,,,,,,,,,,,,,,,,,,,,,,,,,,,,,,,,,,,,,,,,,,,,,,,,,,,,,,,,,,,,,,,,,,,,,,,,,,,,,,,,,,,,,,
,,,,,,,,,,,,,,,,,,,,,,,,,,,,,,,,,,,,,,,,,,,,,,,,,,,,,,,,,,,,,,,,,,,,,,,,,,,,,,,,,,,,,,,,,,,,,,,,,,,,,,,,,,,,,,,,,,,,,,,,,,,,,,,,,,,,,,,,,,,
,,,,,,,,,,,,,,,,,,,,,,,,,,,,,,,,,,,,,,,,,,,,,,,,,,,,,,,,,,,,,,,,,,,,,,,,,,,,,,,,,,,,,,,,,,,,,,,,,,,,,,,,,,,,,,,,,,,,,,,,,,,,,,,,,,,,,,,,,,,
,,,,,,,,,,,,,,,,,,,,,,,,,,,,,,,,,,,,,,,,,,,,,,,,,,,,,,,,,,,,,,,,,,,,,,,,,,,,,,,,,,,,,,,,,,,,,,,,,,,,,,,,,,,,,,,,,,,,,,,,,,,,,,,,,,,,,,,,,,,
,,,,,,,,,,,,,,,,,,,,,,,,,,,,,,,,,,,,,,,,,,,,,,,,,,,,,,,,,,,,,,,,,,,,,,,,,,,,,,,,,,,,,,,,,,,,,,,,,,,,,,,,,,,,,,,,,,,,,,,,,,,,,,,,,,,,,,,,,,,
,,,,,,,,,,,,,,,,,,,,,,,,,,,,,,,,,,,,,,,,,,,,,,,,,,,,,,,,,,,,,,,,,,,,,,,,,,,,,,,,,,,,,,,,,,,,,,,,,,,,,,,,,,,,,,,,,,,,,,,,,,,,,,,,,,,,,,,,,,,
,,,,,,,,,,,,,,,,,,,,,,,,,,,,,,,,,,,,,,,,,,,,,,,,,,,,,,,,,,,,,,,,,,,,,,,,,,,,,,,,,,,,,,,,,,,,,,,,,,,,,,,,,,,,,,,,,,,,,,,,,,,,,,,,,,,,,,,,,,,
,,,,,,,,,,,,,,,,,,,,,,,,,,,,,,,,,,,,,,,,,,,,,,,,,,,,,,,,,,,,,,,,,,,,,,,,,,,,,,,,,,,,,,,,,,,,,,,,,,,,,,,,,,,,,,,,,,,,,,,,,,,,,,,,,,,,,,,,,,,
,,,,,,,,,,,,,,,,,,,,,,,,,,,,,,,,,,,,,,,,,,,,,,,,,,,,,,,,,,,,,,,,,,,,,,,,,,,,,,,,,,,,,,,,,,,,,,,,,,,,,,,,,,,,,,,,,,,,,,,,,,,,,,,,,,,,,,,,,,,
,,,,,,,,,,,,,,,,,,,,,,,,,,,,,,,,,,,,,,,,,,,,,,,,,,,,,,,,,,,,,,,,,,,,,,,,,,,,,,,,,,,,,,,,,,,,,,,,,,,,,,,,,,,,,,,,,,,,,,,,,,,,,,,,,,,,,,,,,,,
,,,,,,,,,,,,,,,,,,,,,,,,,,,,,,,,,,,,,,,,,,,,,,,,,,,,,,,,,,,,,,,,,,,,,,,,,,,,,,,,,,,,,,,,,,,,,,,,,,,,,,,,,,,,,,,,,,,,,,,,,,,,,,,,,,,,,,,,,,,
,,,,,,,,,,,,,,,,,,,,,,,,,,,,,,,,,,,,,,,,,,,,,,,,,,,,,,,,,,,,,,,,,,,,,,,,,,,,,,,,,,,,,,,,,,,,,,,,,,,,,,,,,,,,,,,,,,,,,,,,,,,,,,,,,,,,,,,,,,,
,,,,,,,,,,,,,,,,,,,,,,,,,,,,,,,,,,,,,,,,,,,,,,,,,,,,,,,,,,,,,,,,,,,,,,,,,,,,,,,,,,,,,,,,,,,,,,,,,,,,,,,,,,,,,,,,,,,,,,,,,,,,,,,,,,,,,,,,,,,
,,,,,,,,,,,,,,,,,,,,,,,,,,,,,,,,,,,,,,,,,,,,,,,,,,,,,,,,,,,,,,,,,,,,,,,,,,,,,,,,,,,,,,,,,,,,,,,,,,,,,,,,,,,,,,,,,,,,,,,,,,,,,,,,,,,,,,,,,,,
,,,,,,,,,,,,,,,,,,,,,,,,,,,,,,,,,,,,,,,,,,,,,,,,,,,,,,,,,,,,,,,,,,,,,,,,,,,,,,,,,,,,,,,,,,,,,,,,,,,,,,,,,,,,,,,,,,,,,,,,,,,,,,,,,,,,,,,,,,,
,,,,,,,,,,,,,,,,,,,,,,,,,,,,,,,,,,,,,,,,,,,,,,,,,,,,,,,,,,,,,,,,,,,,,,,,,,,,,,,,,,,,,,,,,,,,,,,,,,,,,,,,,,,,,,,,,,,,,,,,,,,,,,,,,,,,,,,,,,,
,,,,,,,,,,,,,,,,,,,,,,,,,,,,,,,,,,,,,,,,,,,,,,,,,,,,,,,,,,,,,,,,,,,,,,,,,,,,,,,,,,,,,,,,,,,,,,,,,,,,,,,,,,,,,,,,,,,,,,,,,,,,,,,,,,,,,,,,,,,
,,,,,,,,,,,,,,,,,,,,,,,,,,,,,,,,,,,,,,,,,,,,,,,,,,,,,,,,,,,,,,,,,,,,,,,,,,,,,,,,,,,,,,,,,,,,,,,,,,,,,,,,,,,,,,,,,,,,,,,,,,,,,,,,,,,,,,,,,,,
,,,,,,,,,,,,,,,,,,,,,,,,,,,,,,,,,,,,,,,,,,,,,,,,,,,,,,,,,,,,,,,,,,,,,,,,,,,,,,,,,,,,,,,,,,,,,,,,,,,,,,,,,,,,,,,,,,,,,,,,,,,,,,,,,,,,,,,,,,,
,,,,,,,,,,,,,,,,,,,,,,,,,,,,,,,,,,,,,,,,,,,,,,,,,,,,,,,,,,,,,,,,,,,,,,,,,,,,,,,,,,,,,,,,,,,,,,,,,,,,,,,,,,,,,,,,,,,,,,,,,,,,,,,,,,,,,,,,,,,
,,,,,,,,,,,,,,,,,,,,,,,,,,,,,,,,,,,,,,,,,,,,,,,,,,,,,,,,,,,,,,,,,,,,,,,,,,,,,,,,,,,,,,,,,,,,,,,,,,,,,,,,,,,,,,,,,,,,,,,,,,,,,,,,,,,,,,,,,,,
,,,,,,,,,,,,,,,,,,,,,,,,,,,,,,,,,,,,,,,,,,,,,,,,,,,,,,,,,,,,,,,,,,,,,,,,,,,,,,,,,,,,,,,,,,,,,,,,,,,,,,,,,,,,,,,,,,,,,,,,,,,,,,,,,,,,,,,,,,,
,,,,,,,,,,,,,,,,,,,,,,,,,,,,,,,,,,,,,,,,,,,,,,,,,,,,,,,,,,,,,,,,,,,,,,,,,,,,,,,,,,,,,,,,,,,,,,,,,,,,,,,,,,,,,,,,,,,,,,,,,,,,,,,,,,,,,,,,,,,
,,,,,,,,,,,,,,,,,,,,,,,,,,,,,,,,,,,,,,,,,,,,,,,,,,,,,,,,,,,,,,,,,,,,,,,,,,,,,,,,,,,,,,,,,,,,,,,,,,,,,,,,,,,,,,,,,,,,,,,,,,,,,,,,,,,,,,,,,,,
,,,,,,,,,,,,,,,,,,,,,,,,,,,,,,,,,,,,,,,,,,,,,,,,,,,,,,,,,,,,,,,,,,,,,,,,,,,,,,,,,,,,,,,,,,,,,,,,,,,,,,,,,,,,,,,,,,,,,,,,,,,,,,,,,,,,,,,,,,,
,,,,,,,,,,,,,,,,,,,,,,,,,,,,,,,,,,,,,,,,,,,,,,,,,,,,,,,,,,,,,,,,,,,,,,,,,,,,,,,,,,,,,,,,,,,,,,,,,,,,,,,,,,,,,,,,,,,,,,,,,,,,,,,,,,,,,,,,,,,
,,,,,,,,,,,,,,,,,,,,,,,,,,,,,,,,,,,,,,,,,,,,,,,,,,,,,,,,,,,,,,,,,,,,,,,,,,,,,,,,,,,,,,,,,,,,,,,,,,,,,,,,,,,,,,,,,,,,,,,,,,,,,,,,,,,,,,,,,,,
,,,,,,,,,,,,,,,,,,,,,,,,,,,,,,,,,,,,,,,,,,,,,,,,,,,,,,,,,,,,,,,,,,,,,,,,,,,,,,,,,,,,,,,,,,,,,,,,,,,,,,,,,,,,,,,,,,,,,,,,,,,,,,,,,,,,,,,,,,,
,,,,,,,,,,,,,,,,,,,,,,,,,,,,,,,,,,,,,,,,,,,,,,,,,,,,,,,,,,,,,,,,,,,,,,,,,,,,,,,,,,,,,,,,,,,,,,,,,,,,,,,,,,,,,,,,,,,,,,,,,,,,,,,,,,,,,,,,,,,
,,,,,,,,,,,,,,,,,,,,,,,,,,,,,,,,,,,,,,,,,,,,,,,,,,,,,,,,,,,,,,,,,,,,,,,,,,,,,,,,,,,,,,,,,,,,,,,,,,,,,,,,,,,,,,,,,,,,,,,,,,,,,,,,,,,,,,,,,,,
,,,,,,,,,,,,,,,,,,,,,,,,,,,,,,,,,,,,,,,,,,,,,,,,,,,,,,,,,,,,,,,,,,,,,,,,,,,,,,,,,,,,,,,,,,,,,,,,,,,,,,,,,,,,,,,,,,,,,,,,,,,,,,,,,,,,,,,,,,,
,,,,,,,,,,,,,,,,,,,,,,,,,,,,,,,,,,,,,,,,,,,,,,,,,,,,,,,,,,,,,,,,,,,,,,,,,,,,,,,,,,,,,,,,,,,,,,,,,,,,,,,,,,,,,,,,,,,,,,,,,,,,,,,,,,,,,,,,,,,
,,,,,,,,,,,,,,,,,,,,,,,,,,,,,,,,,,,,,,,,,,,,,,,,,,,,,,,,,,,,,,,,,,,,,,,,,,,,,,,,,,,,,,,,,,,,,,,,,,,,,,,,,,,,,,,,,,,,,,,,,,,,,,,,,,,,,,,,,,,
,,,,,,,,,,,,,,,,,,,,,,,,,,,,,,,,,,,,,,,,,,,,,,,,,,,,,,,,,,,,,,,,,,,,,,,,,,,,,,,,,,,,,,,,,,,,,,,,,,,,,,,,,,,,,,,,,,,,,,,,,,,,,,,,,,,,,,,,,,,
,,,,,,,,,,,,,,,,,,,,,,,,,,,,,,,,,,,,,,,,,,,,,,,,,,,,,,,,,,,,,,,,,,,,,,,,,,,,,,,,,,,,,,,,,,,,,,,,,,,,,,,,,,,,,,,,,,,,,,,,,,,,,,,,,,,,,,,,,,,
,,,,,,,,,,,,,,,,,,,,,,,,,,,,,,,,,,,,,,,,,,,,,,,,,,,,,,,,,,,,,,,,,,,,,,,,,,,,,,,,,,,,,,,,,,,,,,,,,,,,,,,,,,,,,,,,,,,,,,,,,,,,,,,,,,,,,,,,,,,
,,,,,,,,,,,,,,,,,,,,,,,,,,,,,,,,,,,,,,,,,,,,,,,,,,,,,,,,,,,,,,,,,,,,,,,,,,,,,,,,,,,,,,,,,,,,,,,,,,,,,,,,,,,,,,,,,,,,,,,,,,,,,,,,,,,,,,,,,,,
,,,,,,,,,,,,,,,,,,,,,,,,,,,,,,,,,,,,,,,,,,,,,,,,,,,,,,,,,,,,,,,,,,,,,,,,,,,,,,,,,,,,,,,,,,,,,,,,,,,,,,,,,,,,,,,,,,,,,,,,,,,,,,,,,,,,,,,,,,,
,,,,,,,,,,,,,,,,,,,,,,,,,,,,,,,,,,,,,,,,,,,,,,,,,,,,,,,,,,,,,,,,,,,,,,,,,,,,,,,,,,,,,,,,,,,,,,,,,,,,,,,,,,,,,,,,,,,,,,,,,,,,,,,,,,,,,,,,,,,
,,,,,,,,,,,,,,,,,,,,,,,,,,,,,,,,,,,,,,,,,,,,,,,,,,,,,,,,,,,,,,,,,,,,,,,,,,,,,,,,,,,,,,,,,,,,,,,,,,,,,,,,,,,,,,,,,,,,,,,,,,,,,,,,,,,,,,,,,,,
,,,,,,,,,,,,,,,,,,,,,,,,,,,,,,,,,,,,,,,,,,,,,,,,,,,,,,,,,,,,,,,,,,,,,,,,,,,,,,,,,,,,,,,,,,,,,,,,,,,,,,,,,,,,,,,,,,,,,,,,,,,,,,,,,,,,,,,,,,,
,,,,,,,,,,,,,,,,,,,,,,,,,,,,,,,,,,,,,,,,,,,,,,,,,,,,,,,,,,,,,,,,,,,,,,,,,,,,,,,,,,,,,,,,,,,,,,,,,,,,,,,,,,,,,,,,,,,,,,,,,,,,,,,,,,,,,,,,,,,
,,,,,,,,,,,,,,,,,,,,,,,,,,,,,,,,,,,,,,,,,,,,,,,,,,,,,,,,,,,,,,,,,,,,,,,,,,,,,,,,,,,,,,,,,,,,,,,,,,,,,,,,,,,,,,,,,,,,,,,,,,,,,,,,,,,,,,,,,,,
,,,,,,,,,,,,,,,,,,,,,,,,,,,,,,,,,,,,,,,,,,,,,,,,,,,,,,,,,,,,,,,,,,,,,,,,,,,,,,,,,,,,,,,,,,,,,,,,,,,,,,,,,,,,,,,,,,,,,,,,,,,,,,,,,,,,,,,,,,,
,,,,,,,,,,,,,,,,,,,,,,,,,,,,,,,,,,,,,,,,,,,,,,,,,,,,,,,,,,,,,,,,,,,,,,,,,,,,,,,,,,,,,,,,,,,,,,,,,,,,,,,,,,,,,,,,,,,,,,,,,,,,,,,,,,,,,,,,,,,
,,,,,,,,,,,,,,,,,,,,,,,,,,,,,,,,,,,,,,,,,,,,,,,,,,,,,,,,,,,,,,,,,,,,,,,,,,,,,,,,,,,,,,,,,,,,,,,,,,,,,,,,,,,,,,,,,,,,,,,,,,,,,,,,,,,,,,,,,,,
,,,,,,,,,,,,,,,,,,,,,,,,,,,,,,,,,,,,,,,,,,,,,,,,,,,,,,,,,,,,,,,,,,,,,,,,,,,,,,,,,,,,,,,,,,,,,,,,,,,,,,,,,,,,,,,,,,,,,,,,,,,,,,,,,,,,,,,,,,,
,,,,,,,,,,,,,,,,,,,,,,,,,,,,,,,,,,,,,,,,,,,,,,,,,,,,,,,,,,,,,,,,,,,,,,,,,,,,,,,,,,,,,,,,,,,,,,,,,,,,,,,,,,,,,,,,,,,,,,,,,,,,,,,,,,,,,,,,,,,
,,,,,,,,,,,,,,,,,,,,,,,,,,,,,,,,,,,,,,,,,,,,,,,,,,,,,,,,,,,,,,,,,,,,,,,,,,,,,,,,,,,,,,,,,,,,,,,,,,,,,,,,,,,,,,,,,,,,,,,,,,,,,,,,,,,,,,,,,,,
,,,,,,,,,,,,,,,,,,,,,,,,,,,,,,,,,,,,,,,,,,,,,,,,,,,,,,,,,,,,,,,,,,,,,,,,,,,,,,,,,,,,,,,,,,,,,,,,,,,,,,,,,,,,,,,,,,,,,,,,,,,,,,,,,,,,,,,,,,,
,,,,,,,,,,,,,,,,,,,,,,,,,,,,,,,,,,,,,,,,,,,,,,,,,,,,,,,,,,,,,,,,,,,,,,,,,,,,,,,,,,,,,,,,,,,,,,,,,,,,,,,,,,,,,,,,,,,,,,,,,,,,,,,,,,,,,,,,,,,
,,,,,,,,,,,,,,,,,,,,,,,,,,,,,,,,,,,,,,,,,,,,,,,,,,,,,,,,,,,,,,,,,,,,,,,,,,,,,,,,,,,,,,,,,,,,,,,,,,,,,,,,,,,,,,,,,,,,,,,,,,,,,,,,,,,,,,,,,,,
,,,,,,,,,,,,,,,,,,,,,,,,,,,,,,,,,,,,,,,,,,,,,,,,,,,,,,,,,,,,,,,,,,,,,,,,,,,,,,,,,,,,,,,,,,,,,,,,,,,,,,,,,,,,,,,,,,,,,,,,,,,,,,,,,,,,,,,,,,,
,,,,,,,,,,,,,,,,,,,,,,,,,,,,,,,,,,,,,,,,,,,,,,,,,,,,,,,,,,,,,,,,,,,,,,,,,,,,,,,,,,,,,,,,,,,,,,,,,,,,,,,,,,,,,,,,,,,,,,,,,,,,,,,,,,,,,,,,,,,
,,,,,,,,,,,,,,,,,,,,,,,,,,,,,,,,,,,,,,,,,,,,,,,,,,,,,,,,,,,,,,,,,,,,,,,,,,,,,,,,,,,,,,,,,,,,,,,,,,,,,,,,,,,,,,,,,,,,,,,,,,,,,,,,,,,,,,,,,,,
,,,,,,,,,,,,,,,,,,,,,,,,,,,,,,,,,,,,,,,,,,,,,,,,,,,,,,,,,,,,,,,,,,,,,,,,,,,,,,,,,,,,,,,,,,,,,,,,,,,,,,,,,,,,,,,,,,,,,,,,,,,,,,,,,,,,,,,,,,,
,,,,,,,,,,,,,,,,,,,,,,,,,,,,,,,,,,,,,,,,,,,,,,,,,,,,,,,,,,,,,,,,,,,,,,,,,,,,,,,,,,,,,,,,,,,,,,,,,,,,,,,,,,,,,,,,,,,,,,,,,,,,,,,,,,,,,,,,,,,
,,,,,,,,,,,,,,,,,,,,,,,,,,,,,,,,,,,,,,,,,,,,,,,,,,,,,,,,,,,,,,,,,,,,,,,,,,,,,,,,,,,,,,,,,,,,,,,,,,,,,,,,,,,,,,,,,,,,,,,,,,,,,,,,,,,,,,,,,,,
,,,,,,,,,,,,,,,,,,,,,,,,,,,,,,,,,,,,,,,,,,,,,,,,,,,,,,,,,,,,,,,,,,,,,,,,,,,,,,,,,,,,,,,,,,,,,,,,,,,,,,,,,,,,,,,,,,,,,,,,,,,,,,,,,,,,,,,,,,,
,,,,,,,,,,,,,,,,,,,,,,,,,,,,,,,,,,,,,,,,,,,,,,,,,,,,,,,,,,,,,,,,,,,,,,,,,,,,,,,,,,,,,,,,,,,,,,,,,,,,,,,,,,,,,,,,,,,,,,,,,,,,,,,,,,,,,,,,,,,
,,,,,,,,,,,,,,,,,,,,,,,,,,,,,,,,,,,,,,,,,,,,,,,,,,,,,,,,,,,,,,,,,,,,,,,,,,,,,,,,,,,,,,,,,,,,,,,,,,,,,,,,,,,,,,,,,,,,,,,,,,,,,,,,,,,,,,,,,,,
,,,,,,,,,,,,,,,,,,,,,,,,,,,,,,,,,,,,,,,,,,,,,,,,,,,,,,,,,,,,,,,,,,,,,,,,,,,,,,,,,,,,,,,,,,,,,,,,,,,,,,,,,,,,,,,,,,,,,,,,,,,,,,,,,,,,,,,,,,,
,,,,,,,,,,,,,,,,,,,,,,,,,,,,,,,,,,,,,,,,,,,,,,,,,,,,,,,,,,,,,,,,,,,,,,,,,,,,,,,,,,,,,,,,,,,,,,,,,,,,,,,,,,,,,,,,,,,,,,,,,,,,,,,,,,,,,,,,,,,
,,,,,,,,,,,,,,,,,,,,,,,,,,,,,,,,,,,,,,,,,,,,,,,,,,,,,,,,,,,,,,,,,,,,,,,,,,,,,,,,,,,,,,,,,,,,,,,,,,,,,,,,,,,,,,,,,,,,,,,,,,,,,,,,,,,,,,,,,,,
,,,,,,,,,,,,,,,,,,,,,,,,,,,,,,,,,,,,,,,,,,,,,,,,,,,,,,,,,,,,,,,,,,,,,,,,,,,,,,,,,,,,,,,,,,,,,,,,,,,,,,,,,,,,,,,,,,,,,,,,,,,,,,,,,,,,,,,,,,,
,,,,,,,,,,,,,,,,,,,,,,,,,,,,,,,,,,,,,,,,,,,,,,,,,,,,,,,,,,,,,,,,,,,,,,,,,,,,,,,,,,,,,,,,,,,,,,,,,,,,,,,,,,,,,,,,,,,,,,,,,,,,,,,,,,,,,,,,,,,
,,,,,,,,,,,,,,,,,,,,,,,,,,,,,,,,,,,,,,,,,,,,,,,,,,,,,,,,,,,,,,,,,,,,,,,,,,,,,,,,,,,,,,,,,,,,,,,,,,,,,,,,,,,,,,,,,,,,,,,,,,,,,,,,,,,,,,,,,,,
,,,,,,,,,,,,,,,,,,,,,,,,,,,,,,,,,,,,,,,,,,,,,,,,,,,,,,,,,,,,,,,,,,,,,,,,,,,,,,,,,,,,,,,,,,,,,,,,,,,,,,,,,,,,,,,,,,,,,,,,,,,,,,,,,,,,,,,,,,,
,,,,,,,,,,,,,,,,,,,,,,,,,,,,,,,,,,,,,,,,,,,,,,,,,,,,,,,,,,,,,,,,,,,,,,,,,,,,,,,,,,,,,,,,,,,,,,,,,,,,,,,,,,,,,,,,,,,,,,,,,,,,,,,,,,,,,,,,,,,
,,,,,,,,,,,,,,,,,,,,,,,,,,,,,,,,,,,,,,,,,,,,,,,,,,,,,,,,,,,,,,,,,,,,,,,,,,,,,,,,,,,,,,,,,,,,,,,,,,,,,,,,,,,,,,,,,,,,,,,,,,,,,,,,,,,,,,,,,,,
,,,,,,,,,,,,,,,,,,,,,,,,,,,,,,,,,,,,,,,,,,,,,,,,,,,,,,,,,,,,,,,,,,,,,,,,,,,,,,,,,,,,,,,,,,,,,,,,,,,,,,,,,,,,,,,,,,,,,,,,,,,,,,,,,,,,,,,,,,,
,,,,,,,,,,,,,,,,,,,,,,,,,,,,,,,,,,,,,,,,,,,,,,,,,,,,,,,,,,,,,,,,,,,,,,,,,,,,,,,,,,,,,,,,,,,,,,,,,,,,,,,,,,,,,,,,,,,,,,,,,,,,,,,,,,,,,,,,,,,
,,,,,,,,,,,,,,,,,,,,,,,,,,,,,,,,,,,,,,,,,,,,,,,,,,,,,,,,,,,,,,,,,,,,,,,,,,,,,,,,,,,,,,,,,,,,,,,,,,,,,,,,,,,,,,,,,,,,,,,,,,,,,,,,,,,,,,,,,,,
,,,,,,,,,,,,,,,,,,,,,,,,,,,,,,,,,,,,,,,,,,,,,,,,,,,,,,,,,,,,,,,,,,,,,,,,,,,,,,,,,,,,,,,,,,,,,,,,,,,,,,,,,,,,,,,,,,,,,,,,,,,,,,,,,,,,,,,,,,,
,,,,,,,,,,,,,,,,,,,,,,,,,,,,,,,,,,,,,,,,,,,,,,,,,,,,,,,,,,,,,,,,,,,,,,,,,,,,,,,,,,,,,,,,,,,,,,,,,,,,,,,,,,,,,,,,,,,,,,,,,,,,,,,,,,,,,,,,,,,
,,,,,,,,,,,,,,,,,,,,,,,,,,,,,,,,,,,,,,,,,,,,,,,,,,,,,,,,,,,,,,,,,,,,,,,,,,,,,,,,,,,,,,,,,,,,,,,,,,,,,,,,,,,,,,,,,,,,,,,,,,,,,,,,,,,,,,,,,,,
,,,,,,,,,,,,,,,,,,,,,,,,,,,,,,,,,,,,,,,,,,,,,,,,,,,,,,,,,,,,,,,,,,,,,,,,,,,,,,,,,,,,,,,,,,,,,,,,,,,,,,,,,,,,,,,,,,,,,,,,,,,,,,,,,,,,,,,,,,,
,,,,,,,,,,,,,,,,,,,,,,,,,,,,,,,,,,,,,,,,,,,,,,,,,,,,,,,,,,,,,,,,,,,,,,,,,,,,,,,,,,,,,,,,,,,,,,,,,,,,,,,,,,,,,,,,,,,,,,,,,,,,,,,,,,,,,,,,,,,
,,,,,,,,,,,,,,,,,,,,,,,,,,,,,,,,,,,,,,,,,,,,,,,,,,,,,,,,,,,,,,,,,,,,,,,,,,,,,,,,,,,,,,,,,,,,,,,,,,,,,,,,,,,,,,,,,,,,,,,,,,,,,,,,,,,,,,,,,,,
,,,,,,,,,,,,,,,,,,,,,,,,,,,,,,,,,,,,,,,,,,,,,,,,,,,,,,,,,,,,,,,,,,,,,,,,,,,,,,,,,,,,,,,,,,,,,,,,,,,,,,,,,,,,,,,,,,,,,,,,,,,,,,,,,,,,,,,,,,,
,,,,,,,,,,,,,,,,,,,,,,,,,,,,,,,,,,,,,,,,,,,,,,,,,,,,,,,,,,,,,,,,,,,,,,,,,,,,,,,,,,,,,,,,,,,,,,,,,,,,,,,,,,,,,,,,,,,,,,,,,,,,,,,,,,,,,,,,,,,
,,,,,,,,,,,,,,,,,,,,,,,,,,,,,,,,,,,,,,,,,,,,,,,,,,,,,,,,,,,,,,,,,,,,,,,,,,,,,,,,,,,,,,,,,,,,,,,,,,,,,,,,,,,,,,,,,,,,,,,,,,,,,,,,,,,,,,,,,,,
,,,,,,,,,,,,,,,,,,,,,,,,,,,,,,,,,,,,,,,,,,,,,,,,,,,,,,,,,,,,,,,,,,,,,,,,,,,,,,,,,,,,,,,,,,,,,,,,,,,,,,,,,,,,,,,,,,,,,,,,,,,,,,,,,,,,,,,,,,,
,,,,,,,,,,,,,,,,,,,,,,,,,,,,,,,,,,,,,,,,,,,,,,,,,,,,,,,,,,,,,,,,,,,,,,,,,,,,,,,,,,,,,,,,,,,,,,,,,,,,,,,,,,,,,,,,,,,,,,,,,,,,,,,,,,,,,,,,,,,
,,,,,,,,,,,,,,,,,,,,,,,,,,,,,,,,,,,,,,,,,,,,,,,,,,,,,,,,,,,,,,,,,,,,,,,,,,,,,,,,,,,,,,,,,,,,,,,,,,,,,,,,,,,,,,,,,,,,,,,,,,,,,,,,,,,,,,,,,,,
,,,,,,,,,,,,,,,,,,,,,,,,,,,,,,,,,,,,,,,,,,,,,,,,,,,,,,,,,,,,,,,,,,,,,,,,,,,,,,,,,,,,,,,,,,,,,,,,,,,,,,,,,,,,,,,,,,,,,,,,,,,,,,,,,,,,,,,,,,,
,,,,,,,,,,,,,,,,,,,,,,,,,,,,,,,,,,,,,,,,,,,,,,,,,,,,,,,,,,,,,,,,,,,,,,,,,,,,,,,,,,,,,,,,,,,,,,,,,,,,,,,,,,,,,,,,,,,,,,,,,,,,,,,,,,,,,,,,,,,
,,,,,,,,,,,,,,,,,,,,,,,,,,,,,,,,,,,,,,,,,,,,,,,,,,,,,,,,,,,,,,,,,,,,,,,,,,,,,,,,,,,,,,,,,,,,,,,,,,,,,,,,,,,,,,,,,,,,,,,,,,,,,,,,,,,,,,,,,,,
,,,,,,,,,,,,,,,,,,,,,,,,,,,,,,,,,,,,,,,,,,,,,,,,,,,,,,,,,,,,,,,,,,,,,,,,,,,,,,,,,,,,,,,,,,,,,,,,,,,,,,,,,,,,,,,,,,,,,,,,,,,,,,,,,,,,,,,,,,,
,,,,,,,,,,,,,,,,,,,,,,,,,,,,,,,,,,,,,,,,,,,,,,,,,,,,,,,,,,,,,,,,,,,,,,,,,,,,,,,,,,,,,,,,,,,,,,,,,,,,,,,,,,,,,,,,,,,,,,,,,,,,,,,,,,,,,,,,,,,
,,,,,,,,,,,,,,,,,,,,,,,,,,,,,,,,,,,,,,,,,,,,,,,,,,,,,,,,,,,,,,,,,,,,,,,,,,,,,,,,,,,,,,,,,,,,,,,,,,,,,,,,,,,,,,,,,,,,,,,,,,,,,,,,,,,,,,,,,,,
,,,,,,,,,,,,,,,,,,,,,,,,,,,,,,,,,,,,,,,,,,,,,,,,,,,,,,,,,,,,,,,,,,,,,,,,,,,,,,,,,,,,,,,,,,,,,,,,,,,,,,,,,,,,,,,,,,,,,,,,,,,,,,,,,,,,,,,,,,,
,,,,,,,,,,,,,,,,,,,,,,,,,,,,,,,,,,,,,,,,,,,,,,,,,,,,,,,,,,,,,,,,,,,,,,,,,,,,,,,,,,,,,,,,,,,,,,,,,,,,,,,,,,,,,,,,,,,,,,,,,,,,,,,,,,,,,,,,,,,
,,,,,,,,,,,,,,,,,,,,,,,,,,,,,,,,,,,,,,,,,,,,,,,,,,,,,,,,,,,,,,,,,,,,,,,,,,,,,,,,,,,,,,,,,,,,,,,,,,,,,,,,,,,,,,,,,,,,,,,,,,,,,,,,,,,,,,,,,,,
,,,,,,,,,,,,,,,,,,,,,,,,,,,,,,,,,,,,,,,,,,,,,,,,,,,,,,,,,,,,,,,,,,,,,,,,,,,,,,,,,,,,,,,,,,,,,,,,,,,,,,,,,,,,,,,,,,,,,,,,,,,,,,,,,,,,,,,,,,,
,,,,,,,,,,,,,,,,,,,,,,,,,,,,,,,,,,,,,,,,,,,,,,,,,,,,,,,,,,,,,,,,,,,,,,,,,,,,,,,,,,,,,,,,,,,,,,,,,,,,,,,,,,,,,,,,,,,,,,,,,,,,,,,,,,,,,,,,,,,
,,,,,,,,,,,,,,,,,,,,,,,,,,,,,,,,,,,,,,,,,,,,,,,,,,,,,,,,,,,,,,,,,,,,,,,,,,,,,,,,,,,,,,,,,,,,,,,,,,,,,,,,,,,,,,,,,,,,,,,,,,,,,,,,,,,,,,,,,,,
,,,,,,,,,,,,,,,,,,,,,,,,,,,,,,,,,,,,,,,,,,,,,,,,,,,,,,,,,,,,,,,,,,,,,,,,,,,,,,,,,,,,,,,,,,,,,,,,,,,,,,,,,,,,,,,,,,,,,,,,,,,,,,,,,,,,,,,,,,,
,,,,,,,,,,,,,,,,,,,,,,,,,,,,,,,,,,,,,,,,,,,,,,,,,,,,,,,,,,,,,,,,,,,,,,,,,,,,,,,,,,,,,,,,,,,,,,,,,,,,,,,,,,,,,,,,,,,,,,,,,,,,,,,,,,,,,,,,,,,
,,,,,,,,,,,,,,,,,,,,,,,,,,,,,,,,,,,,,,,,,,,,,,,,,,,,,,,,,,,,,,,,,,,,,,,,,,,,,,,,,,,,,,,,,,,,,,,,,,,,,,,,,,,,,,,,,,,,,,,,,,,,,,,,,,,,,,,,,,,
,,,,,,,,,,,,,,,,,,,,,,,,,,,,,,,,,,,,,,,,,,,,,,,,,,,,,,,,,,,,,,,,,,,,,,,,,,,,,,,,,,,,,,,,,,,,,,,,,,,,,,,,,,,,,,,,,,,,,,,,,,,,,,,,,,,,,,,,,,,
,,,,,,,,,,,,,,,,,,,,,,,,,,,,,,,,,,,,,,,,,,,,,,,,,,,,,,,,,,,,,,,,,,,,,,,,,,,,,,,,,,,,,,,,,,,,,,,,,,,,,,,,,,,,,,,,,,,,,,,,,,,,,,,,,,,,,,,,,,,
,,,,,,,,,,,,,,,,,,,,,,,,,,,,,,,,,,,,,,,,,,,,,,,,,,,,,,,,,,,,,,,,,,,,,,,,,,,,,,,,,,,,,,,,,,,,,,,,,,,,,,,,,,,,,,,,,,,,,,,,,,,,,,,,,,,,,,,,,,,
,,,,,,,,,,,,,,,,,,,,,,,,,,,,,,,,,,,,,,,,,,,,,,,,,,,,,,,,,,,,,,,,,,,,,,,,,,,,,,,,,,,,,,,,,,,,,,,,,,,,,,,,,,,,,,,,,,,,,,,,,,,,,,,,,,,,,,,,,,,
,,,,,,,,,,,,,,,,,,,,,,,,,,,,,,,,,,,,,,,,,,,,,,,,,,,,,,,,,,,,,,,,,,,,,,,,,,,,,,,,,,,,,,,,,,,,,,,,,,,,,,,,,,,,,,,,,,,,,,,,,,,,,,,,,,,,,,,,,,,
,,,,,,,,,,,,,,,,,,,,,,,,,,,,,,,,,,,,,,,,,,,,,,,,,,,,,,,,,,,,,,,,,,,,,,,,,,,,,,,,,,,,,,,,,,,,,,,,,,,,,,,,,,,,,,,,,,,,,,,,,,,,,,,,,,,,,,,,,,,
,,,,,,,,,,,,,,,,,,,,,,,,,,,,,,,,,,,,,,,,,,,,,,,,,,,,,,,,,,,,,,,,,,,,,,,,,,,,,,,,,,,,,,,,,,,,,,,,,,,,,,,,,,,,,,,,,,,,,,,,,,,,,,,,,,,,,,,,,,,
,,,,,,,,,,,,,,,,,,,,,,,,,,,,,,,,,,,,,,,,,,,,,,,,,,,,,,,,,,,,,,,,,,,,,,,,,,,,,,,,,,,,,,,,,,,,,,,,,,,,,,,,,,,,,,,,,,,,,,,,,,,,,,,,,,,,,,,,,,,
,,,,,,,,,,,,,,,,,,,,,,,,,,,,,,,,,,,,,,,,,,,,,,,,,,,,,,,,,,,,,,,,,,,,,,,,,,,,,,,,,,,,,,,,,,,,,,,,,,,,,,,,,,,,,,,,,,,,,,,,,,,,,,,,,,,,,,,,,,,
,,,,,,,,,,,,,,,,,,,,,,,,,,,,,,,,,,,,,,,,,,,,,,,,,,,,,,,,,,,,,,,,,,,,,,,,,,,,,,,,,,,,,,,,,,,,,,,,,,,,,,,,,,,,,,,,,,,,,,,,,,,,,,,,,,,,,,,,,,,
,,,,,,,,,,,,,,,,,,,,,,,,,,,,,,,,,,,,,,,,,,,,,,,,,,,,,,,,,,,,,,,,,,,,,,,,,,,,,,,,,,,,,,,,,,,,,,,,,,,,,,,,,,,,,,,,,,,,,,,,,,,,,,,,,,,,,,,,,,,
,,,,,,,,,,,,,,,,,,,,,,,,,,,,,,,,,,,,,,,,,,,,,,,,,,,,,,,,,,,,,,,,,,,,,,,,,,,,,,,,,,,,,,,,,,,,,,,,,,,,,,,,,,,,,,,,,,,,,,,,,,,,,,,,,,,,,,,,,,,
,,,,,,,,,,,,,,,,,,,,,,,,,,,,,,,,,,,,,,,,,,,,,,,,,,,,,,,,,,,,,,,,,,,,,,,,,,,,,,,,,,,,,,,,,,,,,,,,,,,,,,,,,,,,,,,,,,,,,,,,,,,,,,,,,,,,,,,,,,,
,,,,,,,,,,,,,,,,,,,,,,,,,,,,,,,,,,,,,,,,,,,,,,,,,,,,,,,,,,,,,,,,,,,,,,,,,,,,,,,,,,,,,,,,,,,,,,,,,,,,,,,,,,,,,,,,,,,,,,,,,,,,,,,,,,,,,,,,,,,
,,,,,,,,,,,,,,,,,,,,,,,,,,,,,,,,,,,,,,,,,,,,,,,,,,,,,,,,,,,,,,,,,,,,,,,,,,,,,,,,,,,,,,,,,,,,,,,,,,,,,,,,,,,,,,,,,,,,,,,,,,,,,,,,,,,,,,,,,,,
,,,,,,,,,,,,,,,,,,,,,,,,,,,,,,,,,,,,,,,,,,,,,,,,,,,,,,,,,,,,,,,,,,,,,,,,,,,,,,,,,,,,,,,,,,,,,,,,,,,,,,,,,,,,,,,,,,,,,,,,,,,,,,,,,,,,,,,,,,,
,,,,,,,,,,,,,,,,,,,,,,,,,,,,,,,,,,,,,,,,,,,,,,,,,,,,,,,,,,,,,,,,,,,,,,,,,,,,,,,,,,,,,,,,,,,,,,,,,,,,,,,,,,,,,,,,,,,,,,,,,,,,,,,,,,,,,,,,,,,
,,,,,,,,,,,,,,,,,,,,,,,,,,,,,,,,,,,,,,,,,,,,,,,,,,,,,,,,,,,,,,,,,,,,,,,,,,,,,,,,,,,,,,,,,,,,,,,,,,,,,,,,,,,,,,,,,,,,,,,,,,,,,,,,,,,,,,,,,,,
,,,,,,,,,,,,,,,,,,,,,,,,,,,,,,,,,,,,,,,,,,,,,,,,,,,,,,,,,,,,,,,,,,,,,,,,,,,,,,,,,,,,,,,,,,,,,,,,,,,,,,,,,,,,,,,,,,,,,,,,,,,,,,,,,,,,,,,,,,,
,,,,,,,,,,,,,,,,,,,,,,,,,,,,,,,,,,,,,,,,,,,,,,,,,,,,,,,,,,,,,,,,,,,,,,,,,,,,,,,,,,,,,,,,,,,,,,,,,,,,,,,,,,,,,,,,,,,,,,,,,,,,,,,,,,,,,,,,,,,
,,,,,,,,,,,,,,,,,,,,,,,,,,,,,,,,,,,,,,,,,,,,,,,,,,,,,,,,,,,,,,,,,,,,,,,,,,,,,,,,,,,,,,,,,,,,,,,,,,,,,,,,,,,,,,,,,,,,,,,,,,,,,,,,,,,,,,,,,,,
,,,,,,,,,,,,,,,,,,,,,,,,,,,,,,,,,,,,,,,,,,,,,,,,,,,,,,,,,,,,,,,,,,,,,,,,,,,,,,,,,,,,,,,,,,,,,,,,,,,,,,,,,,,,,,,,,,,,,,,,,,,,,,,,,,,,,,,,,,,
,,,,,,,,,,,,,,,,,,,,,,,,,,,,,,,,,,,,,,,,,,,,,,,,,,,,,,,,,,,,,,,,,,,,,,,,,,,,,,,,,,,,,,,,,,,,,,,,,,,,,,,,,,,,,,,,,,,,,,,,,,,,,,,,,,,,,,,,,,,
,,,,,,,,,,,,,,,,,,,,,,,,,,,,,,,,,,,,,,,,,,,,,,,,,,,,,,,,,,,,,,,,,,,,,,,,,,,,,,,,,,,,,,,,,,,,,,,,,,,,,,,,,,,,,,,,,,,,,,,,,,,,,,,,,,,,,,,,,,,
,,,,,,,,,,,,,,,,,,,,,,,,,,,,,,,,,,,,,,,,,,,,,,,,,,,,,,,,,,,,,,,,,,,,,,,,,,,,,,,,,,,,,,,,,,,,,,,,,,,,,,,,,,,,,,,,,,,,,,,,,,,,,,,,,,,,,,,,,,,
,,,,,,,,,,,,,,,,,,,,,,,,,,,,,,,,,,,,,,,,,,,,,,,,,,,,,,,,,,,,,,,,,,,,,,,,,,,,,,,,,,,,,,,,,,,,,,,,,,,,,,,,,,,,,,,,,,,,,,,,,,,,,,,,,,,,,,,,,,,
,,,,,,,,,,,,,,,,,,,,,,,,,,,,,,,,,,,,,,,,,,,,,,,,,,,,,,,,,,,,,,,,,,,,,,,,,,,,,,,,,,,,,,,,,,,,,,,,,,,,,,,,,,,,,,,,,,,,,,,,,,,,,,,,,,,,,,,,,,,
,,,,,,,,,,,,,,,,,,,,,,,,,,,,,,,,,,,,,,,,,,,,,,,,,,,,,,,,,,,,,,,,,,,,,,,,,,,,,,,,,,,,,,,,,,,,,,,,,,,,,,,,,,,,,,,,,,,,,,,,,,,,,,,,,,,,,,,,,,,
,,,,,,,,,,,,,,,,,,,,,,,,,,,,,,,,,,,,,,,,,,,,,,,,,,,,,,,,,,,,,,,,,,,,,,,,,,,,,,,,,,,,,,,,,,,,,,,,,,,,,,,,,,,,,,,,,,,,,,,,,,,,,,,,,,,,,,,,,,,
,,,,,,,,,,,,,,,,,,,,,,,,,,,,,,,,,,,,,,,,,,,,,,,,,,,,,,,,,,,,,,,,,,,,,,,,,,,,,,,,,,,,,,,,,,,,,,,,,,,,,,,,,,,,,,,,,,,,,,,,,,,,,,,,,,,,,,,,,,,
,,,,,,,,,,,,,,,,,,,,,,,,,,,,,,,,,,,,,,,,,,,,,,,,,,,,,,,,,,,,,,,,,,,,,,,,,,,,,,,,,,,,,,,,,,,,,,,,,,,,,,,,,,,,,,,,,,,,,,,,,,,,,,,,,,,,,,,,,,,
,,,,,,,,,,,,,,,,,,,,,,,,,,,,,,,,,,,,,,,,,,,,,,,,,,,,,,,,,,,,,,,,,,,,,,,,,,,,,,,,,,,,,,,,,,,,,,,,,,,,,,,,,,,,,,,,,,,,,,,,,,,,,,,,,,,,,,,,,,,
,,,,,,,,,,,,,,,,,,,,,,,,,,,,,,,,,,,,,,,,,,,,,,,,,,,,,,,,,,,,,,,,,,,,,,,,,,,,,,,,,,,,,,,,,,,,,,,,,,,,,,,,,,,,,,,,,,,,,,,,,,,,,,,,,,,,,,,,,,,
,,,,,,,,,,,,,,,,,,,,,,,,,,,,,,,,,,,,,,,,,,,,,,,,,,,,,,,,,,,,,,,,,,,,,,,,,,,,,,,,,,,,,,,,,,,,,,,,,,,,,,,,,,,,,,,,,,,,,,,,,,,,,,,,,,,,,,,,,,,
,,,,,,,,,,,,,,,,,,,,,,,,,,,,,,,,,,,,,,,,,,,,,,,,,,,,,,,,,,,,,,,,,,,,,,,,,,,,,,,,,,,,,,,,,,,,,,,,,,,,,,,,,,,,,,,,,,,,,,,,,,,,,,,,,,,,,,,,,,,
,,,,,,,,,,,,,,,,,,,,,,,,,,,,,,,,,,,,,,,,,,,,,,,,,,,,,,,,,,,,,,,,,,,,,,,,,,,,,,,,,,,,,,,,,,,,,,,,,,,,,,,,,,,,,,,,,,,,,,,,,,,,,,,,,,,,,,,,,,,
,,,,,,,,,,,,,,,,,,,,,,,,,,,,,,,,,,,,,,,,,,,,,,,,,,,,,,,,,,,,,,,,,,,,,,,,,,,,,,,,,,,,,,,,,,,,,,,,,,,,,,,,,,,,,,,,,,,,,,,,,,,,,,,,,,,,,,,,,,,
,,,,,,,,,,,,,,,,,,,,,,,,,,,,,,,,,,,,,,,,,,,,,,,,,,,,,,,,,,,,,,,,,,,,,,,,,,,,,,,,,,,,,,,,,,,,,,,,,,,,,,,,,,,,,,,,,,,,,,,,,,,,,,,,,,,,,,,,,,,
,,,,,,,,,,,,,,,,,,,,,,,,,,,,,,,,,,,,,,,,,,,,,,,,,,,,,,,,,,,,,,,,,,,,,,,,,,,,,,,,,,,,,,,,,,,,,,,,,,,,,,,,,,,,,,,,,,,,,,,,,,,,,,,,,,,,,,,,,,,
,,,,,,,,,,,,,,,,,,,,,,,,,,,,,,,,,,,,,,,,,,,,,,,,,,,,,,,,,,,,,,,,,,,,,,,,,,,,,,,,,,,,,,,,,,,,,,,,,,,,,,,,,,,,,,,,,,,,,,,,,,,,,,,,,,,,,,,,,,,
,,,,,,,,,,,,,,,,,,,,,,,,,,,,,,,,,,,,,,,,,,,,,,,,,,,,,,,,,,,,,,,,,,,,,,,,,,,,,,,,,,,,,,,,,,,,,,,,,,,,,,,,,,,,,,,,,,,,,,,,,,,,,,,,,,,,,,,,,,,
,,,,,,,,,,,,,,,,,,,,,,,,,,,,,,,,,,,,,,,,,,,,,,,,,,,,,,,,,,,,,,,,,,,,,,,,,,,,,,,,,,,,,,,,,,,,,,,,,,,,,,,,,,,,,,,,,,,,,,,,,,,,,,,,,,,,,,,,,,,
,,,,,,,,,,,,,,,,,,,,,,,,,,,,,,,,,,,,,,,,,,,,,,,,,,,,,,,,,,,,,,,,,,,,,,,,,,,,,,,,,,,,,,,,,,,,,,,,,,,,,,,,,,,,,,,,,,,,,,,,,,,,,,,,,,,,,,,,,,,
,,,,,,,,,,,,,,,,,,,,,,,,,,,,,,,,,,,,,,,,,,,,,,,,,,,,,,,,,,,,,,,,,,,,,,,,,,,,,,,,,,,,,,,,,,,,,,,,,,,,,,,,,,,,,,,,,,,,,,,,,,,,,,,,,,,,,,,,,,,
,,,,,,,,,,,,,,,,,,,,,,,,,,,,,,,,,,,,,,,,,,,,,,,,,,,,,,,,,,,,,,,,,,,,,,,,,,,,,,,,,,,,,,,,,,,,,,,,,,,,,,,,,,,,,,,,,,,,,,,,,,,,,,,,,,,,,,,,,,,
,,,,,,,,,,,,,,,,,,,,,,,,,,,,,,,,,,,,,,,,,,,,,,,,,,,,,,,,,,,,,,,,,,,,,,,,,,,,,,,,,,,,,,,,,,,,,,,,,,,,,,,,,,,,,,,,,,,,,,,,,,,,,,,,,,,,,,,,,,,
,,,,,,,,,,,,,,,,,,,,,,,,,,,,,,,,,,,,,,,,,,,,,,,,,,,,,,,,,,,,,,,,,,,,,,,,,,,,,,,,,,,,,,,,,,,,,,,,,,,,,,,,,,,,,,,,,,,,,,,,,,,,,,,,,,,,,,,,,,,
,,,,,,,,,,,,,,,,,,,,,,,,,,,,,,,,,,,,,,,,,,,,,,,,,,,,,,,,,,,,,,,,,,,,,,,,,,,,,,,,,,,,,,,,,,,,,,,,,,,,,,,,,,,,,,,,,,,,,,,,,,,,,,,,,,,,,,,,,,,
,,,,,,,,,,,,,,,,,,,,,,,,,,,,,,,,,,,,,,,,,,,,,,,,,,,,,,,,,,,,,,,,,,,,,,,,,,,,,,,,,,,,,,,,,,,,,,,,,,,,,,,,,,,,,,,,,,,,,,,,,,,,,,,,,,,,,,,,,,,
,,,,,,,,,,,,,,,,,,,,,,,,,,,,,,,,,,,,,,,,,,,,,,,,,,,,,,,,,,,,,,,,,,,,,,,,,,,,,,,,,,,,,,,,,,,,,,,,,,,,,,,,,,,,,,,,,,,,,,,,,,,,,,,,,,,,,,,,,,,
,,,,,,,,,,,,,,,,,,,,,,,,,,,,,,,,,,,,,,,,,,,,,,,,,,,,,,,,,,,,,,,,,,,,,,,,,,,,,,,,,,,,,,,,,,,,,,,,,,,,,,,,,,,,,,,,,,,,,,,,,,,,,,,,,,,,,,,,,,,
,,,,,,,,,,,,,,,,,,,,,,,,,,,,,,,,,,,,,,,,,,,,,,,,,,,,,,,,,,,,,,,,,,,,,,,,,,,,,,,,,,,,,,,,,,,,,,,,,,,,,,,,,,,,,,,,,,,,,,,,,,,,,,,,,,,,,,,,,,,
,,,,,,,,,,,,,,,,,,,,,,,,,,,,,,,,,,,,,,,,,,,,,,,,,,,,,,,,,,,,,,,,,,,,,,,,,,,,,,,,,,,,,,,,,,,,,,,,,,,,,,,,,,,,,,,,,,,,,,,,,,,,,,,,,,,,,,,,,,,
,,,,,,,,,,,,,,,,,,,,,,,,,,,,,,,,,,,,,,,,,,,,,,,,,,,,,,,,,,,,,,,,,,,,,,,,,,,,,,,,,,,,,,,,,,,,,,,,,,,,,,,,,,,,,,,,,,,,,,,,,,,,,,,,,,,,,,,,,,,
,,,,,,,,,,,,,,,,,,,,,,,,,,,,,,,,,,,,,,,,,,,,,,,,,,,,,,,,,,,,,,,,,,,,,,,,,,,,,,,,,,,,,,,,,,,,,,,,,,,,,,,,,,,,,,,,,,,,,,,,,,,,,,,,,,,,,,,,,,,
,,,,,,,,,,,,,,,,,,,,,,,,,,,,,,,,,,,,,,,,,,,,,,,,,,,,,,,,,,,,,,,,,,,,,,,,,,,,,,,,,,,,,,,,,,,,,,,,,,,,,,,,,,,,,,,,,,,,,,,,,,,,,,,,,,,,,,,,,,,
,,,,,,,,,,,,,,,,,,,,,,,,,,,,,,,,,,,,,,,,,,,,,,,,,,,,,,,,,,,,,,,,,,,,,,,,,,,,,,,,,,,,,,,,,,,,,,,,,,,,,,,,,,,,,,,,,,,,,,,,,,,,,,,,,,,,,,,,,,,
,,,,,,,,,,,,,,,,,,,,,,,,,,,,,,,,,,,,,,,,,,,,,,,,,,,,,,,,,,,,,,,,,,,,,,,,,,,,,,,,,,,,,,,,,,,,,,,,,,,,,,,,,,,,,,,,,,,,,,,,,,,,,,,,,,,,,,,,,,,
,,,,,,,,,,,,,,,,,,,,,,,,,,,,,,,,,,,,,,,,,,,,,,,,,,,,,,,,,,,,,,,,,,,,,,,,,,,,,,,,,,,,,,,,,,,,,,,,,,,,,,,,,,,,,,,,,,,,,,,,,,,,,,,,,,,,,,,,,,,
,,,,,,,,,,,,,,,,,,,,,,,,,,,,,,,,,,,,,,,,,,,,,,,,,,,,,,,,,,,,,,,,,,,,,,,,,,,,,,,,,,,,,,,,,,,,,,,,,,,,,,,,,,,,,,,,,,,,,,,,,,,,,,,,,,,,,,,,,,,
,,,,,,,,,,,,,,,,,,,,,,,,,,,,,,,,,,,,,,,,,,,,,,,,,,,,,,,,,,,,,,,,,,,,,,,,,,,,,,,,,,,,,,,,,,,,,,,,,,,,,,,,,,,,,,,,,,,,,,,,,,,,,,,,,,,,,,,,,,,
,,,,,,,,,,,,,,,,,,,,,,,,,,,,,,,,,,,,,,,,,,,,,,,,,,,,,,,,,,,,,,,,,,,,,,,,,,,,,,,,,,,,,,,,,,,,,,,,,,,,,,,,,,,,,,,,,,,,,,,,,,,,,,,,,,,,,,,,,,,
,,,,,,,,,,,,,,,,,,,,,,,,,,,,,,,,,,,,,,,,,,,,,,,,,,,,,,,,,,,,,,,,,,,,,,,,,,,,,,,,,,,,,,,,,,,,,,,,,,,,,,,,,,,,,,,,,,,,,,,,,,,,,,,,,,,,,,,,,,,
,,,,,,,,,,,,,,,,,,,,,,,,,,,,,,,,,,,,,,,,,,,,,,,,,,,,,,,,,,,,,,,,,,,,,,,,,,,,,,,,,,,,,,,,,,,,,,,,,,,,,,,,,,,,,,,,,,,,,,,,,,,,,,,,,,,,,,,,,,,
,,,,,,,,,,,,,,,,,,,,,,,,,,,,,,,,,,,,,,,,,,,,,,,,,,,,,,,,,,,,,,,,,,,,,,,,,,,,,,,,,,,,,,,,,,,,,,,,,,,,,,,,,,,,,,,,,,,,,,,,,,,,,,,,,,,,,,,,,,,
,,,,,,,,,,,,,,,,,,,,,,,,,,,,,,,,,,,,,,,,,,,,,,,,,,,,,,,,,,,,,,,,,,,,,,,,,,,,,,,,,,,,,,,,,,,,,,,,,,,,,,,,,,,,,,,,,,,,,,,,,,,,,,,,,,,,,,,,,,,
,,,,,,,,,,,,,,,,,,,,,,,,,,,,,,,,,,,,,,,,,,,,,,,,,,,,,,,,,,,,,,,,,,,,,,,,,,,,,,,,,,,,,,,,,,,,,,,,,,,,,,,,,,,,,,,,,,,,,,,,,,,,,,,,,,,,,,,,,,,
,,,,,,,,,,,,,,,,,,,,,,,,,,,,,,,,,,,,,,,,,,,,,,,,,,,,,,,,,,,,,,,,,,,,,,,,,,,,,,,,,,,,,,,,,,,,,,,,,,,,,,,,,,,,,,,,,,,,,,,,,,,,,,,,,,,,,,,,,,,
,,,,,,,,,,,,,,,,,,,,,,,,,,,,,,,,,,,,,,,,,,,,,,,,,,,,,,,,,,,,,,,,,,,,,,,,,,,,,,,,,,,,,,,,,,,,,,,,,,,,,,,,,,,,,,,,,,,,,,,,,,,,,,,,,,,,,,,,,,,
,,,,,,,,,,,,,,,,,,,,,,,,,,,,,,,,,,,,,,,,,,,,,,,,,,,,,,,,,,,,,,,,,,,,,,,,,,,,,,,,,,,,,,,,,,,,,,,,,,,,,,,,,,,,,,,,,,,,,,,,,,,,,,,,,,,,,,,,,,,
,,,,,,,,,,,,,,,,,,,,,,,,,,,,,,,,,,,,,,,,,,,,,,,,,,,,,,,,,,,,,,,,,,,,,,,,,,,,,,,,,,,,,,,,,,,,,,,,,,,,,,,,,,,,,,,,,,,,,,,,,,,,,,,,,,,,,,,,,,,
,,,,,,,,,,,,,,,,,,,,,,,,,,,,,,,,,,,,,,,,,,,,,,,,,,,,,,,,,,,,,,,,,,,,,,,,,,,,,,,,,,,,,,,,,,,,,,,,,,,,,,,,,,,,,,,,,,,,,,,,,,,,,,,,,,,,,,,,,,,
,,,,,,,,,,,,,,,,,,,,,,,,,,,,,,,,,,,,,,,,,,,,,,,,,,,,,,,,,,,,,,,,,,,,,,,,,,,,,,,,,,,,,,,,,,,,,,,,,,,,,,,,,,,,,,,,,,,,,,,,,,,,,,,,,,,,,,,,,,,
,,,,,,,,,,,,,,,,,,,,,,,,,,,,,,,,,,,,,,,,,,,,,,,,,,,,,,,,,,,,,,,,,,,,,,,,,,,,,,,,,,,,,,,,,,,,,,,,,,,,,,,,,,,,,,,,,,,,,,,,,,,,,,,,,,,,,,,,,,,
,,,,,,,,,,,,,,,,,,,,,,,,,,,,,,,,,,,,,,,,,,,,,,,,,,,,,,,,,,,,,,,,,,,,,,,,,,,,,,,,,,,,,,,,,,,,,,,,,,,,,,,,,,,,,,,,,,,,,,,,,,,,,,,,,,,,,,,,,,,
,,,,,,,,,,,,,,,,,,,,,,,,,,,,,,,,,,,,,,,,,,,,,,,,,,,,,,,,,,,,,,,,,,,,,,,,,,,,,,,,,,,,,,,,,,,,,,,,,,,,,,,,,,,,,,,,,,,,,,,,,,,,,,,,,,,,,,,,,,,
,,,,,,,,,,,,,,,,,,,,,,,,,,,,,,,,,,,,,,,,,,,,,,,,,,,,,,,,,,,,,,,,,,,,,,,,,,,,,,,,,,,,,,,,,,,,,,,,,,,,,,,,,,,,,,,,,,,,,,,,,,,,,,,,,,,,,,,,,,,
,,,,,,,,,,,,,,,,,,,,,,,,,,,,,,,,,,,,,,,,,,,,,,,,,,,,,,,,,,,,,,,,,,,,,,,,,,,,,,,,,,,,,,,,,,,,,,,,,,,,,,,,,,,,,,,,,,,,,,,,,,,,,,,,,,,,,,,,,,,
,,,,,,,,,,,,,,,,,,,,,,,,,,,,,,,,,,,,,,,,,,,,,,,,,,,,,,,,,,,,,,,,,,,,,,,,,,,,,,,,,,,,,,,,,,,,,,,,,,,,,,,,,,,,,,,,,,,,,,,,,,,,,,,,,,,,,,,,,,,
,,,,,,,,,,,,,,,,,,,,,,,,,,,,,,,,,,,,,,,,,,,,,,,,,,,,,,,,,,,,,,,,,,,,,,,,,,,,,,,,,,,,,,,,,,,,,,,,,,,,,,,,,,,,,,,,,,,,,,,,,,,,,,,,,,,,,,,,,,,
,,,,,,,,,,,,,,,,,,,,,,,,,,,,,,,,,,,,,,,,,,,,,,,,,,,,,,,,,,,,,,,,,,,,,,,,,,,,,,,,,,,,,,,,,,,,,,,,,,,,,,,,,,,,,,,,,,,,,,,,,,,,,,,,,,,,,,,,,,,
,,,,,,,,,,,,,,,,,,,,,,,,,,,,,,,,,,,,,,,,,,,,,,,,,,,,,,,,,,,,,,,,,,,,,,,,,,,,,,,,,,,,,,,,,,,,,,,,,,,,,,,,,,,,,,,,,,,,,,,,,,,,,,,,,,,,,,,,,,,
,,,,,,,,,,,,,,,,,,,,,,,,,,,,,,,,,,,,,,,,,,,,,,,,,,,,,,,,,,,,,,,,,,,,,,,,,,,,,,,,,,,,,,,,,,,,,,,,,,,,,,,,,,,,,,,,,,,,,,,,,,,,,,,,,,,,,,,,,,,
,,,,,,,,,,,,,,,,,,,,,,,,,,,,,,,,,,,,,,,,,,,,,,,,,,,,,,,,,,,,,,,,,,,,,,,,,,,,,,,,,,,,,,,,,,,,,,,,,,,,,,,,,,,,,,,,,,,,,,,,,,,,,,,,,,,,,,,,,,,
,,,,,,,,,,,,,,,,,,,,,,,,,,,,,,,,,,,,,,,,,,,,,,,,,,,,,,,,,,,,,,,,,,,,,,,,,,,,,,,,,,,,,,,,,,,,,,,,,,,,,,,,,,,,,,,,,,,,,,,,,,,,,,,,,,,,,,,,,,,
,,,,,,,,,,,,,,,,,,,,,,,,,,,,,,,,,,,,,,,,,,,,,,,,,,,,,,,,,,,,,,,,,,,,,,,,,,,,,,,,,,,,,,,,,,,,,,,,,,,,,,,,,,,,,,,,,,,,,,,,,,,,,,,,,,,,,,,,,,,
,,,,,,,,,,,,,,,,,,,,,,,,,,,,,,,,,,,,,,,,,,,,,,,,,,,,,,,,,,,,,,,,,,,,,,,,,,,,,,,,,,,,,,,,,,,,,,,,,,,,,,,,,,,,,,,,,,,,,,,,,,,,,,,,,,,,,,,,,,,
,,,,,,,,,,,,,,,,,,,,,,,,,,,,,,,,,,,,,,,,,,,,,,,,,,,,,,,,,,,,,,,,,,,,,,,,,,,,,,,,,,,,,,,,,,,,,,,,,,,,,,,,,,,,,,,,,,,,,,,,,,,,,,,,,,,,,,,,,,,
,,,,,,,,,,,,,,,,,,,,,,,,,,,,,,,,,,,,,,,,,,,,,,,,,,,,,,,,,,,,,,,,,,,,,,,,,,,,,,,,,,,,,,,,,,,,,,,,,,,,,,,,,,,,,,,,,,,,,,,,,,,,,,,,,,,,,,,,,,,
,,,,,,,,,,,,,,,,,,,,,,,,,,,,,,,,,,,,,,,,,,,,,,,,,,,,,,,,,,,,,,,,,,,,,,,,,,,,,,,,,,,,,,,,,,,,,,,,,,,,,,,,,,,,,,,,,,,,,,,,,,,,,,,,,,,,,,,,,,,
,,,,,,,,,,,,,,,,,,,,,,,,,,,,,,,,,,,,,,,,,,,,,,,,,,,,,,,,,,,,,,,,,,,,,,,,,,,,,,,,,,,,,,,,,,,,,,,,,,,,,,,,,,,,,,,,,,,,,,,,,,,,,,,,,,,,,,,,,,,
,,,,,,,,,,,,,,,,,,,,,,,,,,,,,,,,,,,,,,,,,,,,,,,,,,,,,,,,,,,,,,,,,,,,,,,,,,,,,,,,,,,,,,,,,,,,,,,,,,,,,,,,,,,,,,,,,,,,,,,,,,,,,,,,,,,,,,,,,,,
,,,,,,,,,,,,,,,,,,,,,,,,,,,,,,,,,,,,,,,,,,,,,,,,,,,,,,,,,,,,,,,,,,,,,,,,,,,,,,,,,,,,,,,,,,,,,,,,,,,,,,,,,,,,,,,,,,,,,,,,,,,,,,,,,,,,,,,,,,,
,,,,,,,,,,,,,,,,,,,,,,,,,,,,,,,,,,,,,,,,,,,,,,,,,,,,,,,,,,,,,,,,,,,,,,,,,,,,,,,,,,,,,,,,,,,,,,,,,,,,,,,,,,,,,,,,,,,,,,,,,,,,,,,,,,,,,,,,,,,
,,,,,,,,,,,,,,,,,,,,,,,,,,,,,,,,,,,,,,,,,,,,,,,,,,,,,,,,,,,,,,,,,,,,,,,,,,,,,,,,,,,,,,,,,,,,,,,,,,,,,,,,,,,,,,,,,,,,,,,,,,,,,,,,,,,,,,,,,,,
,,,,,,,,,,,,,,,,,,,,,,,,,,,,,,,,,,,,,,,,,,,,,,,,,,,,,,,,,,,,,,,,,,,,,,,,,,,,,,,,,,,,,,,,,,,,,,,,,,,,,,,,,,,,,,,,,,,,,,,,,,,,,,,,,,,,,,,,,,,
,,,,,,,,,,,,,,,,,,,,,,,,,,,,,,,,,,,,,,,,,,,,,,,,,,,,,,,,,,,,,,,,,,,,,,,,,,,,,,,,,,,,,,,,,,,,,,,,,,,,,,,,,,,,,,,,,,,,,,,,,,,,,,,,,,,,,,,,,,,
,,,,,,,,,,,,,,,,,,,,,,,,,,,,,,,,,,,,,,,,,,,,,,,,,,,,,,,,,,,,,,,,,,,,,,,,,,,,,,,,,,,,,,,,,,,,,,,,,,,,,,,,,,,,,,,,,,,,,,,,,,,,,,,,,,,,,,,,,,,
,,,,,,,,,,,,,,,,,,,,,,,,,,,,,,,,,,,,,,,,,,,,,,,,,,,,,,,,,,,,,,,,,,,,,,,,,,,,,,,,,,,,,,,,,,,,,,,,,,,,,,,,,,,,,,,,,,,,,,,,,,,,,,,,,,,,,,,,,,,
,,,,,,,,,,,,,,,,,,,,,,,,,,,,,,,,,,,,,,,,,,,,,,,,,,,,,,,,,,,,,,,,,,,,,,,,,,,,,,,,,,,,,,,,,,,,,,,,,,,,,,,,,,,,,,,,,,,,,,,,,,,,,,,,,,,,,,,,,,,
,,,,,,,,,,,,,,,,,,,,,,,,,,,,,,,,,,,,,,,,,,,,,,,,,,,,,,,,,,,,,,,,,,,,,,,,,,,,,,,,,,,,,,,,,,,,,,,,,,,,,,,,,,,,,,,,,,,,,,,,,,,,,,,,,,,,,,,,,,,
,,,,,,,,,,,,,,,,,,,,,,,,,,,,,,,,,,,,,,,,,,,,,,,,,,,,,,,,,,,,,,,,,,,,,,,,,,,,,,,,,,,,,,,,,,,,,,,,,,,,,,,,,,,,,,,,,,,,,,,,,,,,,,,,,,,,,,,,,,,
,,,,,,,,,,,,,,,,,,,,,,,,,,,,,,,,,,,,,,,,,,,,,,,,,,,,,,,,,,,,,,,,,,,,,,,,,,,,,,,,,,,,,,,,,,,,,,,,,,,,,,,,,,,,,,,,,,,,,,,,,,,,,,,,,,,,,,,,,,,
,,,,,,,,,,,,,,,,,,,,,,,,,,,,,,,,,,,,,,,,,,,,,,,,,,,,,,,,,,,,,,,,,,,,,,,,,,,,,,,,,,,,,,,,,,,,,,,,,,,,,,,,,,,,,,,,,,,,,,,,,,,,,,,,,,,,,,,,,,,
,,,,,,,,,,,,,,,,,,,,,,,,,,,,,,,,,,,,,,,,,,,,,,,,,,,,,,,,,,,,,,,,,,,,,,,,,,,,,,,,,,,,,,,,,,,,,,,,,,,,,,,,,,,,,,,,,,,,,,,,,,,,,,,,,,,,,,,,,,,
,,,,,,,,,,,,,,,,,,,,,,,,,,,,,,,,,,,,,,,,,,,,,,,,,,,,,,,,,,,,,,,,,,,,,,,,,,,,,,,,,,,,,,,,,,,,,,,,,,,,,,,,,,,,,,,,,,,,,,,,,,,,,,,,,,,,,,,,,,,
,,,,,,,,,,,,,,,,,,,,,,,,,,,,,,,,,,,,,,,,,,,,,,,,,,,,,,,,,,,,,,,,,,,,,,,,,,,,,,,,,,,,,,,,,,,,,,,,,,,,,,,,,,,,,,,,,,,,,,,,,,,,,,,,,,,,,,,,,,,
,,,,,,,,,,,,,,,,,,,,,,,,,,,,,,,,,,,,,,,,,,,,,,,,,,,,,,,,,,,,,,,,,,,,,,,,,,,,,,,,,,,,,,,,,,,,,,,,,,,,,,,,,,,,,,,,,,,,,,,,,,,,,,,,,,,,,,,,,,,
,,,,,,,,,,,,,,,,,,,,,,,,,,,,,,,,,,,,,,,,,,,,,,,,,,,,,,,,,,,,,,,,,,,,,,,,,,,,,,,,,,,,,,,,,,,,,,,,,,,,,,,,,,,,,,,,,,,,,,,,,,,,,,,,,,,,,,,,,,,
,,,,,,,,,,,,,,,,,,,,,,,,,,,,,,,,,,,,,,,,,,,,,,,,,,,,,,,,,,,,,,,,,,,,,,,,,,,,,,,,,,,,,,,,,,,,,,,,,,,,,,,,,,,,,,,,,,,,,,,,,,,,,,,,,,,,,,,,,,,
,,,,,,,,,,,,,,,,,,,,,,,,,,,,,,,,,,,,,,,,,,,,,,,,,,,,,,,,,,,,,,,,,,,,,,,,,,,,,,,,,,,,,,,,,,,,,,,,,,,,,,,,,,,,,,,,,,,,,,,,,,,,,,,,,,,,,,,,,,,
,,,,,,,,,,,,,,,,,,,,,,,,,,,,,,,,,,,,,,,,,,,,,,,,,,,,,,,,,,,,,,,,,,,,,,,,,,,,,,,,,,,,,,,,,,,,,,,,,,,,,,,,,,,,,,,,,,,,,,,,,,,,,,,,,,,,,,,,,,,
,,,,,,,,,,,,,,,,,,,,,,,,,,,,,,,,,,,,,,,,,,,,,,,,,,,,,,,,,,,,,,,,,,,,,,,,,,,,,,,,,,,,,,,,,,,,,,,,,,,,,,,,,,,,,,,,,,,,,,,,,,,,,,,,,,,,,,,,,,,
,,,,,,,,,,,,,,,,,,,,,,,,,,,,,,,,,,,,,,,,,,,,,,,,,,,,,,,,,,,,,,,,,,,,,,,,,,,,,,,,,,,,,,,,,,,,,,,,,,,,,,,,,,,,,,,,,,,,,,,,,,,,,,,,,,,,,,,,,,,
,,,,,,,,,,,,,,,,,,,,,,,,,,,,,,,,,,,,,,,,,,,,,,,,,,,,,,,,,,,,,,,,,,,,,,,,,,,,,,,,,,,,,,,,,,,,,,,,,,,,,,,,,,,,,,,,,,,,,,,,,,,,,,,,,,,,,,,,,,,
,,,,,,,,,,,,,,,,,,,,,,,,,,,,,,,,,,,,,,,,,,,,,,,,,,,,,,,,,,,,,,,,,,,,,,,,,,,,,,,,,,,,,,,,,,,,,,,,,,,,,,,,,,,,,,,,,,,,,,,,,,,,,,,,,,,,,,,,,,,
,,,,,,,,,,,,,,,,,,,,,,,,,,,,,,,,,,,,,,,,,,,,,,,,,,,,,,,,,,,,,,,,,,,,,,,,,,,,,,,,,,,,,,,,,,,,,,,,,,,,,,,,,,,,,,,,,,,,,,,,,,,,,,,,,,,,,,,,,,,
,,,,,,,,,,,,,,,,,,,,,,,,,,,,,,,,,,,,,,,,,,,,,,,,,,,,,,,,,,,,,,,,,,,,,,,,,,,,,,,,,,,,,,,,,,,,,,,,,,,,,,,,,,,,,,,,,,,,,,,,,,,,,,,,,,,,,,,,,,,
,,,,,,,,,,,,,,,,,,,,,,,,,,,,,,,,,,,,,,,,,,,,,,,,,,,,,,,,,,,,,,,,,,,,,,,,,,,,,,,,,,,,,,,,,,,,,,,,,,,,,,,,,,,,,,,,,,,,,,,,,,,,,,,,,,,,,,,,,,,
,,,,,,,,,,,,,,,,,,,,,,,,,,,,,,,,,,,,,,,,,,,,,,,,,,,,,,,,,,,,,,,,,,,,,,,,,,,,,,,,,,,,,,,,,,,,,,,,,,,,,,,,,,,,,,,,,,,,,,,,,,,,,,,,,,,,,,,,,,,
,,,,,,,,,,,,,,,,,,,,,,,,,,,,,,,,,,,,,,,,,,,,,,,,,,,,,,,,,,,,,,,,,,,,,,,,,,,,,,,,,,,,,,,,,,,,,,,,,,,,,,,,,,,,,,,,,,,,,,,,,,,,,,,,,,,,,,,,,,,
,,,,,,,,,,,,,,,,,,,,,,,,,,,,,,,,,,,,,,,,,,,,,,,,,,,,,,,,,,,,,,,,,,,,,,,,,,,,,,,,,,,,,,,,,,,,,,,,,,,,,,,,,,,,,,,,,,,,,,,,,,,,,,,,,,,,,,,,,,,
,,,,,,,,,,,,,,,,,,,,,,,,,,,,,,,,,,,,,,,,,,,,,,,,,,,,,,,,,,,,,,,,,,,,,,,,,,,,,,,,,,,,,,,,,,,,,,,,,,,,,,,,,,,,,,,,,,,,,,,,,,,,,,,,,,,,,,,,,,,
,,,,,,,,,,,,,,,,,,,,,,,,,,,,,,,,,,,,,,,,,,,,,,,,,,,,,,,,,,,,,,,,,,,,,,,,,,,,,,,,,,,,,,,,,,,,,,,,,,,,,,,,,,,,,,,,,,,,,,,,,,,,,,,,,,,,,,,,,,,
,,,,,,,,,,,,,,,,,,,,,,,,,,,,,,,,,,,,,,,,,,,,,,,,,,,,,,,,,,,,,,,,,,,,,,,,,,,,,,,,,,,,,,,,,,,,,,,,,,,,,,,,,,,,,,,,,,,,,,,,,,,,,,,,,,,,,,,,,,,
,,,,,,,,,,,,,,,,,,,,,,,,,,,,,,,,,,,,,,,,,,,,,,,,,,,,,,,,,,,,,,,,,,,,,,,,,,,,,,,,,,,,,,,,,,,,,,,,,,,,,,,,,,,,,,,,,,,,,,,,,,,,,,,,,,,,,,,,,,,
,,,,,,,,,,,,,,,,,,,,,,,,,,,,,,,,,,,,,,,,,,,,,,,,,,,,,,,,,,,,,,,,,,,,,,,,,,,,,,,,,,,,,,,,,,,,,,,,,,,,,,,,,,,,,,,,,,,,,,,,,,,,,,,,,,,,,,,,,,,
,,,,,,,,,,,,,,,,,,,,,,,,,,,,,,,,,,,,,,,,,,,,,,,,,,,,,,,,,,,,,,,,,,,,,,,,,,,,,,,,,,,,,,,,,,,,,,,,,,,,,,,,,,,,,,,,,,,,,,,,,,,,,,,,,,,,,,,,,,,
,,,,,,,,,,,,,,,,,,,,,,,,,,,,,,,,,,,,,,,,,,,,,,,,,,,,,,,,,,,,,,,,,,,,,,,,,,,,,,,,,,,,,,,,,,,,,,,,,,,,,,,,,,,,,,,,,,,,,,,,,,,,,,,,,,,,,,,,,,,
,,,,,,,,,,,,,,,,,,,,,,,,,,,,,,,,,,,,,,,,,,,,,,,,,,,,,,,,,,,,,,,,,,,,,,,,,,,,,,,,,,,,,,,,,,,,,,,,,,,,,,,,,,,,,,,,,,,,,,,,,,,,,,,,,,,,,,,,,,,
,,,,,,,,,,,,,,,,,,,,,,,,,,,,,,,,,,,,,,,,,,,,,,,,,,,,,,,,,,,,,,,,,,,,,,,,,,,,,,,,,,,,,,,,,,,,,,,,,,,,,,,,,,,,,,,,,,,,,,,,,,,,,,,,,,,,,,,,,,,
,,,,,,,,,,,,,,,,,,,,,,,,,,,,,,,,,,,,,,,,,,,,,,,,,,,,,,,,,,,,,,,,,,,,,,,,,,,,,,,,,,,,,,,,,,,,,,,,,,,,,,,,,,,,,,,,,,,,,,,,,,,,,,,,,,,,,,,,,,,
,,,,,,,,,,,,,,,,,,,,,,,,,,,,,,,,,,,,,,,,,,,,,,,,,,,,,,,,,,,,,,,,,,,,,,,,,,,,,,,,,,,,,,,,,,,,,,,,,,,,,,,,,,,,,,,,,,,,,,,,,,,,,,,,,,,,,,,,,,,
,,,,,,,,,,,,,,,,,,,,,,,,,,,,,,,,,,,,,,,,,,,,,,,,,,,,,,,,,,,,,,,,,,,,,,,,,,,,,,,,,,,,,,,,,,,,,,,,,,,,,,,,,,,,,,,,,,,,,,,,,,,,,,,,,,,,,,,,,,,
,,,,,,,,,,,,,,,,,,,,,,,,,,,,,,,,,,,,,,,,,,,,,,,,,,,,,,,,,,,,,,,,,,,,,,,,,,,,,,,,,,,,,,,,,,,,,,,,,,,,,,,,,,,,,,,,,,,,,,,,,,,,,,,,,,,,,,,,,,,
,,,,,,,,,,,,,,,,,,,,,,,,,,,,,,,,,,,,,,,,,,,,,,,,,,,,,,,,,,,,,,,,,,,,,,,,,,,,,,,,,,,,,,,,,,,,,,,,,,,,,,,,,,,,,,,,,,,,,,,,,,,,,,,,,,,,,,,,,,,
,,,,,,,,,,,,,,,,,,,,,,,,,,,,,,,,,,,,,,,,,,,,,,,,,,,,,,,,,,,,,,,,,,,,,,,,,,,,,,,,,,,,,,,,,,,,,,,,,,,,,,,,,,,,,,,,,,,,,,,,,,,,,,,,,,,,,,,,,,,
,,,,,,,,,,,,,,,,,,,,,,,,,,,,,,,,,,,,,,,,,,,,,,,,,,,,,,,,,,,,,,,,,,,,,,,,,,,,,,,,,,,,,,,,,,,,,,,,,,,,,,,,,,,,,,,,,,,,,,,,,,,,,,,,,,,,,,,,,,,
,,,,,,,,,,,,,,,,,,,,,,,,,,,,,,,,,,,,,,,,,,,,,,,,,,,,,,,,,,,,,,,,,,,,,,,,,,,,,,,,,,,,,,,,,,,,,,,,,,,,,,,,,,,,,,,,,,,,,,,,,,,,,,,,,,,,,,,,,,,
,,,,,,,,,,,,,,,,,,,,,,,,,,,,,,,,,,,,,,,,,,,,,,,,,,,,,,,,,,,,,,,,,,,,,,,,,,,,,,,,,,,,,,,,,,,,,,,,,,,,,,,,,,,,,,,,,,,,,,,,,,,,,,,,,,,,,,,,,,,
,,,,,,,,,,,,,,,,,,,,,,,,,,,,,,,,,,,,,,,,,,,,,,,,,,,,,,,,,,,,,,,,,,,,,,,,,,,,,,,,,,,,,,,,,,,,,,,,,,,,,,,,,,,,,,,,,,,,,,,,,,,,,,,,,,,,,,,,,,,
,,,,,,,,,,,,,,,,,,,,,,,,,,,,,,,,,,,,,,,,,,,,,,,,,,,,,,,,,,,,,,,,,,,,,,,,,,,,,,,,,,,,,,,,,,,,,,,,,,,,,,,,,,,,,,,,,,,,,,,,,,,,,,,,,,,,,,,,,,,
,,,,,,,,,,,,,,,,,,,,,,,,,,,,,,,,,,,,,,,,,,,,,,,,,,,,,,,,,,,,,,,,,,,,,,,,,,,,,,,,,,,,,,,,,,,,,,,,,,,,,,,,,,,,,,,,,,,,,,,,,,,,,,,,,,,,,,,,,,,
,,,,,,,,,,,,,,,,,,,,,,,,,,,,,,,,,,,,,,,,,,,,,,,,,,,,,,,,,,,,,,,,,,,,,,,,,,,,,,,,,,,,,,,,,,,,,,,,,,,,,,,,,,,,,,,,,,,,,,,,,,,,,,,,,,,,,,,,,,,
,,,,,,,,,,,,,,,,,,,,,,,,,,,,,,,,,,,,,,,,,,,,,,,,,,,,,,,,,,,,,,,,,,,,,,,,,,,,,,,,,,,,,,,,,,,,,,,,,,,,,,,,,,,,,,,,,,,,,,,,,,,,,,,,,,,,,,,,,,,
,,,,,,,,,,,,,,,,,,,,,,,,,,,,,,,,,,,,,,,,,,,,,,,,,,,,,,,,,,,,,,,,,,,,,,,,,,,,,,,,,,,,,,,,,,,,,,,,,,,,,,,,,,,,,,,,,,,,,,,,,,,,,,,,,,,,,,,,,,,
,,,,,,,,,,,,,,,,,,,,,,,,,,,,,,,,,,,,,,,,,,,,,,,,,,,,,,,,,,,,,,,,,,,,,,,,,,,,,,,,,,,,,,,,,,,,,,,,,,,,,,,,,,,,,,,,,,,,,,,,,,,,,,,,,,,,,,,,,,,
,,,,,,,,,,,,,,,,,,,,,,,,,,,,,,,,,,,,,,,,,,,,,,,,,,,,,,,,,,,,,,,,,,,,,,,,,,,,,,,,,,,,,,,,,,,,,,,,,,,,,,,,,,,,,,,,,,,,,,,,,,,,,,,,,,,,,,,,,,,
,,,,,,,,,,,,,,,,,,,,,,,,,,,,,,,,,,,,,,,,,,,,,,,,,,,,,,,,,,,,,,,,,,,,,,,,,,,,,,,,,,,,,,,,,,,,,,,,,,,,,,,,,,,,,,,,,,,,,,,,,,,,,,,,,,,,,,,,,,,
,,,,,,,,,,,,,,,,,,,,,,,,,,,,,,,,,,,,,,,,,,,,,,,,,,,,,,,,,,,,,,,,,,,,,,,,,,,,,,,,,,,,,,,,,,,,,,,,,,,,,,,,,,,,,,,,,,,,,,,,,,,,,,,,,,,,,,,,,,,
,,,,,,,,,,,,,,,,,,,,,,,,,,,,,,,,,,,,,,,,,,,,,,,,,,,,,,,,,,,,,,,,,,,,,,,,,,,,,,,,,,,,,,,,,,,,,,,,,,,,,,,,,,,,,,,,,,,,,,,,,,,,,,,,,,,,,,,,,,,
,,,,,,,,,,,,,,,,,,,,,,,,,,,,,,,,,,,,,,,,,,,,,,,,,,,,,,,,,,,,,,,,,,,,,,,,,,,,,,,,,,,,,,,,,,,,,,,,,,,,,,,,,,,,,,,,,,,,,,,,,,,,,,,,,,,,,,,,,,,
,,,,,,,,,,,,,,,,,,,,,,,,,,,,,,,,,,,,,,,,,,,,,,,,,,,,,,,,,,,,,,,,,,,,,,,,,,,,,,,,,,,,,,,,,,,,,,,,,,,,,,,,,,,,,,,,,,,,,,,,,,,,,,,,,,,,,,,,,,,
,,,,,,,,,,,,,,,,,,,,,,,,,,,,,,,,,,,,,,,,,,,,,,,,,,,,,,,,,,,,,,,,,,,,,,,,,,,,,,,,,,,,,,,,,,,,,,,,,,,,,,,,,,,,,,,,,,,,,,,,,,,,,,,,,,,,,,,,,,,
,,,,,,,,,,,,,,,,,,,,,,,,,,,,,,,,,,,,,,,,,,,,,,,,,,,,,,,,,,,,,,,,,,,,,,,,,,,,,,,,,,,,,,,,,,,,,,,,,,,,,,,,,,,,,,,,,,,,,,,,,,,,,,,,,,,,,,,,,,,
,,,,,,,,,,,,,,,,,,,,,,,,,,,,,,,,,,,,,,,,,,,,,,,,,,,,,,,,,,,,,,,,,,,,,,,,,,,,,,,,,,,,,,,,,,,,,,,,,,,,,,,,,,,,,,,,,,,,,,,,,,,,,,,,,,,,,,,,,,,
,,,,,,,,,,,,,,,,,,,,,,,,,,,,,,,,,,,,,,,,,,,,,,,,,,,,,,,,,,,,,,,,,,,,,,,,,,,,,,,,,,,,,,,,,,,,,,,,,,,,,,,,,,,,,,,,,,,,,,,,,,,,,,,,,,,,,,,,,,,
,,,,,,,,,,,,,,,,,,,,,,,,,,,,,,,,,,,,,,,,,,,,,,,,,,,,,,,,,,,,,,,,,,,,,,,,,,,,,,,,,,,,,,,,,,,,,,,,,,,,,,,,,,,,,,,,,,,,,,,,,,,,,,,,,,,,,,,,,,,
,,,,,,,,,,,,,,,,,,,,,,,,,,,,,,,,,,,,,,,,,,,,,,,,,,,,,,,,,,,,,,,,,,,,,,,,,,,,,,,,,,,,,,,,,,,,,,,,,,,,,,,,,,,,,,,,,,,,,,,,,,,,,,,,,,,,,,,,,,,
,,,,,,,,,,,,,,,,,,,,,,,,,,,,,,,,,,,,,,,,,,,,,,,,,,,,,,,,,,,,,,,,,,,,,,,,,,,,,,,,,,,,,,,,,,,,,,,,,,,,,,,,,,,,,,,,,,,,,,,,,,,,,,,,,,,,,,,,,,,
,,,,,,,,,,,,,,,,,,,,,,,,,,,,,,,,,,,,,,,,,,,,,,,,,,,,,,,,,,,,,,,,,,,,,,,,,,,,,,,,,,,,,,,,,,,,,,,,,,,,,,,,,,,,,,,,,,,,,,,,,,,,,,,,,,,,,,,,,,,
,,,,,,,,,,,,,,,,,,,,,,,,,,,,,,,,,,,,,,,,,,,,,,,,,,,,,,,,,,,,,,,,,,,,,,,,,,,,,,,,,,,,,,,,,,,,,,,,,,,,,,,,,,,,,,,,,,,,,,,,,,,,,,,,,,,,,,,,,,,
,,,,,,,,,,,,,,,,,,,,,,,,,,,,,,,,,,,,,,,,,,,,,,,,,,,,,,,,,,,,,,,,,,,,,,,,,,,,,,,,,,,,,,,,,,,,,,,,,,,,,,,,,,,,,,,,,,,,,,,,,,,,,,,,,,,,,,,,,,,
,,,,,,,,,,,,,,,,,,,,,,,,,,,,,,,,,,,,,,,,,,,,,,,,,,,,,,,,,,,,,,,,,,,,,,,,,,,,,,,,,,,,,,,,,,,,,,,,,,,,,,,,,,,,,,,,,,,,,,,,,,,,,,,,,,,,,,,,,,,
,,,,,,,,,,,,,,,,,,,,,,,,,,,,,,,,,,,,,,,,,,,,,,,,,,,,,,,,,,,,,,,,,,,,,,,,,,,,,,,,,,,,,,,,,,,,,,,,,,,,,,,,,,,,,,,,,,,,,,,,,,,,,,,,,,,,,,,,,,,
,,,,,,,,,,,,,,,,,,,,,,,,,,,,,,,,,,,,,,,,,,,,,,,,,,,,,,,,,,,,,,,,,,,,,,,,,,,,,,,,,,,,,,,,,,,,,,,,,,,,,,,,,,,,,,,,,,,,,,,,,,,,,,,,,,,,,,,,,,,
,,,,,,,,,,,,,,,,,,,,,,,,,,,,,,,,,,,,,,,,,,,,,,,,,,,,,,,,,,,,,,,,,,,,,,,,,,,,,,,,,,,,,,,,,,,,,,,,,,,,,,,,,,,,,,,,,,,,,,,,,,,,,,,,,,,,,,,,,,,
,,,,,,,,,,,,,,,,,,,,,,,,,,,,,,,,,,,,,,,,,,,,,,,,,,,,,,,,,,,,,,,,,,,,,,,,,,,,,,,,,,,,,,,,,,,,,,,,,,,,,,,,,,,,,,,,,,,,,,,,,,,,,,,,,,,,,,,,,,,
,,,,,,,,,,,,,,,,,,,,,,,,,,,,,,,,,,,,,,,,,,,,,,,,,,,,,,,,,,,,,,,,,,,,,,,,,,,,,,,,,,,,,,,,,,,,,,,,,,,,,,,,,,,,,,,,,,,,,,,,,,,,,,,,,,,,,,,,,,,
,,,,,,,,,,,,,,,,,,,,,,,,,,,,,,,,,,,,,,,,,,,,,,,,,,,,,,,,,,,,,,,,,,,,,,,,,,,,,,,,,,,,,,,,,,,,,,,,,,,,,,,,,,,,,,,,,,,,,,,,,,,,,,,,,,,,,,,,,,,
,,,,,,,,,,,,,,,,,,,,,,,,,,,,,,,,,,,,,,,,,,,,,,,,,,,,,,,,,,,,,,,,,,,,,,,,,,,,,,,,,,,,,,,,,,,,,,,,,,,,,,,,,,,,,,,,,,,,,,,,,,,,,,,,,,,,,,,,,,,
,,,,,,,,,,,,,,,,,,,,,,,,,,,,,,,,,,,,,,,,,,,,,,,,,,,,,,,,,,,,,,,,,,,,,,,,,,,,,,,,,,,,,,,,,,,,,,,,,,,,,,,,,,,,,,,,,,,,,,,,,,,,,,,,,,,,,,,,,,,
,,,,,,,,,,,,,,,,,,,,,,,,,,,,,,,,,,,,,,,,,,,,,,,,,,,,,,,,,,,,,,,,,,,,,,,,,,,,,,,,,,,,,,,,,,,,,,,,,,,,,,,,,,,,,,,,,,,,,,,,,,,,,,,,,,,,,,,,,,,
,,,,,,,,,,,,,,,,,,,,,,,,,,,,,,,,,,,,,,,,,,,,,,,,,,,,,,,,,,,,,,,,,,,,,,,,,,,,,,,,,,,,,,,,,,,,,,,,,,,,,,,,,,,,,,,,,,,,,,,,,,,,,,,,,,,,,,,,,,,
,,,,,,,,,,,,,,,,,,,,,,,,,,,,,,,,,,,,,,,,,,,,,,,,,,,,,,,,,,,,,,,,,,,,,,,,,,,,,,,,,,,,,,,,,,,,,,,,,,,,,,,,,,,,,,,,,,,,,,,,,,,,,,,,,,,,,,,,,,,
,,,,,,,,,,,,,,,,,,,,,,,,,,,,,,,,,,,,,,,,,,,,,,,,,,,,,,,,,,,,,,,,,,,,,,,,,,,,,,,,,,,,,,,,,,,,,,,,,,,,,,,,,,,,,,,,,,,,,,,,,,,,,,,,,,,,,,,,,,,
,,,,,,,,,,,,,,,,,,,,,,,,,,,,,,,,,,,,,,,,,,,,,,,,,,,,,,,,,,,,,,,,,,,,,,,,,,,,,,,,,,,,,,,,,,,,,,,,,,,,,,,,,,,,,,,,,,,,,,,,,,,,,,,,,,,,,,,,,,,
,,,,,,,,,,,,,,,,,,,,,,,,,,,,,,,,,,,,,,,,,,,,,,,,,,,,,,,,,,,,,,,,,,,,,,,,,,,,,,,,,,,,,,,,,,,,,,,,,,,,,,,,,,,,,,,,,,,,,,,,,,,,,,,,,,,,,,,,,,,
,,,,,,,,,,,,,,,,,,,,,,,,,,,,,,,,,,,,,,,,,,,,,,,,,,,,,,,,,,,,,,,,,,,,,,,,,,,,,,,,,,,,,,,,,,,,,,,,,,,,,,,,,,,,,,,,,,,,,,,,,,,,,,,,,,,,,,,,,,,
,,,,,,,,,,,,,,,,,,,,,,,,,,,,,,,,,,,,,,,,,,,,,,,,,,,,,,,,,,,,,,,,,,,,,,,,,,,,,,,,,,,,,,,,,,,,,,,,,,,,,,,,,,,,,,,,,,,,,,,,,,,,,,,,,,,,,,,,,,,
,,,,,,,,,,,,,,,,,,,,,,,,,,,,,,,,,,,,,,,,,,,,,,,,,,,,,,,,,,,,,,,,,,,,,,,,,,,,,,,,,,,,,,,,,,,,,,,,,,,,,,,,,,,,,,,,,,,,,,,,,,,,,,,,,,,,,,,,,,,
,,,,,,,,,,,,,,,,,,,,,,,,,,,,,,,,,,,,,,,,,,,,,,,,,,,,,,,,,,,,,,,,,,,,,,,,,,,,,,,,,,,,,,,,,,,,,,,,,,,,,,,,,,,,,,,,,,,,,,,,,,,,,,,,,,,,,,,,,,,
,,,,,,,,,,,,,,,,,,,,,,,,,,,,,,,,,,,,,,,,,,,,,,,,,,,,,,,,,,,,,,,,,,,,,,,,,,,,,,,,,,,,,,,,,,,,,,,,,,,,,,,,,,,,,,,,,,,,,,,,,,,,,,,,,,,,,,,,,,,
,,,,,,,,,,,,,,,,,,,,,,,,,,,,,,,,,,,,,,,,,,,,,,,,,,,,,,,,,,,,,,,,,,,,,,,,,,,,,,,,,,,,,,,,,,,,,,,,,,,,,,,,,,,,,,,,,,,,,,,,,,,,,,,,,,,,,,,,,,,
,,,,,,,,,,,,,,,,,,,,,,,,,,,,,,,,,,,,,,,,,,,,,,,,,,,,,,,,,,,,,,,,,,,,,,,,,,,,,,,,,,,,,,,,,,,,,,,,,,,,,,,,,,,,,,,,,,,,,,,,,,,,,,,,,,,,,,,,,,,
,,,,,,,,,,,,,,,,,,,,,,,,,,,,,,,,,,,,,,,,,,,,,,,,,,,,,,,,,,,,,,,,,,,,,,,,,,,,,,,,,,,,,,,,,,,,,,,,,,,,,,,,,,,,,,,,,,,,,,,,,,,,,,,,,,,,,,,,,,,
,,,,,,,,,,,,,,,,,,,,,,,,,,,,,,,,,,,,,,,,,,,,,,,,,,,,,,,,,,,,,,,,,,,,,,,,,,,,,,,,,,,,,,,,,,,,,,,,,,,,,,,,,,,,,,,,,,,,,,,,,,,,,,,,,,,,,,,,,,,
,,,,,,,,,,,,,,,,,,,,,,,,,,,,,,,,,,,,,,,,,,,,,,,,,,,,,,,,,,,,,,,,,,,,,,,,,,,,,,,,,,,,,,,,,,,,,,,,,,,,,,,,,,,,,,,,,,,,,,,,,,,,,,,,,,,,,,,,,,,
,,,,,,,,,,,,,,,,,,,,,,,,,,,,,,,,,,,,,,,,,,,,,,,,,,,,,,,,,,,,,,,,,,,,,,,,,,,,,,,,,,,,,,,,,,,,,,,,,,,,,,,,,,,,,,,,,,,,,,,,,,,,,,,,,,,,,,,,,,,
,,,,,,,,,,,,,,,,,,,,,,,,,,,,,,,,,,,,,,,,,,,,,,,,,,,,,,,,,,,,,,,,,,,,,,,,,,,,,,,,,,,,,,,,,,,,,,,,,,,,,,,,,,,,,,,,,,,,,,,,,,,,,,,,,,,,,,,,,,,
,,,,,,,,,,,,,,,,,,,,,,,,,,,,,,,,,,,,,,,,,,,,,,,,,,,,,,,,,,,,,,,,,,,,,,,,,,,,,,,,,,,,,,,,,,,,,,,,,,,,,,,,,,,,,,,,,,,,,,,,,,,,,,,,,,,,,,,,,,,
,,,,,,,,,,,,,,,,,,,,,,,,,,,,,,,,,,,,,,,,,,,,,,,,,,,,,,,,,,,,,,,,,,,,,,,,,,,,,,,,,,,,,,,,,,,,,,,,,,,,,,,,,,,,,,,,,,,,,,,,,,,,,,,,,,,,,,,,,,,
,,,,,,,,,,,,,,,,,,,,,,,,,,,,,,,,,,,,,,,,,,,,,,,,,,,,,,,,,,,,,,,,,,,,,,,,,,,,,,,,,,,,,,,,,,,,,,,,,,,,,,,,,,,,,,,,,,,,,,,,,,,,,,,,,,,,,,,,,,,
,,,,,,,,,,,,,,,,,,,,,,,,,,,,,,,,,,,,,,,,,,,,,,,,,,,,,,,,,,,,,,,,,,,,,,,,,,,,,,,,,,,,,,,,,,,,,,,,,,,,,,,,,,,,,,,,,,,,,,,,,,,,,,,,,,,,,,,,,,,
,,,,,,,,,,,,,,,,,,,,,,,,,,,,,,,,,,,,,,,,,,,,,,,,,,,,,,,,,,,,,,,,,,,,,,,,,,,,,,,,,,,,,,,,,,,,,,,,,,,,,,,,,,,,,,,,,,,,,,,,,,,,,,,,,,,,,,,,,,,
,,,,,,,,,,,,,,,,,,,,,,,,,,,,,,,,,,,,,,,,,,,,,,,,,,,,,,,,,,,,,,,,,,,,,,,,,,,,,,,,,,,,,,,,,,,,,,,,,,,,,,,,,,,,,,,,,,,,,,,,,,,,,,,,,,,,,,,,,,,
,,,,,,,,,,,,,,,,,,,,,,,,,,,,,,,,,,,,,,,,,,,,,,,,,,,,,,,,,,,,,,,,,,,,,,,,,,,,,,,,,,,,,,,,,,,,,,,,,,,,,,,,,,,,,,,,,,,,,,,,,,,,,,,,,,,,,,,,,,,
,,,,,,,,,,,,,,,,,,,,,,,,,,,,,,,,,,,,,,,,,,,,,,,,,,,,,,,,,,,,,,,,,,,,,,,,,,,,,,,,,,,,,,,,,,,,,,,,,,,,,,,,,,,,,,,,,,,,,,,,,,,,,,,,,,,,,,,,,,,
,,,,,,,,,,,,,,,,,,,,,,,,,,,,,,,,,,,,,,,,,,,,,,,,,,,,,,,,,,,,,,,,,,,,,,,,,,,,,,,,,,,,,,,,,,,,,,,,,,,,,,,,,,,,,,,,,,,,,,,,,,,,,,,,,,,,,,,,,,,
,,,,,,,,,,,,,,,,,,,,,,,,,,,,,,,,,,,,,,,,,,,,,,,,,,,,,,,,,,,,,,,,,,,,,,,,,,,,,,,,,,,,,,,,,,,,,,,,,,,,,,,,,,,,,,,,,,,,,,,,,,,,,,,,,,,,,,,,,,,
,,,,,,,,,,,,,,,,,,,,,,,,,,,,,,,,,,,,,,,,,,,,,,,,,,,,,,,,,,,,,,,,,,,,,,,,,,,,,,,,,,,,,,,,,,,,,,,,,,,,,,,,,,,,,,,,,,,,,,,,,,,,,,,,,,,,,,,,,,,
,,,,,,,,,,,,,,,,,,,,,,,,,,,,,,,,,,,,,,,,,,,,,,,,,,,,,,,,,,,,,,,,,,,,,,,,,,,,,,,,,,,,,,,,,,,,,,,,,,,,,,,,,,,,,,,,,,,,,,,,,,,,,,,,,,,,,,,,,,,
,,,,,,,,,,,,,,,,,,,,,,,,,,,,,,,,,,,,,,,,,,,,,,,,,,,,,,,,,,,,,,,,,,,,,,,,,,,,,,,,,,,,,,,,,,,,,,,,,,,,,,,,,,,,,,,,,,,,,,,,,,,,,,,,,,,,,,,,,,,
,,,,,,,,,,,,,,,,,,,,,,,,,,,,,,,,,,,,,,,,,,,,,,,,,,,,,,,,,,,,,,,,,,,,,,,,,,,,,,,,,,,,,,,,,,,,,,,,,,,,,,,,,,,,,,,,,,,,,,,,,,,,,,,,,,,,,,,,,,,
,,,,,,,,,,,,,,,,,,,,,,,,,,,,,,,,,,,,,,,,,,,,,,,,,,,,,,,,,,,,,,,,,,,,,,,,,,,,,,,,,,,,,,,,,,,,,,,,,,,,,,,,,,,,,,,,,,,,,,,,,,,,,,,,,,,,,,,,,,,
,,,,,,,,,,,,,,,,,,,,,,,,,,,,,,,,,,,,,,,,,,,,,,,,,,,,,,,,,,,,,,,,,,,,,,,,,,,,,,,,,,,,,,,,,,,,,,,,,,,,,,,,,,,,,,,,,,,,,,,,,,,,,,,,,,,,,,,,,,,
,,,,,,,,,,,,,,,,,,,,,,,,,,,,,,,,,,,,,,,,,,,,,,,,,,,,,,,,,,,,,,,,,,,,,,,,,,,,,,,,,,,,,,,,,,,,,,,,,,,,,,,,,,,,,,,,,,,,,,,,,,,,,,,,,,,,,,,,,,,
,,,,,,,,,,,,,,,,,,,,,,,,,,,,,,,,,,,,,,,,,,,,,,,,,,,,,,,,,,,,,,,,,,,,,,,,,,,,,,,,,,,,,,,,,,,,,,,,,,,,,,,,,,,,,,,,,,,,,,,,,,,,,,,,,,,,,,,,,,,
,,,,,,,,,,,,,,,,,,,,,,,,,,,,,,,,,,,,,,,,,,,,,,,,,,,,,,,,,,,,,,,,,,,,,,,,,,,,,,,,,,,,,,,,,,,,,,,,,,,,,,,,,,,,,,,,,,,,,,,,,,,,,,,,,,,,,,,,,,,
,,,,,,,,,,,,,,,,,,,,,,,,,,,,,,,,,,,,,,,,,,,,,,,,,,,,,,,,,,,,,,,,,,,,,,,,,,,,,,,,,,,,,,,,,,,,,,,,,,,,,,,,,,,,,,,,,,,,,,,,,,,,,,,,,,,,,,,,,,,
,,,,,,,,,,,,,,,,,,,,,,,,,,,,,,,,,,,,,,,,,,,,,,,,,,,,,,,,,,,,,,,,,,,,,,,,,,,,,,,,,,,,,,,,,,,,,,,,,,,,,,,,,,,,,,,,,,,,,,,,,,,,,,,,,,,,,,,,,,,
,,,,,,,,,,,,,,,,,,,,,,,,,,,,,,,,,,,,,,,,,,,,,,,,,,,,,,,,,,,,,,,,,,,,,,,,,,,,,,,,,,,,,,,,,,,,,,,,,,,,,,,,,,,,,,,,,,,,,,,,,,,,,,,,,,,,,,,,,,,
,,,,,,,,,,,,,,,,,,,,,,,,,,,,,,,,,,,,,,,,,,,,,,,,,,,,,,,,,,,,,,,,,,,,,,,,,,,,,,,,,,,,,,,,,,,,,,,,,,,,,,,,,,,,,,,,,,,,,,,,,,,,,,,,,,,,,,,,,,,
,,,,,,,,,,,,,,,,,,,,,,,,,,,,,,,,,,,,,,,,,,,,,,,,,,,,,,,,,,,,,,,,,,,,,,,,,,,,,,,,,,,,,,,,,,,,,,,,,,,,,,,,,,,,,,,,,,,,,,,,,,,,,,,,,,,,,,,,,,,
,,,,,,,,,,,,,,,,,,,,,,,,,,,,,,,,,,,,,,,,,,,,,,,,,,,,,,,,,,,,,,,,,,,,,,,,,,,,,,,,,,,,,,,,,,,,,,,,,,,,,,,,,,,,,,,,,,,,,,,,,,,,,,,,,,,,,,,,,,,
,,,,,,,,,,,,,,,,,,,,,,,,,,,,,,,,,,,,,,,,,,,,,,,,,,,,,,,,,,,,,,,,,,,,,,,,,,,,,,,,,,,,,,,,,,,,,,,,,,,,,,,,,,,,,,,,,,,,,,,,,,,,,,,,,,,,,,,,,,,
,,,,,,,,,,,,,,,,,,,,,,,,,,,,,,,,,,,,,,,,,,,,,,,,,,,,,,,,,,,,,,,,,,,,,,,,,,,,,,,,,,,,,,,,,,,,,,,,,,,,,,,,,,,,,,,,,,,,,,,,,,,,,,,,,,,,,,,,,,,
,,,,,,,,,,,,,,,,,,,,,,,,,,,,,,,,,,,,,,,,,,,,,,,,,,,,,,,,,,,,,,,,,,,,,,,,,,,,,,,,,,,,,,,,,,,,,,,,,,,,,,,,,,,,,,,,,,,,,,,,,,,,,,,,,,,,,,,,,,,
,,,,,,,,,,,,,,,,,,,,,,,,,,,,,,,,,,,,,,,,,,,,,,,,,,,,,,,,,,,,,,,,,,,,,,,,,,,,,,,,,,,,,,,,,,,,,,,,,,,,,,,,,,,,,,,,,,,,,,,,,,,,,,,,,,,,,,,,,,,
,,,,,,,,,,,,,,,,,,,,,,,,,,,,,,,,,,,,,,,,,,,,,,,,,,,,,,,,,,,,,,,,,,,,,,,,,,,,,,,,,,,,,,,,,,,,,,,,,,,,,,,,,,,,,,,,,,,,,,,,,,,,,,,,,,,,,,,,,,,
,,,,,,,,,,,,,,,,,,,,,,,,,,,,,,,,,,,,,,,,,,,,,,,,,,,,,,,,,,,,,,,,,,,,,,,,,,,,,,,,,,,,,,,,,,,,,,,,,,,,,,,,,,,,,,,,,,,,,,,,,,,,,,,,,,,,,,,,,,,
,,,,,,,,,,,,,,,,,,,,,,,,,,,,,,,,,,,,,,,,,,,,,,,,,,,,,,,,,,,,,,,,,,,,,,,,,,,,,,,,,,,,,,,,,,,,,,,,,,,,,,,,,,,,,,,,,,,,,,,,,,,,,,,,,,,,,,,,,,,
,,,,,,,,,,,,,,,,,,,,,,,,,,,,,,,,,,,,,,,,,,,,,,,,,,,,,,,,,,,,,,,,,,,,,,,,,,,,,,,,,,,,,,,,,,,,,,,,,,,,,,,,,,,,,,,,,,,,,,,,,,,,,,,,,,,,,,,,,,,
,,,,,,,,,,,,,,,,,,,,,,,,,,,,,,,,,,,,,,,,,,,,,,,,,,,,,,,,,,,,,,,,,,,,,,,,,,,,,,,,,,,,,,,,,,,,,,,,,,,,,,,,,,,,,,,,,,,,,,,,,,,,,,,,,,,,,,,,,,,
,,,,,,,,,,,,,,,,,,,,,,,,,,,,,,,,,,,,,,,,,,,,,,,,,,,,,,,,,,,,,,,,,,,,,,,,,,,,,,,,,,,,,,,,,,,,,,,,,,,,,,,,,,,,,,,,,,,,,,,,,,,,,,,,,,,,,,,,,,,
,,,,,,,,,,,,,,,,,,,,,,,,,,,,,,,,,,,,,,,,,,,,,,,,,,,,,,,,,,,,,,,,,,,,,,,,,,,,,,,,,,,,,,,,,,,,,,,,,,,,,,,,,,,,,,,,,,,,,,,,,,,,,,,,,,,,,,,,,,,
,,,,,,,,,,,,,,,,,,,,,,,,,,,,,,,,,,,,,,,,,,,,,,,,,,,,,,,,,,,,,,,,,,,,,,,,,,,,,,,,,,,,,,,,,,,,,,,,,,,,,,,,,,,,,,,,,,,,,,,,,,,,,,,,,,,,,,,,,,,
,,,,,,,,,,,,,,,,,,,,,,,,,,,,,,,,,,,,,,,,,,,,,,,,,,,,,,,,,,,,,,,,,,,,,,,,,,,,,,,,,,,,,,,,,,,,,,,,,,,,,,,,,,,,,,,,,,,,,,,,,,,,,,,,,,,,,,,,,,,
,,,,,,,,,,,,,,,,,,,,,,,,,,,,,,,,,,,,,,,,,,,,,,,,,,,,,,,,,,,,,,,,,,,,,,,,,,,,,,,,,,,,,,,,,,,,,,,,,,,,,,,,,,,,,,,,,,,,,,,,,,,,,,,,,,,,,,,,,,,
,,,,,,,,,,,,,,,,,,,,,,,,,,,,,,,,,,,,,,,,,,,,,,,,,,,,,,,,,,,,,,,,,,,,,,,,,,,,,,,,,,,,,,,,,,,,,,,,,,,,,,,,,,,,,,,,,,,,,,,,,,,,,,,,,,,,,,,,,,,
,,,,,,,,,,,,,,,,,,,,,,,,,,,,,,,,,,,,,,,,,,,,,,,,,,,,,,,,,,,,,,,,,,,,,,,,,,,,,,,,,,,,,,,,,,,,,,,,,,,,,,,,,,,,,,,,,,,,,,,,,,,,,,,,,,,,,,,,,,,
,,,,,,,,,,,,,,,,,,,,,,,,,,,,,,,,,,,,,,,,,,,,,,,,,,,,,,,,,,,,,,,,,,,,,,,,,,,,,,,,,,,,,,,,,,,,,,,,,,,,,,,,,,,,,,,,,,,,,,,,,,,,,,,,,,,,,,,,,,,
,,,,,,,,,,,,,,,,,,,,,,,,,,,,,,,,,,,,,,,,,,,,,,,,,,,,,,,,,,,,,,,,,,,,,,,,,,,,,,,,,,,,,,,,,,,,,,,,,,,,,,,,,,,,,,,,,,,,,,,,,,,,,,,,,,,,,,,,,,,
,,,,,,,,,,,,,,,,,,,,,,,,,,,,,,,,,,,,,,,,,,,,,,,,,,,,,,,,,,,,,,,,,,,,,,,,,,,,,,,,,,,,,,,,,,,,,,,,,,,,,,,,,,,,,,,,,,,,,,,,,,,,,,,,,,,,,,,,,,,
,,,,,,,,,,,,,,,,,,,,,,,,,,,,,,,,,,,,,,,,,,,,,,,,,,,,,,,,,,,,,,,,,,,,,,,,,,,,,,,,,,,,,,,,,,,,,,,,,,,,,,,,,,,,,,,,,,,,,,,,,,,,,,,,,,,,,,,,,,,
,,,,,,,,,,,,,,,,,,,,,,,,,,,,,,,,,,,,,,,,,,,,,,,,,,,,,,,,,,,,,,,,,,,,,,,,,,,,,,,,,,,,,,,,,,,,,,,,,,,,,,,,,,,,,,,,,,,,,,,,,,,,,,,,,,,,,,,,,,,
,,,,,,,,,,,,,,,,,,,,,,,,,,,,,,,,,,,,,,,,,,,,,,,,,,,,,,,,,,,,,,,,,,,,,,,,,,,,,,,,,,,,,,,,,,,,,,,,,,,,,,,,,,,,,,,,,,,,,,,,,,,,,,,,,,,,,,,,,,,
,,,,,,,,,,,,,,,,,,,,,,,,,,,,,,,,,,,,,,,,,,,,,,,,,,,,,,,,,,,,,,,,,,,,,,,,,,,,,,,,,,,,,,,,,,,,,,,,,,,,,,,,,,,,,,,,,,,,,,,,,,,,,,,,,,,,,,,,,,,
,,,,,,,,,,,,,,,,,,,,,,,,,,,,,,,,,,,,,,,,,,,,,,,,,,,,,,,,,,,,,,,,,,,,,,,,,,,,,,,,,,,,,,,,,,,,,,,,,,,,,,,,,,,,,,,,,,,,,,,,,,,,,,,,,,,,,,,,,,,
,,,,,,,,,,,,,,,,,,,,,,,,,,,,,,,,,,,,,,,,,,,,,,,,,,,,,,,,,,,,,,,,,,,,,,,,,,,,,,,,,,,,,,,,,,,,,,,,,,,,,,,,,,,,,,,,,,,,,,,,,,,,,,,,,,,,,,,,,,,
,,,,,,,,,,,,,,,,,,,,,,,,,,,,,,,,,,,,,,,,,,,,,,,,,,,,,,,,,,,,,,,,,,,,,,,,,,,,,,,,,,,,,,,,,,,,,,,,,,,,,,,,,,,,,,,,,,,,,,,,,,,,,,,,,,,,,,,,,,,
,,,,,,,,,,,,,,,,,,,,,,,,,,,,,,,,,,,,,,,,,,,,,,,,,,,,,,,,,,,,,,,,,,,,,,,,,,,,,,,,,,,,,,,,,,,,,,,,,,,,,,,,,,,,,,,,,,,,,,,,,,,,,,,,,,,,,,,,,,,
,,,,,,,,,,,,,,,,,,,,,,,,,,,,,,,,,,,,,,,,,,,,,,,,,,,,,,,,,,,,,,,,,,,,,,,,,,,,,,,,,,,,,,,,,,,,,,,,,,,,,,,,,,,,,,,,,,,,,,,,,,,,,,,,,,,,,,,,,,,
,,,,,,,,,,,,,,,,,,,,,,,,,,,,,,,,,,,,,,,,,,,,,,,,,,,,,,,,,,,,,,,,,,,,,,,,,,,,,,,,,,,,,,,,,,,,,,,,,,,,,,,,,,,,,,,,,,,,,,,,,,,,,,,,,,,,,,,,,,,
,,,,,,,,,,,,,,,,,,,,,,,,,,,,,,,,,,,,,,,,,,,,,,,,,,,,,,,,,,,,,,,,,,,,,,,,,,,,,,,,,,,,,,,,,,,,,,,,,,,,,,,,,,,,,,,,,,,,,,,,,,,,,,,,,,,,,,,,,,,
,,,,,,,,,,,,,,,,,,,,,,,,,,,,,,,,,,,,,,,,,,,,,,,,,,,,,,,,,,,,,,,,,,,,,,,,,,,,,,,,,,,,,,,,,,,,,,,,,,,,,,,,,,,,,,,,,,,,,,,,,,,,,,,,,,,,,,,,,,,
,,,,,,,,,,,,,,,,,,,,,,,,,,,,,,,,,,,,,,,,,,,,,,,,,,,,,,,,,,,,,,,,,,,,,,,,,,,,,,,,,,,,,,,,,,,,,,,,,,,,,,,,,,,,,,,,,,,,,,,,,,,,,,,,,,,,,,,,,,,
,,,,,,,,,,,,,,,,,,,,,,,,,,,,,,,,,,,,,,,,,,,,,,,,,,,,,,,,,,,,,,,,,,,,,,,,,,,,,,,,,,,,,,,,,,,,,,,,,,,,,,,,,,,,,,,,,,,,,,,,,,,,,,,,,,,,,,,,,,,
,,,,,,,,,,,,,,,,,,,,,,,,,,,,,,,,,,,,,,,,,,,,,,,,,,,,,,,,,,,,,,,,,,,,,,,,,,,,,,,,,,,,,,,,,,,,,,,,,,,,,,,,,,,,,,,,,,,,,,,,,,,,,,,,,,,,,,,,,,,
,,,,,,,,,,,,,,,,,,,,,,,,,,,,,,,,,,,,,,,,,,,,,,,,,,,,,,,,,,,,,,,,,,,,,,,,,,,,,,,,,,,,,,,,,,,,,,,,,,,,,,,,,,,,,,,,,,,,,,,,,,,,,,,,,,,,,,,,,,,
,,,,,,,,,,,,,,,,,,,,,,,,,,,,,,,,,,,,,,,,,,,,,,,,,,,,,,,,,,,,,,,,,,,,,,,,,,,,,,,,,,,,,,,,,,,,,,,,,,,,,,,,,,,,,,,,,,,,,,,,,,,,,,,,,,,,,,,,,,,
,,,,,,,,,,,,,,,,,,,,,,,,,,,,,,,,,,,,,,,,,,,,,,,,,,,,,,,,,,,,,,,,,,,,,,,,,,,,,,,,,,,,,,,,,,,,,,,,,,,,,,,,,,,,,,,,,,,,,,,,,,,,,,,,,,,,,,,,,,,
,,,,,,,,,,,,,,,,,,,,,,,,,,,,,,,,,,,,,,,,,,,,,,,,,,,,,,,,,,,,,,,,,,,,,,,,,,,,,,,,,,,,,,,,,,,,,,,,,,,,,,,,,,,,,,,,,,,,,,,,,,,,,,,,,,,,,,,,,,,
,,,,,,,,,,,,,,,,,,,,,,,,,,,,,,,,,,,,,,,,,,,,,,,,,,,,,,,,,,,,,,,,,,,,,,,,,,,,,,,,,,,,,,,,,,,,,,,,,,,,,,,,,,,,,,,,,,,,,,,,,,,,,,,,,,,,,,,,,,,
,,,,,,,,,,,,,,,,,,,,,,,,,,,,,,,,,,,,,,,,,,,,,,,,,,,,,,,,,,,,,,,,,,,,,,,,,,,,,,,,,,,,,,,,,,,,,,,,,,,,,,,,,,,,,,,,,,,,,,,,,,,,,,,,,,,,,,,,,,,
,,,,,,,,,,,,,,,,,,,,,,,,,,,,,,,,,,,,,,,,,,,,,,,,,,,,,,,,,,,,,,,,,,,,,,,,,,,,,,,,,,,,,,,,,,,,,,,,,,,,,,,,,,,,,,,,,,,,,,,,,,,,,,,,,,,,,,,,,,,
,,,,,,,,,,,,,,,,,,,,,,,,,,,,,,,,,,,,,,,,,,,,,,,,,,,,,,,,,,,,,,,,,,,,,,,,,,,,,,,,,,,,,,,,,,,,,,,,,,,,,,,,,,,,,,,,,,,,,,,,,,,,,,,,,,,,,,,,,,,
,,,,,,,,,,,,,,,,,,,,,,,,,,,,,,,,,,,,,,,,,,,,,,,,,,,,,,,,,,,,,,,,,,,,,,,,,,,,,,,,,,,,,,,,,,,,,,,,,,,,,,,,,,,,,,,,,,,,,,,,,,,,,,,,,,,,,,,,,,,
,,,,,,,,,,,,,,,,,,,,,,,,,,,,,,,,,,,,,,,,,,,,,,,,,,,,,,,,,,,,,,,,,,,,,,,,,,,,,,,,,,,,,,,,,,,,,,,,,,,,,,,,,,,,,,,,,,,,,,,,,,,,,,,,,,,,,,,,,,,
,,,,,,,,,,,,,,,,,,,,,,,,,,,,,,,,,,,,,,,,,,,,,,,,,,,,,,,,,,,,,,,,,,,,,,,,,,,,,,,,,,,,,,,,,,,,,,,,,,,,,,,,,,,,,,,,,,,,,,,,,,,,,,,,,,,,,,,,,,,
,,,,,,,,,,,,,,,,,,,,,,,,,,,,,,,,,,,,,,,,,,,,,,,,,,,,,,,,,,,,,,,,,,,,,,,,,,,,,,,,,,,,,,,,,,,,,,,,,,,,,,,,,,,,,,,,,,,,,,,,,,,,,,,,,,,,,,,,,,,
,,,,,,,,,,,,,,,,,,,,,,,,,,,,,,,,,,,,,,,,,,,,,,,,,,,,,,,,,,,,,,,,,,,,,,,,,,,,,,,,,,,,,,,,,,,,,,,,,,,,,,,,,,,,,,,,,,,,,,,,,,,,,,,,,,,,,,,,,,,
,,,,,,,,,,,,,,,,,,,,,,,,,,,,,,,,,,,,,,,,,,,,,,,,,,,,,,,,,,,,,,,,,,,,,,,,,,,,,,,,,,,,,,,,,,,,,,,,,,,,,,,,,,,,,,,,,,,,,,,,,,,,,,,,,,,,,,,,,,,
,,,,,,,,,,,,,,,,,,,,,,,,,,,,,,,,,,,,,,,,,,,,,,,,,,,,,,,,,,,,,,,,,,,,,,,,,,,,,,,,,,,,,,,,,,,,,,,,,,,,,,,,,,,,,,,,,,,,,,,,,,,,,,,,,,,,,,,,,,,
,,,,,,,,,,,,,,,,,,,,,,,,,,,,,,,,,,,,,,,,,,,,,,,,,,,,,,,,,,,,,,,,,,,,,,,,,,,,,,,,,,,,,,,,,,,,,,,,,,,,,,,,,,,,,,,,,,,,,,,,,,,,,,,,,,,,,,,,,,,
,,,,,,,,,,,,,,,,,,,,,,,,,,,,,,,,,,,,,,,,,,,,,,,,,,,,,,,,,,,,,,,,,,,,,,,,,,,,,,,,,,,,,,,,,,,,,,,,,,,,,,,,,,,,,,,,,,,,,,,,,,,,,,,,,,,,,,,,,,,
,,,,,,,,,,,,,,,,,,,,,,,,,,,,,,,,,,,,,,,,,,,,,,,,,,,,,,,,,,,,,,,,,,,,,,,,,,,,,,,,,,,,,,,,,,,,,,,,,,,,,,,,,,,,,,,,,,,,,,,,,,,,,,,,,,,,,,,,,,,
,,,,,,,,,,,,,,,,,,,,,,,,,,,,,,,,,,,,,,,,,,,,,,,,,,,,,,,,,,,,,,,,,,,,,,,,,,,,,,,,,,,,,,,,,,,,,,,,,,,,,,,,,,,,,,,,,,,,,,,,,,,,,,,,,,,,,,,,,,,
,,,,,,,,,,,,,,,,,,,,,,,,,,,,,,,,,,,,,,,,,,,,,,,,,,,,,,,,,,,,,,,,,,,,,,,,,,,,,,,,,,,,,,,,,,,,,,,,,,,,,,,,,,,,,,,,,,,,,,,,,,,,,,,,,,,,,,,,,,,
,,,,,,,,,,,,,,,,,,,,,,,,,,,,,,,,,,,,,,,,,,,,,,,,,,,,,,,,,,,,,,,,,,,,,,,,,,,,,,,,,,,,,,,,,,,,,,,,,,,,,,,,,,,,,,,,,,,,,,,,,,,,,,,,,,,,,,,,,,,
,,,,,,,,,,,,,,,,,,,,,,,,,,,,,,,,,,,,,,,,,,,,,,,,,,,,,,,,,,,,,,,,,,,,,,,,,,,,,,,,,,,,,,,,,,,,,,,,,,,,,,,,,,,,,,,,,,,,,,,,,,,,,,,,,,,,,,,,,,,
,,,,,,,,,,,,,,,,,,,,,,,,,,,,,,,,,,,,,,,,,,,,,,,,,,,,,,,,,,,,,,,,,,,,,,,,,,,,,,,,,,,,,,,,,,,,,,,,,,,,,,,,,,,,,,,,,,,,,,,,,,,,,,,,,,,,,,,,,,,
,,,,,,,,,,,,,,,,,,,,,,,,,,,,,,,,,,,,,,,,,,,,,,,,,,,,,,,,,,,,,,,,,,,,,,,,,,,,,,,,,,,,,,,,,,,,,,,,,,,,,,,,,,,,,,,,,,,,,,,,,,,,,,,,,,,,,,,,,,,
,,,,,,,,,,,,,,,,,,,,,,,,,,,,,,,,,,,,,,,,,,,,,,,,,,,,,,,,,,,,,,,,,,,,,,,,,,,,,,,,,,,,,,,,,,,,,,,,,,,,,,,,,,,,,,,,,,,,,,,,,,,,,,,,,,,,,,,,,,,
,,,,,,,,,,,,,,,,,,,,,,,,,,,,,,,,,,,,,,,,,,,,,,,,,,,,,,,,,,,,,,,,,,,,,,,,,,,,,,,,,,,,,,,,,,,,,,,,,,,,,,,,,,,,,,,,,,,,,,,,,,,,,,,,,,,,,,,,,,,
,,,,,,,,,,,,,,,,,,,,,,,,,,,,,,,,,,,,,,,,,,,,,,,,,,,,,,,,,,,,,,,,,,,,,,,,,,,,,,,,,,,,,,,,,,,,,,,,,,,,,,,,,,,,,,,,,,,,,,,,,,,,,,,,,,,,,,,,,,,
,,,,,,,,,,,,,,,,,,,,,,,,,,,,,,,,,,,,,,,,,,,,,,,,,,,,,,,,,,,,,,,,,,,,,,,,,,,,,,,,,,,,,,,,,,,,,,,,,,,,,,,,,,,,,,,,,,,,,,,,,,,,,,,,,,,,,,,,,,,
,,,,,,,,,,,,,,,,,,,,,,,,,,,,,,,,,,,,,,,,,,,,,,,,,,,,,,,,,,,,,,,,,,,,,,,,,,,,,,,,,,,,,,,,,,,,,,,,,,,,,,,,,,,,,,,,,,,,,,,,,,,,,,,,,,,,,,,,,,,
,,,,,,,,,,,,,,,,,,,,,,,,,,,,,,,,,,,,,,,,,,,,,,,,,,,,,,,,,,,,,,,,,,,,,,,,,,,,,,,,,,,,,,,,,,,,,,,,,,,,,,,,,,,,,,,,,,,,,,,,,,,,,,,,,,,,,,,,,,,
,,,,,,,,,,,,,,,,,,,,,,,,,,,,,,,,,,,,,,,,,,,,,,,,,,,,,,,,,,,,,,,,,,,,,,,,,,,,,,,,,,,,,,,,,,,,,,,,,,,,,,,,,,,,,,,,,,,,,,,,,,,,,,,,,,,,,,,,,,,
,,,,,,,,,,,,,,,,,,,,,,,,,,,,,,,,,,,,,,,,,,,,,,,,,,,,,,,,,,,,,,,,,,,,,,,,,,,,,,,,,,,,,,,,,,,,,,,,,,,,,,,,,,,,,,,,,,,,,,,,,,,,,,,,,,,,,,,,,,,
,,,,,,,,,,,,,,,,,,,,,,,,,,,,,,,,,,,,,,,,,,,,,,,,,,,,,,,,,,,,,,,,,,,,,,,,,,,,,,,,,,,,,,,,,,,,,,,,,,,,,,,,,,,,,,,,,,,,,,,,,,,,,,,,,,,,,,,,,,,
,,,,,,,,,,,,,,,,,,,,,,,,,,,,,,,,,,,,,,,,,,,,,,,,,,,,,,,,,,,,,,,,,,,,,,,,,,,,,,,,,,,,,,,,,,,,,,,,,,,,,,,,,,,,,,,,,,,,,,,,,,,,,,,,,,,,,,,,,,,
,,,,,,,,,,,,,,,,,,,,,,,,,,,,,,,,,,,,,,,,,,,,,,,,,,,,,,,,,,,,,,,,,,,,,,,,,,,,,,,,,,,,,,,,,,,,,,,,,,,,,,,,,,,,,,,,,,,,,,,,,,,,,,,,,,,,,,,,,,,
,,,,,,,,,,,,,,,,,,,,,,,,,,,,,,,,,,,,,,,,,,,,,,,,,,,,,,,,,,,,,,,,,,,,,,,,,,,,,,,,,,,,,,,,,,,,,,,,,,,,,,,,,,,,,,,,,,,,,,,,,,,,,,,,,,,,,,,,,,,
,,,,,,,,,,,,,,,,,,,,,,,,,,,,,,,,,,,,,,,,,,,,,,,,,,,,,,,,,,,,,,,,,,,,,,,,,,,,,,,,,,,,,,,,,,,,,,,,,,,,,,,,,,,,,,,,,,,,,,,,,,,,,,,,,,,,,,,,,,,
,,,,,,,,,,,,,,,,,,,,,,,,,,,,,,,,,,,,,,,,,,,,,,,,,,,,,,,,,,,,,,,,,,,,,,,,,,,,,,,,,,,,,,,,,,,,,,,,,,,,,,,,,,,,,,,,,,,,,,,,,,,,,,,,,,,,,,,,,,,
,,,,,,,,,,,,,,,,,,,,,,,,,,,,,,,,,,,,,,,,,,,,,,,,,,,,,,,,,,,,,,,,,,,,,,,,,,,,,,,,,,,,,,,,,,,,,,,,,,,,,,,,,,,,,,,,,,,,,,,,,,,,,,,,,,,,,,,,,,,
,,,,,,,,,,,,,,,,,,,,,,,,,,,,,,,,,,,,,,,,,,,,,,,,,,,,,,,,,,,,,,,,,,,,,,,,,,,,,,,,,,,,,,,,,,,,,,,,,,,,,,,,,,,,,,,,,,,,,,,,,,,,,,,,,,,,,,,,,,,
,,,,,,,,,,,,,,,,,,,,,,,,,,,,,,,,,,,,,,,,,,,,,,,,,,,,,,,,,,,,,,,,,,,,,,,,,,,,,,,,,,,,,,,,,,,,,,,,,,,,,,,,,,,,,,,,,,,,,,,,,,,,,,,,,,,,,,,,,,,
,,,,,,,,,,,,,,,,,,,,,,,,,,,,,,,,,,,,,,,,,,,,,,,,,,,,,,,,,,,,,,,,,,,,,,,,,,,,,,,,,,,,,,,,,,,,,,,,,,,,,,,,,,,,,,,,,,,,,,,,,,,,,,,,,,,,,,,,,,,
,,,,,,,,,,,,,,,,,,,,,,,,,,,,,,,,,,,,,,,,,,,,,,,,,,,,,,,,,,,,,,,,,,,,,,,,,,,,,,,,,,,,,,,,,,,,,,,,,,,,,,,,,,,,,,,,,,,,,,,,,,,,,,,,,,,,,,,,,,,
,,,,,,,,,,,,,,,,,,,,,,,,,,,,,,,,,,,,,,,,,,,,,,,,,,,,,,,,,,,,,,,,,,,,,,,,,,,,,,,,,,,,,,,,,,,,,,,,,,,,,,,,,,,,,,,,,,,,,,,,,,,,,,,,,,,,,,,,,,,
,,,,,,,,,,,,,,,,,,,,,,,,,,,,,,,,,,,,,,,,,,,,,,,,,,,,,,,,,,,,,,,,,,,,,,,,,,,,,,,,,,,,,,,,,,,,,,,,,,,,,,,,,,,,,,,,,,,,,,,,,,,,,,,,,,,,,,,,,,,
,,,,,,,,,,,,,,,,,,,,,,,,,,,,,,,,,,,,,,,,,,,,,,,,,,,,,,,,,,,,,,,,,,,,,,,,,,,,,,,,,,,,,,,,,,,,,,,,,,,,,,,,,,,,,,,,,,,,,,,,,,,,,,,,,,,,,,,,,,,
,,,,,,,,,,,,,,,,,,,,,,,,,,,,,,,,,,,,,,,,,,,,,,,,,,,,,,,,,,,,,,,,,,,,,,,,,,,,,,,,,,,,,,,,,,,,,,,,,,,,,,,,,,,,,,,,,,,,,,,,,,,,,,,,,,,,,,,,,,,
,,,,,,,,,,,,,,,,,,,,,,,,,,,,,,,,,,,,,,,,,,,,,,,,,,,,,,,,,,,,,,,,,,,,,,,,,,,,,,,,,,,,,,,,,,,,,,,,,,,,,,,,,,,,,,,,,,,,,,,,,,,,,,,,,,,,,,,,,,,
,,,,,,,,,,,,,,,,,,,,,,,,,,,,,,,,,,,,,,,,,,,,,,,,,,,,,,,,,,,,,,,,,,,,,,,,,,,,,,,,,,,,,,,,,,,,,,,,,,,,,,,,,,,,,,,,,,,,,,,,,,,,,,,,,,,,,,,,,,,
,,,,,,,,,,,,,,,,,,,,,,,,,,,,,,,,,,,,,,,,,,,,,,,,,,,,,,,,,,,,,,,,,,,,,,,,,,,,,,,,,,,,,,,,,,,,,,,,,,,,,,,,,,,,,,,,,,,,,,,,,,,,,,,,,,,,,,,,,,,
,,,,,,,,,,,,,,,,,,,,,,,,,,,,,,,,,,,,,,,,,,,,,,,,,,,,,,,,,,,,,,,,,,,,,,,,,,,,,,,,,,,,,,,,,,,,,,,,,,,,,,,,,,,,,,,,,,,,,,,,,,,,,,,,,,,,,,,,,,,
,,,,,,,,,,,,,,,,,,,,,,,,,,,,,,,,,,,,,,,,,,,,,,,,,,,,,,,,,,,,,,,,,,,,,,,,,,,,,,,,,,,,,,,,,,,,,,,,,,,,,,,,,,,,,,,,,,,,,,,,,,,,,,,,,,,,,,,,,,,
,,,,,,,,,,,,,,,,,,,,,,,,,,,,,,,,,,,,,,,,,,,,,,,,,,,,,,,,,,,,,,,,,,,,,,,,,,,,,,,,,,,,,,,,,,,,,,,,,,,,,,,,,,,,,,,,,,,,,,,,,,,,,,,,,,,,,,,,,,,
,,,,,,,,,,,,,,,,,,,,,,,,,,,,,,,,,,,,,,,,,,,,,,,,,,,,,,,,,,,,,,,,,,,,,,,,,,,,,,,,,,,,,,,,,,,,,,,,,,,,,,,,,,,,,,,,,,,,,,,,,,,,,,,,,,,,,,,,,,,
,,,,,,,,,,,,,,,,,,,,,,,,,,,,,,,,,,,,,,,,,,,,,,,,,,,,,,,,,,,,,,,,,,,,,,,,,,,,,,,,,,,,,,,,,,,,,,,,,,,,,,,,,,,,,,,,,,,,,,,,,,,,,,,,,,,,,,,,,,,
,,,,,,,,,,,,,,,,,,,,,,,,,,,,,,,,,,,,,,,,,,,,,,,,,,,,,,,,,,,,,,,,,,,,,,,,,,,,,,,,,,,,,,,,,,,,,,,,,,,,,,,,,,,,,,,,,,,,,,,,,,,,,,,,,,,,,,,,,,,
,,,,,,,,,,,,,,,,,,,,,,,,,,,,,,,,,,,,,,,,,,,,,,,,,,,,,,,,,,,,,,,,,,,,,,,,,,,,,,,,,,,,,,,,,,,,,,,,,,,,,,,,,,,,,,,,,,,,,,,,,,,,,,,,,,,,,,,,,,,
,,,,,,,,,,,,,,,,,,,,,,,,,,,,,,,,,,,,,,,,,,,,,,,,,,,,,,,,,,,,,,,,,,,,,,,,,,,,,,,,,,,,,,,,,,,,,,,,,,,,,,,,,,,,,,,,,,,,,,,,,,,,,,,,,,,,,,,,,,,
,,,,,,,,,,,,,,,,,,,,,,,,,,,,,,,,,,,,,,,,,,,,,,,,,,,,,,,,,,,,,,,,,,,,,,,,,,,,,,,,,,,,,,,,,,,,,,,,,,,,,,,,,,,,,,,,,,,,,,,,,,,,,,,,,,,,,,,,,,,
,,,,,,,,,,,,,,,,,,,,,,,,,,,,,,,,,,,,,,,,,,,,,,,,,,,,,,,,,,,,,,,,,,,,,,,,,,,,,,,,,,,,,,,,,,,,,,,,,,,,,,,,,,,,,,,,,,,,,,,,,,,,,,,,,,,,,,,,,,,
,,,,,,,,,,,,,,,,,,,,,,,,,,,,,,,,,,,,,,,,,,,,,,,,,,,,,,,,,,,,,,,,,,,,,,,,,,,,,,,,,,,,,,,,,,,,,,,,,,,,,,,,,,,,,,,,,,,,,,,,,,,,,,,,,,,,,,,,,,,
,,,,,,,,,,,,,,,,,,,,,,,,,,,,,,,,,,,,,,,,,,,,,,,,,,,,,,,,,,,,,,,,,,,,,,,,,,,,,,,,,,,,,,,,,,,,,,,,,,,,,,,,,,,,,,,,,,,,,,,,,,,,,,,,,,,,,,,,,,,
,,,,,,,,,,,,,,,,,,,,,,,,,,,,,,,,,,,,,,,,,,,,,,,,,,,,,,,,,,,,,,,,,,,,,,,,,,,,,,,,,,,,,,,,,,,,,,,,,,,,,,,,,,,,,,,,,,,,,,,,,,,,,,,,,,,,,,,,,,,
,,,,,,,,,,,,,,,,,,,,,,,,,,,,,,,,,,,,,,,,,,,,,,,,,,,,,,,,,,,,,,,,,,,,,,,,,,,,,,,,,,,,,,,,,,,,,,,,,,,,,,,,,,,,,,,,,,,,,,,,,,,,,,,,,,,,,,,,,,,
,,,,,,,,,,,,,,,,,,,,,,,,,,,,,,,,,,,,,,,,,,,,,,,,,,,,,,,,,,,,,,,,,,,,,,,,,,,,,,,,,,,,,,,,,,,,,,,,,,,,,,,,,,,,,,,,,,,,,,,,,,,,,,,,,,,,,,,,,,,
,,,,,,,,,,,,,,,,,,,,,,,,,,,,,,,,,,,,,,,,,,,,,,,,,,,,,,,,,,,,,,,,,,,,,,,,,,,,,,,,,,,,,,,,,,,,,,,,,,,,,,,,,,,,,,,,,,,,,,,,,,,,,,,,,,,,,,,,,,,
,,,,,,,,,,,,,,,,,,,,,,,,,,,,,,,,,,,,,,,,,,,,,,,,,,,,,,,,,,,,,,,,,,,,,,,,,,,,,,,,,,,,,,,,,,,,,,,,,,,,,,,,,,,,,,,,,,,,,,,,,,,,,,,,,,,,,,,,,,,
,,,,,,,,,,,,,,,,,,,,,,,,,,,,,,,,,,,,,,,,,,,,,,,,,,,,,,,,,,,,,,,,,,,,,,,,,,,,,,,,,,,,,,,,,,,,,,,,,,,,,,,,,,,,,,,,,,,,,,,,,,,,,,,,,,,,,,,,,,,
,,,,,,,,,,,,,,,,,,,,,,,,,,,,,,,,,,,,,,,,,,,,,,,,,,,,,,,,,,,,,,,,,,,,,,,,,,,,,,,,,,,,,,,,,,,,,,,,,,,,,,,,,,,,,,,,,,,,,,,,,,,,,,,,,,,,,,,,,,,
,,,,,,,,,,,,,,,,,,,,,,,,,,,,,,,,,,,,,,,,,,,,,,,,,,,,,,,,,,,,,,,,,,,,,,,,,,,,,,,,,,,,,,,,,,,,,,,,,,,,,,,,,,,,,,,,,,,,,,,,,,,,,,,,,,,,,,,,,,,
,,,,,,,,,,,,,,,,,,,,,,,,,,,,,,,,,,,,,,,,,,,,,,,,,,,,,,,,,,,,,,,,,,,,,,,,,,,,,,,,,,,,,,,,,,,,,,,,,,,,,,,,,,,,,,,,,,,,,,,,,,,,,,,,,,,,,,,,,,,
,,,,,,,,,,,,,,,,,,,,,,,,,,,,,,,,,,,,,,,,,,,,,,,,,,,,,,,,,,,,,,,,,,,,,,,,,,,,,,,,,,,,,,,,,,,,,,,,,,,,,,,,,,,,,,,,,,,,,,,,,,,,,,,,,,,,,,,,,,,
,,,,,,,,,,,,,,,,,,,,,,,,,,,,,,,,,,,,,,,,,,,,,,,,,,,,,,,,,,,,,,,,,,,,,,,,,,,,,,,,,,,,,,,,,,,,,,,,,,,,,,,,,,,,,,,,,,,,,,,,,,,,,,,,,,,,,,,,,,,
,,,,,,,,,,,,,,,,,,,,,,,,,,,,,,,,,,,,,,,,,,,,,,,,,,,,,,,,,,,,,,,,,,,,,,,,,,,,,,,,,,,,,,,,,,,,,,,,,,,,,,,,,,,,,,,,,,,,,,,,,,,,,,,,,,,,,,,,,,,
,,,,,,,,,,,,,,,,,,,,,,,,,,,,,,,,,,,,,,,,,,,,,,,,,,,,,,,,,,,,,,,,,,,,,,,,,,,,,,,,,,,,,,,,,,,,,,,,,,,,,,,,,,,,,,,,,,,,,,,,,,,,,,,,,,,,,,,,,,,
,,,,,,,,,,,,,,,,,,,,,,,,,,,,,,,,,,,,,,,,,,,,,,,,,,,,,,,,,,,,,,,,,,,,,,,,,,,,,,,,,,,,,,,,,,,,,,,,,,,,,,,,,,,,,,,,,,,,,,,,,,,,,,,,,,,,,,,,,,,
,,,,,,,,,,,,,,,,,,,,,,,,,,,,,,,,,,,,,,,,,,,,,,,,,,,,,,,,,,,,,,,,,,,,,,,,,,,,,,,,,,,,,,,,,,,,,,,,,,,,,,,,,,,,,,,,,,,,,,,,,,,,,,,,,,,,,,,,,,,
,,,,,,,,,,,,,,,,,,,,,,,,,,,,,,,,,,,,,,,,,,,,,,,,,,,,,,,,,,,,,,,,,,,,,,,,,,,,,,,,,,,,,,,,,,,,,,,,,,,,,,,,,,,,,,,,,,,,,,,,,,,,,,,,,,,,,,,,,,,
,,,,,,,,,,,,,,,,,,,,,,,,,,,,,,,,,,,,,,,,,,,,,,,,,,,,,,,,,,,,,,,,,,,,,,,,,,,,,,,,,,,,,,,,,,,,,,,,,,,,,,,,,,,,,,,,,,,,,,,,,,,,,,,,,,,,,,,,,,,
,,,,,,,,,,,,,,,,,,,,,,,,,,,,,,,,,,,,,,,,,,,,,,,,,,,,,,,,,,,,,,,,,,,,,,,,,,,,,,,,,,,,,,,,,,,,,,,,,,,,,,,,,,,,,,,,,,,,,,,,,,,,,,,,,,,,,,,,,,,
,,,,,,,,,,,,,,,,,,,,,,,,,,,,,,,,,,,,,,,,,,,,,,,,,,,,,,,,,,,,,,,,,,,,,,,,,,,,,,,,,,,,,,,,,,,,,,,,,,,,,,,,,,,,,,,,,,,,,,,,,,,,,,,,,,,,,,,,,,,
,,,,,,,,,,,,,,,,,,,,,,,,,,,,,,,,,,,,,,,,,,,,,,,,,,,,,,,,,,,,,,,,,,,,,,,,,,,,,,,,,,,,,,,,,,,,,,,,,,,,,,,,,,,,,,,,,,,,,,,,,,,,,,,,,,,,,,,,,,,
,,,,,,,,,,,,,,,,,,,,,,,,,,,,,,,,,,,,,,,,,,,,,,,,,,,,,,,,,,,,,,,,,,,,,,,,,,,,,,,,,,,,,,,,,,,,,,,,,,,,,,,,,,,,,,,,,,,,,,,,,,,,,,,,,,,,,,,,,,,
,,,,,,,,,,,,,,,,,,,,,,,,,,,,,,,,,,,,,,,,,,,,,,,,,,,,,,,,,,,,,,,,,,,,,,,,,,,,,,,,,,,,,,,,,,,,,,,,,,,,,,,,,,,,,,,,,,,,,,,,,,,,,,,,,,,,,,,,,,,
,,,,,,,,,,,,,,,,,,,,,,,,,,,,,,,,,,,,,,,,,,,,,,,,,,,,,,,,,,,,,,,,,,,,,,,,,,,,,,,,,,,,,,,,,,,,,,,,,,,,,,,,,,,,,,,,,,,,,,,,,,,,,,,,,,,,,,,,,,,
,,,,,,,,,,,,,,,,,,,,,,,,,,,,,,,,,,,,,,,,,,,,,,,,,,,,,,,,,,,,,,,,,,,,,,,,,,,,,,,,,,,,,,,,,,,,,,,,,,,,,,,,,,,,,,,,,,,,,,,,,,,,,,,,,,,,,,,,,,,
,,,,,,,,,,,,,,,,,,,,,,,,,,,,,,,,,,,,,,,,,,,,,,,,,,,,,,,,,,,,,,,,,,,,,,,,,,,,,,,,,,,,,,,,,,,,,,,,,,,,,,,,,,,,,,,,,,,,,,,,,,,,,,,,,,,,,,,,,,,
,,,,,,,,,,,,,,,,,,,,,,,,,,,,,,,,,,,,,,,,,,,,,,,,,,,,,,,,,,,,,,,,,,,,,,,,,,,,,,,,,,,,,,,,,,,,,,,,,,,,,,,,,,,,,,,,,,,,,,,,,,,,,,,,,,,,,,,,,,,
,,,,,,,,,,,,,,,,,,,,,,,,,,,,,,,,,,,,,,,,,,,,,,,,,,,,,,,,,,,,,,,,,,,,,,,,,,,,,,,,,,,,,,,,,,,,,,,,,,,,,,,,,,,,,,,,,,,,,,,,,,,,,,,,,,,,,,,,,,,
,,,,,,,,,,,,,,,,,,,,,,,,,,,,,,,,,,,,,,,,,,,,,,,,,,,,,,,,,,,,,,,,,,,,,,,,,,,,,,,,,,,,,,,,,,,,,,,,,,,,,,,,,,,,,,,,,,,,,,,,,,,,,,,,,,,,,,,,,,,
,,,,,,,,,,,,,,,,,,,,,,,,,,,,,,,,,,,,,,,,,,,,,,,,,,,,,,,,,,,,,,,,,,,,,,,,,,,,,,,,,,,,,,,,,,,,,,,,,,,,,,,,,,,,,,,,,,,,,,,,,,,,,,,,,,,,,,,,,,,
,,,,,,,,,,,,,,,,,,,,,,,,,,,,,,,,,,,,,,,,,,,,,,,,,,,,,,,,,,,,,,,,,,,,,,,,,,,,,,,,,,,,,,,,,,,,,,,,,,,,,,,,,,,,,,,,,,,,,,,,,,,,,,,,,,,,,,,,,,,
,,,,,,,,,,,,,,,,,,,,,,,,,,,,,,,,,,,,,,,,,,,,,,,,,,,,,,,,,,,,,,,,,,,,,,,,,,,,,,,,,,,,,,,,,,,,,,,,,,,,,,,,,,,,,,,,,,,,,,,,,,,,,,,,,,,,,,,,,,,
,,,,,,,,,,,,,,,,,,,,,,,,,,,,,,,,,,,,,,,,,,,,,,,,,,,,,,,,,,,,,,,,,,,,,,,,,,,,,,,,,,,,,,,,,,,,,,,,,,,,,,,,,,,,,,,,,,,,,,,,,,,,,,,,,,,,,,,,,,,
,,,,,,,,,,,,,,,,,,,,,,,,,,,,,,,,,,,,,,,,,,,,,,,,,,,,,,,,,,,,,,,,,,,,,,,,,,,,,,,,,,,,,,,,,,,,,,,,,,,,,,,,,,,,,,,,,,,,,,,,,,,,,,,,,,,,,,,,,,,
,,,,,,,,,,,,,,,,,,,,,,,,,,,,,,,,,,,,,,,,,,,,,,,,,,,,,,,,,,,,,,,,,,,,,,,,,,,,,,,,,,,,,,,,,,,,,,,,,,,,,,,,,,,,,,,,,,,,,,,,,,,,,,,,,,,,,,,,,,,
,,,,,,,,,,,,,,,,,,,,,,,,,,,,,,,,,,,,,,,,,,,,,,,,,,,,,,,,,,,,,,,,,,,,,,,,,,,,,,,,,,,,,,,,,,,,,,,,,,,,,,,,,,,,,,,,,,,,,,,,,,,,,,,,,,,,,,,,,,,
,,,,,,,,,,,,,,,,,,,,,,,,,,,,,,,,,,,,,,,,,,,,,,,,,,,,,,,,,,,,,,,,,,,,,,,,,,,,,,,,,,,,,,,,,,,,,,,,,,,,,,,,,,,,,,,,,,,,,,,,,,,,,,,,,,,,,,,,,,,
,,,,,,,,,,,,,,,,,,,,,,,,,,,,,,,,,,,,,,,,,,,,,,,,,,,,,,,,,,,,,,,,,,,,,,,,,,,,,,,,,,,,,,,,,,,,,,,,,,,,,,,,,,,,,,,,,,,,,,,,,,,,,,,,,,,,,,,,,,,
,,,,,,,,,,,,,,,,,,,,,,,,,,,,,,,,,,,,,,,,,,,,,,,,,,,,,,,,,,,,,,,,,,,,,,,,,,,,,,,,,,,,,,,,,,,,,,,,,,,,,,,,,,,,,,,,,,,,,,,,,,,,,,,,,,,,,,,,,,,
,,,,,,,,,,,,,,,,,,,,,,,,,,,,,,,,,,,,,,,,,,,,,,,,,,,,,,,,,,,,,,,,,,,,,,,,,,,,,,,,,,,,,,,,,,,,,,,,,,,,,,,,,,,,,,,,,,,,,,,,,,,,,,,,,,,,,,,,,,,
,,,,,,,,,,,,,,,,,,,,,,,,,,,,,,,,,,,,,,,,,,,,,,,,,,,,,,,,,,,,,,,,,,,,,,,,,,,,,,,,,,,,,,,,,,,,,,,,,,,,,,,,,,,,,,,,,,,,,,,,,,,,,,,,,,,,,,,,,,,
,,,,,,,,,,,,,,,,,,,,,,,,,,,,,,,,,,,,,,,,,,,,,,,,,,,,,,,,,,,,,,,,,,,,,,,,,,,,,,,,,,,,,,,,,,,,,,,,,,,,,,,,,,,,,,,,,,,,,,,,,,,,,,,,,,,,,,,,,,,
,,,,,,,,,,,,,,,,,,,,,,,,,,,,,,,,,,,,,,,,,,,,,,,,,,,,,,,,,,,,,,,,,,,,,,,,,,,,,,,,,,,,,,,,,,,,,,,,,,,,,,,,,,,,,,,,,,,,,,,,,,,,,,,,,,,,,,,,,,,
,,,,,,,,,,,,,,,,,,,,,,,,,,,,,,,,,,,,,,,,,,,,,,,,,,,,,,,,,,,,,,,,,,,,,,,,,,,,,,,,,,,,,,,,,,,,,,,,,,,,,,,,,,,,,,,,,,,,,,,,,,,,,,,,,,,,,,,,,,,
,,,,,,,,,,,,,,,,,,,,,,,,,,,,,,,,,,,,,,,,,,,,,,,,,,,,,,,,,,,,,,,,,,,,,,,,,,,,,,,,,,,,,,,,,,,,,,,,,,,,,,,,,,,,,,,,,,,,,,,,,,,,,,,,,,,,,,,,,,,
,,,,,,,,,,,,,,,,,,,,,,,,,,,,,,,,,,,,,,,,,,,,,,,,,,,,,,,,,,,,,,,,,,,,,,,,,,,,,,,,,,,,,,,,,,,,,,,,,,,,,,,,,,,,,,,,,,,,,,,,,,,,,,,,,,,,,,,,,,,
,,,,,,,,,,,,,,,,,,,,,,,,,,,,,,,,,,,,,,,,,,,,,,,,,,,,,,,,,,,,,,,,,,,,,,,,,,,,,,,,,,,,,,,,,,,,,,,,,,,,,,,,,,,,,,,,,,,,,,,,,,,,,,,,,,,,,,,,,,,
,,,,,,,,,,,,,,,,,,,,,,,,,,,,,,,,,,,,,,,,,,,,,,,,,,,,,,,,,,,,,,,,,,,,,,,,,,,,,,,,,,,,,,,,,,,,,,,,,,,,,,,,,,,,,,,,,,,,,,,,,,,,,,,,,,,,,,,,,,,
,,,,,,,,,,,,,,,,,,,,,,,,,,,,,,,,,,,,,,,,,,,,,,,,,,,,,,,,,,,,,,,,,,,,,,,,,,,,,,,,,,,,,,,,,,,,,,,,,,,,,,,,,,,,,,,,,,,,,,,,,,,,,,,,,,,,,,,,,,,
,,,,,,,,,,,,,,,,,,,,,,,,,,,,,,,,,,,,,,,,,,,,,,,,,,,,,,,,,,,,,,,,,,,,,,,,,,,,,,,,,,,,,,,,,,,,,,,,,,,,,,,,,,,,,,,,,,,,,,,,,,,,,,,,,,,,,,,,,,,
,,,,,,,,,,,,,,,,,,,,,,,,,,,,,,,,,,,,,,,,,,,,,,,,,,,,,,,,,,,,,,,,,,,,,,,,,,,,,,,,,,,,,,,,,,,,,,,,,,,,,,,,,,,,,,,,,,,,,,,,,,,,,,,,,,,,,,,,,,,
,,,,,,,,,,,,,,,,,,,,,,,,,,,,,,,,,,,,,,,,,,,,,,,,,,,,,,,,,,,,,,,,,,,,,,,,,,,,,,,,,,,,,,,,,,,,,,,,,,,,,,,,,,,,,,,,,,,,,,,,,,,,,,,,,,,,,,,,,,,
,,,,,,,,,,,,,,,,,,,,,,,,,,,,,,,,,,,,,,,,,,,,,,,,,,,,,,,,,,,,,,,,,,,,,,,,,,,,,,,,,,,,,,,,,,,,,,,,,,,,,,,,,,,,,,,,,,,,,,,,,,,,,,,,,,,,,,,,,,,
,,,,,,,,,,,,,,,,,,,,,,,,,,,,,,,,,,,,,,,,,,,,,,,,,,,,,,,,,,,,,,,,,,,,,,,,,,,,,,,,,,,,,,,,,,,,,,,,,,,,,,,,,,,,,,,,,,,,,,,,,,,,,,,,,,,,,,,,,,,
,,,,,,,,,,,,,,,,,,,,,,,,,,,,,,,,,,,,,,,,,,,,,,,,,,,,,,,,,,,,,,,,,,,,,,,,,,,,,,,,,,,,,,,,,,,,,,,,,,,,,,,,,,,,,,,,,,,,,,,,,,,,,,,,,,,,,,,,,,,
,,,,,,,,,,,,,,,,,,,,,,,,,,,,,,,,,,,,,,,,,,,,,,,,,,,,,,,,,,,,,,,,,,,,,,,,,,,,,,,,,,,,,,,,,,,,,,,,,,,,,,,,,,,,,,,,,,,,,,,,,,,,,,,,,,,,,,,,,,,
,,,,,,,,,,,,,,,,,,,,,,,,,,,,,,,,,,,,,,,,,,,,,,,,,,,,,,,,,,,,,,,,,,,,,,,,,,,,,,,,,,,,,,,,,,,,,,,,,,,,,,,,,,,,,,,,,,,,,,,,,,,,,,,,,,,,,,,,,,,
,,,,,,,,,,,,,,,,,,,,,,,,,,,,,,,,,,,,,,,,,,,,,,,,,,,,,,,,,,,,,,,,,,,,,,,,,,,,,,,,,,,,,,,,,,,,,,,,,,,,,,,,,,,,,,,,,,,,,,,,,,,,,,,,,,,,,,,,,,,
,,,,,,,,,,,,,,,,,,,,,,,,,,,,,,,,,,,,,,,,,,,,,,,,,,,,,,,,,,,,,,,,,,,,,,,,,,,,,,,,,,,,,,,,,,,,,,,,,,,,,,,,,,,,,,,,,,,,,,,,,,,,,,,,,,,,,,,,,,,
,,,,,,,,,,,,,,,,,,,,,,,,,,,,,,,,,,,,,,,,,,,,,,,,,,,,,,,,,,,,,,,,,,,,,,,,,,,,,,,,,,,,,,,,,,,,,,,,,,,,,,,,,,,,,,,,,,,,,,,,,,,,,,,,,,,,,,,,,,,
,,,,,,,,,,,,,,,,,,,,,,,,,,,,,,,,,,,,,,,,,,,,,,,,,,,,,,,,,,,,,,,,,,,,,,,,,,,,,,,,,,,,,,,,,,,,,,,,,,,,,,,,,,,,,,,,,,,,,,,,,,,,,,,,,,,,,,,,,,,
,,,,,,,,,,,,,,,,,,,,,,,,,,,,,,,,,,,,,,,,,,,,,,,,,,,,,,,,,,,,,,,,,,,,,,,,,,,,,,,,,,,,,,,,,,,,,,,,,,,,,,,,,,,,,,,,,,,,,,,,,,,,,,,,,,,,,,,,,,,
,,,,,,,,,,,,,,,,,,,,,,,,,,,,,,,,,,,,,,,,,,,,,,,,,,,,,,,,,,,,,,,,,,,,,,,,,,,,,,,,,,,,,,,,,,,,,,,,,,,,,,,,,,,,,,,,,,,,,,,,,,,,,,,,,,,,,,,,,,,
,,,,,,,,,,,,,,,,,,,,,,,,,,,,,,,,,,,,,,,,,,,,,,,,,,,,,,,,,,,,,,,,,,,,,,,,,,,,,,,,,,,,,,,,,,,,,,,,,,,,,,,,,,,,,,,,,,,,,,,,,,,,,,,,,,,,,,,,,,,
,,,,,,,,,,,,,,,,,,,,,,,,,,,,,,,,,,,,,,,,,,,,,,,,,,,,,,,,,,,,,,,,,,,,,,,,,,,,,,,,,,,,,,,,,,,,,,,,,,,,,,,,,,,,,,,,,,,,,,,,,,,,,,,,,,,,,,,,,,,
,,,,,,,,,,,,,,,,,,,,,,,,,,,,,,,,,,,,,,,,,,,,,,,,,,,,,,,,,,,,,,,,,,,,,,,,,,,,,,,,,,,,,,,,,,,,,,,,,,,,,,,,,,,,,,,,,,,,,,,,,,,,,,,,,,,,,,,,,,,
,,,,,,,,,,,,,,,,,,,,,,,,,,,,,,,,,,,,,,,,,,,,,,,,,,,,,,,,,,,,,,,,,,,,,,,,,,,,,,,,,,,,,,,,,,,,,,,,,,,,,,,,,,,,,,,,,,,,,,,,,,,,,,,,,,,,,,,,,,,
,,,,,,,,,,,,,,,,,,,,,,,,,,,,,,,,,,,,,,,,,,,,,,,,,,,,,,,,,,,,,,,,,,,,,,,,,,,,,,,,,,,,,,,,,,,,,,,,,,,,,,,,,,,,,,,,,,,,,,,,,,,,,,,,,,,,,,,,,,,
,,,,,,,,,,,,,,,,,,,,,,,,,,,,,,,,,,,,,,,,,,,,,,,,,,,,,,,,,,,,,,,,,,,,,,,,,,,,,,,,,,,,,,,,,,,,,,,,,,,,,,,,,,,,,,,,,,,,,,,,,,,,,,,,,,,,,,,,,,,
,,,,,,,,,,,,,,,,,,,,,,,,,,,,,,,,,,,,,,,,,,,,,,,,,,,,,,,,,,,,,,,,,,,,,,,,,,,,,,,,,,,,,,,,,,,,,,,,,,,,,,,,,,,,,,,,,,,,,,,,,,,,,,,,,,,,,,,,,,,
,,,,,,,,,,,,,,,,,,,,,,,,,,,,,,,,,,,,,,,,,,,,,,,,,,,,,,,,,,,,,,,,,,,,,,,,,,,,,,,,,,,,,,,,,,,,,,,,,,,,,,,,,,,,,,,,,,,,,,,,,,,,,,,,,,,,,,,,,,,
,,,,,,,,,,,,,,,,,,,,,,,,,,,,,,,,,,,,,,,,,,,,,,,,,,,,,,,,,,,,,,,,,,,,,,,,,,,,,,,,,,,,,,,,,,,,,,,,,,,,,,,,,,,,,,,,,,,,,,,,,,,,,,,,,,,,,,,,,,,
,,,,,,,,,,,,,,,,,,,,,,,,,,,,,,,,,,,,,,,,,,,,,,,,,,,,,,,,,,,,,,,,,,,,,,,,,,,,,,,,,,,,,,,,,,,,,,,,,,,,,,,,,,,,,,,,,,,,,,,,,,,,,,,,,,,,,,,,,,,
,,,,,,,,,,,,,,,,,,,,,,,,,,,,,,,,,,,,,,,,,,,,,,,,,,,,,,,,,,,,,,,,,,,,,,,,,,,,,,,,,,,,,,,,,,,,,,,,,,,,,,,,,,,,,,,,,,,,,,,,,,,,,,,,,,,,,,,,,,,
,,,,,,,,,,,,,,,,,,,,,,,,,,,,,,,,,,,,,,,,,,,,,,,,,,,,,,,,,,,,,,,,,,,,,,,,,,,,,,,,,,,,,,,,,,,,,,,,,,,,,,,,,,,,,,,,,,,,,,,,,,,,,,,,,,,,,,,,,,,
,,,,,,,,,,,,,,,,,,,,,,,,,,,,,,,,,,,,,,,,,,,,,,,,,,,,,,,,,,,,,,,,,,,,,,,,,,,,,,,,,,,,,,,,,,,,,,,,,,,,,,,,,,,,,,,,,,,,,,,,,,,,,,,,,,,,,,,,,,,
,,,,,,,,,,,,,,,,,,,,,,,,,,,,,,,,,,,,,,,,,,,,,,,,,,,,,,,,,,,,,,,,,,,,,,,,,,,,,,,,,,,,,,,,,,,,,,,,,,,,,,,,,,,,,,,,,,,,,,,,,,,,,,,,,,,,,,,,,,,
,,,,,,,,,,,,,,,,,,,,,,,,,,,,,,,,,,,,,,,,,,,,,,,,,,,,,,,,,,,,,,,,,,,,,,,,,,,,,,,,,,,,,,,,,,,,,,,,,,,,,,,,,,,,,,,,,,,,,,,,,,,,,,,,,,,,,,,,,,,
,,,,,,,,,,,,,,,,,,,,,,,,,,,,,,,,,,,,,,,,,,,,,,,,,,,,,,,,,,,,,,,,,,,,,,,,,,,,,,,,,,,,,,,,,,,,,,,,,,,,,,,,,,,,,,,,,,,,,,,,,,,,,,,,,,,,,,,,,,,
,,,,,,,,,,,,,,,,,,,,,,,,,,,,,,,,,,,,,,,,,,,,,,,,,,,,,,,,,,,,,,,,,,,,,,,,,,,,,,,,,,,,,,,,,,,,,,,,,,,,,,,,,,,,,,,,,,,,,,,,,,,,,,,,,,,,,,,,,,,
,,,,,,,,,,,,,,,,,,,,,,,,,,,,,,,,,,,,,,,,,,,,,,,,,,,,,,,,,,,,,,,,,,,,,,,,,,,,,,,,,,,,,,,,,,,,,,,,,,,,,,,,,,,,,,,,,,,,,,,,,,,,,,,,,,,,,,,,,,,
,,,,,,,,,,,,,,,,,,,,,,,,,,,,,,,,,,,,,,,,,,,,,,,,,,,,,,,,,,,,,,,,,,,,,,,,,,,,,,,,,,,,,,,,,,,,,,,,,,,,,,,,,,,,,,,,,,,,,,,,,,,,,,,,,,,,,,,,,,,
,,,,,,,,,,,,,,,,,,,,,,,,,,,,,,,,,,,,,,,,,,,,,,,,,,,,,,,,,,,,,,,,,,,,,,,,,,,,,,,,,,,,,,,,,,,,,,,,,,,,,,,,,,,,,,,,,,,,,,,,,,,,,,,,,,,,,,,,,,,
,,,,,,,,,,,,,,,,,,,,,,,,,,,,,,,,,,,,,,,,,,,,,,,,,,,,,,,,,,,,,,,,,,,,,,,,,,,,,,,,,,,,,,,,,,,,,,,,,,,,,,,,,,,,,,,,,,,,,,,,,,,,,,,,,,,,,,,,,,,
,,,,,,,,,,,,,,,,,,,,,,,,,,,,,,,,,,,,,,,,,,,,,,,,,,,,,,,,,,,,,,,,,,,,,,,,,,,,,,,,,,,,,,,,,,,,,,,,,,,,,,,,,,,,,,,,,,,,,,,,,,,,,,,,,,,,,,,,,,,
,,,,,,,,,,,,,,,,,,,,,,,,,,,,,,,,,,,,,,,,,,,,,,,,,,,,,,,,,,,,,,,,,,,,,,,,,,,,,,,,,,,,,,,,,,,,,,,,,,,,,,,,,,,,,,,,,,,,,,,,,,,,,,,,,,,,,,,,,,,
,,,,,,,,,,,,,,,,,,,,,,,,,,,,,,,,,,,,,,,,,,,,,,,,,,,,,,,,,,,,,,,,,,,,,,,,,,,,,,,,,,,,,,,,,,,,,,,,,,,,,,,,,,,,,,,,,,,,,,,,,,,,,,,,,,,,,,,,,,,
,,,,,,,,,,,,,,,,,,,,,,,,,,,,,,,,,,,,,,,,,,,,,,,,,,,,,,,,,,,,,,,,,,,,,,,,,,,,,,,,,,,,,,,,,,,,,,,,,,,,,,,,,,,,,,,,,,,,,,,,,,,,,,,,,,,,,,,,,,,
,,,,,,,,,,,,,,,,,,,,,,,,,,,,,,,,,,,,,,,,,,,,,,,,,,,,,,,,,,,,,,,,,,,,,,,,,,,,,,,,,,,,,,,,,,,,,,,,,,,,,,,,,,,,,,,,,,,,,,,,,,,,,,,,,,,,,,,,,,,
,,,,,,,,,,,,,,,,,,,,,,,,,,,,,,,,,,,,,,,,,,,,,,,,,,,,,,,,,,,,,,,,,,,,,,,,,,,,,,,,,,,,,,,,,,,,,,,,,,,,,,,,,,,,,,,,,,,,,,,,,,,,,,,,,,,,,,,,,,,
,,,,,,,,,,,,,,,,,,,,,,,,,,,,,,,,,,,,,,,,,,,,,,,,,,,,,,,,,,,,,,,,,,,,,,,,,,,,,,,,,,,,,,,,,,,,,,,,,,,,,,,,,,,,,,,,,,,,,,,,,,,,,,,,,,,,,,,,,,,
,,,,,,,,,,,,,,,,,,,,,,,,,,,,,,,,,,,,,,,,,,,,,,,,,,,,,,,,,,,,,,,,,,,,,,,,,,,,,,,,,,,,,,,,,,,,,,,,,,,,,,,,,,,,,,,,,,,,,,,,,,,,,,,,,,,,,,,,,,,
,,,,,,,,,,,,,,,,,,,,,,,,,,,,,,,,,,,,,,,,,,,,,,,,,,,,,,,,,,,,,,,,,,,,,,,,,,,,,,,,,,,,,,,,,,,,,,,,,,,,,,,,,,,,,,,,,,,,,,,,,,,,,,,,,,,,,,,,,,,
,,,,,,,,,,,,,,,,,,,,,,,,,,,,,,,,,,,,,,,,,,,,,,,,,,,,,,,,,,,,,,,,,,,,,,,,,,,,,,,,,,,,,,,,,,,,,,,,,,,,,,,,,,,,,,,,,,,,,,,,,,,,,,,,,,,,,,,,,,,
,,,,,,,,,,,,,,,,,,,,,,,,,,,,,,,,,,,,,,,,,,,,,,,,,,,,,,,,,,,,,,,,,,,,,,,,,,,,,,,,,,,,,,,,,,,,,,,,,,,,,,,,,,,,,,,,,,,,,,,,,,,,,,,,,,,,,,,,,,,
,,,,,,,,,,,,,,,,,,,,,,,,,,,,,,,,,,,,,,,,,,,,,,,,,,,,,,,,,,,,,,,,,,,,,,,,,,,,,,,,,,,,,,,,,,,,,,,,,,,,,,,,,,,,,,,,,,,,,,,,,,,,,,,,,,,,,,,,,,,
,,,,,,,,,,,,,,,,,,,,,,,,,,,,,,,,,,,,,,,,,,,,,,,,,,,,,,,,,,,,,,,,,,,,,,,,,,,,,,,,,,,,,,,,,,,,,,,,,,,,,,,,,,,,,,,,,,,,,,,,,,,,,,,,,,,,,,,,,,,
,,,,,,,,,,,,,,,,,,,,,,,,,,,,,,,,,,,,,,,,,,,,,,,,,,,,,,,,,,,,,,,,,,,,,,,,,,,,,,,,,,,,,,,,,,,,,,,,,,,,,,,,,,,,,,,,,,,,,,,,,,,,,,,,,,,,,,,,,,,
,,,,,,,,,,,,,,,,,,,,,,,,,,,,,,,,,,,,,,,,,,,,,,,,,,,,,,,,,,,,,,,,,,,,,,,,,,,,,,,,,,,,,,,,,,,,,,,,,,,,,,,,,,,,,,,,,,,,,,,,,,,,,,,,,,,,,,,,,,,
,,,,,,,,,,,,,,,,,,,,,,,,,,,,,,,,,,,,,,,,,,,,,,,,,,,,,,,,,,,,,,,,,,,,,,,,,,,,,,,,,,,,,,,,,,,,,,,,,,,,,,,,,,,,,,,,,,,,,,,,,,,,,,,,,,,,,,,,,,,
,,,,,,,,,,,,,,,,,,,,,,,,,,,,,,,,,,,,,,,,,,,,,,,,,,,,,,,,,,,,,,,,,,,,,,,,,,,,,,,,,,,,,,,,,,,,,,,,,,,,,,,,,,,,,,,,,,,,,,,,,,,,,,,,,,,,,,,,,,,
,,,,,,,,,,,,,,,,,,,,,,,,,,,,,,,,,,,,,,,,,,,,,,,,,,,,,,,,,,,,,,,,,,,,,,,,,,,,,,,,,,,,,,,,,,,,,,,,,,,,,,,,,,,,,,,,,,,,,,,,,,,,,,,,,,,,,,,,,,,
,,,,,,,,,,,,,,,,,,,,,,,,,,,,,,,,,,,,,,,,,,,,,,,,,,,,,,,,,,,,,,,,,,,,,,,,,,,,,,,,,,,,,,,,,,,,,,,,,,,,,,,,,,,,,,,,,,,,,,,,,,,,,,,,,,,,,,,,,,,
,,,,,,,,,,,,,,,,,,,,,,,,,,,,,,,,,,,,,,,,,,,,,,,,,,,,,,,,,,,,,,,,,,,,,,,,,,,,,,,,,,,,,,,,,,,,,,,,,,,,,,,,,,,,,,,,,,,,,,,,,,,,,,,,,,,,,,,,,,,
,,,,,,,,,,,,,,,,,,,,,,,,,,,,,,,,,,,,,,,,,,,,,,,,,,,,,,,,,,,,,,,,,,,,,,,,,,,,,,,,,,,,,,,,,,,,,,,,,,,,,,,,,,,,,,,,,,,,,,,,,,,,,,,,,,,,,,,,,,,
,,,,,,,,,,,,,,,,,,,,,,,,,,,,,,,,,,,,,,,,,,,,,,,,,,,,,,,,,,,,,,,,,,,,,,,,,,,,,,,,,,,,,,,,,,,,,,,,,,,,,,,,,,,,,,,,,,,,,,,,,,,,,,,,,,,,,,,,,,,
,,,,,,,,,,,,,,,,,,,,,,,,,,,,,,,,,,,,,,,,,,,,,,,,,,,,,,,,,,,,,,,,,,,,,,,,,,,,,,,,,,,,,,,,,,,,,,,,,,,,,,,,,,,,,,,,,,,,,,,,,,,,,,,,,,,,,,,,,,,
,,,,,,,,,,,,,,,,,,,,,,,,,,,,,,,,,,,,,,,,,,,,,,,,,,,,,,,,,,,,,,,,,,,,,,,,,,,,,,,,,,,,,,,,,,,,,,,,,,,,,,,,,,,,,,,,,,,,,,,,,,,,,,,,,,,,,,,,,,,
,,,,,,,,,,,,,,,,,,,,,,,,,,,,,,,,,,,,,,,,,,,,,,,,,,,,,,,,,,,,,,,,,,,,,,,,,,,,,,,,,,,,,,,,,,,,,,,,,,,,,,,,,,,,,,,,,,,,,,,,,,,,,,,,,,,,,,,,,,,
,,,,,,,,,,,,,,,,,,,,,,,,,,,,,,,,,,,,,,,,,,,,,,,,,,,,,,,,,,,,,,,,,,,,,,,,,,,,,,,,,,,,,,,,,,,,,,,,,,,,,,,,,,,,,,,,,,,,,,,,,,,,,,,,,,,,,,,,,,,
,,,,,,,,,,,,,,,,,,,,,,,,,,,,,,,,,,,,,,,,,,,,,,,,,,,,,,,,,,,,,,,,,,,,,,,,,,,,,,,,,,,,,,,,,,,,,,,,,,,,,,,,,,,,,,,,,,,,,,,,,,,,,,,,,,,,,,,,,,,
,,,,,,,,,,,,,,,,,,,,,,,,,,,,,,,,,,,,,,,,,,,,,,,,,,,,,,,,,,,,,,,,,,,,,,,,,,,,,,,,,,,,,,,,,,,,,,,,,,,,,,,,,,,,,,,,,,,,,,,,,,,,,,,,,,,,,,,,,,,
,,,,,,,,,,,,,,,,,,,,,,,,,,,,,,,,,,,,,,,,,,,,,,,,,,,,,,,,,,,,,,,,,,,,,,,,,,,,,,,,,,,,,,,,,,,,,,,,,,,,,,,,,,,,,,,,,,,,,,,,,,,,,,,,,,,,,,,,,,,
,,,,,,,,,,,,,,,,,,,,,,,,,,,,,,,,,,,,,,,,,,,,,,,,,,,,,,,,,,,,,,,,,,,,,,,,,,,,,,,,,,,,,,,,,,,,,,,,,,,,,,,,,,,,,,,,,,,,,,,,,,,,,,,,,,,,,,,,,,,
,,,,,,,,,,,,,,,,,,,,,,,,,,,,,,,,,,,,,,,,,,,,,,,,,,,,,,,,,,,,,,,,,,,,,,,,,,,,,,,,,,,,,,,,,,,,,,,,,,,,,,,,,,,,,,,,,,,,,,,,,,,,,,,,,,,,,,,,,,,
,,,,,,,,,,,,,,,,,,,,,,,,,,,,,,,,,,,,,,,,,,,,,,,,,,,,,,,,,,,,,,,,,,,,,,,,,,,,,,,,,,,,,,,,,,,,,,,,,,,,,,,,,,,,,,,,,,,,,,,,,,,,,,,,,,,,,,,,,,,
,,,,,,,,,,,,,,,,,,,,,,,,,,,,,,,,,,,,,,,,,,,,,,,,,,,,,,,,,,,,,,,,,,,,,,,,,,,,,,,,,,,,,,,,,,,,,,,,,,,,,,,,,,,,,,,,,,,,,,,,,,,,,,,,,,,,,,,,,,,
,,,,,,,,,,,,,,,,,,,,,,,,,,,,,,,,,,,,,,,,,,,,,,,,,,,,,,,,,,,,,,,,,,,,,,,,,,,,,,,,,,,,,,,,,,,,,,,,,,,,,,,,,,,,,,,,,,,,,,,,,,,,,,,,,,,,,,,,,,,
,,,,,,,,,,,,,,,,,,,,,,,,,,,,,,,,,,,,,,,,,,,,,,,,,,,,,,,,,,,,,,,,,,,,,,,,,,,,,,,,,,,,,,,,,,,,,,,,,,,,,,,,,,,,,,,,,,,,,,,,,,,,,,,,,,,,,,,,,,,
,,,,,,,,,,,,,,,,,,,,,,,,,,,,,,,,,,,,,,,,,,,,,,,,,,,,,,,,,,,,,,,,,,,,,,,,,,,,,,,,,,,,,,,,,,,,,,,,,,,,,,,,,,,,,,,,,,,,,,,,,,,,,,,,,,,,,,,,,,,
,,,,,,,,,,,,,,,,,,,,,,,,,,,,,,,,,,,,,,,,,,,,,,,,,,,,,,,,,,,,,,,,,,,,,,,,,,,,,,,,,,,,,,,,,,,,,,,,,,,,,,,,,,,,,,,,,,,,,,,,,,,,,,,,,,,,,,,,,,,
,,,,,,,,,,,,,,,,,,,,,,,,,,,,,,,,,,,,,,,,,,,,,,,,,,,,,,,,,,,,,,,,,,,,,,,,,,,,,,,,,,,,,,,,,,,,,,,,,,,,,,,,,,,,,,,,,,,,,,,,,,,,,,,,,,,,,,,,,,,
,,,,,,,,,,,,,,,,,,,,,,,,,,,,,,,,,,,,,,,,,,,,,,,,,,,,,,,,,,,,,,,,,,,,,,,,,,,,,,,,,,,,,,,,,,,,,,,,,,,,,,,,,,,,,,,,,,,,,,,,,,,,,,,,,,,,,,,,,,,
,,,,,,,,,,,,,,,,,,,,,,,,,,,,,,,,,,,,,,,,,,,,,,,,,,,,,,,,,,,,,,,,,,,,,,,,,,,,,,,,,,,,,,,,,,,,,,,,,,,,,,,,,,,,,,,,,,,,,,,,,,,,,,,,,,,,,,,,,,,
,,,,,,,,,,,,,,,,,,,,,,,,,,,,,,,,,,,,,,,,,,,,,,,,,,,,,,,,,,,,,,,,,,,,,,,,,,,,,,,,,,,,,,,,,,,,,,,,,,,,,,,,,,,,,,,,,,,,,,,,,,,,,,,,,,,,,,,,,,,
,,,,,,,,,,,,,,,,,,,,,,,,,,,,,,,,,,,,,,,,,,,,,,,,,,,,,,,,,,,,,,,,,,,,,,,,,,,,,,,,,,,,,,,,,,,,,,,,,,,,,,,,,,,,,,,,,,,,,,,,,,,,,,,,,,,,,,,,,,,
,,,,,,,,,,,,,,,,,,,,,,,,,,,,,,,,,,,,,,,,,,,,,,,,,,,,,,,,,,,,,,,,,,,,,,,,,,,,,,,,,,,,,,,,,,,,,,,,,,,,,,,,,,,,,,,,,,,,,,,,,,,,,,,,,,,,,,,,,,,
,,,,,,,,,,,,,,,,,,,,,,,,,,,,,,,,,,,,,,,,,,,,,,,,,,,,,,,,,,,,,,,,,,,,,,,,,,,,,,,,,,,,,,,,,,,,,,,,,,,,,,,,,,,,,,,,,,,,,,,,,,,,,,,,,,,,,,,,,,,
,,,,,,,,,,,,,,,,,,,,,,,,,,,,,,,,,,,,,,,,,,,,,,,,,,,,,,,,,,,,,,,,,,,,,,,,,,,,,,,,,,,,,,,,,,,,,,,,,,,,,,,,,,,,,,,,,,,,,,,,,,,,,,,,,,,,,,,,,,,
,,,,,,,,,,,,,,,,,,,,,,,,,,,,,,,,,,,,,,,,,,,,,,,,,,,,,,,,,,,,,,,,,,,,,,,,,,,,,,,,,,,,,,,,,,,,,,,,,,,,,,,,,,,,,,,,,,,,,,,,,,,,,,,,,,,,,,,,,,,
,,,,,,,,,,,,,,,,,,,,,,,,,,,,,,,,,,,,,,,,,,,,,,,,,,,,,,,,,,,,,,,,,,,,,,,,,,,,,,,,,,,,,,,,,,,,,,,,,,,,,,,,,,,,,,,,,,,,,,,,,,,,,,,,,,,,,,,,,,,
,,,,,,,,,,,,,,,,,,,,,,,,,,,,,,,,,,,,,,,,,,,,,,,,,,,,,,,,,,,,,,,,,,,,,,,,,,,,,,,,,,,,,,,,,,,,,,,,,,,,,,,,,,,,,,,,,,,,,,,,,,,,,,,,,,,,,,,,,,,
,,,,,,,,,,,,,,,,,,,,,,,,,,,,,,,,,,,,,,,,,,,,,,,,,,,,,,,,,,,,,,,,,,,,,,,,,,,,,,,,,,,,,,,,,,,,,,,,,,,,,,,,,,,,,,,,,,,,,,,,,,,,,,,,,,,,,,,,,,,
,,,,,,,,,,,,,,,,,,,,,,,,,,,,,,,,,,,,,,,,,,,,,,,,,,,,,,,,,,,,,,,,,,,,,,,,,,,,,,,,,,,,,,,,,,,,,,,,,,,,,,,,,,,,,,,,,,,,,,,,,,,,,,,,,,,,,,,,,,,
,,,,,,,,,,,,,,,,,,,,,,,,,,,,,,,,,,,,,,,,,,,,,,,,,,,,,,,,,,,,,,,,,,,,,,,,,,,,,,,,,,,,,,,,,,,,,,,,,,,,,,,,,,,,,,,,,,,,,,,,,,,,,,,,,,,,,,,,,,,
,,,,,,,,,,,,,,,,,,,,,,,,,,,,,,,,,,,,,,,,,,,,,,,,,,,,,,,,,,,,,,,,,,,,,,,,,,,,,,,,,,,,,,,,,,,,,,,,,,,,,,,,,,,,,,,,,,,,,,,,,,,,,,,,,,,,,,,,,,,
,,,,,,,,,,,,,,,,,,,,,,,,,,,,,,,,,,,,,,,,,,,,,,,,,,,,,,,,,,,,,,,,,,,,,,,,,,,,,,,,,,,,,,,,,,,,,,,,,,,,,,,,,,,,,,,,,,,,,,,,,,,,,,,,,,,,,,,,,,,
,,,,,,,,,,,,,,,,,,,,,,,,,,,,,,,,,,,,,,,,,,,,,,,,,,,,,,,,,,,,,,,,,,,,,,,,,,,,,,,,,,,,,,,,,,,,,,,,,,,,,,,,,,,,,,,,,,,,,,,,,,,,,,,,,,,,,,,,,,,
,,,,,,,,,,,,,,,,,,,,,,,,,,,,,,,,,,,,,,,,,,,,,,,,,,,,,,,,,,,,,,,,,,,,,,,,,,,,,,,,,,,,,,,,,,,,,,,,,,,,,,,,,,,,,,,,,,,,,,,,,,,,,,,,,,,,,,,,,,,
,,,,,,,,,,,,,,,,,,,,,,,,,,,,,,,,,,,,,,,,,,,,,,,,,,,,,,,,,,,,,,,,,,,,,,,,,,,,,,,,,,,,,,,,,,,,,,,,,,,,,,,,,,,,,,,,,,,,,,,,,,,,,,,,,,,,,,,,,,,
,,,,,,,,,,,,,,,,,,,,,,,,,,,,,,,,,,,,,,,,,,,,,,,,,,,,,,,,,,,,,,,,,,,,,,,,,,,,,,,,,,,,,,,,,,,,,,,,,,,,,,,,,,,,,,,,,,,,,,,,,,,,,,,,,,,,,,,,,,,
,,,,,,,,,,,,,,,,,,,,,,,,,,,,,,,,,,,,,,,,,,,,,,,,,,,,,,,,,,,,,,,,,,,,,,,,,,,,,,,,,,,,,,,,,,,,,,,,,,,,,,,,,,,,,,,,,,,,,,,,,,,,,,,,,,,,,,,,,,,
,,,,,,,,,,,,,,,,,,,,,,,,,,,,,,,,,,,,,,,,,,,,,,,,,,,,,,,,,,,,,,,,,,,,,,,,,,,,,,,,,,,,,,,,,,,,,,,,,,,,,,,,,,,,,,,,,,,,,,,,,,,,,,,,,,,,,,,,,,,
,,,,,,,,,,,,,,,,,,,,,,,,,,,,,,,,,,,,,,,,,,,,,,,,,,,,,,,,,,,,,,,,,,,,,,,,,,,,,,,,,,,,,,,,,,,,,,,,,,,,,,,,,,,,,,,,,,,,,,,,,,,,,,,,,,,,,,,,,,,
,,,,,,,,,,,,,,,,,,,,,,,,,,,,,,,,,,,,,,,,,,,,,,,,,,,,,,,,,,,,,,,,,,,,,,,,,,,,,,,,,,,,,,,,,,,,,,,,,,,,,,,,,,,,,,,,,,,,,,,,,,,,,,,,,,,,,,,,,,,
,,,,,,,,,,,,,,,,,,,,,,,,,,,,,,,,,,,,,,,,,,,,,,,,,,,,,,,,,,,,,,,,,,,,,,,,,,,,,,,,,,,,,,,,,,,,,,,,,,,,,,,,,,,,,,,,,,,,,,,,,,,,,,,,,,,,,,,,,,,
,,,,,,,,,,,,,,,,,,,,,,,,,,,,,,,,,,,,,,,,,,,,,,,,,,,,,,,,,,,,,,,,,,,,,,,,,,,,,,,,,,,,,,,,,,,,,,,,,,,,,,,,,,,,,,,,,,,,,,,,,,,,,,,,,,,,,,,,,,,
,,,,,,,,,,,,,,,,,,,,,,,,,,,,,,,,,,,,,,,,,,,,,,,,,,,,,,,,,,,,,,,,,,,,,,,,,,,,,,,,,,,,,,,,,,,,,,,,,,,,,,,,,,,,,,,,,,,,,,,,,,,,,,,,,,,,,,,,,,,
,,,,,,,,,,,,,,,,,,,,,,,,,,,,,,,,,,,,,,,,,,,,,,,,,,,,,,,,,,,,,,,,,,,,,,,,,,,,,,,,,,,,,,,,,,,,,,,,,,,,,,,,,,,,,,,,,,,,,,,,,,,,,,,,,,,,,,,,,,,
,,,,,,,,,,,,,,,,,,,,,,,,,,,,,,,,,,,,,,,,,,,,,,,,,,,,,,,,,,,,,,,,,,,,,,,,,,,,,,,,,,,,,,,,,,,,,,,,,,,,,,,,,,,,,,,,,,,,,,,,,,,,,,,,,,,,,,,,,,,
,,,,,,,,,,,,,,,,,,,,,,,,,,,,,,,,,,,,,,,,,,,,,,,,,,,,,,,,,,,,,,,,,,,,,,,,,,,,,,,,,,,,,,,,,,,,,,,,,,,,,,,,,,,,,,,,,,,,,,,,,,,,,,,,,,,,,,,,,,,
,,,,,,,,,,,,,,,,,,,,,,,,,,,,,,,,,,,,,,,,,,,,,,,,,,,,,,,,,,,,,,,,,,,,,,,,,,,,,,,,,,,,,,,,,,,,,,,,,,,,,,,,,,,,,,,,,,,,,,,,,,,,,,,,,,,,,,,,,,,
,,,,,,,,,,,,,,,,,,,,,,,,,,,,,,,,,,,,,,,,,,,,,,,,,,,,,,,,,,,,,,,,,,,,,,,,,,,,,,,,,,,,,,,,,,,,,,,,,,,,,,,,,,,,,,,,,,,,,,,,,,,,,,,,,,,,,,,,,,,
,,,,,,,,,,,,,,,,,,,,,,,,,,,,,,,,,,,,,,,,,,,,,,,,,,,,,,,,,,,,,,,,,,,,,,,,,,,,,,,,,,,,,,,,,,,,,,,,,,,,,,,,,,,,,,,,,,,,,,,,,,,,,,,,,,,,,,,,,,,
,,,,,,,,,,,,,,,,,,,,,,,,,,,,,,,,,,,,,,,,,,,,,,,,,,,,,,,,,,,,,,,,,,,,,,,,,,,,,,,,,,,,,,,,,,,,,,,,,,,,,,,,,,,,,,,,,,,,,,,,,,,,,,,,,,,,,,,,,,,
,,,,,,,,,,,,,,,,,,,,,,,,,,,,,,,,,,,,,,,,,,,,,,,,,,,,,,,,,,,,,,,,,,,,,,,,,,,,,,,,,,,,,,,,,,,,,,,,,,,,,,,,,,,,,,,,,,,,,,,,,,,,,,,,,,,,,,,,,,,
,,,,,,,,,,,,,,,,,,,,,,,,,,,,,,,,,,,,,,,,,,,,,,,,,,,,,,,,,,,,,,,,,,,,,,,,,,,,,,,,,,,,,,,,,,,,,,,,,,,,,,,,,,,,,,,,,,,,,,,,,,,,,,,,,,,,,,,,,,,
,,,,,,,,,,,,,,,,,,,,,,,,,,,,,,,,,,,,,,,,,,,,,,,,,,,,,,,,,,,,,,,,,,,,,,,,,,,,,,,,,,,,,,,,,,,,,,,,,,,,,,,,,,,,,,,,,,,,,,,,,,,,,,,,,,,,,,,,,,,
,,,,,,,,,,,,,,,,,,,,,,,,,,,,,,,,,,,,,,,,,,,,,,,,,,,,,,,,,,,,,,,,,,,,,,,,,,,,,,,,,,,,,,,,,,,,,,,,,,,,,,,,,,,,,,,,,,,,,,,,,,,,,,,,,,,,,,,,,,,
,,,,,,,,,,,,,,,,,,,,,,,,,,,,,,,,,,,,,,,,,,,,,,,,,,,,,,,,,,,,,,,,,,,,,,,,,,,,,,,,,,,,,,,,,,,,,,,,,,,,,,,,,,,,,,,,,,,,,,,,,,,,,,,,,,,,,,,,,,,
,,,,,,,,,,,,,,,,,,,,,,,,,,,,,,,,,,,,,,,,,,,,,,,,,,,,,,,,,,,,,,,,,,,,,,,,,,,,,,,,,,,,,,,,,,,,,,,,,,,,,,,,,,,,,,,,,,,,,,,,,,,,,,,,,,,,,,,,,,,
,,,,,,,,,,,,,,,,,,,,,,,,,,,,,,,,,,,,,,,,,,,,,,,,,,,,,,,,,,,,,,,,,,,,,,,,,,,,,,,,,,,,,,,,,,,,,,,,,,,,,,,,,,,,,,,,,,,,,,,,,,,,,,,,,,,,,,,,,,,
,,,,,,,,,,,,,,,,,,,,,,,,,,,,,,,,,,,,,,,,,,,,,,,,,,,,,,,,,,,,,,,,,,,,,,,,,,,,,,,,,,,,,,,,,,,,,,,,,,,,,,,,,,,,,,,,,,,,,,,,,,,,,,,,,,,,,,,,,,,
,,,,,,,,,,,,,,,,,,,,,,,,,,,,,,,,,,,,,,,,,,,,,,,,,,,,,,,,,,,,,,,,,,,,,,,,,,,,,,,,,,,,,,,,,,,,,,,,,,,,,,,,,,,,,,,,,,,,,,,,,,,,,,,,,,,,,,,,,,,
,,,,,,,,,,,,,,,,,,,,,,,,,,,,,,,,,,,,,,,,,,,,,,,,,,,,,,,,,,,,,,,,,,,,,,,,,,,,,,,,,,,,,,,,,,,,,,,,,,,,,,,,,,,,,,,,,,,,,,,,,,,,,,,,,,,,,,,,,,,
,,,,,,,,,,,,,,,,,,,,,,,,,,,,,,,,,,,,,,,,,,,,,,,,,,,,,,,,,,,,,,,,,,,,,,,,,,,,,,,,,,,,,,,,,,,,,,,,,,,,,,,,,,,,,,,,,,,,,,,,,,,,,,,,,,,,,,,,,,,
,,,,,,,,,,,,,,,,,,,,,,,,,,,,,,,,,,,,,,,,,,,,,,,,,,,,,,,,,,,,,,,,,,,,,,,,,,,,,,,,,,,,,,,,,,,,,,,,,,,,,,,,,,,,,,,,,,,,,,,,,,,,,,,,,,,,,,,,,,,
,,,,,,,,,,,,,,,,,,,,,,,,,,,,,,,,,,,,,,,,,,,,,,,,,,,,,,,,,,,,,,,,,,,,,,,,,,,,,,,,,,,,,,,,,,,,,,,,,,,,,,,,,,,,,,,,,,,,,,,,,,,,,,,,,,,,,,,,,,,
,,,,,,,,,,,,,,,,,,,,,,,,,,,,,,,,,,,,,,,,,,,,,,,,,,,,,,,,,,,,,,,,,,,,,,,,,,,,,,,,,,,,,,,,,,,,,,,,,,,,,,,,,,,,,,,,,,,,,,,,,,,,,,,,,,,,,,,,,,,
,,,,,,,,,,,,,,,,,,,,,,,,,,,,,,,,,,,,,,,,,,,,,,,,,,,,,,,,,,,,,,,,,,,,,,,,,,,,,,,,,,,,,,,,,,,,,,,,,,,,,,,,,,,,,,,,,,,,,,,,,,,,,,,,,,,,,,,,,,,
,,,,,,,,,,,,,,,,,,,,,,,,,,,,,,,,,,,,,,,,,,,,,,,,,,,,,,,,,,,,,,,,,,,,,,,,,,,,,,,,,,,,,,,,,,,,,,,,,,,,,,,,,,,,,,,,,,,,,,,,,,,,,,,,,,,,,,,,,,,
,,,,,,,,,,,,,,,,,,,,,,,,,,,,,,,,,,,,,,,,,,,,,,,,,,,,,,,,,,,,,,,,,,,,,,,,,,,,,,,,,,,,,,,,,,,,,,,,,,,,,,,,,,,,,,,,,,,,,,,,,,,,,,,,,,,,,,,,,,,
,,,,,,,,,,,,,,,,,,,,,,,,,,,,,,,,,,,,,,,,,,,,,,,,,,,,,,,,,,,,,,,,,,,,,,,,,,,,,,,,,,,,,,,,,,,,,,,,,,,,,,,,,,,,,,,,,,,,,,,,,,,,,,,,,,,,,,,,,,,
,,,,,,,,,,,,,,,,,,,,,,,,,,,,,,,,,,,,,,,,,,,,,,,,,,,,,,,,,,,,,,,,,,,,,,,,,,,,,,,,,,,,,,,,,,,,,,,,,,,,,,,,,,,,,,,,,,,,,,,,,,,,,,,,,,,,,,,,,,,
,,,,,,,,,,,,,,,,,,,,,,,,,,,,,,,,,,,,,,,,,,,,,,,,,,,,,,,,,,,,,,,,,,,,,,,,,,,,,,,,,,,,,,,,,,,,,,,,,,,,,,,,,,,,,,,,,,,,,,,,,,,,,,,,,,,,,,,,,,,
,,,,,,,,,,,,,,,,,,,,,,,,,,,,,,,,,,,,,,,,,,,,,,,,,,,,,,,,,,,,,,,,,,,,,,,,,,,,,,,,,,,,,,,,,,,,,,,,,,,,,,,,,,,,,,,,,,,,,,,,,,,,,,,,,,,,,,,,,,,
,,,,,,,,,,,,,,,,,,,,,,,,,,,,,,,,,,,,,,,,,,,,,,,,,,,,,,,,,,,,,,,,,,,,,,,,,,,,,,,,,,,,,,,,,,,,,,,,,,,,,,,,,,,,,,,,,,,,,,,,,,,,,,,,,,,,,,,,,,,
,,,,,,,,,,,,,,,,,,,,,,,,,,,,,,,,,,,,,,,,,,,,,,,,,,,,,,,,,,,,,,,,,,,,,,,,,,,,,,,,,,,,,,,,,,,,,,,,,,,,,,,,,,,,,,,,,,,,,,,,,,,,,,,,,,,,,,,,,,,
,,,,,,,,,,,,,,,,,,,,,,,,,,,,,,,,,,,,,,,,,,,,,,,,,,,,,,,,,,,,,,,,,,,,,,,,,,,,,,,,,,,,,,,,,,,,,,,,,,,,,,,,,,,,,,,,,,,,,,,,,,,,,,,,,,,,,,,,,,,
,,,,,,,,,,,,,,,,,,,,,,,,,,,,,,,,,,,,,,,,,,,,,,,,,,,,,,,,,,,,,,,,,,,,,,,,,,,,,,,,,,,,,,,,,,,,,,,,,,,,,,,,,,,,,,,,,,,,,,,,,,,,,,,,,,,,,,,,,,,
,,,,,,,,,,,,,,,,,,,,,,,,,,,,,,,,,,,,,,,,,,,,,,,,,,,,,,,,,,,,,,,,,,,,,,,,,,,,,,,,,,,,,,,,,,,,,,,,,,,,,,,,,,,,,,,,,,,,,,,,,,,,,,,,,,,,,,,,,,,
,,,,,,,,,,,,,,,,,,,,,,,,,,,,,,,,,,,,,,,,,,,,,,,,,,,,,,,,,,,,,,,,,,,,,,,,,,,,,,,,,,,,,,,,,,,,,,,,,,,,,,,,,,,,,,,,,,,,,,,,,,,,,,,,,,,,,,,,,,,
,,,,,,,,,,,,,,,,,,,,,,,,,,,,,,,,,,,,,,,,,,,,,,,,,,,,,,,,,,,,,,,,,,,,,,,,,,,,,,,,,,,,,,,,,,,,,,,,,,,,,,,,,,,,,,,,,,,,,,,,,,,,,,,,,,,,,,,,,,,
,,,,,,,,,,,,,,,,,,,,,,,,,,,,,,,,,,,,,,,,,,,,,,,,,,,,,,,,,,,,,,,,,,,,,,,,,,,,,,,,,,,,,,,,,,,,,,,,,,,,,,,,,,,,,,,,,,,,,,,,,,,,,,,,,,,,,,,,,,,
,,,,,,,,,,,,,,,,,,,,,,,,,,,,,,,,,,,,,,,,,,,,,,,,,,,,,,,,,,,,,,,,,,,,,,,,,,,,,,,,,,,,,,,,,,,,,,,,,,,,,,,,,,,,,,,,,,,,,,,,,,,,,,,,,,,,,,,,,,,
,,,,,,,,,,,,,,,,,,,,,,,,,,,,,,,,,,,,,,,,,,,,,,,,,,,,,,,,,,,,,,,,,,,,,,,,,,,,,,,,,,,,,,,,,,,,,,,,,,,,,,,,,,,,,,,,,,,,,,,,,,,,,,,,,,,,,,,,,,,
,,,,,,,,,,,,,,,,,,,,,,,,,,,,,,,,,,,,,,,,,,,,,,,,,,,,,,,,,,,,,,,,,,,,,,,,,,,,,,,,,,,,,,,,,,,,,,,,,,,,,,,,,,,,,,,,,,,,,,,,,,,,,,,,,,,,,,,,,,,
,,,,,,,,,,,,,,,,,,,,,,,,,,,,,,,,,,,,,,,,,,,,,,,,,,,,,,,,,,,,,,,,,,,,,,,,,,,,,,,,,,,,,,,,,,,,,,,,,,,,,,,,,,,,,,,,,,,,,,,,,,,,,,,,,,,,,,,,,,,
,,,,,,,,,,,,,,,,,,,,,,,,,,,,,,,,,,,,,,,,,,,,,,,,,,,,,,,,,,,,,,,,,,,,,,,,,,,,,,,,,,,,,,,,,,,,,,,,,,,,,,,,,,,,,,,,,,,,,,,,,,,,,,,,,,,,,,,,,,,
,,,,,,,,,,,,,,,,,,,,,,,,,,,,,,,,,,,,,,,,,,,,,,,,,,,,,,,,,,,,,,,,,,,,,,,,,,,,,,,,,,,,,,,,,,,,,,,,,,,,,,,,,,,,,,,,,,,,,,,,,,,,,,,,,,,,,,,,,,,
,,,,,,,,,,,,,,,,,,,,,,,,,,,,,,,,,,,,,,,,,,,,,,,,,,,,,,,,,,,,,,,,,,,,,,,,,,,,,,,,,,,,,,,,,,,,,,,,,,,,,,,,,,,,,,,,,,,,,,,,,,,,,,,,,,,,,,,,,,,
,,,,,,,,,,,,,,,,,,,,,,,,,,,,,,,,,,,,,,,,,,,,,,,,,,,,,,,,,,,,,,,,,,,,,,,,,,,,,,,,,,,,,,,,,,,,,,,,,,,,,,,,,,,,,,,,,,,,,,,,,,,,,,,,,,,,,,,,,,,
,,,,,,,,,,,,,,,,,,,,,,,,,,,,,,,,,,,,,,,,,,,,,,,,,,,,,,,,,,,,,,,,,,,,,,,,,,,,,,,,,,,,,,,,,,,,,,,,,,,,,,,,,,,,,,,,,,,,,,,,,,,,,,,,,,,,,,,,,,,
,,,,,,,,,,,,,,,,,,,,,,,,,,,,,,,,,,,,,,,,,,,,,,,,,,,,,,,,,,,,,,,,,,,,,,,,,,,,,,,,,,,,,,,,,,,,,,,,,,,,,,,,,,,,,,,,,,,,,,,,,,,,,,,,,,,,,,,,,,,
,,,,,,,,,,,,,,,,,,,,,,,,,,,,,,,,,,,,,,,,,,,,,,,,,,,,,,,,,,,,,,,,,,,,,,,,,,,,,,,,,,,,,,,,,,,,,,,,,,,,,,,,,,,,,,,,,,,,,,,,,,,,,,,,,,,,,,,,,,,
,,,,,,,,,,,,,,,,,,,,,,,,,,,,,,,,,,,,,,,,,,,,,,,,,,,,,,,,,,,,,,,,,,,,,,,,,,,,,,,,,,,,,,,,,,,,,,,,,,,,,,,,,,,,,,,,,,,,,,,,,,,,,,,,,,,,,,,,,,,
,,,,,,,,,,,,,,,,,,,,,,,,,,,,,,,,,,,,,,,,,,,,,,,,,,,,,,,,,,,,,,,,,,,,,,,,,,,,,,,,,,,,,,,,,,,,,,,,,,,,,,,,,,,,,,,,,,,,,,,,,,,,,,,,,,,,,,,,,,,
,,,,,,,,,,,,,,,,,,,,,,,,,,,,,,,,,,,,,,,,,,,,,,,,,,,,,,,,,,,,,,,,,,,,,,,,,,,,,,,,,,,,,,,,,,,,,,,,,,,,,,,,,,,,,,,,,,,,,,,,,,,,,,,,,,,,,,,,,,,
,,,,,,,,,,,,,,,,,,,,,,,,,,,,,,,,,,,,,,,,,,,,,,,,,,,,,,,,,,,,,,,,,,,,,,,,,,,,,,,,,,,,,,,,,,,,,,,,,,,,,,,,,,,,,,,,,,,,,,,,,,,,,,,,,,,,,,,,,,,
,,,,,,,,,,,,,,,,,,,,,,,,,,,,,,,,,,,,,,,,,,,,,,,,,,,,,,,,,,,,,,,,,,,,,,,,,,,,,,,,,,,,,,,,,,,,,,,,,,,,,,,,,,,,,,,,,,,,,,,,,,,,,,,,,,,,,,,,,,,
,,,,,,,,,,,,,,,,,,,,,,,,,,,,,,,,,,,,,,,,,,,,,,,,,,,,,,,,,,,,,,,,,,,,,,,,,,,,,,,,,,,,,,,,,,,,,,,,,,,,,,,,,,,,,,,,,,,,,,,,,,,,,,,,,,,,,,,,,,,
,,,,,,,,,,,,,,,,,,,,,,,,,,,,,,,,,,,,,,,,,,,,,,,,,,,,,,,,,,,,,,,,,,,,,,,,,,,,,,,,,,,,,,,,,,,,,,,,,,,,,,,,,,,,,,,,,,,,,,,,,,,,,,,,,,,,,,,,,,,
,,,,,,,,,,,,,,,,,,,,,,,,,,,,,,,,,,,,,,,,,,,,,,,,,,,,,,,,,,,,,,,,,,,,,,,,,,,,,,,,,,,,,,,,,,,,,,,,,,,,,,,,,,,,,,,,,,,,,,,,,,,,,,,,,,,,,,,,,,,
,,,,,,,,,,,,,,,,,,,,,,,,,,,,,,,,,,,,,,,,,,,,,,,,,,,,,,,,,,,,,,,,,,,,,,,,,,,,,,,,,,,,,,,,,,,,,,,,,,,,,,,,,,,,,,,,,,,,,,,,,,,,,,,,,,,,,,,,,,,
,,,,,,,,,,,,,,,,,,,,,,,,,,,,,,,,,,,,,,,,,,,,,,,,,,,,,,,,,,,,,,,,,,,,,,,,,,,,,,,,,,,,,,,,,,,,,,,,,,,,,,,,,,,,,,,,,,,,,,,,,,,,,,,,,,,,,,,,,,,
,,,,,,,,,,,,,,,,,,,,,,,,,,,,,,,,,,,,,,,,,,,,,,,,,,,,,,,,,,,,,,,,,,,,,,,,,,,,,,,,,,,,,,,,,,,,,,,,,,,,,,,,,,,,,,,,,,,,,,,,,,,,,,,,,,,,,,,,,,,
,,,,,,,,,,,,,,,,,,,,,,,,,,,,,,,,,,,,,,,,,,,,,,,,,,,,,,,,,,,,,,,,,,,,,,,,,,,,,,,,,,,,,,,,,,,,,,,,,,,,,,,,,,,,,,,,,,,,,,,,,,,,,,,,,,,,,,,,,,,
,,,,,,,,,,,,,,,,,,,,,,,,,,,,,,,,,,,,,,,,,,,,,,,,,,,,,,,,,,,,,,,,,,,,,,,,,,,,,,,,,,,,,,,,,,,,,,,,,,,,,,,,,,,,,,,,,,,,,,,,,,,,,,,,,,,,,,,,,,,
,,,,,,,,,,,,,,,,,,,,,,,,,,,,,,,,,,,,,,,,,,,,,,,,,,,,,,,,,,,,,,,,,,,,,,,,,,,,,,,,,,,,,,,,,,,,,,,,,,,,,,,,,,,,,,,,,,,,,,,,,,,,,,,,,,,,,,,,,,,
,,,,,,,,,,,,,,,,,,,,,,,,,,,,,,,,,,,,,,,,,,,,,,,,,,,,,,,,,,,,,,,,,,,,,,,,,,,,,,,,,,,,,,,,,,,,,,,,,,,,,,,,,,,,,,,,,,,,,,,,,,,,,,,,,,,,,,,,,,,
,,,,,,,,,,,,,,,,,,,,,,,,,,,,,,,,,,,,,,,,,,,,,,,,,,,,,,,,,,,,,,,,,,,,,,,,,,,,,,,,,,,,,,,,,,,,,,,,,,,,,,,,,,,,,,,,,,,,,,,,,,,,,,,,,,,,,,,,,,,
,,,,,,,,,,,,,,,,,,,,,,,,,,,,,,,,,,,,,,,,,,,,,,,,,,,,,,,,,,,,,,,,,,,,,,,,,,,,,,,,,,,,,,,,,,,,,,,,,,,,,,,,,,,,,,,,,,,,,,,,,,,,,,,,,,,,,,,,,,,
,,,,,,,,,,,,,,,,,,,,,,,,,,,,,,,,,,,,,,,,,,,,,,,,,,,,,,,,,,,,,,,,,,,,,,,,,,,,,,,,,,,,,,,,,,,,,,,,,,,,,,,,,,,,,,,,,,,,,,,,,,,,,,,,,,,,,,,,,,,
,,,,,,,,,,,,,,,,,,,,,,,,,,,,,,,,,,,,,,,,,,,,,,,,,,,,,,,,,,,,,,,,,,,,,,,,,,,,,,,,,,,,,,,,,,,,,,,,,,,,,,,,,,,,,,,,,,,,,,,,,,,,,,,,,,,,,,,,,,,
,,,,,,,,,,,,,,,,,,,,,,,,,,,,,,,,,,,,,,,,,,,,,,,,,,,,,,,,,,,,,,,,,,,,,,,,,,,,,,,,,,,,,,,,,,,,,,,,,,,,,,,,,,,,,,,,,,,,,,,,,,,,,,,,,,,,,,,,,,,
,,,,,,,,,,,,,,,,,,,,,,,,,,,,,,,,,,,,,,,,,,,,,,,,,,,,,,,,,,,,,,,,,,,,,,,,,,,,,,,,,,,,,,,,,,,,,,,,,,,,,,,,,,,,,,,,,,,,,,,,,,,,,,,,,,,,,,,,,,,
,,,,,,,,,,,,,,,,,,,,,,,,,,,,,,,,,,,,,,,,,,,,,,,,,,,,,,,,,,,,,,,,,,,,,,,,,,,,,,,,,,,,,,,,,,,,,,,,,,,,,,,,,,,,,,,,,,,,,,,,,,,,,,,,,,,,,,,,,,,
,,,,,,,,,,,,,,,,,,,,,,,,,,,,,,,,,,,,,,,,,,,,,,,,,,,,,,,,,,,,,,,,,,,,,,,,,,,,,,,,,,,,,,,,,,,,,,,,,,,,,,,,,,,,,,,,,,,,,,,,,,,,,,,,,,,,,,,,,,,
